"ASV_id","warmed_bacteria_gradient","warmed_bacteria","cooled_bacteria_gradient","cooled_bacteria","High Control","Low Control","Mid Control","Genus","Family","Phylum","Class","Order"
"1526",-0.46,-0.26,0.57,-0.26,3.22,NA,3.54,"mle1-7","Nitrosomonadaceae","Proteobacteria","Gammaproteobacteria","Burkholderiales"
"548",-0.6,-0.54,0.56,-0.36,4.03,NA,2.78,NA,NA,"Acidobacteria","Vicinamibacteria","Subgroup 17"
"1534",-0.43,-0.29,0.53,-0.41,4,2.98,3.65,NA,"SC-I-84","Proteobacteria","Gammaproteobacteria","Burkholderiales"
"984",-0.36,-0.21,0.52,-0.27,4,3.42,4.09,NA,"Gemmatimonadaceae","Gemmatimonadota","Gemmatimonadetes","Gemmatimonadales"
"113",-0.48,-0.45,0.51,-0.11,3.16,NA,3.47,NA,"Gemmataceae","Planctomycetota","Planctomycetes","Gemmatales"
"1316",-0.47,-0.33,0.51,-0.25,3.27,NA,3.45,"Gaiella","Gaiellaceae","Actinobacteria","Thermoleophilia","Gaiellales"
"42",-0.29,-0.19,0.5,-0.27,4.22,NA,4.14,NA,"WD2101 soil group","Planctomycetota","Phycisphaerae","Tepidisphaerales"
"529",-0.28,-0.1,0.5,-0.24,4.42,NA,4.1,"Candidatus Udaeobacter","Chthoniobacteraceae","Verrucomicrobiota","Verrucomicrobiae","Chthoniobacterales"
"1452",-0.27,-0.11,0.5,0.04,3.84,2.94,3.52,NA,NA,"Proteobacteria","Gammaproteobacteria","Burkholderiales"
"224",-0.34,-0.21,0.49,-0.2,3.69,2.48,3.83,NA,NA,"Actinobacteria","MB-A2-108",NA
"1064",-0.48,-0.32,0.48,-0.2,3.98,NA,4.27,"RB41","Pyrinomonadaceae","Acidobacteria","Blastocatellia","Pyrinomonadales"
"1112",-0.49,-0.46,0.48,-0.31,3.53,3.09,3.3,NA,NA,"Acidobacteria","Vicinamibacteria","Vicinamibacterales"
"1594",-0.18,-0.03,0.48,0.06,3.98,NA,4.31,"Pseudonocardia","Pseudonocardiaceae","Actinobacteria","Actinobacteria","Pseudonocardiales"
"669",-0.28,-0.17,0.47,0.02,2.98,NA,3.42,NA,"Acetobacteraceae","Proteobacteria","Alphaproteobacteria","Acetobacterales"
"378",-0.29,-0.2,0.45,-0.06,3.51,2.58,3.64,"YC-ZSS-LKJ147","Longimicrobiaceae","Gemmatimonadota","Longimicrobia","Longimicrobiales"
"1648",-0.52,-0.43,0.45,-0.27,3.7,3.22,3.89,NA,NA,"Acidobacteria","Blastocatellia","11-24"
"457",-0.37,-0.13,0.45,-0.28,3.55,NA,3.58,"Candidatus Udaeobacter","Chthoniobacteraceae","Verrucomicrobiota","Verrucomicrobiae","Chthoniobacterales"
"904",-0.27,-0.08,0.45,-0.28,3.49,3,3.31,NA,"Chitinophagaceae","Bacteroidota","Bacteroidia","Chitinophagales"
"1317",-0.32,-0.18,0.45,-0.11,3.03,NA,3.67,"Gaiella","Gaiellaceae","Actinobacteria","Thermoleophilia","Gaiellales"
"724",-0.38,-0.28,0.45,-0.33,4.1,4.08,4.34,NA,"KF-JG30-B3","Proteobacteria","Alphaproteobacteria","Rhizobiales"
"1022",-0.33,-0.17,0.45,-0.19,3.98,NA,4.03,"Gemmatimonas","Gemmatimonadaceae","Gemmatimonadota","Gemmatimonadetes","Gemmatimonadales"
"1307",-0.31,0,0.44,-0.46,3.72,3.78,4.11,NA,NA,"Actinobacteria","Thermoleophilia","Gaiellales"
"1151",-0.34,-0.2,0.44,-0.35,4.24,3.34,4.15,"Bryobacter","Bryobacteraceae","Acidobacteria","Acidobacteriae","Bryobacterales"
"1572",-0.27,-0.12,0.44,-0.07,2.76,2.14,3.32,NA,"A21b","Proteobacteria","Gammaproteobacteria","Burkholderiales"
"598",-0.49,-0.42,0.44,-0.11,3.47,NA,4.01,NA,NA,"Proteobacteria","Alphaproteobacteria","Elsterales"
"316",-0.39,-0.23,0.44,-0.17,3.34,NA,3.53,NA,NA,"Acidobacteria","Holophagae","Subgroup 7"
"339",-0.33,-0.1,0.44,-0.43,3.41,3.4,3.4,"Anaeromyxobacter","Anaeromyxobacteraceae","Myxococcota","Myxococcia","Myxococcales"
"1120",-0.31,-0.19,0.44,NA,3.41,NA,4.52,NA,NA,"Acidobacteria","Vicinamibacteria","Vicinamibacterales"
"1656",-0.33,-0.09,0.44,-0.42,4.23,3.79,4.28,NA,NA,"Chloroflexi","KD4-96",NA
"1055",-0.48,-0.52,0.44,NA,3.94,NA,4.74,"RB41","Pyrinomonadaceae","Acidobacteria","Blastocatellia","Pyrinomonadales"
"12",-0.46,-0.26,0.44,-0.44,3.22,2.67,2.99,NA,"Ilumatobacteraceae","Actinobacteria","Acidimicrobiia","Microtrichales"
"934",-0.22,-0.1,0.44,0.06,3.57,NA,4.19,"Ferruginibacter","Chitinophagaceae","Bacteroidota","Bacteroidia","Chitinophagales"
"1136",-0.22,0.04,0.44,-0.35,3.63,3.78,3.8,NA,"Gemmatimonadaceae","Gemmatimonadota","Gemmatimonadetes","Gemmatimonadales"
"226",-0.23,0.1,0.44,-0.26,2.76,2.55,3.46,NA,NA,"Actinobacteria","MB-A2-108",NA
"321",-0.35,-0.23,0.44,-0.29,3.27,1.7,2.26,NA,NA,"Myxococcota","Polyangia","MSB-4B10"
"1098",-0.37,-0.15,0.44,-0.43,4.46,3.25,4.02,NA,NA,"Acidobacteria","Vicinamibacteria","Vicinamibacterales"
"268",-0.36,-0.21,0.44,-0.23,3.21,2.94,2.93,NA,"Roseiflexaceae","Chloroflexi","Chloroflexia","Chloroflexales"
"330",-0.32,-0.21,0.44,-0.19,3.44,NA,4.57,"Acidibacter","Unknown Family","Proteobacteria","Gammaproteobacteria","Gammaproteobacteria Incertae Sedis"
"440",-0.31,-0.18,0.43,-0.24,2.99,NA,3.05,"Candidatus Udaeobacter","Chthoniobacteraceae","Verrucomicrobiota","Verrucomicrobiae","Chthoniobacterales"
"894",-0.52,-0.46,0.43,-0.28,3.63,2.55,3.24,NA,NA,"Proteobacteria","Gammaproteobacteria","CCD24"
"1233",-0.41,-0.15,0.43,-0.29,3.4,2.23,3.43,NA,"Pseudonocardiaceae","Actinobacteria","Actinobacteria","Pseudonocardiales"
"1663",-0.5,-0.45,0.43,-0.15,3.39,NA,1.59,NA,"Mitochondria","Proteobacteria","Alphaproteobacteria","Rickettsiales"
"89",-0.49,-0.36,0.42,-0.21,3.88,NA,4.33,NA,"WD2101 soil group","Planctomycetota","Phycisphaerae","Tepidisphaerales"
"976",-0.23,-0.03,0.42,-0.17,3,2.4,3.23,NA,NA,"Bacteroidota","Bacteroidia","Cytophagales"
"95",-0.21,0.03,0.42,-0.2,3.47,NA,3.45,NA,"WD2101 soil group","Planctomycetota","Phycisphaerae","Tepidisphaerales"
"637",-0.34,-0.13,0.42,-0.34,4.15,2.94,4.45,"Rhodoplanes","Xanthobacteraceae","Proteobacteria","Alphaproteobacteria","Rhizobiales"
"331",-0.47,-0.45,0.42,-0.25,4.17,NA,3.5,NA,NA,"Proteobacteria","Gammaproteobacteria","JG36-TzT-191"
"10",-0.51,-0.45,0.42,-0.36,3.73,NA,3.14,NA,NA,"Latescibacterota",NA,NA
"1560",-0.31,-0.14,0.42,-0.31,5.09,4.14,4.56,"Ellin6067","Nitrosomonadaceae","Proteobacteria","Gammaproteobacteria","Burkholderiales"
"65",-0.28,-0.2,0.42,-0.23,3.12,3.56,2.32,NA,"Sandaracinaceae","Myxococcota","Polyangia","Polyangiales"
"1057",-0.4,-0.25,0.41,-0.2,4.77,NA,4.39,"RB41","Pyrinomonadaceae","Acidobacteria","Blastocatellia","Pyrinomonadales"
"1024",-0.35,-0.27,0.41,-0.3,3.98,3.99,4.53,"Gemmatimonas","Gemmatimonadaceae","Gemmatimonadota","Gemmatimonadetes","Gemmatimonadales"
"1159",-0.33,-0.21,0.41,-0.28,4.31,NA,4.25,"Candidatus Solibacter","Solibacteraceae","Acidobacteria","Acidobacteriae","Solibacterales"
"610",-0.3,-0.14,0.41,-0.28,3.61,2.89,3.42,"Variibacter","Xanthobacteraceae","Proteobacteria","Alphaproteobacteria","Rhizobiales"
"1058",-0.38,-0.29,0.41,0.01,4.43,NA,4.61,"RB41","Pyrinomonadaceae","Acidobacteria","Blastocatellia","Pyrinomonadales"
"300",-0.41,-0.34,0.41,-0.12,3.36,NA,3.24,"Vicinamibacter","Vicinamibacteraceae","Acidobacteria","Vicinamibacteria","Vicinamibacterales"
"865",-0.47,-0.37,0.41,-0.36,3.5,NA,2.59,NA,NA,"Acidobacteria","Subgroup 22",NA
"328",-0.32,-0.13,0.41,-0.15,3.57,NA,4.08,"Acidibacter","Unknown Family","Proteobacteria","Gammaproteobacteria","Gammaproteobacteria Incertae Sedis"
"1030",-0.3,-0.28,0.41,0.06,3.4,NA,NA,NA,NA,"Desulfobacterota",NA,NA
"1404",-0.28,-0.11,0.41,0,4.24,4.55,4.56,"Solirubrobacter","Solirubrobacteraceae","Actinobacteria","Thermoleophilia","Solirubrobacterales"
"1114",-0.25,0,0.4,-0.27,3.86,3.37,4.11,NA,NA,"Acidobacteria","Vicinamibacteria","Vicinamibacterales"
"1059",-0.37,-0.29,0.4,-0.24,3.93,NA,3.27,"RB41","Pyrinomonadaceae","Acidobacteria","Blastocatellia","Pyrinomonadales"
"645",-0.29,-0.09,0.4,-0.26,4.11,3.58,4.19,"Microvirga","Beijerinckiaceae","Proteobacteria","Alphaproteobacteria","Rhizobiales"
"961",-0.31,-0.09,0.4,-0.27,3.83,1.61,3.1,NA,NA,"Bacteroidota","Bacteroidia","Chitinophagales"
"595",-0.42,-0.33,0.4,-0.12,3.73,3.14,3.89,"Dongia","Dongiaceae","Proteobacteria","Alphaproteobacteria","Dongiales"
"733",-0.5,-0.46,0.4,-0.21,3.74,NA,3.64,NA,"Micropepsaceae","Proteobacteria","Alphaproteobacteria","Micropepsales"
"1032",-0.42,-0.28,0.4,-0.42,3.96,2.4,2.96,NA,NA,"Latescibacterota",NA,NA
"1134",-0.29,-0.09,0.4,-0.31,4.62,4.58,4.58,NA,"Gemmatimonadaceae","Gemmatimonadota","Gemmatimonadetes","Gemmatimonadales"
"367",-0.38,-0.19,0.4,-0.2,3.88,3.89,3.83,"Roseisolibacter","Gemmatimonadaceae","Gemmatimonadota","Gemmatimonadetes","Gemmatimonadales"
"281",-0.32,-0.2,0.4,-0.35,3.24,NA,2.67,NA,"WD2101 soil group","Planctomycetota","Phycisphaerae","Tepidisphaerales"
"1126",-0.29,-0.16,0.4,-0.18,3.15,2.94,3.91,NA,NA,"Acidobacteria","Vicinamibacteria","Vicinamibacterales"
"1272",-0.41,-0.31,0.4,-0.23,3.1,NA,3.65,NA,"67-14","Actinobacteria","Thermoleophilia","Solirubrobacterales"
"650",-0.39,-0.3,0.39,-0.24,4.74,NA,4.79,"Afipia","Xanthobacteraceae","Proteobacteria","Alphaproteobacteria","Rhizobiales"
"1293",-0.18,0.01,0.39,-0.26,3.12,3.26,3.26,NA,"67-14","Actinobacteria","Thermoleophilia","Solirubrobacterales"
"941",-0.24,-0.11,0.39,NA,3.02,NA,3.47,"Segetibacter","Chitinophagaceae","Bacteroidota","Bacteroidia","Chitinophagales"
"652",-0.3,-0.27,0.39,NA,4.75,NA,3.64,"Afipia","Xanthobacteraceae","Proteobacteria","Alphaproteobacteria","Rhizobiales"
"1147",-0.4,-0.25,0.39,-0.28,3.39,NA,3.37,"Bryobacter","Bryobacteraceae","Acidobacteria","Acidobacteriae","Bryobacterales"
"988",-0.22,-0.12,0.39,-0.01,2.85,2.56,2.95,NA,"Gemmatimonadaceae","Gemmatimonadota","Gemmatimonadetes","Gemmatimonadales"
"1140",-0.37,-0.27,0.39,-0.25,4.21,3.33,4.37,NA,"Gemmatimonadaceae","Gemmatimonadota","Gemmatimonadetes","Gemmatimonadales"
"915",-0.38,-0.31,0.39,0.05,3.3,2.48,3.47,"Terrimonas","Chitinophagaceae","Bacteroidota","Bacteroidia","Chitinophagales"
"100",-0.47,-0.39,0.39,0.12,3.49,NA,NA,NA,"WD2101 soil group","Planctomycetota","Phycisphaerae","Tepidisphaerales"
"1038",-0.23,-0.1,0.39,-0.29,4.03,NA,4.74,"RB41","Pyrinomonadaceae","Acidobacteria","Blastocatellia","Pyrinomonadales"
"1365",-0.4,-0.37,0.38,-0.21,4.24,4.06,3.45,NA,NA,"Acidobacteria","Acidobacteriae","Subgroup 2"
"1069",-0.29,-0.16,0.38,-0.13,2.99,3.04,2.66,NA,NA,"Acidobacteria","Vicinamibacteria","Vicinamibacterales"
"949",-0.31,-0.22,0.38,-0.2,3.56,NA,4.04,"Parafilimonas","Chitinophagaceae","Bacteroidota","Bacteroidia","Chitinophagales"
"308",-0.31,-0.21,0.38,-0.21,3.69,2.24,2.79,NA,"Vicinamibacteraceae","Acidobacteria","Vicinamibacteria","Vicinamibacterales"
"907",-0.31,-0.33,0.38,0.07,3.7,3.33,3.5,"Puia","Chitinophagaceae","Bacteroidota","Bacteroidia","Chitinophagales"
"280",-0.31,-0.27,0.38,-0.08,3.79,NA,3.43,NA,"WD2101 soil group","Planctomycetota","Phycisphaerae","Tepidisphaerales"
"1332",-0.16,-0.05,0.38,-0.22,3.43,NA,3.27,NA,NA,"Actinobacteria","Thermoleophilia","Gaiellales"
"198",-0.14,0.04,0.38,-0.09,3.78,3.66,4.09,"Dactylosporangium","Micromonosporaceae","Actinobacteria","Actinobacteria","Micromonosporales"
"1235",-0.29,-0.05,0.37,-0.24,3.53,3,3.83,NA,NA,"Actinobacteria","Thermoleophilia","Gaiellales"
"872",0,0.17,0.37,NA,4.48,NA,4.51,"Sphingomonas","Sphingomonadaceae","Proteobacteria","Alphaproteobacteria","Sphingomonadales"
"1201",-0.26,-0.08,0.37,-0.02,3.34,NA,3.74,"JGI 0001001-H03","Blastocatellaceae","Acidobacteria","Blastocatellia","Blastocatellales"
"11",-0.32,-0.07,0.37,-0.19,3.84,3.02,3.6,"CL500-29 marine group","Ilumatobacteraceae","Actinobacteria","Acidimicrobiia","Microtrichales"
"34",-0.25,-0.13,0.37,0.06,3.33,NA,3.78,"Pseudonocardia","Pseudonocardiaceae","Actinobacteria","Actinobacteria","Pseudonocardiales"
"97",-0.43,-0.33,0.37,-0.19,3.53,2.56,3.14,NA,"WD2101 soil group","Planctomycetota","Phycisphaerae","Tepidisphaerales"
"1637",-0.32,-0.08,0.37,-0.24,5.08,4.03,4.97,NA,NA,"Chloroflexi","KD4-96",NA
"167",-0.5,-0.41,0.37,-0.25,3.48,2.24,3.03,NA,"Gemmataceae","Planctomycetota","Planctomycetes","Gemmatales"
"408",-0.41,-0.37,0.37,-0.3,3.82,NA,3.3,NA,"Pedosphaeraceae","Verrucomicrobiota","Verrucomicrobiae","Pedosphaerales"
"246",-0.41,-0.31,0.37,-0.07,3.51,1.95,3.35,NA,NA,"Actinobacteria","MB-A2-108",NA
"1631",-0.21,0.06,0.37,0.2,4.02,NA,4.33,NA,"Planococcaceae","Firmicutes","Bacilli","Bacillales"
"430",-0.29,-0.06,0.36,-0.41,5.06,3.92,4.72,"Candidatus Udaeobacter","Chthoniobacteraceae","Verrucomicrobiota","Verrucomicrobiae","Chthoniobacterales"
"234",-0.44,-0.36,0.36,-0.23,4.47,NA,4.33,NA,NA,"Acidobacteria","Acidobacteriae","Subgroup 2"
"1499",-0.1,0.02,0.36,NA,4.2,NA,4.01,NA,"Kineosporiaceae","Actinobacteria","Actinobacteria","Kineosporiales"
"919",-0.13,0.07,0.36,-0.19,3.66,3.76,3.7,"Segetibacter","Chitinophagaceae","Bacteroidota","Bacteroidia","Chitinophagales"
"1411",-0.57,-0.53,0.36,-0.37,4.26,NA,4.42,"GOUTA6","Nitrosomonadaceae","Proteobacteria","Gammaproteobacteria","Burkholderiales"
"1121",-0.21,-0.05,0.36,-0.25,4.04,NA,3.33,NA,NA,"Acidobacteria","Vicinamibacteria","Vicinamibacterales"
"989",-0.44,-0.43,0.36,-0.16,3.98,NA,NA,NA,"Gemmatimonadaceae","Gemmatimonadota","Gemmatimonadetes","Gemmatimonadales"
"1193",-0.32,-0.28,0.36,-0.3,4.12,3.91,4.14,"JGI 0001001-H03","Blastocatellaceae","Acidobacteria","Blastocatellia","Blastocatellales"
"1137",-0.1,0.15,0.36,-0.25,3.82,3.91,4.15,NA,"Gemmatimonadaceae","Gemmatimonadota","Gemmatimonadetes","Gemmatimonadales"
"1649",-0.42,-0.33,0.36,-0.22,3.8,NA,3.4,NA,NA,"Acidobacteria","Blastocatellia","11-24"
"154",-0.38,-0.31,0.36,NA,3.85,NA,NA,NA,"Gemmataceae","Planctomycetota","Planctomycetes","Gemmatales"
"1523",-0.31,-0.26,0.36,NA,3.83,NA,NA,NA,"A21b","Proteobacteria","Gammaproteobacteria","Burkholderiales"
"1079",-0.35,-0.22,0.36,-0.23,4.45,NA,4.51,NA,NA,"Acidobacteria","Vicinamibacteria","Vicinamibacterales"
"1542",-0.23,-0.05,0.35,-0.29,4.35,3.87,4.44,NA,"SC-I-84","Proteobacteria","Gammaproteobacteria","Burkholderiales"
"349",-0.41,-0.28,0.35,-0.29,3.87,NA,3.92,NA,NA,"Proteobacteria","Gammaproteobacteria","WD260"
"909",-0.2,-0.06,0.35,-0.23,3.69,3.26,3.83,NA,"Chitinophagaceae","Bacteroidota","Bacteroidia","Chitinophagales"
"624",-0.4,-0.4,0.35,NA,3.85,NA,NA,"Rhodoplanes","Xanthobacteraceae","Proteobacteria","Alphaproteobacteria","Rhizobiales"
"18",-0.41,-0.38,0.35,-0.13,3.66,NA,3.52,"Acidothermus","Acidothermaceae","Actinobacteria","Actinobacteria","Frankiales"
"50",-0.2,0,0.35,-0.16,2.92,2.6,3.13,NA,"WD2101 soil group","Planctomycetota","Phycisphaerae","Tepidisphaerales"
"123",-0.42,-0.3,0.35,-0.33,3.43,2.85,3.3,NA,"Gemmataceae","Planctomycetota","Planctomycetes","Gemmatales"
"359",-0.26,-0.08,0.35,-0.29,3.65,2.3,4.06,"Acidibacter","Unknown Family","Proteobacteria","Gammaproteobacteria","Gammaproteobacteria Incertae Sedis"
"935",-0.34,-0.34,0.35,-0.38,3.31,2.08,3.47,"Niastella","Chitinophagaceae","Bacteroidota","Bacteroidia","Chitinophagales"
"1091",-0.31,-0.18,0.35,-0.24,4.14,4.36,4.79,NA,NA,"Acidobacteria","Vicinamibacteria","Vicinamibacterales"
"1654",-0.22,-0.13,0.35,-0.09,3.37,NA,3.63,NA,NA,"Chloroflexi","KD4-96",NA
"1662",-0.28,-0.03,0.34,-0.4,3.34,2.09,2.66,NA,NA,"Chloroflexi","P2-11E",NA
"1158",-0.47,-0.37,0.34,-0.27,3.19,3.14,3.03,"Candidatus Solibacter","Solibacteraceae","Acidobacteria","Acidobacteriae","Solibacterales"
"464",-0.18,-0.05,0.34,-0.17,3.17,2.54,3.01,"Candidatus Xiphinematobacter","Xiphinematobacteraceae","Verrucomicrobiota","Verrucomicrobiae","Chthoniobacterales"
"1087",-0.14,0.09,0.34,-0.08,3.61,NA,3.9,NA,NA,"Acidobacteria","Vicinamibacteria","Vicinamibacterales"
"608",-0.28,-0.13,0.34,-0.17,3.32,2.94,3.45,NA,NA,"Proteobacteria","Alphaproteobacteria","Elsterales"
"21",-0.35,-0.32,0.34,-0.14,3.29,NA,3.96,NA,NA,"Actinobacteria","MB-A2-108",NA
"576",-0.26,-0.06,0.34,-0.27,3.11,2.86,3.29,NA,"Nitrososphaeraceae","Crenarchaeota","Nitrososphaeria","Nitrososphaerales"
"56",-0.35,-0.26,0.34,-0.44,4.65,4.13,4.52,NA,NA,"Methylomirabilota","Methylomirabilia","Rokubacteriales"
"1031",-0.43,-0.4,0.34,-0.38,3.68,NA,NA,NA,NA,"Latescibacterota",NA,NA
"1480",-0.23,-0.06,0.34,-0.11,3.6,3.81,4.04,NA,"Sporichthyaceae","Actinobacteria","Actinobacteria","Frankiales"
"927",-0.14,-0.08,0.34,-0.14,3.81,NA,NA,"Terrimonas","Chitinophagaceae","Bacteroidota","Bacteroidia","Chitinophagales"
"1001",-0.5,-0.44,0.34,-0.29,3.84,NA,3.83,NA,"Gemmatimonadaceae","Gemmatimonadota","Gemmatimonadetes","Gemmatimonadales"
"647",-0.14,0.01,0.34,-0.34,4.22,4.12,4.46,"Afipia","Xanthobacteraceae","Proteobacteria","Alphaproteobacteria","Rhizobiales"
"1000",-0.24,-0.01,0.34,-0.12,3.12,NA,3.5,"Gemmatimonas","Gemmatimonadaceae","Gemmatimonadota","Gemmatimonadetes","Gemmatimonadales"
"115",-0.18,-0.05,0.34,-0.24,3.42,NA,3.49,"Zavarzinella","Gemmataceae","Planctomycetota","Planctomycetes","Gemmatales"
"1310",-0.3,-0.21,0.34,-0.09,4.33,NA,5.26,NA,NA,"Actinobacteria","Thermoleophilia","Gaiellales"
"1242",-0.37,-0.2,0.34,-0.42,5.51,4.74,4.92,NA,NA,"Chloroflexi","AD3",NA
"1013",-0.19,-0.07,0.34,-0.14,4.46,4.34,4.08,"Gemmatimonas","Gemmatimonadaceae","Gemmatimonadota","Gemmatimonadetes","Gemmatimonadales"
"1536",-0.26,-0.18,0.34,-0.2,4.3,NA,3.43,NA,"SC-I-84","Proteobacteria","Gammaproteobacteria","Burkholderiales"
"1585",-0.26,-0.27,0.34,-0.14,4.13,NA,4.16,"Mycobacterium","Mycobacteriaceae","Actinobacteria","Actinobacteria","Corynebacteriales"
"505",-0.49,-0.41,0.34,-0.29,5.59,4.85,4.98,"Candidatus Udaeobacter","Chthoniobacteraceae","Verrucomicrobiota","Verrucomicrobiae","Chthoniobacterales"
"409",-0.41,-0.38,0.34,-0.2,3.93,NA,NA,NA,"Pedosphaeraceae","Verrucomicrobiota","Verrucomicrobiae","Pedosphaerales"
"1074",-0.37,-0.36,0.33,0.03,4.08,3.34,4.04,NA,NA,"Acidobacteria","Subgroup 5",NA
"990",-0.51,-0.44,0.33,-0.41,3.58,NA,3.27,NA,"Gemmatimonadaceae","Gemmatimonadota","Gemmatimonadetes","Gemmatimonadales"
"20",-0.31,-0.22,0.33,-0.21,3.73,3.69,3.66,"Acidothermus","Acidothermaceae","Actinobacteria","Actinobacteria","Frankiales"
"563",-0.4,-0.4,0.33,0.06,3.63,NA,NA,"Haliangium","Haliangiaceae","Myxococcota","Polyangia","Haliangiales"
"7",-0.19,-0.02,0.33,-0.14,3.53,2.94,3.21,NA,"Anaerolineaceae","Chloroflexi","Anaerolineae","Anaerolineales"
"1650",-0.28,-0.17,0.33,NA,3.76,NA,3.33,NA,NA,"Acidobacteria","Blastocatellia","11-24"
"930",-0.45,-0.33,0.33,-0.15,3.37,NA,2.54,NA,"Chitinophagaceae","Bacteroidota","Bacteroidia","Chitinophagales"
"1600",-0.19,0,0.33,-0.13,4.13,3.09,3.9,"Kibdelosporangium","Pseudonocardiaceae","Actinobacteria","Actinobacteria","Pseudonocardiales"
"717",-0.16,-0.09,0.33,-0.28,4.35,NA,3.94,"Aminobacter","Rhizobiaceae","Proteobacteria","Alphaproteobacteria","Rhizobiales"
"454",-0.22,-0.18,0.33,-0.08,4.05,NA,NA,"Candidatus Udaeobacter","Chthoniobacteraceae","Verrucomicrobiota","Verrucomicrobiae","Chthoniobacterales"
"1345",-0.07,0.18,0.33,-0.25,2.86,3.18,3.3,NA,NA,"Actinobacteria","Thermoleophilia","Gaiellales"
"749",-0.3,-0.21,0.33,NA,3.09,NA,3.43,"Nordella","Rhizobiales Incertae Sedis","Proteobacteria","Alphaproteobacteria","Rhizobiales"
"461",-0.34,-0.26,0.33,0.09,3.35,NA,3.43,NA,"Verrucomicrobiaceae","Verrucomicrobiota","Verrucomicrobiae","Verrucomicrobiales"
"1549",-0.24,-0.14,0.33,-0.06,3.71,3.33,3.43,NA,"A21b","Proteobacteria","Gammaproteobacteria","Burkholderiales"
"1258",-0.21,-0.11,0.33,NA,3.68,NA,4.38,"Conexibacter","Solirubrobacteraceae","Actinobacteria","Thermoleophilia","Solirubrobacterales"
"1163",-0.3,-0.17,0.33,-0.35,3.97,3.94,3.63,"Candidatus Solibacter","Solibacteraceae","Acidobacteria","Acidobacteriae","Solibacterales"
"413",-0.34,-0.24,0.33,-0.2,3.79,NA,3.33,NA,"Pedosphaeraceae","Verrucomicrobiota","Verrucomicrobiae","Pedosphaerales"
"1119",-0.47,-0.4,0.33,-0.32,3.98,3.74,3.86,NA,NA,"Acidobacteria","Vicinamibacteria","Vicinamibacterales"
"1641",-0.19,-0.07,0.33,NA,3.35,NA,4.14,NA,NA,"Chloroflexi","Dehalococcoidia","S085"
"79",-0.3,-0.15,0.33,-0.01,3.66,3.13,3.96,NA,"BIrii41","Myxococcota","Polyangia","Polyangiales"
"584",-0.35,-0.2,0.33,-0.24,4.32,NA,4.3,NA,NA,"Planctomycetota","Planctomycetes","Planctomycetales"
"487",-0.15,-0.05,0.32,NA,3.37,NA,4.47,"Candidatus Udaeobacter","Chthoniobacteraceae","Verrucomicrobiota","Verrucomicrobiae","Chthoniobacterales"
"1598",-0.27,-0.16,0.32,NA,3.26,NA,4.51,"Lechevalieria","Pseudonocardiaceae","Actinobacteria","Actinobacteria","Pseudonocardiales"
"1660",-0.34,-0.26,0.32,-0.24,3.47,3.14,4.22,NA,NA,"Chloroflexi","KD4-96",NA
"1101",-0.33,-0.21,0.32,-0.42,4.09,3.04,4.32,NA,NA,"Acidobacteria","Vicinamibacteria","Vicinamibacterales"
"455",-0.35,-0.2,0.32,-0.31,3.74,3.01,4.22,"Candidatus Udaeobacter","Chthoniobacteraceae","Verrucomicrobiota","Verrucomicrobiae","Chthoniobacterales"
"1479",-0.26,-0.04,0.32,-0.35,3.91,3.86,4.53,"Blastococcus","Geodermatophilaceae","Actinobacteria","Actinobacteria","Frankiales"
"715",-0.39,-0.27,0.31,-0.33,3.28,3.09,2.84,NA,"Rhizobiales Incertae Sedis","Proteobacteria","Alphaproteobacteria","Rhizobiales"
"1410",-0.28,-0.23,0.31,NA,4.47,NA,3.36,"GOUTA6","Nitrosomonadaceae","Proteobacteria","Gammaproteobacteria","Burkholderiales"
"276",-0.41,-0.31,0.31,-0.22,5.34,3.76,4.66,NA,NA,"Cyanobacteria","Cyanobacteriia","Chloroplast"
"1007",-0.24,0.04,0.31,-0.38,4.67,4.2,4.55,"Gemmatimonas","Gemmatimonadaceae","Gemmatimonadota","Gemmatimonadetes","Gemmatimonadales"
"251",-0.1,0.06,0.31,NA,3.4,NA,3.41,NA,"Micromonosporaceae","Actinobacteria","Actinobacteria","Micromonosporales"
"301",-0.28,-0.07,0.31,-0.24,4.66,4.05,4.26,NA,"Vicinamibacteraceae","Acidobacteria","Vicinamibacteria","Vicinamibacterales"
"752",-0.16,-0.01,0.31,-0.06,4.74,4.61,4.45,"Haliangium","Haliangiaceae","Myxococcota","Polyangia","Haliangiales"
"1596",-0.16,-0.01,0.31,-0.21,3.72,NA,4.18,"Pseudonocardia","Pseudonocardiaceae","Actinobacteria","Actinobacteria","Pseudonocardiales"
"1571",-0.38,-0.23,0.3,-0.26,3.81,3.46,3.64,NA,"A21b","Proteobacteria","Gammaproteobacteria","Burkholderiales"
"94",-0.36,-0.34,0.3,-0.14,3.61,NA,NA,NA,"WD2101 soil group","Planctomycetota","Phycisphaerae","Tepidisphaerales"
"456",-0.33,-0.17,0.3,-0.31,4.05,3,4.28,"Candidatus Udaeobacter","Chthoniobacteraceae","Verrucomicrobiota","Verrucomicrobiae","Chthoniobacterales"
"837",-0.25,-0.18,0.3,0.03,4.39,4.17,4.33,"Ellin6055","Sphingomonadaceae","Proteobacteria","Alphaproteobacteria","Sphingomonadales"
"369",-0.32,-0.21,0.3,-0.29,3.2,NA,3.04,"Gemmatimonas","Gemmatimonadaceae","Gemmatimonadota","Gemmatimonadetes","Gemmatimonadales"
"591",-0.28,-0.24,0.3,0.11,3.44,2.77,3.09,NA,NA,"Proteobacteria","Alphaproteobacteria","Rhizobiales"
"1524",-0.4,-0.38,0.3,-0.24,3.86,NA,NA,NA,"A21b","Proteobacteria","Gammaproteobacteria","Burkholderiales"
"1547",-0.54,-0.46,0.3,-0.29,3.3,NA,3.37,NA,"SC-I-84","Proteobacteria","Gammaproteobacteria","Burkholderiales"
"1427",-0.28,-0.23,0.3,-0.05,4.56,NA,4.7,"Piscinibacter","Comamonadaceae","Proteobacteria","Gammaproteobacteria","Burkholderiales"
"1063",-0.08,0.17,0.3,-0.09,4.32,3.78,4.52,"RB41","Pyrinomonadaceae","Acidobacteria","Blastocatellia","Pyrinomonadales"
"889",-0.35,-0.31,0.3,-0.16,3.11,2.99,3.1,NA,NA,"Proteobacteria","Alphaproteobacteria",NA
"1507",-0.25,0,0.3,-0.16,3.58,3.72,4.18,"Actinocorallia","Thermomonosporaceae","Actinobacteria","Actinobacteria","Streptosporangiales"
"70",-0.33,-0.16,0.3,-0.08,3.24,NA,3.34,"Phaselicystis","Phaselicystidaceae","Myxococcota","Polyangia","Polyangiales"
"285",-0.26,-0.15,0.3,-0.16,3.37,3.09,NA,NA,NA,"Acidobacteria","Holophagae","Subgroup 7"
"1587",-0.26,-0.25,0.3,0.13,4.41,NA,NA,"Mycobacterium","Mycobacteriaceae","Actinobacteria","Actinobacteria","Corynebacteriales"
"597",-0.47,-0.38,0.3,-0.4,4.82,3.56,3.84,NA,NA,"Proteobacteria","Alphaproteobacteria","Elsterales"
"1143",-0.15,0.02,0.3,-0.18,2.96,2.65,2.33,NA,"Gimesiaceae","Planctomycetota","Planctomycetes","Planctomycetales"
"287",-0.4,-0.3,0.29,-0.16,4.01,3.4,NA,NA,NA,"Acidobacteria","Holophagae","Subgroup 7"
"290",-0.11,0.16,0.29,-0.18,3.57,3.22,3.57,NA,NA,"Acidobacteria","Holophagae","Subgroup 7"
"257",-0.24,-0.15,0.29,NA,4.75,NA,NA,"Opitutus","Opitutaceae","Verrucomicrobiota","Verrucomicrobiae","Opitutales"
"1128",-0.21,-0.12,0.29,NA,3.71,NA,NA,NA,"Gemmatimonadaceae","Gemmatimonadota","Gemmatimonadetes","Gemmatimonadales"
"631",-0.27,-0.17,0.29,-0.24,4.19,NA,4.7,NA,"Xanthobacteraceae","Proteobacteria","Alphaproteobacteria","Rhizobiales"
"57",-0.36,-0.32,0.29,-0.19,4.28,NA,3.55,NA,NA,"Methylomirabilota","Methylomirabilia","Rokubacteriales"
"778",-0.35,-0.28,0.29,-0.42,5.12,4.64,4.73,NA,NA,"Acidobacteria","Acidobacteriae","Acidobacteriales"
"463",-0.17,-0.05,0.29,-0.03,3.45,3.14,3.09,"Candidatus Xiphinematobacter","Xiphinematobacteraceae","Verrucomicrobiota","Verrucomicrobiae","Chthoniobacterales"
"194",-0.38,-0.29,0.29,-0.1,4.07,2.43,4.07,NA,"Mitochondria","Proteobacteria","Alphaproteobacteria","Rickettsiales"
"1299",-0.15,-0.08,0.29,-0.14,3.11,NA,3.36,NA,"67-14","Actinobacteria","Thermoleophilia","Solirubrobacterales"
"1076",-0.42,-0.33,0.29,-0.37,5.26,4.43,4.47,NA,NA,"Acidobacteria","Vicinamibacteria","Vicinamibacterales"
"493",-0.26,-0.08,0.29,0.01,4.31,4.64,4.3,"Candidatus Udaeobacter","Chthoniobacteraceae","Verrucomicrobiota","Verrucomicrobiae","Chthoniobacterales"
"1100",-0.4,-0.4,0.29,-0.28,3.78,3.31,4.1,NA,NA,"Acidobacteria","Vicinamibacteria","Vicinamibacterales"
"671",-0.06,-0.02,0.29,-0.14,3.45,3.22,3.28,"Acidisoma","Acetobacteraceae","Proteobacteria","Alphaproteobacteria","Acetobacterales"
"1068",-0.28,-0.23,0.29,NA,3.77,NA,NA,NA,NA,"Acidobacteria","Vicinamibacteria","Vicinamibacterales"
"225",-0.21,-0.19,0.28,0.2,3.53,3.56,3.53,NA,NA,"Actinobacteria","MB-A2-108",NA
"1127",-0.19,0.06,0.28,-0.26,3.49,3.62,4.06,NA,NA,"Acidobacteria","Vicinamibacteria","Vicinamibacterales"
"72",-0.38,-0.35,0.28,-0.23,3.85,3.6,3.69,"Phaselicystis","Phaselicystidaceae","Myxococcota","Polyangia","Polyangiales"
"398",0,0.18,0.28,-0.03,3.15,2.71,3.16,NA,NA,"Acidobacteria","Acidobacteriae","Acidobacteriales"
"9",-0.46,-0.47,0.28,-0.17,3.23,2.57,2.83,NA,NA,"Latescibacterota",NA,NA
"1301",-0.33,-0.34,0.28,-0.17,3.45,3.11,3.15,"Gaiella","Gaiellaceae","Actinobacteria","Thermoleophilia","Gaiellales"
"191",-0.36,-0.29,0.28,-0.25,3.39,3.23,2.94,NA,NA,"RCP2-54",NA,NA
"1653",-0.35,-0.21,0.28,-0.43,3.97,3.33,3.78,NA,NA,"Chloroflexi","Gitt-GS-136",NA
"122",-0.13,-0.09,0.28,-0.15,3.1,2.61,3.07,NA,"Gemmataceae","Planctomycetota","Planctomycetes","Gemmatales"
"704",-0.34,-0.24,0.28,-0.2,3.6,3.15,3.64,"Labrys","Labraceae","Proteobacteria","Alphaproteobacteria","Rhizobiales"
"1188",-0.18,-0.02,0.28,-0.2,2.83,NA,3.7,NA,NA,"Actinobacteria","Thermoleophilia","Gaiellales"
"1371",-0.34,-0.23,0.28,-0.15,3.5,2.77,2.86,"JG30a-KF-32","Ktedonobacteraceae","Chloroflexi","Ktedonobacteria","Ktedonobacterales"
"1167",-0.51,-0.51,0.28,-0.2,3.73,3.83,3.64,"Bryobacter","Bryobacteraceae","Acidobacteria","Acidobacteriae","Bryobacterales"
"797",-0.11,-0.12,0.28,NA,3.83,NA,NA,NA,NA,"Acidobacteria","Acidobacteriae","Acidobacteriales"
"1107",-0.2,-0.17,0.28,-0.27,4.31,3.72,4.49,NA,NA,"Acidobacteria","Vicinamibacteria","Vicinamibacterales"
"447",-0.3,-0.19,0.27,-0.23,2.9,2.08,2.93,"Chthoniobacter","Chthoniobacteraceae","Verrucomicrobiota","Verrucomicrobiae","Chthoniobacterales"
"406",-0.1,0.04,0.27,-0.15,3.76,NA,3.25,"Ellin517","Pedosphaeraceae","Verrucomicrobiota","Verrucomicrobiae","Pedosphaerales"
"77",-0.16,-0.19,0.27,NA,3.43,NA,4.17,NA,"BIrii41","Myxococcota","Polyangia","Polyangiales"
"1086",-0.12,-0.02,0.27,NA,3.91,NA,4.04,NA,NA,"Acidobacteria","Vicinamibacteria","Vicinamibacterales"
"604",-0.02,0.19,0.27,-0.19,3.65,2.97,3.72,NA,NA,"Proteobacteria","Alphaproteobacteria","Elsterales"
"119",-0.05,0.09,0.27,-0.08,3.44,NA,NA,"Zavarzinella","Gemmataceae","Planctomycetota","Planctomycetes","Gemmatales"
"622",-0.31,-0.32,0.27,-0.27,3.72,2.89,3.35,NA,"Xanthobacteraceae","Proteobacteria","Alphaproteobacteria","Rhizobiales"
"1416",-0.39,-0.31,0.27,0.02,3.26,NA,4.33,"Kribbella","Nocardioidaceae","Actinobacteria","Actinobacteria","Propionibacteriales"
"1067",-0.08,0.06,0.27,-0.01,4.38,4.31,4.95,"RB41","Pyrinomonadaceae","Acidobacteria","Blastocatellia","Pyrinomonadales"
"333",-0.26,-0.18,0.27,-0.24,3.53,NA,NA,NA,NA,"RCP2-54",NA,NA
"307",-0.4,-0.27,0.27,-0.3,4,NA,4.74,NA,"Vicinamibacteraceae","Acidobacteria","Vicinamibacteria","Vicinamibacterales"
"24",-0.21,-0.13,0.27,-0.19,2.88,2.6,2.98,NA,NA,"Actinobacteria","Acidimicrobiia","Microtrichales"
"1450",-0.14,0,0.27,-0.06,4.02,4.23,4.2,"Noviherbaspirillum","Oxalobacteraceae","Proteobacteria","Gammaproteobacteria","Burkholderiales"
"1535",-0.35,-0.24,0.27,-0.2,3.81,2.81,3.31,"IS-44","Nitrosomonadaceae","Proteobacteria","Gammaproteobacteria","Burkholderiales"
"628",-0.19,-0.13,0.27,-0.2,4.15,3.96,4.45,"Rhodoplanes","Xanthobacteraceae","Proteobacteria","Alphaproteobacteria","Rhizobiales"
"43",-0.29,-0.24,0.27,0.09,4.61,NA,NA,NA,"WD2101 soil group","Planctomycetota","Phycisphaerae","Tepidisphaerales"
"1017",-0.19,-0.09,0.27,-0.16,3.93,NA,4.42,"Gemmatimonas","Gemmatimonadaceae","Gemmatimonadota","Gemmatimonadetes","Gemmatimonadales"
"999",-0.1,0.02,0.27,-0.25,3.18,NA,3.81,"Gemmatimonas","Gemmatimonadaceae","Gemmatimonadota","Gemmatimonadetes","Gemmatimonadales"
"730",-0.07,0.04,0.27,-0.16,4.1,4.16,3.97,NA,"Micropepsaceae","Proteobacteria","Alphaproteobacteria","Micropepsales"
"1425",-0.14,0.02,0.26,-0.24,4.34,3.87,4.16,"Rhizobacter","Comamonadaceae","Proteobacteria","Gammaproteobacteria","Burkholderiales"
"1465",-0.45,-0.41,0.26,-0.09,4.24,NA,NA,NA,"Microbacteriaceae","Actinobacteria","Actinobacteria","Micrococcales"
"981",-0.23,0.03,0.26,-0.43,4.97,4.7,5.16,NA,"Gemmatimonadaceae","Gemmatimonadota","Gemmatimonadetes","Gemmatimonadales"
"1043",-0.21,-0.19,0.26,0.06,3.98,NA,NA,"RB41","Pyrinomonadaceae","Acidobacteria","Blastocatellia","Pyrinomonadales"
"567",-0.08,0.12,0.26,-0.28,3.84,3.34,3.92,"Haliangium","Haliangiaceae","Myxococcota","Polyangia","Haliangiales"
"1505",-0.03,0.06,0.26,-0.09,3.02,NA,3.35,"Crossiella","Pseudonocardiaceae","Actinobacteria","Actinobacteria","Pseudonocardiales"
"1554",-0.39,-0.23,0.26,-0.25,3.18,NA,3.05,"Ellin6067","Nitrosomonadaceae","Proteobacteria","Gammaproteobacteria","Burkholderiales"
"1550",0,0.16,0.26,-0.17,3.45,2.96,3.69,NA,"A21b","Proteobacteria","Gammaproteobacteria","Burkholderiales"
"416",-0.39,-0.47,0.26,-0.18,3.89,3.18,3.78,"ADurb.Bin063-1","Pedosphaeraceae","Verrucomicrobiota","Verrucomicrobiae","Pedosphaerales"
"518",-0.04,0.12,0.26,NA,3.99,NA,4.48,"Candidatus Udaeobacter","Chthoniobacteraceae","Verrucomicrobiota","Verrucomicrobiae","Chthoniobacterales"
"193",-0.41,-0.33,0.26,-0.35,4.31,3.4,3.53,NA,NA,"RCP2-54",NA,NA
"539",-0.1,-0.01,0.26,-0.21,3.11,2.76,3.32,NA,"WD2101 soil group","Planctomycetota","Phycisphaerae","Tepidisphaerales"
"1036",-0.31,-0.21,0.26,-0.3,4.33,3.69,4.57,"RB41","Pyrinomonadaceae","Acidobacteria","Blastocatellia","Pyrinomonadales"
"675",-0.06,0.12,0.26,-0.28,3.62,3.26,3.72,NA,"Acetobacteraceae","Proteobacteria","Alphaproteobacteria","Acetobacterales"
"270",-0.21,-0.17,0.26,NA,3.66,NA,NA,NA,"Roseiflexaceae","Chloroflexi","Chloroflexia","Chloroflexales"
"1647",-0.48,-0.41,0.25,-0.36,3.9,2.28,3.08,NA,"Microscillaceae","Bacteroidota","Bacteroidia","Cytophagales"
"1108",-0.2,-0.15,0.25,-0.1,5.39,4.69,5.15,NA,NA,"Acidobacteria","Vicinamibacteria","Vicinamibacterales"
"726",-0.28,-0.15,0.25,-0.31,3.27,2.71,3.81,NA,"Micropepsaceae","Proteobacteria","Alphaproteobacteria","Micropepsales"
"375",-0.18,-0.02,0.25,-0.18,3.46,3.48,3.56,"Gemmatimonas","Gemmatimonadaceae","Gemmatimonadota","Gemmatimonadetes","Gemmatimonadales"
"1614",-0.12,0,0.25,0.14,3.14,NA,3.44,"Nocardioides","Nocardioidaceae","Actinobacteria","Actinobacteria","Propionibacteriales"
"525",-0.17,-0.12,0.25,-0.3,5.81,5.15,5.29,"Candidatus Udaeobacter","Chthoniobacteraceae","Verrucomicrobiota","Verrucomicrobiae","Chthoniobacterales"
"1568",-0.26,-0.19,0.25,-0.16,2.81,NA,3.75,NA,"SC-I-84","Proteobacteria","Gammaproteobacteria","Burkholderiales"
"515",0.03,0.15,0.25,NA,3.64,NA,4.42,"Candidatus Udaeobacter","Chthoniobacteraceae","Verrucomicrobiota","Verrucomicrobiae","Chthoniobacterales"
"581",-0.25,-0.33,0.25,-0.25,4.74,NA,2.77,NA,NA,"Planctomycetota","Planctomycetes","Planctomycetales"
"1368",-0.41,-0.26,0.25,-0.37,3.7,2.87,3.42,NA,NA,"Chloroflexi","AD3",NA
"583",-0.32,-0.16,0.25,-0.28,3.6,2.83,3.83,NA,NA,"Planctomycetota","Planctomycetes","Planctomycetales"
"1179",-0.29,-0.12,0.25,-0.37,4.28,4.23,4.39,"Candidatus Solibacter","Solibacteraceae","Acidobacteria","Acidobacteriae","Solibacterales"
"145",-0.29,-0.36,0.25,NA,3.44,NA,3.66,NA,"Gemmataceae","Planctomycetota","Planctomycetes","Gemmatales"
"1351",-0.35,-0.22,0.25,-0.21,3.77,4.11,4.23,NA,NA,"Actinobacteria","Thermoleophilia","Gaiellales"
"444",-0.3,-0.28,0.25,-0.11,3.95,3.14,4.03,NA,"Pedosphaeraceae","Verrucomicrobiota","Verrucomicrobiae","Pedosphaerales"
"571",-0.02,0.07,0.25,-0.2,3.26,NA,3.4,"Haliangium","Haliangiaceae","Myxococcota","Polyangia","Haliangiales"
"593",-0.34,-0.15,0.25,-0.37,4.4,3.76,4.13,NA,"URHD0088","Proteobacteria","Alphaproteobacteria","Elsterales"
"1657",-0.38,-0.3,0.25,-0.23,4.34,3.77,4.65,NA,NA,"Chloroflexi","KD4-96",NA
"693",-0.19,-0.12,0.25,-0.13,3.84,3.04,3.14,"Phenylobacterium","Caulobacteraceae","Proteobacteria","Alphaproteobacteria","Caulobacterales"
"372",-0.18,-0.04,0.25,-0.5,3.33,3.67,3.48,"Gemmatimonas","Gemmatimonadaceae","Gemmatimonadota","Gemmatimonadetes","Gemmatimonadales"
"158",-0.08,0,0.24,-0.23,2.38,3.61,3.44,NA,"Gemmataceae","Planctomycetota","Planctomycetes","Gemmatales"
"774",-0.24,-0.1,0.24,-0.29,3.32,2.85,3.1,"Pirellula","Pirellulaceae","Planctomycetota","Planctomycetes","Pirellulales"
"472",-0.23,-0.15,0.24,-0.16,4.71,NA,4.19,"Candidatus Udaeobacter","Chthoniobacteraceae","Verrucomicrobiota","Verrucomicrobiae","Chthoniobacterales"
"558",-0.21,-0.16,0.24,-0.14,3.41,3.04,3.45,NA,NA,"Acidobacteria","Vicinamibacteria","Vicinamibacterales"
"137",-0.16,-0.08,0.24,-0.08,3.61,NA,3.4,NA,"Gemmataceae","Planctomycetota","Planctomycetes","Gemmatales"
"602",-0.28,-0.28,0.24,-0.2,3.75,3.51,3.83,NA,NA,"Proteobacteria","Alphaproteobacteria","Elsterales"
"658",-0.29,-0.07,0.24,-0.44,4.75,4.15,4.85,"Afipia","Xanthobacteraceae","Proteobacteria","Alphaproteobacteria","Rhizobiales"
"306",-0.13,-0.06,0.24,-0.16,3.52,3.88,3.82,NA,"Vicinamibacteraceae","Acidobacteria","Vicinamibacteria","Vicinamibacterales"
"763",-0.18,-0.09,0.24,-0.08,4.09,NA,3.99,"Rhodanobacter","Rhodanobacteraceae","Proteobacteria","Gammaproteobacteria","Xanthomonadales"
"126",-0.17,-0.04,0.24,-0.15,3.3,NA,3.33,NA,"Gemmataceae","Planctomycetota","Planctomycetes","Gemmatales"
"479",-0.22,-0.1,0.24,-0.21,3.57,NA,4.19,"Chthoniobacter","Chthoniobacteraceae","Verrucomicrobiota","Verrucomicrobiae","Chthoniobacterales"
"776",-0.11,-0.14,0.24,0.02,3.11,3.5,3.06,"Acidipila","Acidobacteriaceae (Subgroup 1)","Acidobacteria","Acidobacteriae","Acidobacteriales"
"33",-0.08,0.14,0.24,-0.2,4.19,4.01,4.56,"Pseudonocardia","Pseudonocardiaceae","Actinobacteria","Actinobacteria","Pseudonocardiales"
"714",-0.21,-0.14,0.24,-0.19,3.59,3.81,4.12,"Methylocapsa","Beijerinckiaceae","Proteobacteria","Alphaproteobacteria","Rhizobiales"
"1061",-0.15,0.02,0.24,-0.05,3.76,NA,3.96,"RB41","Pyrinomonadaceae","Acidobacteria","Blastocatellia","Pyrinomonadales"
"732",-0.35,-0.31,0.24,-0.32,3.71,3.4,3.29,NA,"KF-JG30-B3","Proteobacteria","Alphaproteobacteria","Rhizobiales"
"245",-0.21,-0.01,0.24,-0.32,2.34,2.72,3.04,NA,NA,"Actinobacteria","MB-A2-108",NA
"429",-0.26,-0.1,0.24,-0.37,6.4,5.96,6.3,"Candidatus Udaeobacter","Chthoniobacteraceae","Verrucomicrobiota","Verrucomicrobiae","Chthoniobacterales"
"1274",-0.07,-0.01,0.23,-0.11,4.18,4.19,4.52,NA,"Solirubrobacteraceae","Actinobacteria","Thermoleophilia","Solirubrobacterales"
"1065",-0.26,-0.19,0.23,-0.23,4.37,NA,NA,"RB41","Pyrinomonadaceae","Acidobacteria","Blastocatellia","Pyrinomonadales"
"1559",-0.32,-0.26,0.23,-0.26,4.41,NA,NA,"Ellin6067","Nitrosomonadaceae","Proteobacteria","Gammaproteobacteria","Burkholderiales"
"680",-0.22,-0.15,0.23,-0.19,3.25,2.77,3.73,"Pseudolabrys","Xanthobacteraceae","Proteobacteria","Alphaproteobacteria","Rhizobiales"
"1014",-0.05,0.15,0.23,NA,NA,NA,3.95,"Gemmatimonas","Gemmatimonadaceae","Gemmatimonadota","Gemmatimonadetes","Gemmatimonadales"
"833",-0.08,0.11,0.23,NA,NA,NA,3.66,"Novosphingobium","Sphingomonadaceae","Proteobacteria","Alphaproteobacteria","Sphingomonadales"
"1328",-0.05,0.16,0.23,NA,NA,NA,4.05,NA,NA,"Actinobacteria","Thermoleophilia","Gaiellales"
"1016",0,0.13,0.23,-0.14,3.94,NA,NA,"Gemmatimonas","Gemmatimonadaceae","Gemmatimonadota","Gemmatimonadetes","Gemmatimonadales"
"1296",-0.05,0.07,0.23,0.02,4.08,NA,3.87,NA,"67-14","Actinobacteria","Thermoleophilia","Solirubrobacterales"
"205",-0.12,0.05,0.23,-0.08,4.2,4.06,4.69,NA,"Micromonosporaceae","Actinobacteria","Actinobacteria","Micromonosporales"
"923",-0.13,-0.01,0.23,-0.02,4,4.3,4.4,NA,"Chitinophagaceae","Bacteroidota","Bacteroidia","Chitinophagales"
"1619",-0.17,0.07,0.23,-0.33,5.04,4.56,5.02,NA,NA,"Chloroflexi","KD4-96",NA
"1533",-0.42,-0.28,0.23,-0.39,2.84,2.46,3.52,NA,NA,"Proteobacteria","Gammaproteobacteria","Burkholderiales"
"465",-0.14,0.06,0.23,-0.07,3.24,NA,3.12,"LD29","Chthoniobacteraceae","Verrucomicrobiota","Verrucomicrobiae","Chthoniobacterales"
"1008",-0.12,-0.01,0.23,-0.08,4.28,NA,4.42,"Gemmatimonas","Gemmatimonadaceae","Gemmatimonadota","Gemmatimonadetes","Gemmatimonadales"
"271",-0.07,0.04,0.23,-0.01,3.43,NA,3.56,NA,"Roseiflexaceae","Chloroflexi","Chloroflexia","Chloroflexales"
"960",-0.18,NA,0.23,-0.2,NA,NA,4.17,"Ferruginibacter","Chitinophagaceae","Bacteroidota","Bacteroidia","Chitinophagales"
"1073",-0.39,-0.29,0.23,-0.07,3.52,NA,3.21,NA,NA,"Acidobacteria","Subgroup 5",NA
"911",-0.14,-0.09,0.23,-0.06,4.63,4.32,4.67,NA,"Chitinophagaceae","Bacteroidota","Bacteroidia","Chitinophagales"
"648",-0.09,-0.04,0.23,-0.13,3.09,NA,NA,"Bradyrhizobium","Xanthobacteraceae","Proteobacteria","Alphaproteobacteria","Rhizobiales"
"1285",-0.07,0.09,0.23,NA,3.22,NA,3.94,"Conexibacter","Solirubrobacteraceae","Actinobacteria","Thermoleophilia","Solirubrobacterales"
"192",-0.28,-0.19,0.23,-0.24,3.92,3.29,3.38,NA,NA,"RCP2-54",NA,NA
"1383",-0.11,-0.05,0.23,0.05,2.86,NA,2.8,NA,NA,"Armatimonadota",NA,NA
"1579",-0.25,-0.11,0.23,-0.15,3.69,NA,3.74,"MND1","Nitrosomonadaceae","Proteobacteria","Gammaproteobacteria","Burkholderiales"
"1270",-0.11,0.07,0.23,0.12,3.26,NA,3.43,NA,"67-14","Actinobacteria","Thermoleophilia","Solirubrobacterales"
"1562",-0.19,-0.03,0.22,-0.15,4.43,4.29,4.19,"Ellin6067","Nitrosomonadaceae","Proteobacteria","Gammaproteobacteria","Burkholderiales"
"427",-0.23,-0.13,0.22,-0.23,4.98,4,4.93,"Candidatus Udaeobacter","Chthoniobacteraceae","Verrucomicrobiota","Verrucomicrobiae","Chthoniobacterales"
"23",-0.1,0.02,0.22,-0.07,4.02,NA,3.66,NA,NA,"Actinobacteria","Acidimicrobiia","Microtrichales"
"303",-0.09,0.07,0.22,-0.27,2.38,3.07,2.96,"Vicinamibacter","Vicinamibacteraceae","Acidobacteria","Vicinamibacteria","Vicinamibacterales"
"611",-0.1,0.02,0.22,-0.22,3.85,3.75,4.15,NA,"Xanthobacteraceae","Proteobacteria","Alphaproteobacteria","Rhizobiales"
"208",-0.08,0.06,0.22,-0.11,3.86,3.9,3.8,"Actinoplanes","Micromonosporaceae","Actinobacteria","Actinobacteria","Micromonosporales"
"1117",-0.17,-0.15,0.22,-0.06,4.17,3.26,3.69,NA,NA,"Acidobacteria","Vicinamibacteria","Vicinamibacterales"
"1104",-0.33,-0.11,0.22,-0.39,4.99,4.36,4.83,NA,NA,"Acidobacteria","Vicinamibacteria","Vicinamibacterales"
"600",-0.27,-0.09,0.22,-0.37,3.73,3.64,3.59,NA,NA,"Proteobacteria","Alphaproteobacteria","Elsterales"
"1504",-0.01,0.23,0.22,-0.25,5.43,5.22,5.85,"Blastococcus","Geodermatophilaceae","Actinobacteria","Actinobacteria","Frankiales"
"124",-0.25,-0.16,0.22,-0.14,3.03,NA,3.24,NA,"Gemmataceae","Planctomycetota","Planctomycetes","Gemmatales"
"1394",-0.23,-0.2,0.22,0.02,3.88,3.47,3.33,NA,"67-14","Actinobacteria","Thermoleophilia","Solirubrobacterales"
"1191",-0.07,0.14,0.22,NA,NA,NA,3.35,"JGI 0001001-H03","Blastocatellaceae","Acidobacteria","Blastocatellia","Blastocatellales"
"1051",-0.18,0.04,0.22,0,3.37,3.04,3.05,"RB41","Pyrinomonadaceae","Acidobacteria","Blastocatellia","Pyrinomonadales"
"274",-0.34,-0.39,0.22,-0.16,5.29,4.36,NA,NA,NA,"Cyanobacteria","Cyanobacteriia","Chloroplast"
"389",-0.18,NA,0.22,-0.19,NA,NA,3.46,NA,NA,"Acidobacteria","Acidobacteriae","Acidobacteriales"
"424",-0.31,-0.21,0.22,-0.16,3.44,2.89,3.37,"Chthoniobacter","Chthoniobacteraceae","Verrucomicrobiota","Verrucomicrobiae","Chthoniobacterales"
"1488",-0.22,-0.06,0.22,-0.2,4.1,4.13,4.59,"Kineosporia","Kineosporiaceae","Actinobacteria","Actinobacteria","Kineosporiales"
"215",-0.03,0.12,0.22,-0.14,3.5,NA,3.54,"Actinoplanes","Micromonosporaceae","Actinobacteria","Actinobacteria","Micromonosporales"
"541",-0.13,0.07,0.22,-0.13,3.93,NA,3.55,"Chthoniobacter","Chthoniobacteraceae","Verrucomicrobiota","Verrucomicrobiae","Chthoniobacterales"
"266",-0.37,-0.4,0.22,0.01,3.2,NA,NA,"Lacunisphaera","Opitutaceae","Verrucomicrobiota","Verrucomicrobiae","Opitutales"
"64",-0.25,-0.24,0.22,-0.24,3.12,2.3,2.48,NA,"Sandaracinaceae","Myxococcota","Polyangia","Polyangiales"
"1490",-0.1,0.08,0.22,-0.18,2.87,3.64,3.48,"Angustibacter","Kineosporiaceae","Actinobacteria","Actinobacteria","Kineosporiales"
"943",-0.23,-0.22,0.22,-0.13,3.75,NA,3.74,"Terrimonas","Chitinophagaceae","Bacteroidota","Bacteroidia","Chitinophagales"
"545",-0.11,0.11,0.22,-0.24,2.89,2.82,2.97,NA,"WD2101 soil group","Planctomycetota","Phycisphaerae","Tepidisphaerales"
"39",-0.01,0.22,0.22,-0.12,3.41,2.67,3.64,NA,"WD2101 soil group","Planctomycetota","Phycisphaerae","Tepidisphaerales"
"85",-0.19,-0.12,0.22,-0.21,3.74,3.53,4.02,NA,"WD2101 soil group","Planctomycetota","Phycisphaerae","Tepidisphaerales"
"1518",-0.28,-0.19,0.22,-0.25,3.94,3.5,NA,NA,"A21b","Proteobacteria","Gammaproteobacteria","Burkholderiales"
"1651",-0.34,-0.33,0.22,-0.21,3.89,3.02,3.59,NA,NA,"Acidobacteria","Blastocatellia","11-24"
"972",-0.15,0.02,0.22,0.07,3.37,NA,3.91,NA,"Gemmatimonadaceae","Gemmatimonadota","Gemmatimonadetes","Gemmatimonadales"
"1483",0,0.18,0.22,-0.2,4.02,4,4.19,"Crossiella","Pseudonocardiaceae","Actinobacteria","Actinobacteria","Pseudonocardiales"
"1028",-0.09,-0.05,0.22,-0.14,3.67,NA,NA,"Gemmatimonas","Gemmatimonadaceae","Gemmatimonadota","Gemmatimonadetes","Gemmatimonadales"
"185",-0.19,-0.13,0.22,-0.24,4.1,3.93,3.58,"Reyranella","Reyranellaceae","Proteobacteria","Alphaproteobacteria","Reyranellales"
"579",-0.04,0.29,0.22,-0.15,3.97,3.4,4.45,"Candidatus Nitrocosmicus","Nitrososphaeraceae","Crenarchaeota","Nitrososphaeria","Nitrososphaerales"
"1514",-0.28,-0.13,0.21,-0.26,4.47,3.63,4.08,NA,"TRA3-20","Proteobacteria","Gammaproteobacteria","Burkholderiales"
"851",-0.12,0.03,0.21,-0.06,4.1,3.85,4.49,"Subgroup 10","Thermoanaerobaculaceae","Acidobacteria","Thermoanaerobaculia","Thermoanaerobaculales"
"939",-0.2,-0.15,0.21,-0.04,2.83,NA,4.08,"Terrimonas","Chitinophagaceae","Bacteroidota","Bacteroidia","Chitinophagales"
"985",-0.2,-0.02,0.21,-0.39,3.01,2.62,3.12,"Gemmatimonas","Gemmatimonadaceae","Gemmatimonadota","Gemmatimonadetes","Gemmatimonadales"
"1238",-0.23,0,0.21,-0.4,3.74,3.67,4,NA,NA,"Actinobacteria","Acidimicrobiia","IMCC26256"
"537",0.01,0.16,0.21,0.02,3.93,3.32,3.79,NA,"WD2101 soil group","Planctomycetota","Phycisphaerae","Tepidisphaerales"
"1575",-0.05,0,0.21,-0.16,3.4,3.47,NA,"Ellin6067","Nitrosomonadaceae","Proteobacteria","Gammaproteobacteria","Burkholderiales"
"586",-0.26,-0.29,0.21,-0.15,3.07,3.06,3.27,NA,"AKYH767","Bacteroidota","Bacteroidia","Sphingobacteriales"
"1476",-0.09,-0.02,0.21,-0.02,3,NA,2.64,NA,"Sporichthyaceae","Actinobacteria","Actinobacteria","Frankiales"
"711",-0.34,-0.26,0.21,-0.03,3.5,2.54,3.39,"Pseudaminobacter","Rhizobiaceae","Proteobacteria","Alphaproteobacteria","Rhizobiales"
"719",-0.1,0.09,0.21,-0.22,3.88,3.83,4.62,NA,"Micropepsaceae","Proteobacteria","Alphaproteobacteria","Micropepsales"
"1199",-0.16,-0.04,0.21,-0.2,4.1,4.03,4.37,"JGI 0001001-H03","Blastocatellaceae","Acidobacteria","Blastocatellia","Blastocatellales"
"253",-0.08,0.06,0.21,NA,3.09,NA,3.94,NA,"Mitochondria","Proteobacteria","Alphaproteobacteria","Rickettsiales"
"641",-0.14,-0.04,0.21,-0.11,4.05,NA,3.72,"Psychroglaciecola","Beijerinckiaceae","Proteobacteria","Alphaproteobacteria","Rhizobiales"
"243",-0.39,-0.45,0.21,-0.22,4.96,3.78,4.04,NA,NA,"Acidobacteria","Acidobacteriae","Subgroup 2"
"1048",0.14,0.26,0.21,NA,3.33,NA,NA,"RB41","Pyrinomonadaceae","Acidobacteria","Blastocatellia","Pyrinomonadales"
"1252",-0.06,0.06,0.21,NA,3.66,NA,NA,NA,"67-14","Actinobacteria","Thermoleophilia","Solirubrobacterales"
"214",0.03,0.12,0.21,NA,3.71,NA,NA,"Actinoplanes","Micromonosporaceae","Actinobacteria","Actinobacteria","Micromonosporales"
"1206",-0.11,-0.03,0.2,0.01,3.99,NA,4.05,NA,"67-14","Actinobacteria","Thermoleophilia","Solirubrobacterales"
"850",-0.22,-0.09,0.2,-0.21,4.8,4.21,5.02,"Subgroup 10","Thermoanaerobaculaceae","Acidobacteria","Thermoanaerobaculia","Thermoanaerobaculales"
"1037",-0.14,0.01,0.2,-0.28,5.56,4.81,5.54,"RB41","Pyrinomonadaceae","Acidobacteria","Blastocatellia","Pyrinomonadales"
"415",-0.32,-0.24,0.2,-0.32,4.01,3.82,3.9,"ADurb.Bin063-1","Pedosphaeraceae","Verrucomicrobiota","Verrucomicrobiae","Pedosphaerales"
"383",-0.46,-0.48,0.2,-0.45,3.79,3.06,3.44,NA,NA,"Acidobacteria","Acidobacteriae","Acidobacteriales"
"1643",-0.37,-0.33,0.2,-0.28,2.72,2.15,1.82,NA,NA,"Chloroflexi","JG30-KF-CM66",NA
"588",-0.39,-0.32,0.2,-0.24,4.82,3.88,3.9,"Pedomicrobium","Hyphomicrobiaceae","Proteobacteria","Alphaproteobacteria","Rhizobiales"
"509",0,0.12,0.2,-0.06,3.71,3.81,4.26,"Candidatus Udaeobacter","Chthoniobacteraceae","Verrucomicrobiota","Verrucomicrobiae","Chthoniobacterales"
"1286",-0.1,0.13,0.2,-0.29,3.61,3.66,3.86,"Conexibacter","Solirubrobacteraceae","Actinobacteria","Thermoleophilia","Solirubrobacterales"
"476",-0.12,-0.09,0.2,-0.14,3.83,NA,3.83,"Candidatus Udaeobacter","Chthoniobacteraceae","Verrucomicrobiota","Verrucomicrobiae","Chthoniobacterales"
"437",-0.09,0.02,0.2,-0.15,4.46,4.12,4.67,"Candidatus Udaeobacter","Chthoniobacteraceae","Verrucomicrobiota","Verrucomicrobiae","Chthoniobacterales"
"75",-0.18,-0.06,0.2,-0.34,3.59,3.61,3.75,"Pajaroellobacter","Polyangiaceae","Myxococcota","Polyangia","Polyangiales"
"186",-0.18,-0.07,0.2,-0.09,3.5,NA,3.14,"Reyranella","Reyranellaceae","Proteobacteria","Alphaproteobacteria","Reyranellales"
"1077",0.02,0.12,0.2,0.08,4.07,3.03,4.55,NA,NA,"Acidobacteria","Vicinamibacteria","Vicinamibacterales"
"796",-0.21,-0.03,0.2,-0.35,3.64,3.67,3.84,NA,NA,"Acidobacteria","Acidobacteriae","Acidobacteriales"
"391",-0.31,-0.22,0.2,-0.41,4.27,NA,3.83,NA,NA,"Acidobacteria","Acidobacteriae","Acidobacteriales"
"1511",-0.22,-0.17,0.2,-0.04,3.66,NA,4.37,NA,"TRA3-20","Proteobacteria","Gammaproteobacteria","Burkholderiales"
"1375",-0.18,-0.26,0.2,-0.1,3.44,3.99,3.82,NA,NA,"Actinobacteria","Thermoleophilia","Gaiellales"
"379",-0.31,-0.05,0.2,-0.41,4.22,3.66,4.31,"Anaeromyxobacter","Anaeromyxobacteraceae","Myxococcota","Myxococcia","Myxococcales"
"129",0.07,0.27,0.2,NA,NA,NA,3.27,"Aquisphaera","Isosphaeraceae","Planctomycetota","Planctomycetes","Isosphaerales"
"1513",-0.17,-0.02,0.2,-0.05,3.48,2.91,3.5,NA,"TRA3-20","Proteobacteria","Gammaproteobacteria","Burkholderiales"
"975",0.08,0.22,0.2,0.07,3.41,3.37,3.4,"Gemmatimonas","Gemmatimonadaceae","Gemmatimonadota","Gemmatimonadetes","Gemmatimonadales"
"1553",-0.21,-0.2,0.2,-0.28,3.75,3.07,3.01,NA,"SC-I-84","Proteobacteria","Gammaproteobacteria","Burkholderiales"
"801",-0.23,-0.12,0.2,-0.4,2.52,2.89,3.15,NA,"Entotheonellaceae","Entotheonellaeota","Entotheonellia","Entotheonellales"
"1283",-0.14,-0.03,0.2,0.01,3.61,NA,4.44,"Conexibacter","Solirubrobacteraceae","Actinobacteria","Thermoleophilia","Solirubrobacterales"
"1566",-0.22,-0.19,0.19,-0.21,4.03,3.37,NA,NA,"SC-I-84","Proteobacteria","Gammaproteobacteria","Burkholderiales"
"284",-0.08,0.04,0.19,-0.26,3.19,3.56,4.08,NA,NA,"Acidobacteria","Holophagae","Subgroup 7"
"1186",-0.23,-0.19,0.19,NA,3.53,NA,NA,NA,NA,"Actinobacteria","Thermoleophilia","Gaiellales"
"377",-0.1,-0.08,0.19,NA,3.14,NA,NA,"YC-ZSS-LKJ147","Longimicrobiaceae","Gemmatimonadota","Longimicrobia","Longimicrobiales"
"771",-0.34,-0.25,0.19,-0.24,3.02,NA,3,"Pirellula","Pirellulaceae","Planctomycetota","Planctomycetes","Pirellulales"
"1254",0.03,0.18,0.19,-0.22,3.47,3.51,3.93,NA,"67-14","Actinobacteria","Thermoleophilia","Solirubrobacterales"
"81",-0.22,-0.16,0.19,-0.26,3.61,NA,3.65,NA,"BIrii41","Myxococcota","Polyangia","Polyangiales"
"1581",-0.01,0.19,0.19,-0.18,3.54,3.48,3.7,NA,NA,"Chloroflexi","TK10",NA
"1387",-0.31,-0.28,0.19,-0.21,3.05,2.94,3.6,NA,NA,"Actinobacteria","Acidimicrobiia","IMCC26256"
"853",-0.05,0.05,0.19,-0.2,3.74,NA,NA,"Subgroup 10","Thermoanaerobaculaceae","Acidobacteria","Thermoanaerobaculia","Thermoanaerobaculales"
"1627",0.02,0.07,0.19,0.12,3.35,3.17,3.52,"Psychrobacillus","Planococcaceae","Firmicutes","Bacilli","Bacillales"
"626",-0.31,-0.2,0.19,-0.36,3.92,2.96,4.03,"Rhodoplanes","Xanthobacteraceae","Proteobacteria","Alphaproteobacteria","Rhizobiales"
"348",-0.35,-0.34,0.19,-0.26,4.48,4.06,3.96,NA,NA,"Proteobacteria","Gammaproteobacteria","WD260"
"91",-0.28,-0.15,0.19,-0.17,3.69,3.87,4.13,NA,"WD2101 soil group","Planctomycetota","Phycisphaerae","Tepidisphaerales"
"643",-0.01,0.19,0.19,-0.13,4.09,3.79,4.5,"Psychroglaciecola","Beijerinckiaceae","Proteobacteria","Alphaproteobacteria","Rhizobiales"
"151",-0.2,-0.2,0.19,-0.14,3.6,NA,3.37,"Gemmata","Gemmataceae","Planctomycetota","Planctomycetes","Gemmatales"
"1152",0.12,0.33,0.19,-0.08,2.81,2.93,3.55,"Bryobacter","Bryobacteraceae","Acidobacteria","Acidobacteriae","Bryobacterales"
"1226",-0.09,0.02,0.19,0.09,3.09,3.61,3.61,"Actinoallomurus","Thermomonosporaceae","Actinobacteria","Actinobacteria","Streptosporangiales"
"312",-0.22,-0.1,0.19,-0.2,3.93,NA,NA,NA,NA,"Acidobacteria","Holophagae","Subgroup 7"
"1168",-0.18,0.06,0.19,-0.42,3.89,3.97,4.31,"Bryobacter","Bryobacteraceae","Acidobacteria","Acidobacteriae","Bryobacterales"
"549",0.02,0.16,0.19,-0.25,3.56,3.69,3.36,NA,NA,"Acidobacteria","Vicinamibacteria","Subgroup 17"
"293",-0.1,0.07,0.19,-0.22,3.83,3.99,3.84,NA,NA,"Acidobacteria","Holophagae","Subgroup 7"
"223",-0.08,0.03,0.19,-0.39,2.89,3.34,3.37,NA,"Micromonosporaceae","Actinobacteria","Actinobacteria","Micromonosporales"
"1303",-0.34,-0.31,0.19,-0.12,3.12,NA,NA,NA,"Ktedonobacteraceae","Chloroflexi","Ktedonobacteria","Ktedonobacterales"
"1555",-0.21,-0.08,0.19,-0.23,3.29,3.53,2.78,"Georgfuchsia","Rhodocyclaceae","Proteobacteria","Gammaproteobacteria","Burkholderiales"
"1216",0.03,0.23,0.19,-0.04,5.68,5.51,6.1,"Pseudarthrobacter","Micrococcaceae","Actinobacteria","Actinobacteria","Micrococcales"
"1624",0.03,0.13,0.19,0.04,5.53,5.22,5.57,NA,"Planococcaceae","Firmicutes","Bacilli","Bacillales"
"272",-0.12,0.02,0.18,-0.06,3.26,3.4,3.98,NA,"Roseiflexaceae","Chloroflexi","Chloroflexia","Chloroflexales"
"1146",-0.14,0,0.18,-0.39,4.11,3.79,4.1,"Bryobacter","Bryobacteraceae","Acidobacteria","Acidobacteriae","Bryobacterales"
"1486",-0.01,0.25,0.18,-0.2,3.63,4.22,4.27,"Modestobacter","Geodermatophilaceae","Actinobacteria","Actinobacteria","Frankiales"
"1046",-0.09,-0.07,0.18,-0.16,3.69,NA,3.99,"RB41","Pyrinomonadaceae","Acidobacteria","Blastocatellia","Pyrinomonadales"
"422",-0.15,-0.06,0.18,-0.28,6.38,6.14,6.21,"Candidatus Udaeobacter","Chthoniobacteraceae","Verrucomicrobiota","Verrucomicrobiae","Chthoniobacterales"
"1157",-0.29,-0.19,0.18,-0.39,3.64,3.19,3.29,"Candidatus Solibacter","Solibacteraceae","Acidobacteria","Acidobacteriae","Solibacterales"
"453",-0.11,-0.01,0.18,-0.17,3.52,NA,NA,"Chthoniobacter","Chthoniobacteraceae","Verrucomicrobiota","Verrucomicrobiae","Chthoniobacterales"
"1361",-0.18,0,0.18,0.06,3.23,2.05,3.13,NA,NA,"Acidobacteria","Blastocatellia","DS-100"
"361",-0.26,-0.19,0.18,-0.22,3.89,2.74,3.17,NA,NA,"Proteobacteria","Gammaproteobacteria","JG36-TzT-191"
"741",-0.21,-0.13,0.18,-0.21,4.08,3.67,3.33,NA,NA,"Proteobacteria","Alphaproteobacteria",NA
"809",0.11,0.19,0.18,0.17,2.88,4.92,2.94,NA,"KD3-93","Bacteroidota","Bacteroidia","Sphingobacteriales"
"107",-0.23,-0.2,0.18,-0.17,4.04,3.67,3.39,NA,"Pirellulaceae","Planctomycetota","Planctomycetes","Pirellulales"
"110",-0.3,-0.47,0.18,-0.2,4.27,3.5,NA,"Gemmata","Gemmataceae","Planctomycetota","Planctomycetes","Gemmatales"
"138",-0.08,0.02,0.18,0.01,3.28,NA,NA,NA,"Gemmataceae","Planctomycetota","Planctomycetes","Gemmatales"
"220",-0.08,0.12,0.18,-0.15,4.29,NA,3.83,NA,"Micromonosporaceae","Actinobacteria","Actinobacteria","Micromonosporales"
"376",-0.36,-0.16,0.18,-0.46,3.72,3.18,3.35,"Anaeromyxobacter","Anaeromyxobacteraceae","Myxococcota","Myxococcia","Myxococcales"
"883",-0.18,-0.05,0.18,0.03,4.68,3.64,4.39,"Sphingomonas","Sphingomonadaceae","Proteobacteria","Alphaproteobacteria","Sphingomonadales"
"173",-0.11,-0.02,0.17,-0.28,2.38,2.07,2.62,NA,"env.OPS 17","Bacteroidota","Bacteroidia","Sphingobacteriales"
"1646",-0.16,-0.08,0.17,-0.24,3.33,NA,2.74,NA,"Microscillaceae","Bacteroidota","Bacteroidia","Cytophagales"
"623",-0.27,-0.19,0.17,-0.21,4.56,4.03,3.99,NA,"Xanthobacteraceae","Proteobacteria","Alphaproteobacteria","Rhizobiales"
"877",0.08,0.11,0.17,NA,3.4,NA,3.04,"Sphingomonas","Sphingomonadaceae","Proteobacteria","Alphaproteobacteria","Sphingomonadales"
"736",-0.2,-0.28,0.17,-0.07,3.66,2.94,3.95,"Bauldia","Rhizobiales Incertae Sedis","Proteobacteria","Alphaproteobacteria","Rhizobiales"
"553",-0.12,-0.02,0.17,-0.26,5.48,5.25,5.23,NA,NA,"Acidobacteria","Vicinamibacteria","Vicinamibacterales"
"277",-0.25,-0.24,0.17,-0.07,5.43,3.33,5.57,NA,NA,"Cyanobacteria","Cyanobacteriia","Chloroplast"
"644",-0.01,0.1,0.17,-0.23,2.66,2.29,2.76,"Methylobacterium-Methylorubrum","Beijerinckiaceae","Proteobacteria","Alphaproteobacteria","Rhizobiales"
"112",-0.25,-0.22,0.17,-0.22,3.73,3.64,3.52,"Gemmata","Gemmataceae","Planctomycetota","Planctomycetes","Gemmatales"
"953",-0.21,-0.12,0.17,-0.13,2.95,2.73,2.94,NA,"Chitinophagaceae","Bacteroidota","Bacteroidia","Chitinophagales"
"1052",-0.12,-0.13,0.17,0.08,3.93,3.91,3.99,"RB41","Pyrinomonadaceae","Acidobacteria","Blastocatellia","Pyrinomonadales"
"1599",0.11,0.15,0.17,-0.08,3.5,NA,NA,NA,"Pseudonocardiaceae","Actinobacteria","Actinobacteria","Pseudonocardiales"
"19",-0.03,0.15,0.17,-0.3,4.03,3.65,4.41,"Acidothermus","Acidothermaceae","Actinobacteria","Actinobacteria","Frankiales"
"235",-0.17,0.05,0.17,0.01,4.35,4.19,4.48,NA,NA,"Acidobacteria","Acidobacteriae","Subgroup 2"
"45",-0.11,-0.1,0.17,0.06,3.95,NA,NA,NA,"WD2101 soil group","Planctomycetota","Phycisphaerae","Tepidisphaerales"
"1105",-0.21,-0.09,0.17,-0.24,4.94,5.03,5.01,NA,NA,"Acidobacteria","Vicinamibacteria","Vicinamibacterales"
"480",-0.2,-0.14,0.17,-0.26,4.48,4.14,3.87,"Chthoniobacter","Chthoniobacteraceae","Verrucomicrobiota","Verrucomicrobiae","Chthoniobacterales"
"111",0.05,0.3,0.17,-0.13,3.26,3.76,3.89,"Gemmata","Gemmataceae","Planctomycetota","Planctomycetes","Gemmatales"
"996",-0.26,-0.25,0.17,0,3.75,3.65,3.87,"Gemmatimonas","Gemmatimonadaceae","Gemmatimonadota","Gemmatimonadetes","Gemmatimonadales"
"121",-0.05,0.09,0.17,-0.2,NA,NA,4.01,NA,"Pirellulaceae","Planctomycetota","Planctomycetes","Pirellulales"
"244",-0.31,-0.22,0.17,-0.44,2.81,2.9,2.99,NA,NA,NA,NA,NA
"666",-0.12,-0.03,0.17,-0.01,2.71,NA,3.26,NA,"Acetobacteraceae","Proteobacteria","Alphaproteobacteria","Acetobacterales"
"233",-0.11,0.05,0.17,-0.42,3.15,3.22,3.82,NA,NA,"Acidobacteria","Acidobacteriae","Subgroup 2"
"1256",0.08,0.26,0.17,-0.2,NA,NA,3.87,NA,NA,"Actinobacteria","Thermoleophilia","Gaiellales"
"1154",-0.03,0.08,0.17,-0.14,3.21,2.71,2.98,"Candidatus Solibacter","Solibacteraceae","Acidobacteria","Acidobacteriae","Solibacterales"
"1138",-0.14,0.13,0.17,-0.39,4.06,4.32,4.78,NA,"Gemmatimonadaceae","Gemmatimonadota","Gemmatimonadetes","Gemmatimonadales"
"866",-0.26,-0.23,0.16,-0.2,4.54,3.75,3.69,NA,"Methyloligellaceae","Proteobacteria","Alphaproteobacteria","Rhizobiales"
"1262",-0.1,0.09,0.16,-0.3,4.22,4.82,4.96,"Conexibacter","Solirubrobacteraceae","Actinobacteria","Thermoleophilia","Solirubrobacterales"
"323",-0.33,-0.28,0.16,-0.18,4.32,4.06,4.11,"Pseudomonas","Pseudomonadaceae","Proteobacteria","Gammaproteobacteria","Pseudomonadales"
"368",-0.26,-0.12,0.16,-0.29,3.45,2.73,2.55,NA,"Gemmatimonadaceae","Gemmatimonadota","Gemmatimonadetes","Gemmatimonadales"
"709",-0.09,-0.02,0.16,NA,3.14,NA,3.89,"Microvirga","Beijerinckiaceae","Proteobacteria","Alphaproteobacteria","Rhizobiales"
"977",-0.16,-0.12,0.16,-0.32,3.93,NA,1.95,NA,NA,"Desulfobacterota",NA,NA
"633",0.12,0.29,0.16,NA,NA,NA,4.78,"Rhodoplanes","Xanthobacteraceae","Proteobacteria","Alphaproteobacteria","Rhizobiales"
"1309",0,0.15,0.16,NA,NA,NA,4.52,NA,NA,"Actinobacteria","Thermoleophilia","Gaiellales"
"867",0.19,0.36,0.16,NA,NA,NA,3.97,"Sphingomonas","Sphingomonadaceae","Proteobacteria","Alphaproteobacteria","Sphingomonadales"
"569",-0.12,-0.02,0.16,-0.01,NA,NA,3.7,"Haliangium","Haliangiaceae","Myxococcota","Polyangia","Haliangiales"
"53",-0.28,-0.24,0.16,-0.31,4.54,3.24,3.38,NA,NA,"Methylomirabilota","Methylomirabilia","Rokubacteriales"
"370",-0.1,-0.16,0.16,0.01,3.44,3.14,3.26,"Gemmatimonas","Gemmatimonadaceae","Gemmatimonadota","Gemmatimonadetes","Gemmatimonadales"
"993",-0.4,-0.42,0.16,-0.3,4.43,3.11,3.67,NA,"Gemmatimonadaceae","Gemmatimonadota","Gemmatimonadetes","Gemmatimonadales"
"317",0.04,0.2,0.16,-0.12,3.66,4.4,4.19,NA,NA,"Acidobacteria","Holophagae","Subgroup 7"
"1078",-0.1,0.09,0.16,-0.27,3.87,3.36,3.84,NA,NA,"Acidobacteria","Vicinamibacteria","Vicinamibacterales"
"654",-0.22,-0.12,0.16,-0.04,4.05,3.75,4.23,"Bradyrhizobium","Xanthobacteraceae","Proteobacteria","Alphaproteobacteria","Rhizobiales"
"52",-0.32,-0.26,0.16,-0.38,4.64,3.97,3.93,NA,NA,"Methylomirabilota","Methylomirabilia","Rokubacteriales"
"1495",-0.05,0.02,0.16,-0.05,4.13,4.37,3.37,NA,NA,"Actinobacteria","Actinobacteria","Frankiales"
"980",-0.19,-0.17,0.16,-0.24,3.98,3.96,4.33,NA,"Gemmatimonadaceae","Gemmatimonadota","Gemmatimonadetes","Gemmatimonadales"
"1658",-0.15,0.02,0.16,-0.32,4.48,4.24,4.99,NA,NA,"Chloroflexi","KD4-96",NA
"1215",0,0.15,0.16,-0.06,NA,NA,3.73,NA,"67-14","Actinobacteria","Thermoleophilia","Solirubrobacterales"
"679",-0.15,-0.11,0.16,-0.4,4.86,4.51,4.39,"Pseudolabrys","Xanthobacteraceae","Proteobacteria","Alphaproteobacteria","Rhizobiales"
"612",-0.14,-0.01,0.16,-0.28,5.26,4.6,5.14,NA,"Xanthobacteraceae","Proteobacteria","Alphaproteobacteria","Rhizobiales"
"436",-0.21,-0.12,0.16,-0.3,5.24,4.5,5.02,"Candidatus Udaeobacter","Chthoniobacteraceae","Verrucomicrobiota","Verrucomicrobiae","Chthoniobacterales"
"90",0.01,0.14,0.16,-0.06,3.53,NA,3.32,NA,"WD2101 soil group","Planctomycetota","Phycisphaerae","Tepidisphaerales"
"139",-0.24,-0.16,0.16,-0.39,3.78,2.89,3.37,"Fimbriiglobus","Gemmataceae","Planctomycetota","Planctomycetes","Gemmatales"
"1322",0.02,0.17,0.16,-0.05,3.43,NA,3.47,NA,NA,"Actinobacteria","Thermoleophilia","Gaiellales"
"1144",0.08,0.19,0.16,-0.08,3.33,3.3,3.53,NA,NA,"Chloroflexi","Ktedonobacteria","C0119"
"421",-0.13,-0.06,0.15,-0.14,3.33,3.21,3.45,NA,"Pedosphaeraceae","Verrucomicrobiota","Verrucomicrobiae","Pedosphaerales"
"1123",-0.13,0,0.15,-0.19,4.93,4.58,4.95,NA,NA,"Acidobacteria","Vicinamibacteria","Vicinamibacterales"
"812",-0.15,-0.15,0.15,-0.19,3.48,3.88,NA,"Mucilaginibacter","Sphingobacteriaceae","Bacteroidota","Bacteroidia","Sphingobacteriales"
"458",-0.29,-0.21,0.15,0.08,3.84,NA,4.09,"Chthoniobacter","Chthoniobacteraceae","Verrucomicrobiota","Verrucomicrobiae","Chthoniobacterales"
"1352",-0.16,0,0.15,-0.39,3.84,3.3,3.49,NA,NA,"Actinobacteria","Thermoleophilia","Gaiellales"
"1577",-0.07,0.1,0.15,-0.17,2.99,2.67,3.3,"MND1","Nitrosomonadaceae","Proteobacteria","Gammaproteobacteria","Burkholderiales"
"929",-0.09,NA,0.15,-0.2,NA,NA,3.97,"Puia","Chitinophagaceae","Bacteroidota","Bacteroidia","Chitinophagales"
"1103",-0.3,-0.21,0.15,-0.35,5.57,4.82,5.2,NA,NA,"Acidobacteria","Vicinamibacteria","Vicinamibacterales"
"1508",0.01,0.17,0.15,0.06,3.56,3.89,3.95,"Nocardioides","Nocardioidaceae","Actinobacteria","Actinobacteria","Propionibacteriales"
"713",-0.27,-0.14,0.15,-0.02,4.02,3.2,3.66,"Mesorhizobium","Rhizobiaceae","Proteobacteria","Alphaproteobacteria","Rhizobiales"
"25",0.04,0.22,0.15,-0.11,3.09,NA,2.79,"Iamia","Iamiaceae","Actinobacteria","Acidimicrobiia","Microtrichales"
"944",-0.26,-0.19,0.15,-0.26,3.12,3.04,3.56,"Terrimonas","Chitinophagaceae","Bacteroidota","Bacteroidia","Chitinophagales"
"400",-0.08,-0.01,0.15,-0.16,4.77,4.08,4.43,NA,NA,"Acidobacteria","Acidobacteriae","Acidobacteriales"
"789",-0.27,-0.16,0.15,-0.27,4.21,3.88,3.91,NA,NA,"Acidobacteria","Acidobacteriae","Acidobacteriales"
"606",-0.24,-0.12,0.15,-0.13,3.92,3.7,3.81,NA,NA,"Proteobacteria","Alphaproteobacteria","Elsterales"
"1426",-0.33,-0.24,0.15,-0.12,4.41,NA,3.89,"Rhizobacter","Comamonadaceae","Proteobacteria","Gammaproteobacteria","Burkholderiales"
"432",-0.22,-0.17,0.15,-0.16,4.34,3.61,4.38,"Candidatus Udaeobacter","Chthoniobacteraceae","Verrucomicrobiota","Verrucomicrobiae","Chthoniobacterales"
"1015",-0.05,-0.01,0.15,-0.24,3.66,NA,NA,"Gemmatimonas","Gemmatimonadaceae","Gemmatimonadota","Gemmatimonadetes","Gemmatimonadales"
"905",-0.01,0.1,0.15,-0.14,2.89,3.53,2.99,NA,"Chitinophagaceae","Bacteroidota","Bacteroidia","Chitinophagales"
"824",0,0.18,0.15,-0.08,NA,NA,4.16,"Mucilaginibacter","Sphingobacteriaceae","Bacteroidota","Bacteroidia","Sphingobacteriales"
"342",0.08,0.24,0.15,-0.31,NA,NA,3.73,NA,NA,"Acidobacteria","Acidobacteriae","Acidobacteriales"
"190",-0.19,-0.07,0.15,-0.22,3.13,2.56,3.74,NA,NA,"Gemmatimonadota","S0134 terrestrial group",NA
"737",-0.02,0.09,0.15,0.22,3.49,3.3,4.11,"Bauldia","Rhizobiales Incertae Sedis","Proteobacteria","Alphaproteobacteria","Rhizobiales"
"136",0.11,0.26,0.15,0.06,NA,NA,4.06,NA,"Isosphaeraceae","Planctomycetota","Planctomycetes","Isosphaerales"
"1257",-0.17,-0.15,0.15,-0.27,3.54,3.19,NA,NA,NA,"Actinobacteria","Thermoleophilia","Gaiellales"
"1618",-0.31,-0.23,0.15,-0.27,4.1,3.97,3.99,NA,NA,"Chloroflexi","KD4-96",NA
"874",-0.05,0.06,0.15,-0.16,4.85,4.69,4.77,"Sphingomonas","Sphingomonadaceae","Proteobacteria","Alphaproteobacteria","Sphingomonadales"
"1111",-0.15,-0.01,0.15,-0.12,4.57,4.13,4.43,NA,NA,"Acidobacteria","Vicinamibacteria","Vicinamibacterales"
"748",-0.27,-0.12,0.14,-0.15,3.11,2.94,3.16,"Nordella","Rhizobiales Incertae Sedis","Proteobacteria","Alphaproteobacteria","Rhizobiales"
"1249",0,0.21,0.14,-0.31,3.46,3.46,3.76,NA,"67-14","Actinobacteria","Thermoleophilia","Solirubrobacterales"
"1149",-0.18,0.04,0.14,-0.01,2.93,2.58,2.91,NA,NA,"Acidobacteria","Acidobacteriae","Paludibaculum"
"294",-0.26,-0.21,0.14,-0.2,3.71,NA,NA,NA,NA,"Acidobacteria","Holophagae","Subgroup 7"
"283",-0.08,0.11,0.14,-0.22,NA,NA,3.61,NA,NA,"Acidobacteria","Holophagae","Subgroup 7"
"768",-0.17,-0.18,0.14,-0.06,3.38,2.64,3.14,"Nitrospira","Nitrospiraceae","Nitrospirota","Nitrospiria","Nitrospirales"
"550",-0.3,-0.29,0.14,-0.22,3.87,3.47,4.41,NA,NA,"Acidobacteria","Vicinamibacteria","Subgroup 17"
"627",-0.26,-0.17,0.14,-0.26,4.39,4.09,4.55,"Rhodoplanes","Xanthobacteraceae","Proteobacteria","Alphaproteobacteria","Rhizobiales"
"1389",-0.04,0.07,0.14,-0.21,2.79,2.63,3.83,NA,"Ktedonobacteraceae","Chloroflexi","Ktedonobacteria","Ktedonobacterales"
"1047",-0.11,0.06,0.14,-0.13,3.82,NA,3.55,"RB41","Pyrinomonadaceae","Acidobacteria","Blastocatellia","Pyrinomonadales"
"1304",-0.27,-0.27,0.14,-0.27,2.95,NA,3.67,"Gaiella","Gaiellaceae","Actinobacteria","Thermoleophilia","Gaiellales"
"510",-0.07,-0.17,0.14,0.03,3.84,4.25,4.08,"Chthoniobacter","Chthoniobacteraceae","Verrucomicrobiota","Verrucomicrobiae","Chthoniobacterales"
"1050",0.01,0.17,0.14,NA,NA,NA,4.07,"RB41","Pyrinomonadaceae","Acidobacteria","Blastocatellia","Pyrinomonadales"
"700",-0.08,0,0.14,-0.12,3.33,3.7,3.48,NA,"Caulobacteraceae","Proteobacteria","Alphaproteobacteria","Caulobacterales"
"519",-0.12,0,0.14,-0.31,5.42,4.72,5.13,"Candidatus Udaeobacter","Chthoniobacteraceae","Verrucomicrobiota","Verrucomicrobiae","Chthoniobacterales"
"156",-0.02,0.08,0.14,-0.04,3.42,3.31,2.5,NA,"Gemmataceae","Planctomycetota","Planctomycetes","Gemmatales"
"311",-0.31,-0.28,0.14,-0.22,4.22,NA,4.5,NA,NA,"Acidobacteria","Holophagae","Subgroup 7"
"1183",-0.28,-0.25,0.14,-0.26,3.76,3.39,3.83,"Candidatus Solibacter","Solibacteraceae","Acidobacteria","Acidobacteriae","Solibacterales"
"1661",-0.26,-0.22,0.14,-0.18,3.05,2.08,3.16,NA,NA,"Chloroflexi","P2-11E",NA
"1035",-0.18,-0.03,0.14,-0.31,3.94,3.11,3.26,"RB41","Pyrinomonadaceae","Acidobacteria","Blastocatellia","Pyrinomonadales"
"1312",-0.04,0.12,0.14,-0.33,3.73,3.8,4.3,NA,NA,"Actinobacteria","Thermoleophilia","Gaiellales"
"298",-0.1,0.04,0.14,-0.33,3.61,3.09,3.56,NA,NA,"Acidobacteria","Holophagae","Subgroup 7"
"670",0.07,0.09,0.14,-0.24,3.22,NA,NA,"Acidiphilium","Acetobacteraceae","Proteobacteria","Alphaproteobacteria","Acetobacterales"
"994",0.15,0.29,0.14,-0.01,NA,NA,2.88,"Roseisolibacter","Gemmatimonadaceae","Gemmatimonadota","Gemmatimonadetes","Gemmatimonadales"
"1243",-0.05,0.09,0.14,-0.31,NA,NA,3.93,NA,NA,"Chloroflexi","AD3",NA
"570",-0.27,-0.22,0.14,-0.25,3.71,3.08,3.33,"Haliangium","Haliangiaceae","Myxococcota","Polyangia","Haliangiales"
"1182",-0.07,0.02,0.14,0.09,NA,NA,3.7,"Candidatus Solibacter","Solibacteraceae","Acidobacteria","Acidobacteriae","Solibacterales"
"469",-0.07,0.02,0.14,-0.1,5.2,4.73,4.88,"Candidatus Udaeobacter","Chthoniobacteraceae","Verrucomicrobiota","Verrucomicrobiae","Chthoniobacterales"
"547",-0.1,0.03,0.14,-0.08,2.93,3.22,2.58,NA,NA,"Acidobacteria","Vicinamibacteria","Subgroup 17"
"1343",-0.04,-0.01,0.14,-0.18,3.73,3.8,3.37,NA,NA,"Actinobacteria","Thermoleophilia","Gaiellales"
"1080",-0.26,-0.2,0.13,-0.29,4.26,3.62,4.12,NA,NA,"Acidobacteria","Vicinamibacteria","Vicinamibacterales"
"504",-0.02,0.09,0.13,-0.15,3.74,NA,3.93,"Candidatus Udaeobacter","Chthoniobacteraceae","Verrucomicrobiota","Verrucomicrobiae","Chthoniobacterales"
"721",0.11,0.26,0.13,0.06,NA,NA,3.52,NA,"Micropepsaceae","Proteobacteria","Alphaproteobacteria","Micropepsales"
"1148",-0.17,-0.15,0.13,-0.25,3.73,3.42,3.62,"Bryobacter","Bryobacteraceae","Acidobacteria","Acidobacteriae","Bryobacterales"
"116",-0.03,0.09,0.13,NA,NA,NA,3.67,"Zavarzinella","Gemmataceae","Planctomycetota","Planctomycetes","Gemmatales"
"252",-0.04,0.09,0.13,-0.08,NA,NA,3.64,NA,"Mitochondria","Proteobacteria","Alphaproteobacteria","Rickettsiales"
"202",-0.2,-0.04,0.13,-0.15,3.87,NA,4.79,"Actinoplanes","Micromonosporaceae","Actinobacteria","Actinobacteria","Micromonosporales"
"1399",-0.12,-0.01,0.13,-0.07,NA,NA,3.66,NA,NA,"Actinobacteria","Thermoleophilia",NA
"459",-0.3,-0.22,0.13,-0.19,3.72,3.26,3.96,"Chthoniobacter","Chthoniobacteraceae","Verrucomicrobiota","Verrucomicrobiae","Chthoniobacterales"
"1617",-0.17,-0.09,0.13,-0.37,5.26,5.01,4.89,NA,NA,"Chloroflexi","KD4-96",NA
"1124",-0.06,0.06,0.13,-0.06,3.69,3.75,4.43,NA,NA,"Acidobacteria","Vicinamibacteria","Vicinamibacterales"
"1434",-0.26,-0.26,0.13,-0.16,3.53,NA,NA,"Xylophilus","Comamonadaceae","Proteobacteria","Gammaproteobacteria","Burkholderiales"
"211",0.07,0.05,0.13,-0.14,4.43,2.91,3.92,"Asanoa","Micromonosporaceae","Actinobacteria","Actinobacteria","Micromonosporales"
"446",-0.2,-0.13,0.13,-0.29,3.88,3.58,3.73,NA,"WD2101 soil group","Planctomycetota","Phycisphaerae","Tepidisphaerales"
"1380",-0.22,-0.15,0.13,-0.35,3.67,3.41,3.4,"HSB OF53-F07","Ktedonobacteraceae","Chloroflexi","Ktedonobacteria","Ktedonobacterales"
"792",-0.01,0.05,0.13,0.01,3.4,NA,3.5,"Granulicella","Acidobacteriaceae (Subgroup 1)","Acidobacteria","Acidobacteriae","Acidobacteriales"
"522",-0.34,-0.29,0.13,-0.19,4.05,NA,3.43,"Candidatus Udaeobacter","Chthoniobacteraceae","Verrucomicrobiota","Verrucomicrobiae","Chthoniobacterales"
"799",0.01,0.08,0.13,-0.13,3.02,3.6,3.54,"Occallatibacter","Acidobacteriaceae (Subgroup 1)","Acidobacteria","Acidobacteriae","Acidobacteriales"
"275",-0.1,NA,0.13,-0.23,NA,NA,4.05,NA,NA,"Cyanobacteria","Cyanobacteriia","Chloroplast"
"695",-0.16,-0.04,0.13,-0.33,4.13,3.47,3.99,"Phenylobacterium","Caulobacteraceae","Proteobacteria","Alphaproteobacteria","Caulobacterales"
"1002",-0.36,-0.36,0.13,-0.28,3.27,NA,4.26,NA,"Gemmatimonadaceae","Gemmatimonadota","Gemmatimonadetes","Gemmatimonadales"
"1288",-0.1,0.01,0.13,-0.29,3.58,3.53,4.19,"Conexibacter","Solirubrobacteraceae","Actinobacteria","Thermoleophilia","Solirubrobacterales"
"468",-0.23,-0.22,0.13,-0.29,5.98,5.45,5.35,"Candidatus Udaeobacter","Chthoniobacteraceae","Verrucomicrobiota","Verrucomicrobiae","Chthoniobacterales"
"105",0.11,0.22,0.13,-0.04,NA,NA,3.84,"Nitrospira","Nitrospiraceae","Nitrospirota","Nitrospiria","Nitrospirales"
"1020",-0.12,-0.15,0.13,-0.14,3.81,NA,NA,"Gemmatimonas","Gemmatimonadaceae","Gemmatimonadota","Gemmatimonadetes","Gemmatimonadales"
"373",-0.24,-0.09,0.13,-0.3,4.12,4.01,4.17,"Gemmatimonas","Gemmatimonadaceae","Gemmatimonadota","Gemmatimonadetes","Gemmatimonadales"
"299",-0.02,0.01,0.13,-0.22,3.92,3.55,4.84,NA,NA,"Acidobacteria","Holophagae","Subgroup 7"
"315",-0.11,-0.06,0.13,0.01,3.01,NA,NA,"Vicinamibacter","Vicinamibacteraceae","Acidobacteria","Vicinamibacteria","Vicinamibacterales"
"512",-0.01,0.11,0.13,0,4.7,4.66,4.18,"Chthoniobacter","Chthoniobacteraceae","Verrucomicrobiota","Verrucomicrobiae","Chthoniobacterales"
"1402",-0.07,0.13,0.13,-0.26,3.76,3.09,3.62,NA,NA,"Actinobacteria","Thermoleophilia",NA
"954",-0.06,-0.02,0.13,-0.19,2.46,2.1,2.28,NA,NA,"Bacteroidota","Bacteroidia","Chitinophagales"
"1204",-0.12,-0.11,0.13,-0.32,3.72,3.8,3.49,NA,"67-14","Actinobacteria","Thermoleophilia","Solirubrobacterales"
"526",-0.22,-0.06,0.13,-0.24,5.33,4.94,4.81,"Candidatus Udaeobacter","Chthoniobacteraceae","Verrucomicrobiota","Verrucomicrobiae","Chthoniobacterales"
"592",-0.02,0.01,0.13,-0.16,3.37,3.14,3.44,NA,"URHD0088","Proteobacteria","Alphaproteobacteria","Elsterales"
"1558",-0.33,-0.28,0.13,-0.02,4.22,NA,NA,"Ellin6067","Nitrosomonadaceae","Proteobacteria","Gammaproteobacteria","Burkholderiales"
"629",-0.1,-0.13,0.13,-0.3,3.78,3.58,NA,NA,"Xanthobacteraceae","Proteobacteria","Alphaproteobacteria","Rhizobiales"
"442",-0.07,0.03,0.12,-0.29,6.09,6.01,6.11,"Candidatus Udaeobacter","Chthoniobacteraceae","Verrucomicrobiota","Verrucomicrobiae","Chthoniobacterales"
"1578",-0.1,-0.04,0.12,-0.2,3.62,3.33,3.73,"MND1","Nitrosomonadaceae","Proteobacteria","Gammaproteobacteria","Burkholderiales"
"217",-0.01,0.11,0.12,-0.18,NA,2.94,3.37,NA,"Micromonosporaceae","Actinobacteria","Actinobacteria","Micromonosporales"
"1118",-0.35,-0.32,0.12,-0.26,3.76,3.78,3.5,NA,NA,"Acidobacteria","Vicinamibacteria","Vicinamibacterales"
"1194",0.03,0.15,0.12,0.2,NA,2.94,3.43,"Stenotrophobacter","Blastocatellaceae","Acidobacteria","Blastocatellia","Blastocatellales"
"478",-0.05,-0.05,0.12,-0.03,3.22,3.09,2.77,"Chthoniobacter","Chthoniobacteraceae","Verrucomicrobiota","Verrucomicrobiae","Chthoniobacterales"
"1593",-0.11,-0.1,0.12,0.18,3.5,3.17,3.61,"Pseudonocardia","Pseudonocardiaceae","Actinobacteria","Actinobacteria","Pseudonocardiales"
"1033",-0.33,-0.35,0.12,-0.25,3.22,2.52,2.91,NA,NA,"Latescibacterota",NA,NA
"4",-0.19,-0.18,0.12,-0.35,3.57,3.74,NA,NA,"Anaerolineaceae","Chloroflexi","Anaerolineae","Anaerolineales"
"1358",0.02,0.07,0.12,-0.12,2.8,2.93,3.64,NA,NA,"Actinobacteria","Thermoleophilia","Gaiellales"
"1172",-0.08,0.03,0.12,-0.16,4.02,3.98,3.95,"Bryobacter","Bryobacteraceae","Acidobacteria","Acidobacteriae","Bryobacterales"
"562",-0.1,0.02,0.12,-0.43,3.27,NA,3.26,"Haliangium","Haliangiaceae","Myxococcota","Polyangia","Haliangiales"
"1042",-0.24,-0.12,0.12,-0.32,3.99,4.3,4.38,"RB41","Pyrinomonadaceae","Acidobacteria","Blastocatellia","Pyrinomonadales"
"387",-0.43,-0.38,0.12,-0.18,4.32,NA,4.25,NA,NA,"Acidobacteria","Acidobacteriae","Acidobacteriales"
"1527",-0.21,-0.07,0.12,-0.11,3.24,2.3,2.93,"MND1","Nitrosomonadaceae","Proteobacteria","Gammaproteobacteria","Burkholderiales"
"945",-0.22,-0.16,0.12,-0.17,3.48,3.81,NA,"Terrimonas","Chitinophagaceae","Bacteroidota","Bacteroidia","Chitinophagales"
"134",-0.19,-0.18,0.12,-0.28,3.27,3.37,3.35,NA,"Isosphaeraceae","Planctomycetota","Planctomycetes","Isosphaerales"
"673",-0.13,-0.04,0.12,-0.24,3.47,2.48,3.43,NA,"Acetobacteraceae","Proteobacteria","Alphaproteobacteria","Acetobacterales"
"1344",-0.13,-0.01,0.12,-0.12,4.06,3.69,3.8,NA,NA,"Actinobacteria","Thermoleophilia","Gaiellales"
"917",-0.01,0.16,0.12,0.09,NA,NA,3.81,"Segetibacter","Chitinophagaceae","Bacteroidota","Bacteroidia","Chitinophagales"
"269",0.1,0.1,0.12,-0.2,3.63,2.91,3.62,NA,"Roseiflexaceae","Chloroflexi","Chloroflexia","Chloroflexales"
"278",0.03,0.08,0.12,-0.09,3.86,3.71,2.4,NA,"WD2101 soil group","Planctomycetota","Phycisphaerae","Tepidisphaerales"
"1315",-0.34,-0.29,0.12,-0.31,3.43,NA,3.22,"Gaiella","Gaiellaceae","Actinobacteria","Thermoleophilia","Gaiellales"
"1346",-0.03,0.09,0.12,-0.18,4.22,4.04,4.5,NA,NA,"Actinobacteria","Thermoleophilia","Gaiellales"
"1324",-0.07,0.03,0.12,-0.31,NA,4.06,3.85,NA,NA,"Actinobacteria","Thermoleophilia","Gaiellales"
"1139",-0.05,0.09,0.12,-0.31,5.79,5.43,5.66,NA,"Gemmatimonadaceae","Gemmatimonadota","Gemmatimonadetes","Gemmatimonadales"
"674",-0.13,-0.41,0.12,-0.01,3.48,3.21,3.93,NA,"Acetobacteraceae","Proteobacteria","Alphaproteobacteria","Acetobacterales"
"295",0.1,0.26,0.12,-0.19,4.44,4.78,5,NA,NA,"Acidobacteria","Holophagae","Subgroup 7"
"334",-0.24,-0.1,0.11,-0.29,3.1,2.31,3.37,NA,"Myxococcaceae","Myxococcota","Myxococcia","Myxococcales"
"30",-0.2,-0.18,0.11,-0.24,3,NA,3.61,NA,NA,"Actinobacteria","MB-A2-108",NA
"490",0.13,0.16,0.11,-0.06,4.26,NA,NA,"Candidatus Udaeobacter","Chthoniobacteraceae","Verrucomicrobiota","Verrucomicrobiae","Chthoniobacterales"
"543",-0.05,0.01,0.11,-0.27,3.87,3.5,4.2,"Chthoniobacter","Chthoniobacteraceae","Verrucomicrobiota","Verrucomicrobiae","Chthoniobacterales"
"326",-0.04,0.03,0.11,-0.2,3.36,3.29,3.48,"Acidibacter","Unknown Family","Proteobacteria","Gammaproteobacteria","Gammaproteobacteria Incertae Sedis"
"263",-0.03,0.03,0.11,-0.22,2.69,2.9,2.95,NA,"Opitutaceae","Verrucomicrobiota","Verrucomicrobiae","Opitutales"
"678",-0.26,-0.28,0.11,-0.1,3.99,3.88,3.85,"Pseudolabrys","Xanthobacteraceae","Proteobacteria","Alphaproteobacteria","Rhizobiales"
"1023",-0.15,0.07,0.11,-0.29,3.92,3.19,3.67,"Gemmatimonas","Gemmatimonadaceae","Gemmatimonadota","Gemmatimonadetes","Gemmatimonadales"
"438",-0.1,-0.03,0.11,-0.13,4.34,3.61,4.42,"Candidatus Udaeobacter","Chthoniobacteraceae","Verrucomicrobiota","Verrucomicrobiae","Chthoniobacterales"
"127",0.07,0.19,0.11,-0.25,NA,NA,2.71,NA,"Gemmataceae","Planctomycetota","Planctomycetes","Gemmatales"
"614",-0.03,0.03,0.11,-0.17,3.93,3.34,3.77,NA,"Xanthobacteraceae","Proteobacteria","Alphaproteobacteria","Rhizobiales"
"912",-0.2,-0.18,0.11,-0.25,4.39,3.97,3.75,"Puia","Chitinophagaceae","Bacteroidota","Bacteroidia","Chitinophagales"
"1197",0.1,0.2,0.11,0.12,3.85,3.79,3.86,NA,"Blastocatellaceae","Acidobacteria","Blastocatellia","Blastocatellales"
"402",-0.19,-0.02,0.11,-0.27,3.36,3.23,3.43,NA,NA,"Acidobacteria","Acidobacteriae","Acidobacteriales"
"1122",-0.2,-0.11,0.11,-0.24,4.49,3.9,4.75,NA,NA,"Acidobacteria","Vicinamibacteria","Vicinamibacterales"
"1570",-0.28,-0.23,0.11,-0.26,4.7,4.54,4.66,NA,"A21b","Proteobacteria","Gammaproteobacteria","Burkholderiales"
"160",-0.21,-0.16,0.11,-0.35,3.57,3.69,3.81,NA,"Gemmataceae","Planctomycetota","Planctomycetes","Gemmatales"
"286",-0.04,0.17,0.11,-0.27,3.45,3.83,3.9,NA,NA,"Acidobacteria","Holophagae","Subgroup 7"
"1308",-0.29,-0.2,0.11,-0.34,4.14,4.09,3.98,NA,NA,"Actinobacteria","Thermoleophilia","Gaiellales"
"559",-0.07,0.08,0.11,-0.09,3.53,3.37,4.26,"Haliangium","Haliangiaceae","Myxococcota","Polyangia","Haliangiales"
"1099",-0.22,-0.04,0.11,-0.42,3.99,3.96,4.27,NA,NA,"Acidobacteria","Vicinamibacteria","Vicinamibacterales"
"1115",-0.08,0.02,0.11,-0.22,3.06,3.14,3.33,NA,NA,"Acidobacteria","Subgroup 5",NA
"992",-0.19,-0.1,0.11,-0.24,4.37,3.87,3.62,NA,"Gemmatimonadaceae","Gemmatimonadota","Gemmatimonadetes","Gemmatimonadales"
"1582",-0.11,0,0.11,-0.21,4.32,4.45,4.57,NA,NA,"Chloroflexi","TK10",NA
"1463",-0.03,0.19,0.11,-0.19,4.06,NA,4.09,"Massilia","Oxalobacteraceae","Proteobacteria","Gammaproteobacteria","Burkholderiales"
"118",0.06,0.16,0.11,-0.17,3.14,3.87,3.87,"Zavarzinella","Gemmataceae","Planctomycetota","Planctomycetes","Gemmatales"
"1424",-0.1,-0.08,0.11,0.12,3.76,3.85,4.14,"Rhizobacter","Comamonadaceae","Proteobacteria","Gammaproteobacteria","Burkholderiales"
"1621",0.01,0.21,0.11,-0.43,3.52,3.61,3.88,NA,NA,"Chloroflexi","KD4-96",NA
"1208",0.08,0.24,0.11,-0.14,NA,NA,3.42,NA,"67-14","Actinobacteria","Thermoleophilia","Solirubrobacterales"
"620",-0.09,0.08,0.11,-0.35,4.02,3.81,3.95,"Rhodoplanes","Xanthobacteraceae","Proteobacteria","Alphaproteobacteria","Rhizobiales"
"227",-0.1,0.02,0.1,-0.4,2.73,2.63,3.05,NA,NA,"Actinobacteria","MB-A2-108",NA
"1539",-0.11,-0.1,0.1,-0.21,3.92,4.42,3.97,"Burkholderia-Caballeronia-Paraburkholderia","Burkholderiaceae","Proteobacteria","Gammaproteobacteria","Burkholderiales"
"1360",0.14,0.28,0.1,-0.14,NA,NA,3.15,NA,NA,"Chloroflexi","TK10",NA
"242",-0.42,-0.4,0.1,-0.31,3.58,3.64,4.08,NA,NA,"Acidobacteria","Acidobacteriae","Subgroup 2"
"1489",0.07,0.15,0.1,-0.14,3.76,3.78,3.87,NA,"Kineosporiaceae","Actinobacteria","Actinobacteria","Kineosporiales"
"1470",-0.11,-0.11,0.1,-0.19,3.54,3.28,3.25,NA,"Solirubrobacteraceae","Actinobacteria","Thermoleophilia","Solirubrobacterales"
"521",-0.04,-0.01,0.1,0.23,3.61,3.19,3.41,"Chthoniobacter","Chthoniobacteraceae","Verrucomicrobiota","Verrucomicrobiae","Chthoniobacterales"
"289",0.05,0.3,0.1,-0.19,NA,NA,3.55,NA,NA,"Acidobacteria","Holophagae","Subgroup 7"
"1240",-0.18,-0.12,0.1,-0.19,4.16,3.92,4.09,NA,NA,"Chloroflexi","AD3",NA
"920",0.03,0.24,0.1,-0.19,3.33,4.04,3.46,"Segetibacter","Chitinophagaceae","Bacteroidota","Bacteroidia","Chitinophagales"
"108",0.09,0.3,0.1,-0.14,3.33,3.31,3.41,NA,"Gemmataceae","Planctomycetota","Planctomycetes","Gemmatales"
"410",-0.29,-0.33,0.1,-0.1,3.15,NA,NA,"Ellin516","Pedosphaeraceae","Verrucomicrobiota","Verrucomicrobiae","Pedosphaerales"
"1189",-0.04,0.06,0.1,0.02,NA,2.77,3.19,"Blastocatella","Blastocatellaceae","Acidobacteria","Blastocatellia","Blastocatellales"
"1544",-0.06,0.02,0.1,-0.33,3.73,2.67,2.79,NA,"SC-I-84","Proteobacteria","Gammaproteobacteria","Burkholderiales"
"1428",0,0.16,0.1,-0.22,4.93,4.74,5.02,"Piscinibacter","Comamonadaceae","Proteobacteria","Gammaproteobacteria","Burkholderiales"
"1056",0.13,0.39,0.1,-0.16,3.92,3.83,4.21,"RB41","Pyrinomonadaceae","Acidobacteria","Blastocatellia","Pyrinomonadales"
"764",-0.15,-0.11,0.1,-0.14,4.45,3.82,4.22,"Rhodanobacter","Rhodanobacteraceae","Proteobacteria","Gammaproteobacteria","Xanthomonadales"
"1603",-0.16,-0.01,0.1,-0.22,3.6,3.9,4.01,"Lapillicoccus","Intrasporangiaceae","Actinobacteria","Actinobacteria","Micrococcales"
"513",-0.15,-0.14,0.1,-0.07,4.32,3.74,4.29,"Candidatus Udaeobacter","Chthoniobacteraceae","Verrucomicrobiota","Verrucomicrobiae","Chthoniobacterales"
"903",0.14,0.3,0.1,0.17,NA,2.89,3.41,"Chitinophaga","Chitinophagaceae","Bacteroidota","Bacteroidia","Chitinophagales"
"1327",-0.05,0.09,0.1,-0.11,5.07,5.03,5.29,"Gaiella","Gaiellaceae","Actinobacteria","Thermoleophilia","Gaiellales"
"405",-0.12,-0.25,0.1,-0.08,3.99,3.64,3.29,NA,NA,NA,NA,NA
"1516",-0.32,-0.25,0.1,-0.35,3.96,3.19,4.03,NA,"A21b","Proteobacteria","Gammaproteobacteria","Burkholderiales"
"780",-0.24,-0.17,0.09,-0.38,4.93,4.84,5.04,NA,NA,"Acidobacteria","Acidobacteriae","Acidobacteriales"
"1264",0.06,0.08,0.09,0.05,2.79,3.22,3.34,NA,"67-14","Actinobacteria","Thermoleophilia","Solirubrobacterales"
"394",-0.1,-0.02,0.09,-0.22,4.04,4.2,4.41,NA,NA,"Acidobacteria","Acidobacteriae","Acidobacteriales"
"49",-0.22,-0.03,0.09,-0.35,3.64,3.86,3.65,NA,"WD2101 soil group","Planctomycetota","Phycisphaerae","Tepidisphaerales"
"1088",-0.06,0.03,0.09,-0.16,4.88,NA,4.63,NA,NA,"Acidobacteria","Vicinamibacteria","Vicinamibacterales"
"1225",-0.23,-0.23,0.09,-0.07,3.97,3.2,3.51,"Streptomyces","Streptomycetaceae","Actinobacteria","Actinobacteria","Streptomycetales"
"382",-0.01,0.1,0.09,-0.07,3.33,3.46,3.59,NA,NA,"Acidobacteria","Acidobacteriae","Acidobacteriales"
"495",-0.25,-0.17,0.09,-0.29,3.74,3.22,3.58,"Candidatus Udaeobacter","Chthoniobacteraceae","Verrucomicrobiota","Verrucomicrobiae","Chthoniobacterales"
"808",0.12,0.27,0.09,0.12,NA,NA,4.11,NA,"KD3-93","Bacteroidota","Bacteroidia","Sphingobacteriales"
"340",-0.19,-0.05,0.09,-0.38,3.85,3.67,4.15,NA,NA,"Acidobacteria","Acidobacteriae","Acidobacteriales"
"133",-0.14,-0.06,0.09,-0.33,3.51,3.96,3.8,"Singulisphaera","Isosphaeraceae","Planctomycetota","Planctomycetes","Isosphaerales"
"902",-0.08,-0.01,0.09,-0.08,3.7,1.95,3.83,"Chitinophaga","Chitinophagaceae","Bacteroidota","Bacteroidia","Chitinophagales"
"159",-0.15,-0.07,0.09,-0.22,3.26,2.62,3.12,NA,"Gemmataceae","Planctomycetota","Planctomycetes","Gemmatales"
"891",-0.22,-0.13,0.09,-0.15,2.83,NA,3.4,"Haliangium","Haliangiaceae","Myxococcota","Polyangia","Haliangiales"
"1156",-0.07,0.01,0.09,-0.04,2.85,2.58,3.16,"Candidatus Solibacter","Solibacteraceae","Acidobacteria","Acidobacteriae","Solibacterales"
"341",-0.2,-0.23,0.09,-0.27,3.64,3.68,3.46,NA,NA,"Acidobacteria","Acidobacteriae","Acidobacteriales"
"130",-0.09,-0.12,0.09,-0.16,3.53,3.49,4.03,"Aquisphaera","Isosphaeraceae","Planctomycetota","Planctomycetes","Isosphaerales"
"147",0.03,0.13,0.09,-0.14,NA,NA,3.85,NA,"Gemmataceae","Planctomycetota","Planctomycetes","Gemmatales"
"1436",-0.36,-0.39,0.09,-0.24,2.83,2.7,2.51,"Undibacterium","Oxalobacteraceae","Proteobacteria","Gammaproteobacteria","Burkholderiales"
"350",-0.16,-0.12,0.09,-0.11,4.52,4.15,4.15,NA,NA,"Proteobacteria","Gammaproteobacteria","WD260"
"345",0.04,0.13,0.09,-0.1,NA,3.22,3.29,"Candidatus Koribacter","Koribacteraceae","Acidobacteria","Acidobacteriae","Acidobacteriales"
"132",0.09,0.09,0.09,-0.01,4.11,3.61,NA,NA,"Isosphaeraceae","Planctomycetota","Planctomycetes","Isosphaerales"
"514",-0.14,-0.04,0.09,-0.26,3.66,3.61,3.76,"Chthoniobacter","Chthoniobacteraceae","Verrucomicrobiota","Verrucomicrobiae","Chthoniobacterales"
"66",-0.02,0.12,0.09,-0.07,3.59,3.13,3.55,"Pajaroellobacter","Polyangiaceae","Myxococcota","Polyangia","Polyangiales"
"279",-0.03,0.15,0.09,-0.12,2.87,2.54,2.96,NA,"WD2101 soil group","Planctomycetota","Phycisphaerae","Tepidisphaerales"
"906",-0.04,0.01,0.09,-0.06,3.73,2.77,3.45,"Sediminibacterium","Chitinophagaceae","Bacteroidota","Bacteroidia","Chitinophagales"
"104",-0.14,-0.28,0.09,-0.15,4,3.66,NA,"Nitrospira","Nitrospiraceae","Nitrospirota","Nitrospiria","Nitrospirales"
"672",0.06,0.03,0.09,0.13,3.1,3.42,3.12,NA,"Acetobacteraceae","Proteobacteria","Alphaproteobacteria","Acetobacterales"
"895",-0.08,0.04,0.09,-0.11,3.27,NA,2.75,"Cellvibrio","Cellvibrionaceae","Proteobacteria","Gammaproteobacteria","Cellvibrionales"
"1251",0.05,0.22,0.08,-0.2,3.96,4.15,4.08,NA,"67-14","Actinobacteria","Thermoleophilia","Solirubrobacterales"
"656",-0.16,-0.08,0.08,-0.26,7.06,6.96,6.94,NA,"Xanthobacteraceae","Proteobacteria","Alphaproteobacteria","Rhizobiales"
"73",-0.11,-0.1,0.08,-0.07,4.43,4.04,4.2,"Aetherobacter","Polyangiaceae","Myxococcota","Polyangia","Polyangiales"
"1337",-0.03,0.18,0.08,-0.12,NA,NA,3.35,NA,NA,"Actinobacteria","Thermoleophilia","Gaiellales"
"497",-0.07,0,0.08,-0.03,3.95,4.13,4.16,"Candidatus Udaeobacter","Chthoniobacteraceae","Verrucomicrobiota","Verrucomicrobiae","Chthoniobacterales"
"755",-0.12,-0.04,0.08,-0.22,3.19,2.48,NA,"Arenimonas","Xanthomonadaceae","Proteobacteria","Gammaproteobacteria","Xanthomonadales"
"922",-0.04,0.04,0.08,-0.21,3.14,NA,3.37,NA,"Chitinophagaceae","Bacteroidota","Bacteroidia","Chitinophagales"
"1082",-0.1,0.06,0.08,-0.18,4.23,4.18,4.65,NA,NA,"Acidobacteria","Vicinamibacteria","Vicinamibacterales"
"149",-0.27,-0.31,0.08,-0.29,3.32,2.7,3.35,NA,"Gemmataceae","Planctomycetota","Planctomycetes","Gemmatales"
"1236",0.11,0.13,0.08,-0.02,3.73,3.84,3.84,NA,NA,"Actinobacteria","Acidimicrobiia","IMCC26256"
"1341",0.02,0.06,0.08,-0.08,3.91,NA,4.02,NA,NA,"Actinobacteria","Thermoleophilia","Gaiellales"
"667",0.12,0.22,0.08,-0.14,4.01,3.9,4.11,NA,"Acetobacteraceae","Proteobacteria","Alphaproteobacteria","Acetobacterales"
"1537",-0.2,-0.16,0.08,-0.32,3.54,3.63,3.53,NA,"SC-I-84","Proteobacteria","Gammaproteobacteria","Burkholderiales"
"388",0,-0.01,0.08,-0.03,2.93,3.56,3.59,NA,NA,"Acidobacteria","Acidobacteriae","Acidobacteriales"
"1227",-0.07,0.15,0.08,-0.3,NA,2.83,3.62,"Actinomadura","Thermomonosporaceae","Actinobacteria","Actinobacteria","Streptosporangiales"
"1237",-0.16,-0.09,0.08,-0.14,3.54,3.81,NA,NA,NA,"Actinobacteria","Acidimicrobiia","IMCC26256"
"433",-0.21,-0.16,0.08,-0.26,4.95,4.65,4.69,"Candidatus Udaeobacter","Chthoniobacteraceae","Verrucomicrobiota","Verrucomicrobiae","Chthoniobacterales"
"488",0.07,0.17,0.08,-0.18,4.9,4.91,4.9,"Candidatus Udaeobacter","Chthoniobacteraceae","Verrucomicrobiota","Verrucomicrobiae","Chthoniobacterales"
"1221",-0.09,-0.02,0.08,0.01,NA,3.81,4.55,"Streptomyces","Streptomycetaceae","Actinobacteria","Actinobacteria","Streptomycetales"
"1545",-0.1,0.01,0.08,-0.3,3.98,3.78,4.15,NA,"SC-I-84","Proteobacteria","Gammaproteobacteria","Burkholderiales"
"1573",-0.17,-0.12,0.08,-0.12,3.73,3.54,3.89,NA,"SC-I-84","Proteobacteria","Gammaproteobacteria","Burkholderiales"
"1083",-0.12,-0.04,0.08,-0.15,5.84,5.45,5.46,NA,NA,"Acidobacteria","Vicinamibacteria","Vicinamibacterales"
"1160",-0.31,-0.25,0.08,-0.33,3.82,4.19,NA,"Candidatus Solibacter","Solibacteraceae","Acidobacteria","Acidobacteriae","Solibacterales"
"166",-0.3,-0.27,0.08,-0.23,3.65,3.4,3.69,NA,"Gemmataceae","Planctomycetota","Planctomycetes","Gemmatales"
"1441",-0.12,0,0.08,-0.16,3.91,3.84,4.07,"Variovorax","Comamonadaceae","Proteobacteria","Gammaproteobacteria","Burkholderiales"
"520",0.06,0.07,0.08,-0.2,NA,NA,NA,"Chthoniobacter","Chthoniobacteraceae","Verrucomicrobiota","Verrucomicrobiae","Chthoniobacterales"
"791",0.02,0.02,0.08,-0.26,3.75,3.54,3.77,"Granulicella","Acidobacteriaceae (Subgroup 1)","Acidobacteria","Acidobacteriae","Acidobacteriales"
"1230",-0.04,0.02,0.08,0.21,3.3,3.56,3.45,"Actinoallomurus","Thermomonosporaceae","Actinobacteria","Actinobacteria","Streptosporangiales"
"1442",-0.03,0.03,0.08,0.09,2.77,2.65,3.12,"Limnobacter","Burkholderiaceae","Proteobacteria","Gammaproteobacteria","Burkholderiales"
"848",-0.07,-0.11,0.08,-0.15,4.69,4.07,3.8,"Hyphomicrobium","Hyphomicrobiaceae","Proteobacteria","Alphaproteobacteria","Rhizobiales"
"793",-0.13,-0.1,0.08,-0.27,3.7,3.82,3.61,"Granulicella","Acidobacteriaceae (Subgroup 1)","Acidobacteria","Acidobacteriae","Acidobacteriales"
"998",0.14,0.29,0.08,-0.14,NA,2.2,3.25,"Gemmatimonas","Gemmatimonadaceae","Gemmatimonadota","Gemmatimonadetes","Gemmatimonadales"
"35",-0.18,-0.14,0.08,-0.2,3.64,3.74,4.27,NA,NA,"Cyanobacteria","Cyanobacteriia","Chloroplast"
"782",-0.19,-0.08,0.07,-0.33,4.69,4.23,4.38,NA,NA,"Acidobacteria","Acidobacteriae","Acidobacteriales"
"1519",-0.06,0.03,0.07,-0.09,4.13,4.02,4.05,NA,"A21b","Proteobacteria","Gammaproteobacteria","Burkholderiales"
"1153",-0.15,-0.09,0.07,-0.23,3.82,3.53,3.46,"Bryobacter","Bryobacteraceae","Acidobacteria","Acidobacteriae","Bryobacterales"
"1141",-0.2,-0.15,0.07,-0.34,5.9,4.8,5.02,NA,"Gemmatimonadaceae","Gemmatimonadota","Gemmatimonadetes","Gemmatimonadales"
"93",0.02,0.19,0.07,-0.25,3.19,3.43,3.58,NA,"WD2101 soil group","Planctomycetota","Phycisphaerae","Tepidisphaerales"
"551",-0.21,-0.16,0.07,-0.14,4.99,3.91,4.47,NA,NA,"Acidobacteria","Vicinamibacteria","Subgroup 17"
"397",-0.36,-0.37,0.07,-0.32,2.97,3.61,2.67,NA,NA,"Acidobacteria","Acidobacteriae","Acidobacteriales"
"554",0.02,0.15,0.07,-0.22,4.02,3.95,4.42,NA,NA,"Acidobacteria","Vicinamibacteria","Vicinamibacterales"
"237",-0.31,-0.29,0.07,-0.14,4.33,NA,NA,NA,NA,"Acidobacteria","Acidobacteriae","Subgroup 2"
"1548",-0.14,-0.03,0.07,-0.24,5.06,4.8,4.82,NA,"A21b","Proteobacteria","Gammaproteobacteria","Burkholderiales"
"1423",-0.2,-0.18,0.07,-0.08,3.41,NA,NA,"Rhizobacter","Comamonadaceae","Proteobacteria","Gammaproteobacteria","Burkholderiales"
"901",-0.02,0.16,0.07,-0.23,3.3,3.09,3.24,"Flavisolibacter","Chitinophagaceae","Bacteroidota","Bacteroidia","Chitinophagales"
"169",-0.08,-0.03,0.07,-0.18,3.81,NA,NA,NA,NA,"Planctomycetota","Planctomycetes","Planctomycetales"
"1602",0.13,0.32,0.07,0.21,2.94,NA,3.45,NA,"Intrasporangiaceae","Actinobacteria","Actinobacteria","Micrococcales"
"142",0.13,0.24,0.07,-0.07,1.39,3.22,2.71,"Gemmata","Gemmataceae","Planctomycetota","Planctomycetes","Gemmatales"
"642",-0.07,-0.12,0.07,0.25,3.96,3.52,4.16,"Psychroglaciecola","Beijerinckiaceae","Proteobacteria","Alphaproteobacteria","Rhizobiales"
"861",0.13,0.25,0.07,0,3.99,3.88,4.33,"Chthonomonas","Chthonomonadaceae","Armatimonadota","Chthonomonadetes","Chthonomonadales"
"1580",-0.21,-0.28,0.07,-0.34,2.83,3.18,3.64,NA,NA,"Chloroflexi","TK10",NA
"745",0.05,0.06,0.07,-0.07,3.3,3.76,3.84,"Methylorosula","Beijerinckiaceae","Proteobacteria","Alphaproteobacteria","Rhizobiales"
"1062",-0.17,-0.13,0.07,-0.2,5.46,4.8,5.07,"RB41","Pyrinomonadaceae","Acidobacteria","Blastocatellia","Pyrinomonadales"
"1382",-0.2,-0.14,0.07,-0.32,4.16,4.02,3.66,"HSB OF53-F07","Ktedonobacteraceae","Chloroflexi","Ktedonobacteria","Ktedonobacterales"
"1355",-0.07,0.05,0.07,-0.24,3.32,3.74,3.57,NA,NA,"Actinobacteria","Acidimicrobiia","IMCC26256"
"1336",0.18,0.34,0.07,0.15,NA,3.64,3.57,NA,NA,"Actinobacteria","Thermoleophilia","Gaiellales"
"1498",0.05,0.2,0.07,-0.04,3.28,3.25,3.65,"Angustibacter","Kineosporiaceae","Actinobacteria","Actinobacteria","Kineosporiales"
"908",0.07,0.24,0.07,-0.18,4.83,4.67,4.96,NA,"Chitinophagaceae","Bacteroidota","Bacteroidia","Chitinophagales"
"347",0.03,0.11,0.07,-0.03,3.05,2.61,3.32,NA,NA,"Proteobacteria","Gammaproteobacteria","R7C24"
"366",0.15,0.21,0.07,-0.2,NA,NA,NA,"Roseisolibacter","Gemmatimonadaceae","Gemmatimonadota","Gemmatimonadetes","Gemmatimonadales"
"696",0.19,0.41,0.07,-0.06,3.33,3.59,3.78,"Belnapia","Acetobacteraceae","Proteobacteria","Alphaproteobacteria","Acetobacterales"
"216",-0.03,0.06,0.07,0.15,3.78,3.69,4.96,"Dactylosporangium","Micromonosporaceae","Actinobacteria","Actinobacteria","Micromonosporales"
"599",0.17,0.23,0.06,0.13,3.53,4.06,4.25,NA,NA,"Proteobacteria","Alphaproteobacteria","Elsterales"
"1211",-0.02,0.07,0.06,-0.12,4.14,4.6,NA,NA,"67-14","Actinobacteria","Thermoleophilia","Solirubrobacterales"
"1132",-0.02,0.05,0.06,-0.25,3.68,3.43,3.86,NA,"Gemmatimonadaceae","Gemmatimonadota","Gemmatimonadetes","Gemmatimonadales"
"418",-0.18,-0.04,0.06,-0.28,3.93,3.72,3.76,NA,"Pedosphaeraceae","Verrucomicrobiota","Verrucomicrobiae","Pedosphaerales"
"761",0.2,0.24,0.06,0.01,3.01,3.39,3.26,"Lysobacter","Xanthomonadaceae","Proteobacteria","Gammaproteobacteria","Xanthomonadales"
"962",-0.12,-0.11,0.06,-0.11,3.44,3.21,3.37,NA,NA,"Bacteroidota","Bacteroidia","Chitinophagales"
"507",-0.04,0.14,0.06,-0.19,4.38,4.2,5,"Candidatus Udaeobacter","Chthoniobacteraceae","Verrucomicrobiota","Verrucomicrobiae","Chthoniobacterales"
"931",-0.08,-0.01,0.06,0.08,3.73,3.88,3.95,"Ferruginibacter","Chitinophagaceae","Bacteroidota","Bacteroidia","Chitinophagales"
"47",-0.25,-0.35,0.06,-0.17,3.45,3.23,3.33,NA,"WD2101 soil group","Planctomycetota","Phycisphaerae","Tepidisphaerales"
"1429",0.09,0.21,0.06,-0.2,3.81,4.04,3.69,"Xylophilus","Comamonadaceae","Proteobacteria","Gammaproteobacteria","Burkholderiales"
"552",0.01,0.2,0.06,-0.2,3.52,3.35,3,NA,NA,"Acidobacteria","Vicinamibacteria","Vicinamibacterales"
"973",-0.06,0.01,0.06,-0.2,4.24,4.11,4.23,"Gemmatimonas","Gemmatimonadaceae","Gemmatimonadota","Gemmatimonadetes","Gemmatimonadales"
"842",-0.02,0.09,0.06,-0.2,3.7,3.6,4.06,"Ellin6055","Sphingomonadaceae","Proteobacteria","Alphaproteobacteria","Sphingomonadales"
"1012",-0.03,0.12,0.06,-0.28,3.39,4.33,3.7,"Gemmatimonas","Gemmatimonadaceae","Gemmatimonadota","Gemmatimonadetes","Gemmatimonadales"
"380",0.06,0.15,0.06,-0.22,3.6,2.89,3.12,"Anaeromyxobacter","Anaeromyxobacteraceae","Myxococcota","Myxococcia","Myxococcales"
"255",0,NA,0.06,0.09,NA,NA,4.2,NA,"Mitochondria","Proteobacteria","Alphaproteobacteria","Rickettsiales"
"256",0.06,0.09,0.06,NA,NA,NA,3.78,NA,"Mitochondria","Proteobacteria","Alphaproteobacteria","Rickettsiales"
"1150",-0.26,-0.15,0.06,-0.4,2.73,2.99,3.19,"Bryobacter","Bryobacteraceae","Acidobacteria","Acidobacteriae","Bryobacterales"
"1268",-0.03,0.06,0.06,-0.18,4.28,4.57,4.49,"Conexibacter","Solirubrobacteraceae","Actinobacteria","Thermoleophilia","Solirubrobacterales"
"1451",-0.19,-0.2,0.06,-0.22,3.88,3.51,4.01,"Collimonas","Oxalobacteraceae","Proteobacteria","Gammaproteobacteria","Burkholderiales"
"603",-0.05,0.04,0.06,-0.26,3.63,3.64,3.68,NA,NA,"Proteobacteria","Alphaproteobacteria","Elsterales"
"395",-0.22,-0.25,0.06,-0.05,4.52,4.39,4.3,NA,NA,"Acidobacteria","Acidobacteriae","Acidobacteriales"
"218",0.04,0.11,0.06,-0.2,NA,NA,3.26,"Luedemannella","Micromonosporaceae","Actinobacteria","Actinobacteria","Micromonosporales"
"1",-0.17,-0.11,0.06,-0.17,2.41,1.99,2.74,NA,"A4b","Chloroflexi","Anaerolineae","SBR1031"
"661",-0.31,-0.37,0.06,-0.34,3.37,3.22,3.13,"Afipia","Xanthobacteraceae","Proteobacteria","Alphaproteobacteria","Rhizobiales"
"1397",-0.01,0.06,0.06,0.06,NA,NA,3.99,"Solirubrobacter","Solirubrobacteraceae","Actinobacteria","Thermoleophilia","Solirubrobacterales"
"196",-0.04,0.14,0.06,-0.27,3.45,3.7,3.95,NA,NA,"Actinobacteria","MB-A2-108",NA
"544",0.04,0.09,0.06,-0.01,3.68,NA,NA,"Chthoniobacter","Chthoniobacteraceae","Verrucomicrobiota","Verrucomicrobiae","Chthoniobacterales"
"1492",-0.09,0.04,0.06,-0.1,4.42,4.26,4.18,"Nakamurella","Nakamurellaceae","Actinobacteria","Actinobacteria","Frankiales"
"1255",0.18,0.31,0.06,0.13,2.97,3.11,3.31,NA,NA,"Actinobacteria","Thermoleophilia","Gaiellales"
"1363",-0.26,-0.31,0.06,-0.28,3.78,3.31,3.52,NA,NA,"Acidobacteria","Acidobacteriae","Subgroup 2"
"913",0.01,0.14,0.06,-0.09,3.14,3.15,3.6,"Flavitalea","Chitinophagaceae","Bacteroidota","Bacteroidia","Chitinophagales"
"439",-0.09,-0.08,0.06,-0.05,3.43,3.32,3.46,"Candidatus Udaeobacter","Chthoniobacteraceae","Verrucomicrobiota","Verrucomicrobiae","Chthoniobacterales"
"84",-0.06,0.04,0.06,-0.23,3.14,3.17,3.39,NA,"WD2101 soil group","Planctomycetota","Phycisphaerae","Tepidisphaerales"
"653",-0.14,-0.05,0.06,-0.3,6.19,6.1,5.94,"Bradyrhizobium","Xanthobacteraceae","Proteobacteria","Alphaproteobacteria","Rhizobiales"
"1039",-0.17,-0.12,0.06,-0.3,4.26,4.31,4.14,"RB41","Pyrinomonadaceae","Acidobacteria","Blastocatellia","Pyrinomonadales"
"2",-0.04,0.03,0.06,-0.12,3.25,2.44,2.77,NA,"A4b","Chloroflexi","Anaerolineae","SBR1031"
"1313",0.16,0.33,0.05,-0.01,3.18,3.74,3.3,"Gaiella","Gaiellaceae","Actinobacteria","Thermoleophilia","Gaiellales"
"27",-0.08,-0.03,0.05,-0.18,4.03,4.07,4.11,NA,NA,"Actinobacteria","Acidimicrobiia","Microtrichales"
"1474",-0.01,0,0.05,-0.11,4.38,4.29,3.89,"Jatrophihabitans","Frankiaceae","Actinobacteria","Actinobacteria","Frankiales"
"1642",-0.32,-0.3,0.05,-0.25,2.74,2.57,2.61,NA,NA,"Chloroflexi","Dehalococcoidia","S085"
"864",-0.09,0.07,0.05,-0.35,4.04,3.83,4.27,"Chthonomonas","Chthonomonadaceae","Armatimonadota","Chthonomonadetes","Chthonomonadales"
"662",-0.07,0.09,0.05,-0.12,NA,NA,3.02,"Rhodopseudomonas","Xanthobacteraceae","Proteobacteria","Alphaproteobacteria","Rhizobiales"
"795",-0.18,-0.08,0.05,-0.36,4.67,4.42,4.12,NA,NA,"Acidobacteria","Acidobacteriae","Acidobacteriales"
"414",-0.2,-0.12,0.05,-0.24,2.64,NA,NA,"ADurb.Bin063-1","Pedosphaeraceae","Verrucomicrobiota","Verrucomicrobiae","Pedosphaerales"
"899",0.14,0.16,0.05,0.11,2.89,3.69,3.04,"Flavisolibacter","Chitinophagaceae","Bacteroidota","Bacteroidia","Chitinophagales"
"770",0.13,0.31,0.05,-0.08,NA,2.96,3.12,"Pirellula","Pirellulaceae","Planctomycetota","Planctomycetes","Pirellulales"
"199",-0.07,0.03,0.05,-0.17,3,3.52,3.53,"Actinoplanes","Micromonosporaceae","Actinobacteria","Actinobacteria","Micromonosporales"
"1561",0.18,0.26,0.05,-0.11,3.37,3.71,3.89,"Ellin6067","Nitrosomonadaceae","Proteobacteria","Gammaproteobacteria","Burkholderiales"
"687",-0.16,-0.07,0.05,-0.17,4.05,3.93,3.96,"Phenylobacterium","Caulobacteraceae","Proteobacteria","Alphaproteobacteria","Caulobacterales"
"663",-0.03,0.05,0.05,-0.16,4.25,3.53,3.64,"Tardiphaga","Xanthobacteraceae","Proteobacteria","Alphaproteobacteria","Rhizobiales"
"6",0.1,0.23,0.05,-0.06,2.48,NA,3.21,NA,"Anaerolineaceae","Chloroflexi","Anaerolineae","Anaerolineales"
"743",-0.15,-0.13,0.05,-0.21,4.61,3.75,3.9,"Allorhizobium-Neorhizobium-Pararhizobium-Rhizobium","Rhizobiaceae","Proteobacteria","Alphaproteobacteria","Rhizobiales"
"1437",-0.02,0.14,0.05,-0.17,3.91,NA,4.02,NA,"Comamonadaceae","Proteobacteria","Gammaproteobacteria","Burkholderiales"
"1220",-0.11,-0.2,0.05,-0.2,3,3.52,3.26,"Streptomyces","Streptomycetaceae","Actinobacteria","Actinobacteria","Streptomycetales"
"475",-0.18,-0.16,0.05,-0.19,4.86,3.79,3.89,"Candidatus Udaeobacter","Chthoniobacteraceae","Verrucomicrobiota","Verrucomicrobiae","Chthoniobacterales"
"477",-0.19,-0.06,0.05,-0.33,4.9,5.16,5.12,"Candidatus Udaeobacter","Chthoniobacteraceae","Verrucomicrobiota","Verrucomicrobiae","Chthoniobacterales"
"249",-0.34,-0.4,0.05,-0.33,3.24,3.66,3.38,NA,NA,"Actinobacteria","MB-A2-108",NA
"28",0.17,0.26,0.05,-0.01,NA,3.33,3.13,"Iamia","Iamiaceae","Actinobacteria","Acidimicrobiia","Microtrichales"
"868",0.23,0.35,0.05,-0.12,2.4,2.83,3.18,"Sphingomonas","Sphingomonadaceae","Proteobacteria","Alphaproteobacteria","Sphingomonadales"
"1248",-0.27,-0.27,0.05,-0.18,2.17,2.96,3.04,NA,NA,"Chloroflexi",NA,NA
"335",0.05,0.12,0.04,0.22,4.37,4.51,NA,"Archangium","Myxococcaceae","Myxococcota","Myxococcia","Myxococcales"
"1195",-0.03,0.05,0.04,-0.12,3.34,3.57,3.06,NA,"Blastocatellaceae","Acidobacteria","Blastocatellia","Blastocatellales"
"1334",-0.06,0.02,0.04,-0.3,4.58,4.41,4.6,NA,NA,"Actinobacteria","Thermoleophilia","Gaiellales"
"201",0,0.02,0.04,-0.17,3.69,NA,3.5,"Micromonospora","Micromonosporaceae","Actinobacteria","Actinobacteria","Micromonosporales"
"131",0.06,0.19,0.04,-0.12,3.97,3.74,3.71,"Singulisphaera","Isosphaeraceae","Planctomycetota","Planctomycetes","Isosphaerales"
"324",-0.07,-0.07,0.04,-0.17,4.84,3.51,4.27,"Pseudomonas","Pseudomonadaceae","Proteobacteria","Gammaproteobacteria","Pseudomonadales"
"701",0.21,0.21,0.04,-0.12,3,2.83,NA,"Bauldia","Rhizobiales Incertae Sedis","Proteobacteria","Alphaproteobacteria","Rhizobiales"
"860",0.03,0.12,0.04,-0.19,3.47,3.72,3.93,"Subgroup 10","Thermoanaerobaculaceae","Acidobacteria","Thermoanaerobaculia","Thermoanaerobaculales"
"292",-0.12,-0.13,0.04,-0.31,3.93,4.09,4.17,NA,NA,"Acidobacteria","Holophagae","Subgroup 7"
"987",0.09,0.16,0.04,-0.22,2.93,NA,2.3,NA,"Gemmatimonadaceae","Gemmatimonadota","Gemmatimonadetes","Gemmatimonadales"
"1393",-0.04,0.03,0.04,-0.07,3.87,3.18,4.23,NA,NA,"Actinobacteria","Thermoleophilia",NA
"910",0.05,0.09,0.04,-0.01,3.88,3.87,3.98,NA,"Chitinophagaceae","Bacteroidota","Bacteroidia","Chitinophagales"
"560",-0.13,0.02,0.04,-0.2,NA,NA,3.4,"Haliangium","Haliangiaceae","Myxococcota","Polyangia","Haliangiales"
"900",-0.01,0.04,0.04,-0.15,3.93,3.85,3.89,"Flavisolibacter","Chitinophagaceae","Bacteroidota","Bacteroidia","Chitinophagales"
"1501",0.15,0.26,0.04,0.09,NA,3,3.77,"Angustibacter","Kineosporiaceae","Actinobacteria","Actinobacteria","Kineosporiales"
"1181",0.1,0.08,0.04,0.05,3.49,4.05,3.35,"Candidatus Solibacter","Solibacteraceae","Acidobacteria","Acidobacteriae","Solibacterales"
"319",-0.27,-0.38,0.04,-0.24,3.64,3.25,NA,NA,NA,"Acidobacteria","Holophagae","Subgroup 7"
"153",0.05,0.24,0.04,-0.19,NA,2.89,3.27,NA,"Gemmataceae","Planctomycetota","Planctomycetes","Gemmatales"
"473",-0.17,-0.13,0.04,-0.25,6.05,5.82,5.59,"Candidatus Udaeobacter","Chthoniobacteraceae","Verrucomicrobiota","Verrucomicrobiae","Chthoniobacterales"
"37",-0.05,-0.06,0.04,-0.22,4.16,4.08,NA,NA,"WD2101 soil group","Planctomycetota","Phycisphaerae","Tepidisphaerales"
"1259",0.04,0.25,0.04,-0.04,3.45,3.04,3.81,NA,"Solirubrobacteraceae","Actinobacteria","Thermoleophilia","Solirubrobacterales"
"1396",0.04,0.17,0.04,-0.41,3.96,4.38,4.24,NA,"67-14","Actinobacteria","Thermoleophilia","Solirubrobacterales"
"1418",0.1,0.28,0.04,0.09,NA,2.98,3.63,"Kribbella","Nocardioidaceae","Actinobacteria","Actinobacteria","Propionibacteriales"
"1053",0.11,0.17,0.04,-0.04,NA,NA,3.43,"RB41","Pyrinomonadaceae","Acidobacteria","Blastocatellia","Pyrinomonadales"
"1471",-0.22,-0.14,0.04,-0.41,4.81,4.82,4.89,NA,"Solirubrobacteraceae","Actinobacteria","Thermoleophilia","Solirubrobacterales"
"802",-0.11,-0.04,0.04,0.1,2.87,2.71,3.19,"Flavobacterium","Flavobacteriaceae","Bacteroidota","Bacteroidia","Flavobacteriales"
"971",-0.06,0.06,0.04,0.04,NA,3.89,4.45,NA,NA,"Bdellovibrionota","Oligoflexia","0319-6G20"
"527",0.08,0.06,0.04,-0.12,3.58,3.83,3.62,"Candidatus Udaeobacter","Chthoniobacteraceae","Verrucomicrobiota","Verrucomicrobiae","Chthoniobacterales"
"40",0,0.02,0.04,-0.12,3.43,3,NA,NA,"WD2101 soil group","Planctomycetota","Phycisphaerae","Tepidisphaerales"
"731",-0.18,-0.26,0.04,0.2,3.8,3.53,NA,NA,"Micropepsaceae","Proteobacteria","Alphaproteobacteria","Micropepsales"
"1279",0.04,0.01,0.04,0.06,NA,NA,NA,NA,"67-14","Actinobacteria","Thermoleophilia","Solirubrobacterales"
"995",0.04,0.07,0.04,0.2,NA,3.5,2.92,"Gemmatimonas","Gemmatimonadaceae","Gemmatimonadota","Gemmatimonadetes","Gemmatimonadales"
"1275",-0.05,0,0.04,0.01,3.47,3.36,3.48,NA,"67-14","Actinobacteria","Thermoleophilia","Solirubrobacterales"
"769",-0.25,-0.17,0.04,-0.31,4.03,3.7,3.71,"Nitrospira","Nitrospiraceae","Nitrospirota","Nitrospiria","Nitrospirales"
"685",-0.09,-0.02,0.04,-0.25,3.74,3.34,3.3,"Caulobacter","Caulobacteraceae","Proteobacteria","Alphaproteobacteria","Caulobacterales"
"267",-0.25,-0.24,0.04,-0.1,3.78,2.4,3.04,NA,NA,"Verrucomicrobiota","Verrucomicrobiae","S-BQ2-57 soil group"
"1512",-0.11,-0.13,0.04,0.22,3.81,3.56,3.09,NA,"TRA3-20","Proteobacteria","Gammaproteobacteria","Burkholderiales"
"1054",0.17,0.3,0.04,-0.1,4.46,4.35,4.9,"RB41","Pyrinomonadaceae","Acidobacteria","Blastocatellia","Pyrinomonadales"
"1253",0.07,0.18,0.04,-0.23,4.68,4.9,5.19,NA,"67-14","Actinobacteria","Thermoleophilia","Solirubrobacterales"
"206",-0.1,-0.11,0.04,-0.13,3.79,3.23,2.88,"Luedemannella","Micromonosporaceae","Actinobacteria","Actinobacteria","Micromonosporales"
"754",0.04,0.07,0.03,-0.18,3,3.24,2.4,NA,"Xanthomonadaceae","Proteobacteria","Gammaproteobacteria","Xanthomonadales"
"1029",-0.14,-0.13,0.03,-0.09,3.13,NA,NA,"Dyadobacter","Spirosomaceae","Bacteroidota","Bacteroidia","Cytophagales"
"710",-0.13,-0.06,0.03,-0.07,3.38,3.04,4.08,"Microvirga","Beijerinckiaceae","Proteobacteria","Alphaproteobacteria","Rhizobiales"
"1180",0.01,0.11,0.03,-0.18,3.5,3.38,3.93,"Candidatus Solibacter","Solibacteraceae","Acidobacteria","Acidobacteriae","Solibacterales"
"630",0.05,0.06,0.03,-0.02,NA,3.99,4.27,NA,"Xanthobacteraceae","Proteobacteria","Alphaproteobacteria","Rhizobiales"
"854",-0.08,-0.02,0.03,0.22,3.26,3.61,3.87,"Subgroup 10","Thermoanaerobaculaceae","Acidobacteria","Thermoanaerobaculia","Thermoanaerobaculales"
"338",-0.1,-0.26,0.03,-0.04,2.83,3.39,3.76,NA,"Myxococcaceae","Myxococcota","Myxococcia","Myxococcales"
"1164",-0.02,0.12,0.03,-0.3,3.76,3.71,3.83,"Candidatus Solibacter","Solibacteraceae","Acidobacteria","Acidobacteriae","Solibacterales"
"609",0.11,0.19,0.03,-0.05,4.01,4.21,4.33,"Acidicaldus","Acetobacteraceae","Proteobacteria","Alphaproteobacteria","Acetobacterales"
"1493",0.11,0.22,0.03,-0.1,2.74,3.64,3.47,"Jatrophihabitans","Frankiaceae","Actinobacteria","Actinobacteria","Frankiales"
"1102",-0.1,-0.04,0.03,-0.2,5.2,4.87,5.28,NA,NA,"Acidobacteria","Vicinamibacteria","Vicinamibacterales"
"1130",0.23,0.39,0.03,-0.2,NA,NA,3.61,NA,"Gemmatimonadaceae","Gemmatimonadota","Gemmatimonadetes","Gemmatimonadales"
"353",0,0.09,0.03,-0.15,2.2,NA,2.56,"Steroidobacter","Steroidobacteraceae","Proteobacteria","Gammaproteobacteria","Steroidobacterales"
"318",-0.23,-0.26,0.03,-0.33,4.37,4.57,4.04,NA,NA,"Acidobacteria","Holophagae","Subgroup 7"
"219",-0.2,-0.02,0.03,-0.16,NA,2.94,3.85,"Dactylosporangium","Micromonosporaceae","Actinobacteria","Actinobacteria","Micromonosporales"
"1413",-0.02,-0.03,0.03,-0.07,3.12,NA,NA,"Mycobacterium","Mycobacteriaceae","Actinobacteria","Actinobacteria","Corynebacteriales"
"1444",0.1,0.15,0.03,0.19,NA,2.94,3.29,"Burkholderia-Caballeronia-Paraburkholderia","Burkholderiaceae","Proteobacteria","Gammaproteobacteria","Burkholderiales"
"884",-0.04,0.11,0.03,-0.11,NA,NA,3.87,"Sphingomonas","Sphingomonadaceae","Proteobacteria","Alphaproteobacteria","Sphingomonadales"
"1084",-0.21,-0.2,0.03,-0.15,4.87,4.57,4.68,NA,NA,"Acidobacteria","Vicinamibacteria","Vicinamibacterales"
"1529",-0.04,0.19,0.03,-0.14,NA,NA,3.57,"Rhodoferax","Comamonadaceae","Proteobacteria","Gammaproteobacteria","Burkholderiales"
"486",0.08,0.15,0.03,-0.15,4.22,4.34,4.05,"Candidatus Udaeobacter","Chthoniobacteraceae","Verrucomicrobiota","Verrucomicrobiae","Chthoniobacterales"
"1616",0.1,0.28,0.03,-0.11,4.12,3.66,4.46,"Amycolatopsis","Pseudonocardiaceae","Actinobacteria","Actinobacteria","Pseudonocardiales"
"705",0.17,0.27,0.03,-0.02,3.97,4.06,4.26,NA,"Beijerinckiaceae","Proteobacteria","Alphaproteobacteria","Rhizobiales"
"840",-0.03,0.04,0.03,-0.07,3.09,NA,NA,"Novosphingobium","Sphingomonadaceae","Proteobacteria","Alphaproteobacteria","Sphingomonadales"
"1386",-0.14,0.06,0.03,-0.36,3.61,4.09,4.13,NA,NA,"Actinobacteria","Acidimicrobiia",NA
"734",0.05,0.24,0.03,-0.29,2.94,3.09,3.43,NA,"Micropepsaceae","Proteobacteria","Alphaproteobacteria","Micropepsales"
"613",-0.06,0.03,0.02,-0.25,4.67,4.6,4.65,"Rhodoplanes","Xanthobacteraceae","Proteobacteria","Alphaproteobacteria","Rhizobiales"
"589",-0.01,0.04,0.02,0.06,3.87,3.26,3.76,"Hyphomicrobium","Hyphomicrobiaceae","Proteobacteria","Alphaproteobacteria","Rhizobiales"
"1412",0.01,0.05,0.02,-0.12,3.79,3.86,3.43,NA,NA,"Patescibacteria","Saccharimonadia","Saccharimonadales"
"1610",0.04,0.12,0.02,-0.05,2.98,3.49,3.25,"Marmoricola","Nocardioidaceae","Actinobacteria","Actinobacteria","Propionibacteriales"
"517",-0.09,0,0.02,-0.3,4.83,5.13,4.73,"Candidatus Udaeobacter","Chthoniobacteraceae","Verrucomicrobiota","Verrucomicrobiae","Chthoniobacterales"
"565",-0.32,-0.29,0.02,-0.02,3.26,NA,NA,"Haliangium","Haliangiaceae","Myxococcota","Polyangia","Haliangiales"
"689",-0.05,0.11,0.02,-0.24,3.69,3.4,3.2,"Phenylobacterium","Caulobacteraceae","Proteobacteria","Alphaproteobacteria","Caulobacterales"
"1354",-0.16,-0.2,0.02,-0.05,3.26,3.24,3.1,NA,NA,"Actinobacteria","Acidimicrobiia","IMCC26256"
"568",-0.19,-0.13,0.02,-0.29,3.56,3.36,3.54,"Haliangium","Haliangiaceae","Myxococcota","Polyangia","Haliangiales"
"524",0.09,0.09,0.02,0.05,3.78,3.61,4.55,"Candidatus Udaeobacter","Chthoniobacteraceae","Verrucomicrobiota","Verrucomicrobiae","Chthoniobacterales"
"1244",-0.28,-0.29,0.02,-0.21,5.19,4.91,5.23,NA,NA,"Chloroflexi","AD3",NA
"1321",-0.14,-0.07,0.02,-0.28,3.48,3.57,3,"Gaiella","Gaiellaceae","Actinobacteria","Thermoleophilia","Gaiellales"
"450",0.01,0.07,0.02,-0.21,3.54,3.98,NA,"Chthoniobacter","Chthoniobacteraceae","Verrucomicrobiota","Verrucomicrobiae","Chthoniobacterales"
"858",0.12,0.11,0.02,0.04,3.01,3.59,3.76,"Subgroup 10","Thermoanaerobaculaceae","Acidobacteria","Thermoanaerobaculia","Thermoanaerobaculales"
"358",-0.08,-0.02,0.02,-0.02,3.64,NA,NA,"Acidibacter","Unknown Family","Proteobacteria","Gammaproteobacteria","Gammaproteobacteria Incertae Sedis"
"978",-0.11,-0.04,0.02,-0.03,3.68,3.83,3.47,NA,NA,"Desulfobacterota",NA,NA
"254",0.1,0.13,0.02,NA,NA,NA,4.06,NA,"Mitochondria","Proteobacteria","Alphaproteobacteria","Rickettsiales"
"1218",0.14,0.24,0.02,-0.01,2.48,3.01,3.43,"Paenarthrobacter","Micrococcaceae","Actinobacteria","Actinobacteria","Micrococcales"
"1586",-0.06,0.02,0.02,-0.24,4.65,4.54,4.45,"Mycobacterium","Mycobacteriaceae","Actinobacteria","Actinobacteria","Corynebacteriales"
"1131",0.16,0.29,0.02,-0.13,3.37,3.37,3.37,NA,"Gemmatimonadaceae","Gemmatimonadota","Gemmatimonadetes","Gemmatimonadales"
"870",0.06,0.09,0.02,-0.1,3.88,4.43,4.14,"Sphingomonas","Sphingomonadaceae","Proteobacteria","Alphaproteobacteria","Sphingomonadales"
"766",0,0.1,0.02,-0.06,NA,4.01,3.69,NA,"AKYH767","Bacteroidota","Bacteroidia","Sphingobacteriales"
"1364",-0.16,-0.09,0.02,-0.21,4.08,3.13,3.23,NA,NA,"Acidobacteria","Acidobacteriae","Subgroup 2"
"564",-0.16,-0.02,0.02,-0.33,3.32,2.26,2.79,"Haliangium","Haliangiaceae","Myxococcota","Polyangia","Haliangiales"
"1484",-0.15,-0.34,0.02,0.2,3.96,4.45,NA,"Crossiella","Pseudonocardiaceae","Actinobacteria","Actinobacteria","Pseudonocardiales"
"1353",-0.03,0,0.01,-0.08,3.56,3.71,3.7,NA,NA,"Actinobacteria","Thermoleophilia","Gaiellales"
"1506",0.15,0.2,0.01,0.2,NA,3.91,3.22,"Oryzihumus","Intrasporangiaceae","Actinobacteria","Actinobacteria","Micrococcales"
"1287",-0.05,0.01,0.01,-0.05,3.6,3.58,3.64,"Conexibacter","Solirubrobacteraceae","Actinobacteria","Thermoleophilia","Solirubrobacterales"
"1609",-0.06,0.02,0.01,-0.27,4.28,4.17,NA,"Marmoricola","Nocardioidaceae","Actinobacteria","Actinobacteria","Propionibacteriales"
"964",0.12,0.28,0.01,-0.08,NA,3.14,3.64,"Edaphobaculum","Chitinophagaceae","Bacteroidota","Bacteroidia","Chitinophagales"
"69",-0.06,0.11,0.01,-0.26,3.01,2.82,3.33,NA,"BIrii41","Myxococcota","Polyangia","Polyangiales"
"1234",0.02,0.01,0.01,0.03,3.4,3.04,3.43,"Patulibacter","Solirubrobacteraceae","Actinobacteria","Thermoleophilia","Solirubrobacterales"
"22",-0.15,-0.16,0.01,-0.27,2.79,3.17,3.1,NA,"Ilumatobacteraceae","Actinobacteria","Acidimicrobiia","Microtrichales"
"1066",0.07,0.05,0.01,0.05,3.18,3.59,3.87,"RB41","Pyrinomonadaceae","Acidobacteria","Blastocatellia","Pyrinomonadales"
"556",0.03,0.16,0.01,-0.2,3.47,3.4,3.78,NA,NA,"Acidobacteria","Vicinamibacteria","Vicinamibacterales"
"282",-0.1,-0.05,0.01,-0.16,4.12,3.99,NA,NA,NA,"Acidobacteria","Holophagae","Subgroup 7"
"881",0.05,0,0.01,-0.01,3.76,3.78,4.5,"Sphingomonas","Sphingomonadaceae","Proteobacteria","Alphaproteobacteria","Sphingomonadales"
"1070",-0.24,-0.25,0.01,-0.14,3.4,2.85,4.09,NA,"Vicinamibacteraceae","Acidobacteria","Vicinamibacteria","Vicinamibacterales"
"327",-0.06,0.01,0.01,-0.23,4.59,4.41,4.37,"Acidibacter","Unknown Family","Proteobacteria","Gammaproteobacteria","Gammaproteobacteria Incertae Sedis"
"1611",-0.01,-0.01,0.01,0.13,4.13,4.28,4.03,"Marmoricola","Nocardioidaceae","Actinobacteria","Actinobacteria","Propionibacteriales"
"1034",-0.14,-0.28,0.01,-0.34,3.64,3.7,NA,"RB41","Pyrinomonadaceae","Acidobacteria","Blastocatellia","Pyrinomonadales"
"738",0.02,0.09,0.01,-0.37,3.26,3.85,3.24,NA,"Micropepsaceae","Proteobacteria","Alphaproteobacteria","Micropepsales"
"183",-0.06,0,0.01,-0.24,4.45,4.48,4.39,"Reyranella","Reyranellaceae","Proteobacteria","Alphaproteobacteria","Reyranellales"
"703",0.18,0.28,0.01,-0.21,NA,2.89,3.9,"Methylocella","Beijerinckiaceae","Proteobacteria","Alphaproteobacteria","Rhizobiales"
"144",0.01,0.08,0.01,-0.16,3.12,3.36,2.97,NA,"Gemmataceae","Planctomycetota","Planctomycetes","Gemmatales"
"155",0.06,0.21,0.01,-0.37,3.33,3.37,3.76,NA,"Gemmataceae","Planctomycetota","Planctomycetes","Gemmatales"
"54",-0.34,-0.4,0,-0.17,4.26,NA,NA,NA,NA,"Methylomirabilota","Methylomirabilia","Rokubacteriales"
"314",0.05,0.19,0,0.13,NA,3.14,3.6,NA,NA,"Acidobacteria","Holophagae","Subgroup 7"
"187",-0.15,-0.25,0,-0.13,3.6,3.29,3.09,"Reyranella","Reyranellaceae","Proteobacteria","Alphaproteobacteria","Reyranellales"
"177",-0.14,-0.06,0,-0.06,3.61,2.08,2.94,NA,"env.OPS 17","Bacteroidota","Bacteroidia","Sphingobacteriales"
"1601",-0.02,0,0,0.02,3.47,4.92,4.16,"Umezawaea","Pseudonocardiaceae","Actinobacteria","Actinobacteria","Pseudonocardiales"
"540",0.05,0.13,0,-0.14,3.88,3.74,4.1,NA,"WD2101 soil group","Planctomycetota","Phycisphaerae","Tepidisphaerales"
"651",0.07,0.22,0,-0.26,4.66,5.28,4.72,NA,"Xanthobacteraceae","Proteobacteria","Alphaproteobacteria","Rhizobiales"
"841",0,0.11,0,-0.19,4.31,4.35,4.55,"Ellin6055","Sphingomonadaceae","Proteobacteria","Alphaproteobacteria","Sphingomonadales"
"1515",0,0.1,0,-0.17,NA,3.5,3.8,NA,"TRA3-20","Proteobacteria","Gammaproteobacteria","Burkholderiales"
"712",-0.06,-0.1,0,0.05,3.71,2.91,3.02,"Allorhizobium-Neorhizobium-Pararhizobium-Rhizobium","Rhizobiaceae","Proteobacteria","Alphaproteobacteria","Rhizobiales"
"365",0.05,0.08,0,0.02,4.02,3.8,4.19,"Roseisolibacter","Gemmatimonadaceae","Gemmatimonadota","Gemmatimonadetes","Gemmatimonadales"
"932",0.09,0.15,0,-0.19,3.26,2.71,3.33,"Ferruginibacter","Chitinophagaceae","Bacteroidota","Bacteroidia","Chitinophagales"
"722",0.2,0.25,0,0.12,3.37,3.15,3.59,NA,"Micropepsaceae","Proteobacteria","Alphaproteobacteria","Micropepsales"
"616",0,0.04,0,-0.26,5.45,5.51,5.47,NA,"Xanthobacteraceae","Proteobacteria","Alphaproteobacteria","Rhizobiales"
"481",-0.08,0.07,0,-0.24,3.83,3.14,3.78,"Chthoniobacter","Chthoniobacteraceae","Verrucomicrobiota","Verrucomicrobiae","Chthoniobacterales"
"1166",-0.08,0.01,0,-0.31,3.3,3.18,3.53,"Candidatus Solibacter","Solibacteraceae","Acidobacteria","Acidobacteriae","Solibacterales"
"1655",-0.05,0.11,0,-0.27,3.14,3.37,3.61,NA,NA,"Chloroflexi","KD4-96",NA
"1019",0.09,0.21,0,0.11,NA,2.91,3.48,"Gemmatimonas","Gemmatimonadaceae","Gemmatimonadota","Gemmatimonadetes","Gemmatimonadales"
"574",0.15,0.31,0,-0.06,3.57,3.83,4.43,NA,"Nitrososphaeraceae","Crenarchaeota","Nitrososphaeria","Nitrososphaerales"
"403",-0.17,-0.04,0,-0.12,NA,3.37,3.84,NA,NA,"RCP2-54",NA,NA
"344",0.04,0.01,0,-0.04,2.63,3.21,NA,NA,NA,"Acidobacteria","Acidobacteriae","Acidobacteriales"
"1282",0.07,0.2,0,-0.14,2.46,2.82,3.04,"Parviterribacter","Solirubrobacteraceae","Actinobacteria","Thermoleophilia","Solirubrobacterales"
"288",0.08,0.09,0,0,3.54,3.88,4.23,NA,NA,"Acidobacteria","Holophagae","Subgroup 7"
"697",-0.05,-0.02,0,-0.18,3.79,3.61,4.1,NA,"Acetobacteraceae","Proteobacteria","Alphaproteobacteria","Acetobacterales"
"1060",0.14,0.1,0,0.07,4.28,4.03,NA,"RB41","Pyrinomonadaceae","Acidobacteria","Blastocatellia","Pyrinomonadales"
"1297",0.06,0.1,0,0.03,2.86,3.59,3.28,"Paenibacillus","Paenibacillaceae","Firmicutes","Bacilli","Paenibacillales"
"928",-0.12,-0.02,0,-0.34,3.09,3.09,NA,"Puia","Chitinophagaceae","Bacteroidota","Bacteroidia","Chitinophagales"
"1049",0.03,0.08,0,-0.21,NA,3.87,3.57,"RB41","Pyrinomonadaceae","Acidobacteria","Blastocatellia","Pyrinomonadales"
"708",-0.03,-0.04,0,-0.11,3.58,3.78,3.55,"Microvirga","Beijerinckiaceae","Proteobacteria","Alphaproteobacteria","Rhizobiales"
"869",0.21,0.28,0,-0.03,2.77,NA,2.94,"Sphingomonas","Sphingomonadaceae","Proteobacteria","Alphaproteobacteria","Sphingomonadales"
"1640",0.21,0.27,-0.01,0.17,2.33,2.26,2.41,"Abditibacterium","Abditibacteriaceae","Abditibacteriota","Abditibacteria","Abditibacteriales"
"942",0.22,0.27,-0.01,-0.16,3.04,2.77,NA,"Flavisolibacter","Chitinophagaceae","Bacteroidota","Bacteroidia","Chitinophagales"
"412",0,0.1,-0.01,-0.33,NA,2.48,NA,NA,"Pedosphaeraceae","Verrucomicrobiota","Verrucomicrobiae","Pedosphaerales"
"1095",0.12,0.21,-0.01,-0.08,3.86,3.83,4.25,NA,NA,"Acidobacteria","Vicinamibacteria","Vicinamibacterales"
"607",0.03,-0.13,-0.01,-0.19,3.55,3.47,3.33,NA,NA,"Proteobacteria","Alphaproteobacteria","Elsterales"
"1331",-0.09,-0.22,-0.01,-0.11,3.3,3.67,3.38,"Gaiella","Gaiellaceae","Actinobacteria","Thermoleophilia","Gaiellales"
"1606",0.12,0.3,-0.01,-0.14,4.4,4.56,4.99,"Oryzihumus","Intrasporangiaceae","Actinobacteria","Actinobacteria","Micrococcales"
"1584",0.06,0.2,-0.01,-0.03,3.87,3.88,4.01,"Mycobacterium","Mycobacteriaceae","Actinobacteria","Actinobacteria","Corynebacteriales"
"1005",0.16,0.32,-0.01,-0.11,3.59,3.96,4,"Gemmatimonas","Gemmatimonadaceae","Gemmatimonadota","Gemmatimonadetes","Gemmatimonadales"
"1311",0.02,0.26,-0.01,-0.32,4.52,4.63,4.58,NA,NA,"Actinobacteria","Thermoleophilia","Gaiellales"
"779",0.11,0.19,-0.01,-0.19,3.55,3.44,3.92,NA,NA,"Acidobacteria","Acidobacteriae","Acidobacteriales"
"313",-0.14,-0.12,-0.01,-0.14,2.97,NA,NA,NA,NA,"Acidobacteria","Holophagae","Subgroup 7"
"1446",-0.05,0.03,-0.01,-0.33,3.85,3.79,3.75,NA,"Comamonadaceae","Proteobacteria","Gammaproteobacteria","Burkholderiales"
"844",0.02,0.16,-0.01,0.01,NA,NA,3.58,"Novosphingobium","Sphingomonadaceae","Proteobacteria","Alphaproteobacteria","Sphingomonadales"
"856",0.19,0.24,-0.01,0.2,NA,4.34,3.3,"Subgroup 10","Thermoanaerobaculaceae","Acidobacteria","Thermoanaerobaculia","Thermoanaerobaculales"
"1300",0.12,0.26,-0.01,-0.05,NA,3.28,3.16,NA,"67-14","Actinobacteria","Thermoleophilia","Solirubrobacterales"
"646",0.11,0.21,-0.01,0.11,2.19,3.15,2.74,"Methylobacterium-Methylorubrum","Beijerinckiaceae","Proteobacteria","Alphaproteobacteria","Rhizobiales"
"302",-0.08,0.01,-0.01,-0.14,3.06,2.98,3.33,"Vicinamibacter","Vicinamibacteraceae","Acidobacteria","Vicinamibacteria","Vicinamibacterales"
"871",0.07,0.09,-0.01,-0.11,3.12,3.13,3.16,"Plot4-2H12","Sphingomonadaceae","Proteobacteria","Alphaproteobacteria","Sphingomonadales"
"180",0,0.15,-0.01,-0.21,NA,NA,3.69,NA,"env.OPS 17","Bacteroidota","Bacteroidia","Sphingobacteriales"
"1477",0.16,0.29,-0.01,-0.17,3.83,3.89,4.31,"Jatrophihabitans","Frankiaceae","Actinobacteria","Actinobacteria","Frankiales"
"1517",0.01,0.13,-0.01,-0.23,NA,NA,4.33,NA,"A21b","Proteobacteria","Gammaproteobacteria","Burkholderiales"
"983",0.08,0.28,-0.01,-0.13,3.97,3.55,3.81,NA,"Gemmatimonadaceae","Gemmatimonadota","Gemmatimonadetes","Gemmatimonadales"
"937",0.08,0.18,-0.01,-0.02,3.47,NA,NA,"Ferruginibacter","Chitinophagaceae","Bacteroidota","Bacteroidia","Chitinophagales"
"849",0.27,0.36,-0.01,0.05,NA,NA,3.69,"Subgroup 10","Thermoanaerobaculaceae","Acidobacteria","Thermoanaerobaculia","Thermoanaerobaculales"
"725",-0.05,-0.1,-0.01,0.08,4.14,3.69,4.01,NA,"KF-JG30-B3","Proteobacteria","Alphaproteobacteria","Rhizobiales"
"1459",0.15,0.22,-0.02,-0.06,NA,3.87,NA,"Massilia","Oxalobacteraceae","Proteobacteria","Gammaproteobacteria","Burkholderiales"
"787",0.08,0.14,-0.02,0.17,2.94,3.85,3.36,"Terracidiphilus","Acidobacteriaceae (Subgroup 1)","Acidobacteria","Acidobacteriae","Acidobacteriales"
"1431",0.12,0.26,-0.02,-0.2,3.53,3.76,3.58,NA,"Comamonadaceae","Proteobacteria","Gammaproteobacteria","Burkholderiales"
"1381",-0.22,-0.28,-0.02,-0.19,3.61,3.61,3.56,"HSB OF53-F07","Ktedonobacteraceae","Chloroflexi","Ktedonobacteria","Ktedonobacterales"
"1400",0.01,0.2,-0.02,0.01,2.47,3.26,2.95,NA,"67-14","Actinobacteria","Thermoleophilia","Solirubrobacterales"
"1607",0.18,0.18,-0.02,-0.02,NA,3.73,3.73,"Oryzihumus","Intrasporangiaceae","Actinobacteria","Actinobacteria","Micrococcales"
"236",-0.08,0.01,-0.02,-0.37,4.27,4.28,4.48,NA,NA,"Acidobacteria","Acidobacteriae","Subgroup 2"
"1185",0.1,0.25,-0.02,-0.19,3.71,4.24,4.26,NA,NA,"Actinobacteria","Thermoleophilia","Gaiellales"
"74",0.13,0.22,-0.02,-0.12,3.81,3.33,4.05,"Aetherobacter","Polyangiaceae","Myxococcota","Polyangia","Polyangiales"
"325",0.02,0.11,-0.02,-0.11,NA,4.66,3.1,"Acidibacter","Unknown Family","Proteobacteria","Gammaproteobacteria","Gammaproteobacteria Incertae Sedis"
"921",-0.06,-0.12,-0.02,0.03,2.96,3.08,3.18,NA,"Chitinophagaceae","Bacteroidota","Bacteroidia","Chitinophagales"
"1551",-0.04,0.09,-0.02,-0.22,NA,NA,3.56,NA,"SC-I-84","Proteobacteria","Gammaproteobacteria","Burkholderiales"
"355",-0.04,-0.02,-0.02,-0.34,NA,3.46,NA,"Acidibacter","Unknown Family","Proteobacteria","Gammaproteobacteria","Gammaproteobacteria Incertae Sedis"
"441",-0.04,0,-0.02,-0.21,4.74,4.98,4.64,"Candidatus Udaeobacter","Chthoniobacteraceae","Verrucomicrobiota","Verrucomicrobiae","Chthoniobacterales"
"533",0.14,0.21,-0.02,-0.25,3.99,4,4.17,"Candidatus Xiphinematobacter","Xiphinematobacteraceae","Verrucomicrobiota","Verrucomicrobiae","Chthoniobacterales"
"260",0.13,0.29,-0.02,-0.05,NA,NA,3.46,"Opitutus","Opitutaceae","Verrucomicrobiota","Verrucomicrobiae","Opitutales"
"1467",-0.02,0.03,-0.02,-0.02,2.61,2.43,2.98,NA,"67-14","Actinobacteria","Thermoleophilia","Solirubrobacterales"
"304",-0.13,NA,-0.02,-0.15,NA,NA,3.61,NA,"Vicinamibacteraceae","Acidobacteria","Vicinamibacteria","Vicinamibacterales"
"1350",0.22,0.29,-0.02,0.01,3.38,3.96,3.76,NA,NA,"Actinobacteria","Thermoleophilia","Gaiellales"
"617",-0.14,-0.2,-0.02,-0.21,3.57,3.94,3.86,NA,"Xanthobacteraceae","Proteobacteria","Alphaproteobacteria","Rhizobiales"
"835",-0.06,0.07,-0.02,-0.09,NA,NA,4.56,"Ellin6055","Sphingomonadaceae","Proteobacteria","Alphaproteobacteria","Sphingomonadales"
"485",-0.12,0.03,-0.02,-0.19,4.26,NA,3.6,"Chthoniobacter","Chthoniobacteraceae","Verrucomicrobiota","Verrucomicrobiae","Chthoniobacterales"
"1521",0.22,0.25,-0.02,0.1,2.51,2.87,3.11,NA,"A21b","Proteobacteria","Gammaproteobacteria","Burkholderiales"
"103",0.01,-0.08,-0.02,-0.04,3.47,3.61,4.03,"Nitrospira","Nitrospiraceae","Nitrospirota","Nitrospiria","Nitrospirales"
"823",0.02,0.06,-0.02,-0.08,3.13,3.53,NA,"Mucilaginibacter","Sphingobacteriaceae","Bacteroidota","Bacteroidia","Sphingobacteriales"
"728",0.05,0.15,-0.02,-0.23,4.04,4.17,NA,NA,"Micropepsaceae","Proteobacteria","Alphaproteobacteria","Micropepsales"
"1384",0.08,0.03,-0.03,0.07,2.67,3.38,2.67,NA,NA,"Actinobacteria","Thermoleophilia","Gaiellales"
"164",-0.27,-0.38,-0.03,-0.26,3.25,3.13,2.94,NA,"Pirellulaceae","Planctomycetota","Planctomycetes","Pirellulales"
"1362",-0.15,-0.19,-0.03,-0.18,2.97,2.44,2.3,NA,NA,"Acidobacteria","Acidobacteriae","Subgroup 2"
"140",0.15,0.16,-0.03,0.18,2.71,2.54,2.74,"Fimbriiglobus","Gemmataceae","Planctomycetota","Planctomycetes","Gemmatales"
"484",-0.23,-0.18,-0.03,-0.29,3.26,4.06,3.7,"Candidatus Udaeobacter","Chthoniobacteraceae","Verrucomicrobiota","Verrucomicrobiae","Chthoniobacterales"
"1277",0,0.02,-0.03,-0.09,3.35,3.85,3.44,NA,"67-14","Actinobacteria","Thermoleophilia","Solirubrobacterales"
"1338",-0.12,-0.12,-0.03,-0.14,3.97,3.59,4.02,NA,NA,"Actinobacteria","Thermoleophilia","Gaiellales"
"892",-0.17,-0.11,-0.03,-0.21,3.96,3.8,3.27,"Haliangium","Haliangiaceae","Myxococcota","Polyangia","Haliangiales"
"702",0.19,0.2,-0.03,0.14,NA,3.85,3.78,"Methylorosula","Beijerinckiaceae","Proteobacteria","Alphaproteobacteria","Rhizobiales"
"356",-0.24,-0.32,-0.03,-0.23,3.17,3.64,4.14,"Acidibacter","Unknown Family","Proteobacteria","Gammaproteobacteria","Gammaproteobacteria Incertae Sedis"
"1438",-0.15,-0.07,-0.03,-0.24,3.31,NA,3.47,"Actimicrobium","Oxalobacteraceae","Proteobacteria","Gammaproteobacteria","Burkholderiales"
"1110",0.02,0.17,-0.03,-0.12,2.89,3.22,3.58,NA,NA,"Acidobacteria","Vicinamibacteria","Vicinamibacterales"
"1325",0.07,0.34,-0.03,-0.08,NA,NA,3.75,NA,NA,"Actinobacteria","Thermoleophilia","Gaiellales"
"161",-0.18,-0.1,-0.03,-0.48,3.37,2.47,2.44,NA,"Gemmataceae","Planctomycetota","Planctomycetes","Gemmatales"
"62",0.01,0.03,-0.03,-0.03,3.22,3.28,NA,NA,"Sandaracinaceae","Myxococcota","Polyangia","Polyangiales"
"296",0.06,0.13,-0.03,0,3.75,4.48,4.35,NA,NA,"Acidobacteria","Holophagae","Subgroup 7"
"1045",0.13,0.2,-0.03,-0.06,NA,3.83,4.06,"RB41","Pyrinomonadaceae","Acidobacteria","Blastocatellia","Pyrinomonadales"
"1212",0.17,0.18,-0.03,0.12,3.37,4.03,NA,NA,"67-14","Actinobacteria","Thermoleophilia","Solirubrobacterales"
"466",0.04,0.16,-0.03,-0.26,4.45,4.36,4.32,"Candidatus Udaeobacter","Chthoniobacteraceae","Verrucomicrobiota","Verrucomicrobiae","Chthoniobacterales"
"431",-0.06,0,-0.03,-0.03,3.76,3.76,NA,"Candidatus Udaeobacter","Chthoniobacteraceae","Verrucomicrobiota","Verrucomicrobiae","Chthoniobacterales"
"1541",0.11,0.2,-0.04,-0.03,2.79,2.95,3.19,NA,"SC-I-84","Proteobacteria","Gammaproteobacteria","Burkholderiales"
"1292",0.05,0.01,-0.04,-0.18,3.58,3.73,3.64,NA,"67-14","Actinobacteria","Thermoleophilia","Solirubrobacterales"
"1196",0.12,0.07,-0.04,-0.12,3.76,2.83,NA,"JGI 0001001-H03","Blastocatellaceae","Acidobacteria","Blastocatellia","Blastocatellales"
"1018",0.18,0.15,-0.04,-0.05,NA,3.22,3.58,"Gemmatimonas","Gemmatimonadaceae","Gemmatimonadota","Gemmatimonadetes","Gemmatimonadales"
"336",-0.02,-0.03,-0.04,-0.14,4.13,NA,NA,"Corallococcus","Myxococcaceae","Myxococcota","Myxococcia","Myxococcales"
"739",0.05,0.07,-0.04,-0.07,3.53,3.19,3.32,"Skermanella","Azospirillaceae","Proteobacteria","Alphaproteobacteria","Azospirillales"
"966",-0.03,0.04,-0.04,-0.11,NA,3.64,3.63,"Edaphobaculum","Chitinophagaceae","Bacteroidota","Bacteroidia","Chitinophagales"
"758",0.03,0.1,-0.04,-0.16,3.69,3.19,3.42,"Arenimonas","Xanthomonadaceae","Proteobacteria","Gammaproteobacteria","Xanthomonadales"
"777",0.32,0.39,-0.04,0.03,3.4,3.6,3.86,NA,NA,"Acidobacteria","Acidobacteriae","Acidobacteriales"
"1305",-0.02,-0.04,-0.04,-0.2,3.26,3.73,3.55,NA,NA,"Actinobacteria","Thermoleophilia","Gaiellales"
"855",-0.13,-0.23,-0.04,-0.26,3.74,3.75,4.08,"Subgroup 10","Thermoanaerobaculaceae","Acidobacteria","Thermoanaerobaculia","Thermoanaerobaculales"
"291",-0.07,-0.01,-0.04,-0.23,3.98,4.11,4.12,NA,NA,"Acidobacteria","Holophagae","Subgroup 7"
"744",0.04,0.08,-0.04,-0.06,3.82,3.74,3.68,"Devosia","Devosiaceae","Proteobacteria","Alphaproteobacteria","Rhizobiales"
"699",-0.05,0.12,-0.04,-0.11,2.83,3.11,2.89,NA,"Caulobacteraceae","Proteobacteria","Alphaproteobacteria","Caulobacterales"
"1187",0.13,0.08,-0.04,-0.01,3.8,3.95,NA,NA,NA,"Actinobacteria","Thermoleophilia","Gaiellales"
"918",0.19,0.28,-0.04,-0.16,NA,2.56,NA,"Segetibacter","Chitinophagaceae","Bacteroidota","Bacteroidia","Chitinophagales"
"102",0.06,0.16,-0.04,-0.21,3.27,3.42,3.72,NA,"WD2101 soil group","Planctomycetota","Phycisphaerae","Tepidisphaerales"
"264",-0.08,-0.23,-0.04,-0.17,3.22,3.47,NA,"Opitutus","Opitutaceae","Verrucomicrobiota","Verrucomicrobiae","Opitutales"
"248",0.15,0.08,-0.04,-0.04,3.02,3.09,3.42,NA,NA,"Actinobacteria","MB-A2-108",NA
"230",0.01,0.12,-0.04,-0.2,NA,4.04,4.06,NA,NA,"WPS-2",NA,NA
"1217",-0.05,NA,-0.04,-0.15,NA,3.41,3.26,NA,"Micrococcaceae","Actinobacteria","Actinobacteria","Micrococcales"
"1622",0.08,0,-0.04,-0.02,2.71,2.89,3.21,"Bacillus","Bacillaceae","Firmicutes","Bacilli","Bacillales"
"1472",-0.09,NA,-0.04,-0.27,NA,4.13,3.85,"Conexibacter","Solirubrobacteraceae","Actinobacteria","Thermoleophilia","Solirubrobacterales"
"174",0.13,0.29,-0.04,-0.28,NA,NA,2.6,NA,"env.OPS 17","Bacteroidota","Bacteroidia","Sphingobacteriales"
"448",0.02,0.09,-0.04,-0.12,4.1,3.99,4.23,"Chthoniobacter","Chthoniobacteraceae","Verrucomicrobiota","Verrucomicrobiae","Chthoniobacterales"
"880",0.11,0.24,-0.04,-0.14,3.51,3.87,NA,"Sphingomonas","Sphingomonadaceae","Proteobacteria","Alphaproteobacteria","Sphingomonadales"
"1192",0.14,0.24,-0.04,-0.1,3.28,4.11,3.8,"JGI 0001001-H03","Blastocatellaceae","Acidobacteria","Blastocatellia","Blastocatellales"
"71",-0.07,-0.05,-0.04,-0.1,3.81,3.41,3.36,NA,"BIrii41","Myxococcota","Polyangia","Polyangiales"
"817",0.08,0.09,-0.04,-0.1,4.09,4.34,4.22,"Pedobacter","Sphingobacteriaceae","Bacteroidota","Bacteroidia","Sphingobacteriales"
"692",0.2,0.29,-0.04,-0.17,3.78,4.06,3.93,"Phenylobacterium","Caulobacteraceae","Proteobacteria","Alphaproteobacteria","Caulobacterales"
"1177",0.02,0.08,-0.04,-0.16,NA,NA,3.58,"Candidatus Solibacter","Solibacteraceae","Acidobacteria","Acidobacteriae","Solibacterales"
"1155",0,0.08,-0.04,-0.33,3.26,3.31,3.65,"Candidatus Solibacter","Solibacteraceae","Acidobacteria","Acidobacteriae","Solibacterales"
"195",-0.03,-0.05,-0.04,-0.13,3.56,3.62,3.96,NA,"Mitochondria","Proteobacteria","Alphaproteobacteria","Rickettsiales"
"1421",0.12,0.15,-0.04,0.03,4.32,3.7,3.83,"Aeromicrobium","Nocardioidaceae","Actinobacteria","Actinobacteria","Propionibacteriales"
"157",-0.07,-0.18,-0.04,-0.21,3.74,3.2,NA,NA,"Gemmataceae","Planctomycetota","Planctomycetes","Gemmatales"
"1564",0.05,0.21,-0.05,-0.09,2.89,3.15,3.12,"Nitrosospira","Nitrosomonadaceae","Proteobacteria","Gammaproteobacteria","Burkholderiales"
"86",-0.17,-0.17,-0.05,0.02,3.45,NA,NA,NA,"WD2101 soil group","Planctomycetota","Phycisphaerae","Tepidisphaerales"
"1632",0.12,0.09,-0.05,0.03,3.23,2.92,3,NA,NA,"Chloroflexi","KD4-96",NA
"1072",0.11,0.16,-0.05,-0.01,NA,3.36,3.81,NA,NA,"Acidobacteria","Subgroup 5",NA
"374",0.1,NA,-0.05,0.31,NA,3.51,3.39,"Gemmatimonas","Gemmatimonadaceae","Gemmatimonadota","Gemmatimonadetes","Gemmatimonadales"
"1298",0.15,0.24,-0.05,-0.03,NA,NA,3.5,"Paenibacillus","Paenibacillaceae","Firmicutes","Bacilli","Paenibacillales"
"707",0.17,0.22,-0.05,0.24,4.01,4.22,3.89,"Microvirga","Beijerinckiaceae","Proteobacteria","Alphaproteobacteria","Rhizobiales"
"1481",0.11,0.11,-0.05,0.1,4.18,4.13,4.34,"Modestobacter","Geodermatophilaceae","Actinobacteria","Actinobacteria","Frankiales"
"165",-0.02,0.07,-0.05,-0.24,3.22,2.81,2.8,NA,"Pirellulaceae","Planctomycetota","Planctomycetes","Pirellulales"
"1207",-0.04,0.03,-0.05,-0.08,4.8,3.14,3.89,NA,"67-14","Actinobacteria","Thermoleophilia","Solirubrobacterales"
"1615",0.06,0.14,-0.05,-0.17,3.72,4.1,4.42,"Nocardioides","Nocardioidaceae","Actinobacteria","Actinobacteria","Propionibacteriales"
"435",0.05,0.08,-0.05,-0.07,3.49,3.28,3.26,"Candidatus Udaeobacter","Chthoniobacteraceae","Verrucomicrobiota","Verrucomicrobiae","Chthoniobacterales"
"805",-0.06,-0.13,-0.05,0.1,4.79,3.14,NA,"Flavobacterium","Flavobacteriaceae","Bacteroidota","Bacteroidia","Flavobacteriales"
"783",-0.03,0.03,-0.05,-0.14,3.71,4.06,4.01,NA,NA,"Acidobacteria","Acidobacteriae","Acidobacteriales"
"63",0.09,0.11,-0.05,-0.19,2.71,NA,NA,NA,"Sandaracinaceae","Myxococcota","Polyangia","Polyangiales"
"171",0.01,0.15,-0.05,-0.33,NA,2.24,2.69,NA,NA,"Planctomycetota","Planctomycetes","Planctomycetales"
"1203",-0.02,-0.02,-0.05,-0.1,3.87,3.84,3.39,NA,"67-14","Actinobacteria","Thermoleophilia","Solirubrobacterales"
"5",-0.02,-0.2,-0.05,0.05,3.85,3.15,3.99,NA,"Anaerolineaceae","Chloroflexi","Anaerolineae","Anaerolineales"
"528",-0.1,-0.2,-0.05,-0.17,3.45,3.17,3.19,"Candidatus Udaeobacter","Chthoniobacteraceae","Verrucomicrobiota","Verrucomicrobiae","Chthoniobacterales"
"933",0.13,0.13,-0.05,-0.1,2.97,3.26,3.28,"Ferruginibacter","Chitinophagaceae","Bacteroidota","Bacteroidia","Chitinophagales"
"1085",0.06,0.22,-0.05,-0.14,4.83,4.99,4.87,NA,NA,"Acidobacteria","Vicinamibacteria","Vicinamibacterales"
"735",0.13,0.04,-0.05,-0.02,3.39,3.7,3.4,"Roseiarcus","Beijerinckiaceae","Proteobacteria","Alphaproteobacteria","Rhizobiales"
"297",-0.19,-0.16,-0.06,-0.29,3.57,3.96,4.37,NA,NA,"Acidobacteria","Holophagae","Subgroup 7"
"32",-0.14,-0.07,-0.06,-0.05,3,3.18,NA,NA,NA,"Actinobacteria","Acidimicrobiia","Microtrichales"
"1281",0.12,0.18,-0.06,0.04,3,3.62,3.4,NA,"67-14","Actinobacteria","Thermoleophilia","Solirubrobacterales"
"502",0.01,NA,-0.06,-0.18,NA,3.6,3.91,"Candidatus Udaeobacter","Chthoniobacteraceae","Verrucomicrobiota","Verrucomicrobiae","Chthoniobacterales"
"1659",0.16,0.32,-0.06,0.02,3.47,2.7,3.34,NA,NA,"Chloroflexi","Dehalococcoidia","S085"
"640",0.04,0.03,-0.06,0.01,4.14,NA,NA,"Bosea","Beijerinckiaceae","Proteobacteria","Alphaproteobacteria","Rhizobiales"
"1106",-0.15,0.01,-0.06,-0.18,4.41,4.07,4.3,NA,NA,"Acidobacteria","Vicinamibacteria","Vicinamibacterales"
"168",0.08,0.17,-0.06,-0.23,4.08,3.56,4.02,NA,"Gemmataceae","Planctomycetota","Planctomycetes","Gemmatales"
"946",0.28,0.37,-0.06,-0.22,NA,3.55,3.33,"Segetibacter","Chitinophagaceae","Bacteroidota","Bacteroidia","Chitinophagales"
"1494",0.14,0.2,-0.06,-0.03,3.14,NA,4.16,NA,NA,"Actinobacteria","Actinobacteria","Frankiales"
"178",0.09,0.14,-0.06,-0.18,NA,NA,NA,NA,"env.OPS 17","Bacteroidota","Bacteroidia","Sphingobacteriales"
"143",0.06,0.05,-0.06,-0.3,4.02,3.87,4.06,NA,"Gemmataceae","Planctomycetota","Planctomycetes","Gemmatales"
"445",0.02,0,-0.06,-0.05,3.7,3.66,NA,NA,"Pedosphaeraceae","Verrucomicrobiota","Verrucomicrobiae","Pedosphaerales"
"189",0,-0.05,-0.06,-0.17,2.39,1.39,NA,"Tychonema CCAP 1459-11B","Phormidiaceae","Cyanobacteria","Cyanobacteriia","Cyanobacteriales"
"150",0.06,0.03,-0.06,-0.1,3,2.9,3.4,"Fimbriiglobus","Gemmataceae","Planctomycetota","Planctomycetes","Gemmatales"
"125",0.16,0.21,-0.06,-0.08,3.43,3.04,3,NA,"Gemmataceae","Planctomycetota","Planctomycetes","Gemmatales"
"991",0.22,0.11,-0.06,-0.01,NA,3.35,NA,"Gemmatimonas","Gemmatimonadaceae","Gemmatimonadota","Gemmatimonadetes","Gemmatimonadales"
"825",0.02,-0.09,-0.06,-0.09,3.66,3.89,3.97,"Mucilaginibacter","Sphingobacteriaceae","Bacteroidota","Bacteroidia","Sphingobacteriales"
"1440",0.1,0.22,-0.06,-0.34,4,3.68,3.82,"Caenimonas","Comamonadaceae","Proteobacteria","Gammaproteobacteria","Burkholderiales"
"1330",0.07,0.1,-0.06,-0.26,4.61,4.71,4.37,"Gaiella","Gaiellaceae","Actinobacteria","Thermoleophilia","Gaiellales"
"420",-0.09,-0.03,-0.06,-0.14,3.91,NA,NA,"ADurb.Bin063-1","Pedosphaeraceae","Verrucomicrobiota","Verrucomicrobiae","Pedosphaerales"
"240",0.08,0.17,-0.06,-0.27,NA,3.92,NA,NA,NA,"Acidobacteria","Acidobacteriae","Subgroup 2"
"1081",-0.1,-0.13,-0.06,-0.16,3.81,2.71,NA,NA,NA,"Acidobacteria","Vicinamibacteria","Vicinamibacterales"
"888",0.14,0.23,-0.06,0.08,2.48,3.2,3.44,"Polymorphobacter","Sphingomonadaceae","Proteobacteria","Alphaproteobacteria","Sphingomonadales"
"262",0.14,0.24,-0.06,-0.24,3.11,3.09,NA,"Opitutus","Opitutaceae","Verrucomicrobiota","Verrucomicrobiae","Opitutales"
"16",-0.1,-0.1,-0.06,-0.25,4.59,4.74,4.21,"Acidothermus","Acidothermaceae","Actinobacteria","Actinobacteria","Frankiales"
"815",0.1,0.13,-0.06,-0.09,3.53,2.89,NA,"Mucilaginibacter","Sphingobacteriaceae","Bacteroidota","Bacteroidia","Sphingobacteriales"
"265",-0.19,-0.14,-0.06,-0.21,3.16,2.08,3.3,"Lacunisphaera","Opitutaceae","Verrucomicrobiota","Verrucomicrobiae","Opitutales"
"601",-0.16,-0.18,-0.06,-0.25,3.38,3.56,3.32,NA,NA,"Proteobacteria","Alphaproteobacteria","Elsterales"
"1349",0,-0.06,-0.06,0.08,2.83,3.4,NA,NA,NA,"Actinobacteria","Thermoleophilia","Gaiellales"
"1170",0.27,0.34,-0.06,0.05,NA,3.23,3.73,"Bryobacter","Bryobacteraceae","Acidobacteria","Acidobacteriae","Bryobacterales"
"258",-0.04,0.04,-0.07,-0.08,4.29,3.47,4.22,"Opitutus","Opitutaceae","Verrucomicrobiota","Verrucomicrobiae","Opitutales"
"31",0.18,0.26,-0.07,0.05,3.18,3.43,3.74,NA,NA,"Actinobacteria","Acidimicrobiia","Microtrichales"
"1466",-0.01,0.03,-0.07,-0.07,4.86,4.03,4.48,"Galbitalea","Microbacteriaceae","Actinobacteria","Actinobacteria","Micrococcales"
"67",-0.02,0.04,-0.07,-0.24,NA,3.43,3.22,NA,"BIrii41","Myxococcota","Polyangia","Polyangiales"
"1468",0.03,-0.01,-0.07,0.01,2.46,2.61,3,"Rhodococcus","Nocardiaceae","Actinobacteria","Actinobacteria","Corynebacteriales"
"958",0.18,0.23,-0.07,0.2,NA,3.14,2.87,"Ferruginibacter","Chitinophagaceae","Bacteroidota","Bacteroidia","Chitinophagales"
"1129",0.24,0.33,-0.07,-0.09,NA,3.89,3.84,NA,"Gemmatimonadaceae","Gemmatimonadota","Gemmatimonadetes","Gemmatimonadales"
"816",0.12,0.26,-0.07,0.05,NA,3.33,3.52,"Pedobacter","Sphingobacteriaceae","Bacteroidota","Bacteroidia","Sphingobacteriales"
"200",-0.14,-0.11,-0.07,-0.11,3.3,NA,3.04,"Micromonospora","Micromonosporaceae","Actinobacteria","Actinobacteria","Micromonosporales"
"360",0,-0.06,-0.07,0.04,3.74,3.54,3.9,"Acidibacter","Unknown Family","Proteobacteria","Gammaproteobacteria","Gammaproteobacteria Incertae Sedis"
"879",0.2,0.29,-0.07,-0.05,3.26,4.22,3.66,"Sphingomonas","Sphingomonadaceae","Proteobacteria","Alphaproteobacteria","Sphingomonadales"
"682",0.12,0.16,-0.07,-0.11,NA,NA,NA,NA,"Caulobacteraceae","Proteobacteria","Alphaproteobacteria","Caulobacterales"
"757",0.11,0.21,-0.07,-0.19,2.95,2.96,2.56,NA,"Xanthomonadaceae","Proteobacteria","Gammaproteobacteria","Xanthomonadales"
"982",0.01,0.06,-0.07,-0.22,4.61,4.31,4.63,NA,"Gemmatimonadaceae","Gemmatimonadota","Gemmatimonadetes","Gemmatimonadales"
"804",0.07,0.09,-0.07,0.16,4.23,4.66,3.6,"Flavobacterium","Flavobacteriaceae","Bacteroidota","Bacteroidia","Flavobacteriales"
"1357",0.14,0.37,-0.07,-0.33,3.19,3.45,3.43,"1921-3","Ktedonobacteraceae","Chloroflexi","Ktedonobacteria","Ktedonobacterales"
"948",0.08,0.21,-0.07,-0.2,3.89,4.06,4.26,"Segetibacter","Chitinophagaceae","Bacteroidota","Bacteroidia","Chitinophagales"
"542",-0.09,-0.12,-0.07,-0.05,4.31,3.89,4.28,"Candidatus Udaeobacter","Chthoniobacteraceae","Verrucomicrobiota","Verrucomicrobiae","Chthoniobacterales"
"1458",0.04,0.19,-0.07,-0.15,4.89,4.63,4.89,"Massilia","Oxalobacteraceae","Proteobacteria","Gammaproteobacteria","Burkholderiales"
"1487",0.17,0.28,-0.07,-0.09,3.33,4,3.57,"Modestobacter","Geodermatophilaceae","Actinobacteria","Actinobacteria","Frankiales"
"575",0.11,0.08,-0.07,-0.08,2.56,2.75,3.23,NA,"Nitrososphaeraceae","Crenarchaeota","Nitrososphaeria","Nitrososphaerales"
"750",0,0.05,-0.07,-0.17,4.65,NA,NA,"Haliangium","Haliangiaceae","Myxococcota","Polyangia","Haliangiales"
"1522",0.13,0.28,-0.08,0.06,2.56,3.21,3.25,NA,"A21b","Proteobacteria","Gammaproteobacteria","Burkholderiales"
"1414",0,0.11,-0.08,-0.18,NA,NA,3.64,"Mycobacterium","Mycobacteriaceae","Actinobacteria","Actinobacteria","Corynebacteriales"
"309",-0.01,-0.01,-0.08,-0.21,4.31,3.9,4.05,NA,NA,"Acidobacteria","Holophagae","Subgroup 7"
"897",0.09,0.14,-0.08,-0.03,NA,NA,NA,"Cellvibrio","Cellvibrionaceae","Proteobacteria","Gammaproteobacteria","Cellvibrionales"
"1224",0.14,0.25,-0.08,-0.16,NA,3.34,3.2,"Actinoallomurus","Thermomonosporaceae","Actinobacteria","Actinobacteria","Streptosporangiales"
"965",0.21,0.33,-0.08,-0.11,NA,NA,3.04,"Edaphobaculum","Chitinophagaceae","Bacteroidota","Bacteroidia","Chitinophagales"
"197",0.07,0.12,-0.08,-0.26,4.23,3.67,3.7,NA,NA,"Actinobacteria","MB-A2-108",NA
"1228",-0.01,0.12,-0.08,-0.35,1.79,3.18,3.49,"Acidothermus","Acidothermaceae","Actinobacteria","Actinobacteria","Frankiales"
"1026",0.13,0.21,-0.08,0.19,NA,3.3,4.04,"Gemmatimonas","Gemmatimonadaceae","Gemmatimonadota","Gemmatimonadetes","Gemmatimonadales"
"753",0,0.01,-0.08,-0.2,3.63,3.85,3.78,"Dokdonella","Rhodanobacteraceae","Proteobacteria","Gammaproteobacteria","Xanthomonadales"
"516",0.11,0.27,-0.08,-0.24,4.34,4.2,4.07,"Candidatus Udaeobacter","Chthoniobacteraceae","Verrucomicrobiota","Verrucomicrobiae","Chthoniobacterales"
"1200",0.09,0.13,-0.08,-0.08,3.71,3.16,3.29,"Stenotrophobacter","Blastocatellaceae","Acidobacteria","Blastocatellia","Blastocatellales"
"1469",0.08,0.24,-0.08,-0.06,NA,3.81,4.11,NA,"Solirubrobacteraceae","Actinobacteria","Thermoleophilia","Solirubrobacterales"
"148",0.15,0.24,-0.08,-0.15,3.26,3.21,3.76,NA,"Gemmataceae","Planctomycetota","Planctomycetes","Gemmatales"
"827",0.13,0.1,-0.08,0.12,3.05,3.22,3.14,"Mucilaginibacter","Sphingobacteriaceae","Bacteroidota","Bacteroidia","Sphingobacteriales"
"876",0.22,0.21,-0.08,0.21,3.14,4.44,NA,"Sphingomonas","Sphingomonadaceae","Proteobacteria","Alphaproteobacteria","Sphingomonadales"
"172",0.16,0.27,-0.08,-0.06,NA,2.4,4.28,NA,"env.OPS 17","Bacteroidota","Bacteroidia","Sphingobacteriales"
"751",-0.03,0.11,-0.08,0.1,NA,NA,3.53,"Haliangium","Haliangiaceae","Myxococcota","Polyangia","Haliangiales"
"228",0.03,0.03,-0.08,-0.15,2.6,3.37,3.29,NA,NA,"Actinobacteria","MB-A2-108",NA
"636",0.01,-0.13,-0.08,-0.23,4.03,3.32,3.56,NA,"Amb-16S-1323","Proteobacteria","Alphaproteobacteria","Rhizobiales"
"863",0.01,0.01,-0.08,-0.08,3.64,2.5,2.77,"Rhizorhapis","Sphingomonadaceae","Proteobacteria","Alphaproteobacteria","Sphingomonadales"
"179",0.11,0.25,-0.08,-0.11,NA,NA,3.53,NA,"env.OPS 17","Bacteroidota","Bacteroidia","Sphingobacteriales"
"845",0.14,0.22,-0.08,-0.16,NA,3,2.83,"Altererythrobacter","Sphingomonadaceae","Proteobacteria","Alphaproteobacteria","Sphingomonadales"
"857",-0.02,-0.07,-0.08,0.15,2.4,4.03,2.83,"Subgroup 10","Thermoanaerobaculaceae","Acidobacteria","Thermoanaerobaculia","Thermoanaerobaculales"
"26",0.14,0.19,-0.08,-0.25,2.87,2.22,NA,"Iamia","Iamiaceae","Actinobacteria","Acidimicrobiia","Microtrichales"
"1403",0.21,0.21,-0.08,-0.04,NA,3.71,4.17,"Solirubrobacter","Solirubrobacteraceae","Actinobacteria","Thermoleophilia","Solirubrobacterales"
"1133",0.2,0.21,-0.09,0.17,NA,3.47,3,NA,"Gemmatimonadaceae","Gemmatimonadota","Gemmatimonadetes","Gemmatimonadales"
"426",0.07,0.13,-0.09,-0.11,3.04,3.52,4.14,"Candidatus Udaeobacter","Chthoniobacteraceae","Verrucomicrobiota","Verrucomicrobiae","Chthoniobacterales"
"425",0.08,-0.06,-0.09,0,4.33,3.85,NA,"Candidatus Udaeobacter","Chthoniobacteraceae","Verrucomicrobiota","Verrucomicrobiae","Chthoniobacterales"
"821",0.22,0.33,-0.09,-0.04,NA,3.56,3.97,"Mucilaginibacter","Sphingobacteriaceae","Bacteroidota","Bacteroidia","Sphingobacteriales"
"120",0.04,0.15,-0.09,-0.13,3.29,3.66,3.46,NA,"Gemmataceae","Planctomycetota","Planctomycetes","Gemmatales"
"746",-0.03,-0.04,-0.09,0.07,NA,3.81,3.5,"Devosia","Devosiaceae","Proteobacteria","Alphaproteobacteria","Rhizobiales"
"1420",0.1,0.1,-0.09,0.04,NA,3.95,3,"Aeromicrobium","Nocardioidaceae","Actinobacteria","Actinobacteria","Propionibacteriales"
"1623",0.05,0.05,-0.09,0.02,3.37,3.32,3.45,"Psychrobacillus","Planococcaceae","Firmicutes","Bacilli","Bacillales"
"239",0.05,0.22,-0.09,-0.26,NA,3.83,3.4,NA,NA,"Acidobacteria","Acidobacteriae","Subgroup 2"
"587",0.19,0.3,-0.09,-0.14,NA,2.18,2.8,NA,"env.OPS 17","Bacteroidota","Bacteroidia","Sphingobacteriales"
"829",0.17,0.19,-0.09,-0.17,2.43,2.89,2.89,"Sphingomonas","Sphingomonadaceae","Proteobacteria","Alphaproteobacteria","Sphingomonadales"
"765",-0.02,-0.03,-0.09,-0.08,3.2,3.36,3.51,NA,"Rhodanobacteraceae","Proteobacteria","Gammaproteobacteria","Xanthomonadales"
"1291",0.13,0.17,-0.09,0.01,NA,3.87,NA,NA,"67-14","Actinobacteria","Thermoleophilia","Solirubrobacterales"
"691",0.3,0.34,-0.09,-0.22,NA,2.28,NA,"Phenylobacterium","Caulobacteraceae","Proteobacteria","Alphaproteobacteria","Caulobacterales"
"531",0.03,0,-0.09,-0.14,3.91,4.23,3.7,"Candidatus Udaeobacter","Chthoniobacteraceae","Verrucomicrobiota","Verrucomicrobiae","Chthoniobacterales"
"619",-0.03,-0.11,-0.09,-0.13,4.5,4.68,4.62,NA,"Xanthobacteraceae","Proteobacteria","Alphaproteobacteria","Rhizobiales"
"683",0.07,0.1,-0.09,-0.01,2.39,3.56,2.68,"Brevundimonas","Caulobacteraceae","Proteobacteria","Alphaproteobacteria","Caulobacterales"
"1239",-0.03,0.02,-0.09,-0.31,2.75,3.23,3.62,NA,NA,"Chloroflexi","AD3",NA
"1222",0.23,0.32,-0.09,-0.24,4.18,4.04,4.29,"Streptomyces","Streptomycetaceae","Actinobacteria","Actinobacteria","Streptomycetales"
"963",0.13,0.19,-0.09,0.15,NA,2.91,3.51,"Edaphobaculum","Chitinophagaceae","Bacteroidota","Bacteroidia","Chitinophagales"
"1531",-0.29,-0.25,-0.09,-0.13,3.37,NA,NA,"Rhodoferax","Comamonadaceae","Proteobacteria","Gammaproteobacteria","Burkholderiales"
"660",0.17,0.19,-0.09,-0.12,3.58,3.55,4.22,"Tardiphaga","Xanthobacteraceae","Proteobacteria","Alphaproteobacteria","Rhizobiales"
"886",0.06,0.1,-0.1,-0.09,2.82,3.62,3.31,"Polymorphobacter","Sphingomonadaceae","Proteobacteria","Alphaproteobacteria","Sphingomonadales"
"1456",0.16,0.3,-0.1,-0.06,3.89,4.57,3.97,"Massilia","Oxalobacteraceae","Proteobacteria","Gammaproteobacteria","Burkholderiales"
"1266",0.12,0.15,-0.1,-0.16,3.42,3.78,3.66,"Conexibacter","Solirubrobacteraceae","Actinobacteria","Thermoleophilia","Solirubrobacterales"
"36",0.27,0.39,-0.1,0,3.47,3.67,3.69,NA,"WD2101 soil group","Planctomycetota","Phycisphaerae","Tepidisphaerales"
"1532",-0.11,-0.09,-0.1,0.05,3.7,3.4,3.59,"Polaromonas","Comamonadaceae","Proteobacteria","Gammaproteobacteria","Burkholderiales"
"8",-0.01,0.04,-0.1,-0.09,2.64,3.78,NA,NA,"Mitochondria","Proteobacteria","Alphaproteobacteria","Rickettsiales"
"655",0.23,0.33,-0.1,-0.07,NA,4.24,4.75,"Bradyrhizobium","Xanthobacteraceae","Proteobacteria","Alphaproteobacteria","Rhizobiales"
"1241",-0.13,NA,-0.1,-0.22,NA,NA,4.33,NA,NA,"Chloroflexi","AD3",NA
"503",-0.09,-0.04,-0.1,-0.14,4.55,4.71,4.28,"Candidatus Udaeobacter","Chthoniobacteraceae","Verrucomicrobiota","Verrucomicrobiae","Chthoniobacterales"
"940",0.16,0.23,-0.1,-0.18,NA,2.89,NA,"Segetibacter","Chitinophagaceae","Bacteroidota","Bacteroidia","Chitinophagales"
"1401",0.03,0.02,-0.1,-0.03,4.04,4.6,4.3,NA,"67-14","Actinobacteria","Thermoleophilia","Solirubrobacterales"
"1376",-0.16,-0.15,-0.1,-0.26,3.64,3.22,3.2,"HSB OF53-F07","Ktedonobacteraceae","Chloroflexi","Ktedonobacteria","Ktedonobacterales"
"1608",0.3,0.36,-0.1,-0.11,3.02,3.48,3.6,"Terrabacter","Intrasporangiaceae","Actinobacteria","Actinobacteria","Micrococcales"
"1369",0.09,NA,-0.1,0.05,NA,3.44,3.14,NA,NA,"Chloroflexi","AD3",NA
"135",0,NA,-0.1,-0.04,NA,2.48,NA,NA,"Isosphaeraceae","Planctomycetota","Planctomycetes","Isosphaerales"
"873",0.3,0.42,-0.1,-0.09,5.49,6.02,5.87,"Sphingomonas","Sphingomonadaceae","Proteobacteria","Alphaproteobacteria","Sphingomonadales"
"1209",0.05,NA,-0.1,-0.03,NA,3.87,4.19,NA,"67-14","Actinobacteria","Thermoleophilia","Solirubrobacterales"
"1567",0.21,0.23,-0.1,-0.07,NA,3.22,2.57,NA,"SC-I-84","Proteobacteria","Gammaproteobacteria","Burkholderiales"
"419",-0.02,0.08,-0.1,-0.06,3.05,2.89,3,NA,"Pedosphaeraceae","Verrucomicrobiota","Verrucomicrobiae","Pedosphaerales"
"546",0.11,0.18,-0.1,0.06,3.15,2.92,3.23,NA,"Vicinamibacteraceae","Acidobacteria","Vicinamibacteria","Vicinamibacterales"
"417",-0.12,0.01,-0.1,-0.08,NA,NA,4.47,"ADurb.Bin063-1","Pedosphaeraceae","Verrucomicrobiota","Verrucomicrobiae","Pedosphaerales"
"1329",-0.07,-0.08,-0.1,-0.05,4.84,5.32,4.75,"Gaiella","Gaiellaceae","Actinobacteria","Thermoleophilia","Gaiellales"
"209",0.18,0.21,-0.1,-0.06,3.4,3.71,5.03,"Phytohabitans","Micromonosporaceae","Actinobacteria","Actinobacteria","Micromonosporales"
"1388",0.08,0.09,-0.1,-0.22,2.67,2.64,2.95,NA,NA,"Actinobacteria","Acidimicrobiia","IMCC26256"
"974",0.1,0.13,-0.1,-0.15,NA,3.68,3.46,"Gemmatimonas","Gemmatimonadaceae","Gemmatimonadota","Gemmatimonadetes","Gemmatimonadales"
"1633",0.12,0.21,-0.1,-0.21,NA,2.64,3.43,NA,NA,"Chloroflexi","KD4-96",NA
"1430",0.19,0.29,-0.1,-0.01,NA,NA,NA,NA,"Comamonadaceae","Proteobacteria","Gammaproteobacteria","Burkholderiales"
"836",0.29,0.37,-0.11,-0.08,3.99,4.42,4.31,"Ellin6055","Sphingomonadaceae","Proteobacteria","Alphaproteobacteria","Sphingomonadales"
"594",0.11,0.21,-0.11,-0.32,3.56,3.47,2.86,NA,NA,"Acidobacteria","Acidobacteriae","Acidobacteriales"
"411",0.28,0.32,-0.11,-0.11,NA,3.27,3.05,"Ellin516","Pedosphaeraceae","Verrucomicrobiota","Verrucomicrobiae","Pedosphaerales"
"970",0.2,0.11,-0.11,0.21,3.77,4.06,NA,"Chryseobacterium","Weeksellaceae","Bacteroidota","Bacteroidia","Flavobacteriales"
"1482",0.16,0.21,-0.11,-0.12,NA,4.26,NA,NA,NA,"Actinobacteria","Actinobacteria","Frankiales"
"1135",0.18,0.22,-0.11,-0.16,NA,NA,NA,NA,"Gemmatimonadaceae","Gemmatimonadota","Gemmatimonadetes","Gemmatimonadales"
"1574",0.04,0.19,-0.11,-0.16,2.22,NA,2.48,"Uliginosibacterium","Rhodocyclaceae","Proteobacteria","Gammaproteobacteria","Burkholderiales"
"534",0.16,0.16,-0.11,0.2,3.3,3.04,3.1,NA,"WD2101 soil group","Planctomycetota","Phycisphaerae","Tepidisphaerales"
"1510",0.14,0.16,-0.11,-0.19,3.29,3.29,3.34,NA,"TRA3-20","Proteobacteria","Gammaproteobacteria","Burkholderiales"
"936",0.24,0.32,-0.11,-0.04,NA,3.44,2.86,"Flavisolibacter","Chitinophagaceae","Bacteroidota","Bacteroidia","Chitinophagales"
"688",0.2,0.24,-0.11,-0.21,NA,NA,NA,"Phenylobacterium","Caulobacteraceae","Proteobacteria","Alphaproteobacteria","Caulobacterales"
"207",0.27,0.27,-0.11,0.15,NA,3.56,NA,"Actinoplanes","Micromonosporaceae","Actinobacteria","Actinobacteria","Micromonosporales"
"716",0.1,0.2,-0.11,-0.09,4.16,3.98,4.4,"Aminobacter","Rhizobiaceae","Proteobacteria","Alphaproteobacteria","Rhizobiales"
"1250",0.07,NA,-0.11,-0.02,NA,4.28,3.83,NA,"67-14","Actinobacteria","Thermoleophilia","Solirubrobacterales"
"1478",0.31,0.35,-0.11,0.04,NA,3.49,3.83,NA,NA,"Actinobacteria","Actinobacteria","Frankiales"
"496",0.12,0.2,-0.11,-0.2,3.69,4.36,3.64,"Candidatus Udaeobacter","Chthoniobacteraceae","Verrucomicrobiota","Verrucomicrobiae","Chthoniobacterales"
"210",0.14,0.1,-0.11,0.14,2.64,3.33,NA,"Actinoplanes","Micromonosporaceae","Actinobacteria","Actinobacteria","Micromonosporales"
"364",0.22,0.37,-0.11,-0.34,3.33,4.41,4.16,NA,"Gemmatimonadaceae","Gemmatimonadota","Gemmatimonadetes","Gemmatimonadales"
"1367",0.03,-0.05,-0.12,-0.12,4.36,3.78,NA,NA,NA,"Chloroflexi","AD3",NA
"1348",0.13,0.1,-0.12,0.01,2.78,3.34,3.32,NA,NA,"Actinobacteria","Thermoleophilia","Gaiellales"
"261",0.22,0.28,-0.12,0.01,NA,NA,NA,"Opitutus","Opitutaceae","Verrucomicrobiota","Verrucomicrobiae","Opitutales"
"959",0.06,0.08,-0.12,-0.08,3.76,NA,NA,"Ferruginibacter","Chitinophagaceae","Bacteroidota","Bacteroidia","Chitinophagales"
"810",0.27,0.34,-0.12,-0.21,NA,NA,NA,"Mucilaginibacter","Sphingobacteriaceae","Bacteroidota","Bacteroidia","Sphingobacteriales"
"555",-0.01,-0.03,-0.12,-0.12,4.31,3.43,4.03,NA,NA,"Acidobacteria","Vicinamibacteria","Vicinamibacterales"
"668",0.17,0.13,-0.12,0.14,NA,4.33,4.25,NA,"Acetobacteraceae","Proteobacteria","Alphaproteobacteria","Acetobacterales"
"1184",0.1,0.09,-0.12,-0.25,3.18,3.82,3.7,"Candidatus Solibacter","Solibacteraceae","Acidobacteria","Acidobacteriae","Solibacterales"
"1398",0.12,0.16,-0.12,-0.04,3.32,3.99,3.98,"Solirubrobacter","Solirubrobacteraceae","Actinobacteria","Thermoleophilia","Solirubrobacterales"
"1613",0.15,0.24,-0.12,-0.22,NA,3.61,NA,"Nocardioides","Nocardioidaceae","Actinobacteria","Actinobacteria","Propionibacteriales"
"590",-0.09,-0.13,-0.12,-0.17,4.09,2.56,NA,"Hyphomicrobium","Hyphomicrobiaceae","Proteobacteria","Alphaproteobacteria","Rhizobiales"
"1445",0.21,0.29,-0.12,-0.02,3.56,3.71,3.14,"Sphaerotilus","Comamonadaceae","Proteobacteria","Gammaproteobacteria","Burkholderiales"
"832",0.17,0.24,-0.12,-0.06,NA,3.37,3.97,"Sphingomonas","Sphingomonadaceae","Proteobacteria","Alphaproteobacteria","Sphingomonadales"
"1169",0.2,0.2,-0.12,0.16,NA,4.38,3.62,"Bryobacter","Bryobacteraceae","Acidobacteria","Acidobacteriae","Bryobacterales"
"1432",0.22,0.36,-0.12,-0.18,NA,3.91,3.95,"Ramlibacter","Comamonadaceae","Proteobacteria","Gammaproteobacteria","Burkholderiales"
"885",0.1,0.13,-0.12,0.05,3.78,4.12,4.69,"Sphingomonas","Sphingomonadaceae","Proteobacteria","Alphaproteobacteria","Sphingomonadales"
"727",-0.05,-0.17,-0.12,-0.1,4.77,4.27,5.03,NA,"Micropepsaceae","Proteobacteria","Alphaproteobacteria","Micropepsales"
"1027",0.13,0.16,-0.12,-0.17,NA,4.04,NA,"Gemmatimonas","Gemmatimonadaceae","Gemmatimonadota","Gemmatimonadetes","Gemmatimonadales"
"1229",0.08,0.24,-0.12,-0.02,NA,3.74,3.28,NA,NA,"Actinobacteria","Actinobacteria","Frankiales"
"1453",0.06,0.1,-0.12,0.01,4.82,3.01,3.14,"Duganella","Oxalobacteraceae","Proteobacteria","Gammaproteobacteria","Burkholderiales"
"1433",0.21,0.32,-0.12,-0.11,NA,3.22,3.87,"Ramlibacter","Comamonadaceae","Proteobacteria","Gammaproteobacteria","Burkholderiales"
"1075",0.17,0.24,-0.12,-0.26,NA,3.09,NA,NA,NA,"Acidobacteria","Subgroup 5",NA
"1592",0.17,0.31,-0.12,-0.14,4.16,3.97,4.05,"Pseudonocardia","Pseudonocardiaceae","Actinobacteria","Actinobacteria","Pseudonocardiales"
"1223",0.16,0.23,-0.12,-0.23,NA,3.34,NA,"Streptomyces","Streptomycetaceae","Actinobacteria","Actinobacteria","Streptomycetales"
"834",0.27,0.34,-0.12,0.09,NA,3.69,2.89,"Qipengyuania","Sphingomonadaceae","Proteobacteria","Alphaproteobacteria","Sphingomonadales"
"1359",0.18,0.25,-0.12,-0.22,NA,3.53,NA,NA,NA,"Actinobacteria","Thermoleophilia","Gaiellales"
"1318",-0.02,-0.02,-0.12,-0.24,NA,3.83,NA,NA,NA,"Actinobacteria","Thermoleophilia","Gaiellales"
"386",-0.05,0.01,-0.12,-0.3,3.52,3.29,2.94,NA,NA,"Acidobacteria","Acidobacteriae","Acidobacteriales"
"947",0.16,0.24,-0.12,0.05,3.39,4.17,3.8,"Segetibacter","Chitinophagaceae","Bacteroidota","Bacteroidia","Chitinophagales"
"1595",0.04,0.11,-0.12,0.03,NA,3.18,3.47,"Actinomycetospora","Pseudonocardiaceae","Actinobacteria","Actinobacteria","Pseudonocardiales"
"1625",0.18,0.26,-0.12,0.13,3.81,4.31,4.36,"Paenisporosarcina","Planococcaceae","Firmicutes","Bacilli","Bacillales"
"896",0.11,0.15,-0.12,-0.13,NA,NA,NA,"Cellvibrio","Cellvibrionaceae","Proteobacteria","Gammaproteobacteria","Cellvibrionales"
"1116",-0.06,-0.02,-0.13,-0.14,NA,NA,NA,NA,NA,"Acidobacteria","Subgroup 5",NA
"1485",0.32,0.27,-0.13,0.36,3.83,3.59,4.36,"Blastococcus","Geodermatophilaceae","Actinobacteria","Actinobacteria","Frankiales"
"176",0.2,0.24,-0.13,-0.15,NA,NA,NA,NA,"env.OPS 17","Bacteroidota","Bacteroidia","Sphingobacteriales"
"1457",0.08,0.06,-0.13,0.24,4.5,3.38,NA,"Duganella","Oxalobacteraceae","Proteobacteria","Gammaproteobacteria","Burkholderiales"
"204",0.01,-0.16,-0.13,0.02,4.37,4.58,5.05,NA,"Micromonosporaceae","Actinobacteria","Actinobacteria","Micromonosporales"
"773",0,-0.09,-0.13,0.11,2.64,2.96,2.56,"Pirellula","Pirellulaceae","Planctomycetota","Planctomycetes","Pirellulales"
"1405",0.08,0.07,-0.13,0,4.35,4.55,4.39,"Solirubrobacter","Solirubrobacteraceae","Actinobacteria","Thermoleophilia","Solirubrobacterales"
"1260",0.13,0.07,-0.13,-0.01,4.05,4.42,4.71,"Conexibacter","Solirubrobacteraceae","Actinobacteria","Thermoleophilia","Solirubrobacterales"
"1323",0,0.05,-0.13,-0.15,NA,3.25,3.7,"Gaiella","Gaiellaceae","Actinobacteria","Thermoleophilia","Gaiellales"
"1374",0.08,0.16,-0.13,-0.09,2.56,3.26,4.06,NA,NA,"Actinobacteria","Thermoleophilia","Gaiellales"
"1040",0.09,0.04,-0.13,-0.04,NA,4.17,NA,"RB41","Pyrinomonadaceae","Acidobacteria","Blastocatellia","Pyrinomonadales"
"747",0.08,0.17,-0.13,-0.16,3.33,2.46,3.43,"Devosia","Devosiaceae","Proteobacteria","Alphaproteobacteria","Rhizobiales"
"1407",0.12,0.15,-0.13,-0.13,4.59,5.05,4.6,NA,NA,"Actinobacteria","Thermoleophilia","Gaiellales"
"346",0.18,0.28,-0.13,-0.28,3.56,3.44,3.39,"Candidatus Koribacter","Koribacteraceae","Acidobacteria","Acidobacteriae","Acidobacteriales"
"638",-0.13,-0.04,-0.13,-0.2,4.04,3.93,4.06,NA,"Xanthobacteraceae","Proteobacteria","Alphaproteobacteria","Rhizobiales"
"1041",0,NA,-0.13,-0.22,NA,4.04,NA,"RB41","Pyrinomonadaceae","Acidobacteria","Blastocatellia","Pyrinomonadales"
"98",0.15,0.27,-0.13,-0.07,2.6,2.61,3.19,NA,"WD2101 soil group","Planctomycetota","Phycisphaerae","Tepidisphaerales"
"1525",0.04,0.07,-0.13,-0.2,NA,3.97,NA,NA,"A21b","Proteobacteria","Gammaproteobacteria","Burkholderiales"
"1245",-0.06,-0.12,-0.13,-0.07,4.2,3.47,NA,NA,NA,"Chloroflexi","AD3",NA
"76",0.08,0.11,-0.13,-0.02,NA,NA,NA,NA,"BIrii41","Myxococcota","Polyangia","Polyangiales"
"1464",0.16,0.24,-0.14,-0.08,NA,4.48,4.63,"Galbitalea","Microbacteriaceae","Actinobacteria","Actinobacteria","Micrococcales"
"657",0.21,0.25,-0.14,-0.04,NA,3.07,3.5,"Tardiphaga","Xanthobacteraceae","Proteobacteria","Alphaproteobacteria","Rhizobiales"
"1422",NA,NA,-0.14,-0.08,NA,NA,NA,"Aeromicrobium","Nocardioidaceae","Actinobacteria","Actinobacteria","Propionibacteriales"
"846",0.32,0.31,-0.14,0.08,NA,3.4,2.4,"Altererythrobacter","Sphingomonadaceae","Proteobacteria","Alphaproteobacteria","Sphingomonadales"
"506",0.08,NA,-0.14,-0.25,NA,3.91,NA,"Candidatus Udaeobacter","Chthoniobacteraceae","Verrucomicrobiota","Verrucomicrobiae","Chthoniobacterales"
"46",0.25,0.24,-0.14,-0.17,4.03,4.37,4.2,NA,"WD2101 soil group","Planctomycetota","Phycisphaerae","Tepidisphaerales"
"742",0.03,-0.12,-0.14,0,3.09,3.14,NA,"Phyllobacterium","Rhizobiaceae","Proteobacteria","Alphaproteobacteria","Rhizobiales"
"231",-0.03,-0.04,-0.14,-0.13,2.51,3.04,2.89,NA,NA,"WPS-2",NA,NA
"1373",0.28,0.29,-0.14,-0.12,NA,2.39,2.48,NA,NA,"Armatimonadota","Chthonomonadetes","Chthonomonadales"
"1379",0.02,0.05,-0.14,-0.16,NA,2.97,3.04,"JG30a-KF-32","Ktedonobacteraceae","Chloroflexi","Ktedonobacteria","Ktedonobacterales"
"273",0.15,0.19,-0.14,-0.1,NA,3.76,3.95,NA,NA,"Cyanobacteria","Cyanobacteriia","Chloroplast"
"241",0.02,-0.04,-0.14,-0.22,4.04,4.05,3.64,NA,NA,"Acidobacteria","Acidobacteriae","Subgroup 2"
"109",0.14,0.13,-0.14,-0.07,2.23,2.4,NA,"Zavarzinella","Gemmataceae","Planctomycetota","Planctomycetes","Gemmatales"
"343",0.25,0.25,-0.14,-0.07,NA,3.43,NA,"Candidatus Koribacter","Koribacteraceae","Acidobacteria","Acidobacteriae","Acidobacteriales"
"573",0.16,0.09,-0.14,-0.03,3.21,3.39,3.73,NA,"Nitrososphaeraceae","Crenarchaeota","Nitrososphaeria","Nitrososphaerales"
"80",0.06,0.12,-0.14,-0.02,3.93,3.58,3.91,NA,"BIrii41","Myxococcota","Polyangia","Polyangiales"
"434",0.18,0.22,-0.14,-0.19,4.24,4.72,4.36,"Candidatus Udaeobacter","Chthoniobacteraceae","Verrucomicrobiota","Verrucomicrobiae","Chthoniobacterales"
"1289",0.1,0.17,-0.14,-0.12,3.53,3.74,3.56,"Conexibacter","Solirubrobacteraceae","Actinobacteria","Thermoleophilia","Solirubrobacterales"
"887",0.22,0.23,-0.14,0.29,NA,3.49,3.17,"Polymorphobacter","Sphingomonadaceae","Proteobacteria","Alphaproteobacteria","Sphingomonadales"
"698",0.31,0.34,-0.14,-0.1,NA,3.38,2.48,NA,"Caulobacteraceae","Proteobacteria","Alphaproteobacteria","Caulobacterales"
"494",0.19,0.22,-0.15,-0.01,NA,NA,NA,"Candidatus Udaeobacter","Chthoniobacteraceae","Verrucomicrobiota","Verrucomicrobiae","Chthoniobacterales"
"956",-0.13,NA,-0.15,-0.08,NA,NA,3.04,"Ferruginibacter","Chitinophagaceae","Bacteroidota","Bacteroidia","Chitinophagales"
"14",0.23,0.24,-0.15,-0.22,3.7,4.16,3.96,"Acidothermus","Acidothermaceae","Actinobacteria","Actinobacteria","Frankiales"
"818",0.26,0.35,-0.15,-0.06,NA,3.5,3.78,"Pedobacter","Sphingobacteriaceae","Bacteroidota","Bacteroidia","Sphingobacteriales"
"3",-0.07,-0.04,-0.15,-0.04,NA,NA,NA,NA,"A4b","Chloroflexi","Anaerolineae","SBR1031"
"320",-0.08,0.06,-0.15,-0.33,2.91,3.66,3.81,NA,NA,"Acidobacteria","Holophagae","Subgroup 7"
"951",0.21,0.24,-0.15,-0.03,2.3,3.14,3.24,"Parafilimonas","Chitinophagaceae","Bacteroidota","Bacteroidia","Chitinophagales"
"665",NA,NA,-0.15,-0.02,NA,NA,NA,"Tardiphaga","Xanthobacteraceae","Proteobacteria","Alphaproteobacteria","Rhizobiales"
"491",0.21,NA,-0.15,-0.13,NA,3.97,NA,"Candidatus Udaeobacter","Chthoniobacteraceae","Verrucomicrobiota","Verrucomicrobiae","Chthoniobacterales"
"511",0.09,0.13,-0.15,-0.06,4.52,4.9,4.28,"Chthoniobacter","Chthoniobacteraceae","Verrucomicrobiota","Verrucomicrobiae","Chthoniobacterales"
"462",0.13,0.23,-0.15,-0.11,1.95,NA,2.08,"Prosthecobacter","Verrucomicrobiaceae","Verrucomicrobiota","Verrucomicrobiae","Verrucomicrobiales"
"392",NA,NA,-0.15,-0.24,NA,NA,NA,NA,NA,"Acidobacteria","Acidobacteriae","Acidobacteriales"
"1604",0.18,0.26,-0.15,-0.06,NA,3.4,NA,NA,"Intrasporangiaceae","Actinobacteria","Actinobacteria","Micrococcales"
"1205",0,0,-0.15,-0.05,3.66,3.22,4.38,NA,"67-14","Actinobacteria","Thermoleophilia","Solirubrobacterales"
"404",0.17,0.14,-0.15,0.16,4.22,3.26,3.09,NA,NA,"Myxococcota","bacteriap25",NA
"329",-0.04,-0.16,-0.15,0,3.32,3.55,NA,"Acidibacter","Unknown Family","Proteobacteria","Gammaproteobacteria","Gammaproteobacteria Incertae Sedis"
"60",0.08,0.02,-0.15,0.1,NA,3.37,2.48,NA,"Sandaracinaceae","Myxococcota","Polyangia","Polyangiales"
"831",0.09,0.06,-0.15,-0.12,4,4.29,4.04,"Sphingomonas","Sphingomonadaceae","Proteobacteria","Alphaproteobacteria","Sphingomonadales"
"532",-0.04,-0.09,-0.15,-0.23,4.81,4.98,4.07,"Candidatus Udaeobacter","Chthoniobacteraceae","Verrucomicrobiota","Verrucomicrobiae","Chthoniobacterales"
"1202",0.16,0.18,-0.15,-0.18,3.11,3.48,3.37,NA,NA,"Actinobacteria","Thermoleophilia","Gaiellales"
"1294",0.05,0.05,-0.15,-0.07,3.4,3.98,3.26,NA,NA,"Actinobacteria","Thermoleophilia","Gaiellales"
"677",0.32,0.38,-0.15,0.06,3.47,3.93,4.08,NA,"Xanthobacteraceae","Proteobacteria","Alphaproteobacteria","Rhizobiales"
"1597",0.19,0.26,-0.15,-0.13,NA,3.81,3.5,"Kutzneria","Pseudonocardiaceae","Actinobacteria","Actinobacteria","Pseudonocardiales"
"1552",0.06,0.03,-0.15,-0.01,3.55,3.55,3.56,"Burkholderia-Caballeronia-Paraburkholderia","Burkholderiaceae","Proteobacteria","Gammaproteobacteria","Burkholderiales"
"354",0.16,0.16,-0.16,-0.12,NA,NA,NA,"Acidibacter","Unknown Family","Proteobacteria","Gammaproteobacteria","Gammaproteobacteria Incertae Sedis"
"146",-0.05,-0.07,-0.16,-0.26,4,3.95,4.18,NA,"Gemmataceae","Planctomycetota","Planctomycetes","Gemmatales"
"471",0.16,0.07,-0.16,-0.07,NA,4.37,NA,"Candidatus Udaeobacter","Chthoniobacteraceae","Verrucomicrobiota","Verrucomicrobiae","Chthoniobacterales"
"822",0.27,0.27,-0.16,0.06,3.14,3.94,3.53,"Mucilaginibacter","Sphingobacteriaceae","Bacteroidota","Bacteroidia","Sphingobacteriales"
"957",0.23,0.31,-0.16,-0.23,NA,3.3,NA,"Ferruginibacter","Chitinophagaceae","Bacteroidota","Bacteroidia","Chitinophagales"
"859",0.12,0.11,-0.16,0,NA,3.58,3.23,"Subgroup 10","Thermoanaerobaculaceae","Acidobacteria","Thermoanaerobaculia","Thermoanaerobaculales"
"1011",0.07,0.12,-0.16,-0.23,NA,NA,NA,"Gemmatimonas","Gemmatimonadaceae","Gemmatimonadota","Gemmatimonadetes","Gemmatimonadales"
"78",NA,NA,-0.16,-0.03,NA,NA,NA,NA,"BIrii41","Myxococcota","Polyangia","Polyangiales"
"718",-0.15,-0.21,-0.16,-0.27,3.01,3.51,3.05,NA,"Micropepsaceae","Proteobacteria","Alphaproteobacteria","Micropepsales"
"1377",-0.05,-0.09,-0.16,-0.29,2.91,2.9,NA,"HSB OF53-F07","Ktedonobacteraceae","Chloroflexi","Ktedonobacteria","Ktedonobacterales"
"259",0.14,0.19,-0.16,-0.23,4.17,3.84,4.02,"Opitutus","Opitutaceae","Verrucomicrobiota","Verrucomicrobiae","Opitutales"
"1284",0.17,0.23,-0.16,0.01,NA,3.72,3.9,"Solirubrobacter","Solirubrobacteraceae","Actinobacteria","Thermoleophilia","Solirubrobacterales"
"1175",0.2,0.18,-0.16,0.18,3.14,3.24,3.32,"Bryobacter","Bryobacteraceae","Acidobacteria","Acidobacteriae","Bryobacterales"
"843",0.11,0.15,-0.16,-0.06,3.89,3.08,3.45,"Parablastomonas","Sphingomonadaceae","Proteobacteria","Alphaproteobacteria","Sphingomonadales"
"1295",0.04,0.17,-0.16,-0.18,3.61,3.49,4.25,NA,"67-14","Actinobacteria","Thermoleophilia","Solirubrobacterales"
"875",0.3,0.35,-0.16,-0.17,NA,3.52,3.37,"Sphingomonas","Sphingomonadaceae","Proteobacteria","Alphaproteobacteria","Sphingomonadales"
"1462",0.09,0.08,-0.16,-0.02,4.12,3.5,NA,"Duganella","Oxalobacteraceae","Proteobacteria","Gammaproteobacteria","Burkholderiales"
"396",0.24,0.16,-0.16,0.06,3.76,4.26,4.39,NA,NA,"Acidobacteria","Acidobacteriae","Acidobacteriales"
"44",0.17,0.19,-0.16,0.04,NA,3.92,3.5,NA,"WD2101 soil group","Planctomycetota","Phycisphaerae","Tepidisphaerales"
"1273",0.17,0.03,-0.17,-0.14,3.85,3.8,NA,"Conexibacter","Solirubrobacteraceae","Actinobacteria","Thermoleophilia","Solirubrobacterales"
"1003",0.2,0.27,-0.17,0,3.47,3.32,3.58,"Gemmatimonas","Gemmatimonadaceae","Gemmatimonadota","Gemmatimonadetes","Gemmatimonadales"
"759",0.22,0.29,-0.17,0.03,2.14,2.44,NA,"Lysobacter","Xanthomonadaceae","Proteobacteria","Gammaproteobacteria","Xanthomonadales"
"203",0.16,0.12,-0.17,0.12,3.52,3.67,4.08,"Actinoplanes","Micromonosporaceae","Actinobacteria","Actinobacteria","Micromonosporales"
"1214",0.04,0.04,-0.17,-0.03,NA,3.09,3.47,NA,"Blastocatellaceae","Acidobacteria","Blastocatellia","Blastocatellales"
"1556",0.14,0.24,-0.17,-0.15,NA,3.71,NA,"Georgfuchsia","Rhodocyclaceae","Proteobacteria","Gammaproteobacteria","Burkholderiales"
"1356",0.14,NA,-0.17,-0.02,NA,3.27,NA,NA,NA,"Actinobacteria","Acidimicrobiia","IMCC26256"
"1025",0.27,0.31,-0.17,-0.18,NA,3.95,NA,"Gemmatimonas","Gemmatimonadaceae","Gemmatimonadota","Gemmatimonadetes","Gemmatimonadales"
"898",0.07,0.08,-0.17,-0.13,2.71,3.06,2.4,"Luteibacter","Rhodanobacteraceae","Proteobacteria","Gammaproteobacteria","Xanthomonadales"
"492",0.16,0.21,-0.17,-0.17,5.64,6.42,6.25,"Candidatus Udaeobacter","Chthoniobacteraceae","Verrucomicrobiota","Verrucomicrobiae","Chthoniobacterales"
"690",0.24,0.3,-0.17,0,4.06,3.58,4.29,"Phenylobacterium","Caulobacteraceae","Proteobacteria","Alphaproteobacteria","Caulobacterales"
"806",-0.07,-0.04,-0.17,-0.13,NA,4.01,NA,"Flavobacterium","Flavobacteriaceae","Bacteroidota","Bacteroidia","Flavobacteriales"
"1628",0.19,0.24,-0.17,-0.11,3.56,3.94,3.87,"Lysinibacillus","Planococcaceae","Firmicutes","Bacilli","Bacillales"
"68",0.25,0.24,-0.17,-0.16,3.71,3.36,3.03,"Phaselicystis","Phaselicystidaceae","Myxococcota","Polyangia","Polyangiales"
"1339",0.25,0.26,-0.17,0.03,NA,2.91,3.33,NA,NA,"Actinobacteria","Thermoleophilia","Gaiellales"
"371",0.15,0.19,-0.17,-0.04,NA,2.4,NA,"Gemmatimonas","Gemmatimonadaceae","Gemmatimonadota","Gemmatimonadetes","Gemmatimonadales"
"1454",0.24,0.22,-0.17,0.02,NA,3.41,NA,"Massilia","Oxalobacteraceae","Proteobacteria","Gammaproteobacteria","Burkholderiales"
"332",0.09,NA,-0.18,-0.22,NA,3.56,NA,NA,NA,"RCP2-54",NA,NA
"1090",0.15,NA,-0.18,-0.03,NA,3.56,NA,NA,NA,"Acidobacteria","Vicinamibacteria","Vicinamibacterales"
"452",0.13,0.21,-0.18,-0.21,NA,3.43,3.3,"Chthoniobacter","Chthoniobacteraceae","Verrucomicrobiota","Verrucomicrobiae","Chthoniobacterales"
"694",0.28,0.33,-0.18,-0.05,NA,2.89,NA,NA,"Caulobacteraceae","Proteobacteria","Alphaproteobacteria","Caulobacterales"
"362",0.11,0.1,-0.18,-0.16,4.17,4.77,3.67,NA,"Gemmatimonadaceae","Gemmatimonadota","Gemmatimonadetes","Gemmatimonadales"
"772",0.17,0.02,-0.18,0,3.3,3.17,NA,"Pirellula","Pirellulaceae","Planctomycetota","Planctomycetes","Pirellulales"
"482",0.24,0.22,-0.18,-0.01,NA,3.76,NA,"Candidatus Udaeobacter","Chthoniobacteraceae","Verrucomicrobiota","Verrucomicrobiae","Chthoniobacterales"
"557",0.06,0.02,-0.18,-0.06,NA,3.4,3.18,NA,NA,"Acidobacteria","Vicinamibacteria","Vicinamibacterales"
"1044",0.33,0.32,-0.18,0.15,3.26,3.4,3.62,"RB41","Pyrinomonadaceae","Acidobacteria","Blastocatellia","Pyrinomonadales"
"1246",0.02,0.13,-0.18,-0.26,2.73,4.03,3.43,NA,NA,"Chloroflexi","AD3",NA
"99",0.3,0.26,-0.18,0.01,3.53,3.42,2.77,NA,"WD2101 soil group","Planctomycetota","Phycisphaerae","Tepidisphaerales"
"443",0.09,NA,-0.18,-0.13,NA,3.85,NA,"Candidatus Udaeobacter","Chthoniobacteraceae","Verrucomicrobiota","Verrucomicrobiae","Chthoniobacterales"
"1415",0.12,0.11,-0.18,-0.04,4.45,4.59,4.57,"Mycobacterium","Mycobacteriaceae","Actinobacteria","Actinobacteria","Corynebacteriales"
"48",-0.05,-0.12,-0.18,-0.31,4.06,4,3.54,NA,"WD2101 soil group","Planctomycetota","Phycisphaerae","Tepidisphaerales"
"483",0.04,0.02,-0.18,-0.2,3.78,3.6,NA,"Candidatus Udaeobacter","Chthoniobacteraceae","Verrucomicrobiota","Verrucomicrobiae","Chthoniobacterales"
"1280",0.06,0.07,-0.18,-0.19,4.03,3.69,3.69,NA,"67-14","Actinobacteria","Thermoleophilia","Solirubrobacterales"
"785",0.3,0.31,-0.18,0.11,NA,3.4,2.95,"Granulicella","Acidobacteriaceae (Subgroup 1)","Acidobacteria","Acidobacteriae","Acidobacteriales"
"1165",0.24,0.28,-0.18,-0.14,4.11,3.95,NA,"Candidatus Solibacter","Solibacteraceae","Acidobacteria","Acidobacteriae","Solibacterales"
"58",NA,NA,-0.18,-0.13,NA,NA,NA,NA,"Sandaracinaceae","Myxococcota","Polyangia","Polyangiales"
"182",0.17,0.26,-0.18,-0.13,NA,NA,1.79,NA,"env.OPS 17","Bacteroidota","Bacteroidia","Sphingobacteriales"
"1448",0.19,0.26,-0.18,-0.08,NA,3.78,NA,NA,"Oxalobacteraceae","Proteobacteria","Gammaproteobacteria","Burkholderiales"
"1290",0.25,0.25,-0.18,-0.03,NA,3.53,NA,"Solirubrobacter","Solirubrobacteraceae","Actinobacteria","Thermoleophilia","Solirubrobacterales"
"561",0.16,0.11,-0.18,0.09,NA,3.45,3.85,"Haliangium","Haliangiaceae","Myxococcota","Polyangia","Haliangiales"
"1198",0.25,0.31,-0.18,-0.04,3.73,4.12,3.73,"Stenotrophobacter","Blastocatellaceae","Acidobacteria","Blastocatellia","Blastocatellales"
"1455",0.1,0.03,-0.18,0.11,3,3.07,3.61,"Janthinobacterium","Oxalobacteraceae","Proteobacteria","Gammaproteobacteria","Burkholderiales"
"1509",0.21,0.24,-0.18,-0.28,NA,3.42,3.3,NA,NA,"Actinobacteria","Actinobacteria","Frankiales"
"914",0.15,0.25,-0.19,0.08,NA,2.48,3.56,"Niastella","Chitinophagaceae","Bacteroidota","Bacteroidia","Chitinophagales"
"1210",0.2,0.24,-0.19,0.14,NA,NA,NA,NA,"67-14","Actinobacteria","Thermoleophilia","Solirubrobacterales"
"460",0.27,0.29,-0.19,0.06,NA,3.18,NA,"Chthoniobacter","Chthoniobacteraceae","Verrucomicrobiota","Verrucomicrobiae","Chthoniobacterales"
"1392",0.07,0.05,-0.19,-0.15,NA,NA,NA,"Romboutsia","Peptostreptococcaceae","Firmicutes","Clostridia","Peptostreptococcales-Tissierellales"
"1021",0.15,0.23,-0.19,-0.18,NA,3.95,NA,"Gemmatimonas","Gemmatimonadaceae","Gemmatimonadota","Gemmatimonadetes","Gemmatimonadales"
"577",0.08,0.15,-0.19,-0.24,2.86,3.75,3.69,NA,"Nitrososphaeraceae","Crenarchaeota","Nitrososphaeria","Nitrososphaerales"
"1004",0.08,0.07,-0.19,-0.14,3.73,3.64,3.95,"Gemmatimonas","Gemmatimonadaceae","Gemmatimonadota","Gemmatimonadetes","Gemmatimonadales"
"819",0.28,0.33,-0.19,0.12,NA,4.49,3.54,"Pedobacter","Sphingobacteriaceae","Bacteroidota","Bacteroidia","Sphingobacteriales"
"238",0.04,0.01,-0.19,-0.13,3.56,3.95,3.87,NA,NA,"Acidobacteria","Acidobacteriae","Subgroup 2"
"1636",0.05,0.05,-0.19,-0.19,NA,3.74,3.91,NA,NA,"Chloroflexi","KD4-96",NA
"968",0.1,0.16,-0.19,-0.14,NA,2.89,1.95,"Taibaiella","Chitinophagaceae","Bacteroidota","Bacteroidia","Chitinophagales"
"1460",0.14,0.09,-0.19,-0.15,3.93,4.02,4.46,"Massilia","Oxalobacteraceae","Proteobacteria","Gammaproteobacteria","Burkholderiales"
"813",0.23,0.23,-0.19,0.18,NA,3.54,3.04,"Pedobacter","Sphingobacteriaceae","Bacteroidota","Bacteroidia","Sphingobacteriales"
"1557",0.19,0.23,-0.19,0.04,NA,NA,NA,"Ellin6067","Nitrosomonadaceae","Proteobacteria","Gammaproteobacteria","Burkholderiales"
"1009",0.15,0.22,-0.19,-0.17,NA,2.4,NA,"Gemmatimonas","Gemmatimonadaceae","Gemmatimonadota","Gemmatimonadetes","Gemmatimonadales"
"1447",0.32,0.39,-0.19,0.19,NA,3.92,3.76,"Oxalicibacterium","Oxalobacteraceae","Proteobacteria","Gammaproteobacteria","Burkholderiales"
"775",0.09,0.12,-0.19,-0.17,3,2.94,NA,"possible genus 04","Fibrobacteraceae","Fibrobacterota","Fibrobacteria","Fibrobacterales"
"1630",0.24,0.18,-0.19,0.2,NA,3.22,NA,"Bacillus","Bacillaceae","Firmicutes","Bacilli","Bacillales"
"681",0.2,0.22,-0.2,-0.07,4.01,3.25,4.13,"Pseudolabrys","Xanthobacteraceae","Proteobacteria","Alphaproteobacteria","Rhizobiales"
"451",0.28,0.32,-0.2,0.01,NA,3.48,NA,"Chthoniobacter","Chthoniobacteraceae","Verrucomicrobiota","Verrucomicrobiae","Chthoniobacterales"
"979",0.28,0.28,-0.2,0.03,NA,2.46,2.07,"Edaphobaculum","Chitinophagaceae","Bacteroidota","Bacteroidia","Chitinophagales"
"967",0.2,0.25,-0.2,0.03,NA,NA,NA,"Edaphobaculum","Chitinophagaceae","Bacteroidota","Bacteroidia","Chitinophagales"
"952",0.3,0.35,-0.2,-0.08,NA,3.43,NA,"Parafilimonas","Chitinophagaceae","Bacteroidota","Bacteroidia","Chitinophagales"
"1635",0.2,0.29,-0.2,-0.08,NA,3,NA,NA,NA,"Chloroflexi","KD4-96",NA
"1496",0.25,0.28,-0.2,0.03,NA,4.05,3.82,NA,"Microbacteriaceae","Actinobacteria","Actinobacteria","Micrococcales"
"162",0.24,0.3,-0.2,-0.1,3.08,3.15,3.15,NA,"Gemmataceae","Planctomycetota","Planctomycetes","Gemmatales"
"55",0.03,NA,-0.2,-0.26,NA,4.33,3.66,NA,NA,"Methylomirabilota","Methylomirabilia","Rokubacteriales"
"807",0.29,0.28,-0.2,0.15,3.54,4.98,NA,"Flavobacterium","Flavobacteriaceae","Bacteroidota","Bacteroidia","Flavobacteriales"
"1605",0.22,0.17,-0.2,0.06,NA,2.64,NA,"Intrasporangium","Intrasporangiaceae","Actinobacteria","Actinobacteria","Micrococcales"
"1173",0.33,0.32,-0.2,0.17,NA,2.89,NA,"Bryobacter","Bryobacteraceae","Acidobacteria","Acidobacteriae","Bryobacterales"
"170",0.24,0.29,-0.2,-0.11,NA,NA,NA,NA,NA,"Planctomycetota","Planctomycetes","Planctomycetales"
"925",0.27,0.25,-0.2,0.09,NA,4.33,NA,"Ferruginibacter","Chitinophagaceae","Bacteroidota","Bacteroidia","Chitinophagales"
"449",0.24,0.24,-0.2,0.09,NA,4.11,NA,"Chthoniobacter","Chthoniobacteraceae","Verrucomicrobiota","Verrucomicrobiae","Chthoniobacterales"
"1347",0.19,0.24,-0.2,-0.11,3.85,4.39,4.25,NA,NA,"Actinobacteria","Thermoleophilia","Gaiellales"
"175",0.29,0.3,-0.2,0.05,NA,2.64,NA,NA,"env.OPS 17","Bacteroidota","Bacteroidia","Sphingobacteriales"
"788",0.26,0.13,-0.2,0.03,NA,4.08,NA,NA,NA,"Acidobacteria","Acidobacteriae","Acidobacteriales"
"152",0.02,0.02,-0.2,-0.21,NA,NA,NA,"Gemmata","Gemmataceae","Planctomycetota","Planctomycetes","Gemmatales"
"635",0.16,0.11,-0.2,0.07,3,3.31,2.69,NA,"Xanthobacteraceae","Proteobacteria","Alphaproteobacteria","Rhizobiales"
"1314",0.08,NA,-0.2,-0.12,NA,3.71,NA,"Gaiella","Gaiellaceae","Actinobacteria","Thermoleophilia","Gaiellales"
"467",0.33,0.24,-0.2,-0.02,NA,4.52,NA,"Candidatus Udaeobacter","Chthoniobacteraceae","Verrucomicrobiota","Verrucomicrobiae","Chthoniobacterales"
"632",-0.03,-0.03,-0.21,-0.16,3.72,4.61,3.98,NA,"Xanthobacteraceae","Proteobacteria","Alphaproteobacteria","Rhizobiales"
"1588",0.19,0.16,-0.21,-0.07,4.63,2.3,NA,"Williamsia","Nocardiaceae","Actinobacteria","Actinobacteria","Corynebacteriales"
"1092",0.21,0.24,-0.21,0.05,NA,3.36,NA,NA,NA,"Acidobacteria","Vicinamibacteria","Vicinamibacterales"
"83",NA,NA,-0.21,-0.09,NA,NA,NA,NA,"Sandaracinaceae","Myxococcota","Polyangia","Polyangiales"
"82",0.24,0.27,-0.21,-0.22,NA,2.73,NA,NA,"BIrii41","Myxococcota","Polyangia","Polyangiales"
"639",-0.01,-0.19,-0.21,-0.15,2.77,3.17,3.04,NA,"Xanthobacteraceae","Proteobacteria","Alphaproteobacteria","Rhizobiales"
"1372",0.11,0.08,-0.21,-0.28,3.71,2.76,NA,"JG30a-KF-32","Ktedonobacteraceae","Chloroflexi","Ktedonobacteria","Ktedonobacterales"
"790",0.15,0.07,-0.21,-0.12,NA,2.71,NA,NA,NA,"Acidobacteria","Acidobacteriae","Acidobacteriales"
"803",0.27,0.31,-0.21,0.07,NA,2.64,3.4,"Flavobacterium","Flavobacteriaceae","Bacteroidota","Bacteroidia","Flavobacteriales"
"1419",0.24,0.23,-0.21,0.02,NA,2.83,3.37,"Aeromicrobium","Nocardioidaceae","Actinobacteria","Actinobacteria","Propionibacteriales"
"1263",0.13,NA,-0.21,-0.06,NA,3.48,NA,"Conexibacter","Solirubrobacteraceae","Actinobacteria","Thermoleophilia","Solirubrobacterales"
"61",0.29,0.33,-0.21,-0.14,NA,2.72,NA,NA,"Sandaracinaceae","Myxococcota","Polyangia","Polyangiales"
"916",0.29,0.28,-0.21,0.19,NA,3.59,NA,"Segetibacter","Chitinophagaceae","Bacteroidota","Bacteroidia","Chitinophagales"
"114",0.17,0.23,-0.21,-0.08,3.5,3.32,3.69,"Zavarzinella","Gemmataceae","Planctomycetota","Planctomycetes","Gemmatales"
"814",0.24,0.23,-0.21,-0.12,3.34,3.69,3.73,"Mucilaginibacter","Sphingobacteriaceae","Bacteroidota","Bacteroidia","Sphingobacteriales"
"322",0.25,0.18,-0.21,-0.03,NA,4.46,3.56,"Pseudomonas","Pseudomonadaceae","Proteobacteria","Gammaproteobacteria","Pseudomonadales"
"1408",0.25,0.22,-0.21,0.02,NA,3.36,NA,NA,NA,"Actinobacteria","Thermoleophilia","Gaiellales"
"938",0.22,0.12,-0.21,0.02,3.26,3.58,NA,"Ferruginibacter","Chitinophagaceae","Bacteroidota","Bacteroidia","Chitinophagales"
"1449",0.33,0.39,-0.21,-0.06,NA,3.4,NA,"Noviherbaspirillum","Oxalobacteraceae","Proteobacteria","Gammaproteobacteria","Burkholderiales"
"800",0.12,0.05,-0.21,-0.24,2.71,3.33,3.13,"Acidipila","Acidobacteriaceae (Subgroup 1)","Acidobacteria","Acidobacteriae","Acidobacteriales"
"781",0.21,NA,-0.22,0.06,NA,3.83,NA,NA,NA,"Acidobacteria","Acidobacteriae","Acidobacteriales"
"955",0.28,0.3,-0.22,0,3.04,3.36,4,"Ferruginibacter","Chitinophagaceae","Bacteroidota","Bacteroidia","Chitinophagales"
"87",0.29,0.22,-0.22,0.04,NA,3.53,NA,NA,"WD2101 soil group","Planctomycetota","Phycisphaerae","Tepidisphaerales"
"1142",0.09,0.04,-0.22,-0.18,NA,4.29,4.91,NA,"Gemmatimonadaceae","Gemmatimonadota","Gemmatimonadetes","Gemmatimonadales"
"1278",0.26,0.23,-0.22,-0.01,3.21,3.7,3.27,NA,"67-14","Actinobacteria","Thermoleophilia","Solirubrobacterales"
"767",0.22,0.23,-0.22,0.06,3.43,2.3,1.61,"Luteolibacter","Rubritaleaceae","Verrucomicrobiota","Verrucomicrobiae","Verrucomicrobiales"
"1634",0.26,0.27,-0.22,-0.04,NA,3.17,3.81,NA,NA,"Chloroflexi","KD4-96",NA
"535",0.22,0.12,-0.22,-0.02,3.56,3.85,NA,NA,"WD2101 soil group","Planctomycetota","Phycisphaerae","Tepidisphaerales"
"686",0.13,0.04,-0.22,0.09,NA,4.08,3.89,"Phenylobacterium","Caulobacteraceae","Proteobacteria","Alphaproteobacteria","Caulobacterales"
"684",0.29,0.24,-0.22,0.03,NA,3.61,NA,"Caulobacter","Caulobacteraceae","Proteobacteria","Alphaproteobacteria","Caulobacterales"
"585",0.13,0.16,-0.22,-0.06,NA,4.23,4.66,NA,NA,"Planctomycetota","Planctomycetes","Planctomycetales"
"659",0.05,-0.09,-0.22,-0.01,4.14,3.84,NA,"Tardiphaga","Xanthobacteraceae","Proteobacteria","Alphaproteobacteria","Rhizobiales"
"826",0.03,0.02,-0.22,-0.02,3.71,3.47,NA,"Mucilaginibacter","Sphingobacteriaceae","Bacteroidota","Bacteroidia","Sphingobacteriales"
"621",0.12,0.12,-0.22,-0.08,4.47,4.2,4.29,"Rhodoplanes","Xanthobacteraceae","Proteobacteria","Alphaproteobacteria","Rhizobiales"
"634",-0.03,-0.24,-0.22,-0.09,3.66,3.59,3.69,NA,"Xanthobacteraceae","Proteobacteria","Alphaproteobacteria","Rhizobiales"
"1435",0.24,0.25,-0.22,-0.06,5.16,3.36,NA,NA,"Comamonadaceae","Proteobacteria","Gammaproteobacteria","Burkholderiales"
"385",0.24,0.13,-0.22,-0.08,NA,3.1,NA,NA,NA,"Acidobacteria","Acidobacteriae","Acidobacteriales"
"1612",0.4,0.41,-0.22,-0.06,NA,3.69,NA,"Nocardioides","Nocardioidaceae","Actinobacteria","Actinobacteria","Propionibacteriales"
"580",0.13,0.21,-0.22,0.01,NA,2.92,3.3,NA,NA,"Planctomycetota","Planctomycetes","Planctomycetales"
"474",0.1,0.11,-0.22,-0.2,5.23,5.07,5.27,"Candidatus Udaeobacter","Chthoniobacteraceae","Verrucomicrobiota","Verrucomicrobiae","Chthoniobacterales"
"1093",0.2,0.11,-0.23,0.02,3.23,3.09,4.01,NA,NA,"Acidobacteria","Vicinamibacteria","Vicinamibacterales"
"1190",0.25,0.27,-0.23,0.09,NA,3.65,3.62,"JGI 0001001-H03","Blastocatellaceae","Acidobacteria","Blastocatellia","Blastocatellales"
"59",0.23,0.2,-0.23,0.03,2.4,2.41,NA,NA,"Sandaracinaceae","Myxococcota","Polyangia","Polyangiales"
"523",0.14,0.12,-0.23,-0.18,4.76,5.25,4.42,"Candidatus Udaeobacter","Chthoniobacteraceae","Verrucomicrobiota","Verrucomicrobiae","Chthoniobacterales"
"141",0.34,0.36,-0.23,-0.02,NA,3.29,NA,NA,"Gemmataceae","Planctomycetota","Planctomycetes","Gemmatales"
"969",0.17,0.21,-0.23,-0.03,3.66,3.64,3.78,"Edaphobaculum","Chitinophagaceae","Bacteroidota","Bacteroidia","Chitinophagales"
"15",0.21,-0.02,-0.23,0.1,NA,3.51,NA,"Acidothermus","Acidothermaceae","Actinobacteria","Actinobacteria","Frankiales"
"1096",0.19,0.23,-0.23,0.01,NA,NA,NA,NA,NA,"Acidobacteria","Vicinamibacteria","Vicinamibacterales"
"838",0.24,0.25,-0.23,-0.02,NA,3.95,NA,"Sphingomonas","Sphingomonadaceae","Proteobacteria","Alphaproteobacteria","Sphingomonadales"
"500",0.25,0.27,-0.23,-0.14,NA,3.75,NA,"Candidatus Udaeobacter","Chthoniobacteraceae","Verrucomicrobiota","Verrucomicrobiae","Chthoniobacterales"
"310",0.28,0.16,-0.23,0.24,NA,4.18,3.47,NA,NA,"Acidobacteria","Holophagae","Subgroup 7"
"51",0.11,0.01,-0.23,-0.19,3.3,3.08,NA,NA,NA,"Methylomirabilota","Methylomirabilia","Rokubacteriales"
"1390",0.18,0.15,-0.23,-0.19,2.89,2,2.56,NA,"Ktedonobacteraceae","Chloroflexi","Ktedonobacteria","Ktedonobacterales"
"566",0.2,0.23,-0.23,0.06,NA,3.59,4.26,"Haliangium","Haliangiaceae","Myxococcota","Polyangia","Haliangiales"
"720",0.07,-0.04,-0.23,-0.08,NA,4.09,NA,NA,"Micropepsaceae","Proteobacteria","Alphaproteobacteria","Micropepsales"
"381",0.04,0.11,-0.23,-0.24,3.45,4.26,3.86,NA,NA,"Acidobacteria","Acidobacteriae","Acidobacteriales"
"1629",0.17,NA,-0.23,-0.11,NA,4.13,NA,"Solibacillus","Planococcaceae","Firmicutes","Bacilli","Bacillales"
"615",0.05,-0.01,-0.23,-0.21,4.07,4.21,4.26,NA,"Xanthobacteraceae","Proteobacteria","Alphaproteobacteria","Rhizobiales"
"756",0.08,0.04,-0.23,-0.09,2.98,2.94,NA,"Dokdonella","Rhodanobacteraceae","Proteobacteria","Gammaproteobacteria","Xanthomonadales"
"1219",0.16,NA,-0.23,-0.07,NA,3.88,NA,"Acidothermus","Acidothermaceae","Actinobacteria","Actinobacteria","Frankiales"
"1247",0.23,0.23,-0.23,-0.3,2.67,3.28,2.54,NA,NA,"Chloroflexi","AD3",NA
"1565",0.34,0.38,-0.23,0.08,NA,3.14,NA,NA,"A21b","Proteobacteria","Gammaproteobacteria","Burkholderiales"
"1502",0.09,NA,-0.24,-0.08,NA,3.62,NA,NA,"Microbacteriaceae","Actinobacteria","Actinobacteria","Micrococcales"
"596",0.15,0.18,-0.24,-0.16,NA,2.77,NA,"Dongia","Dongiaceae","Proteobacteria","Alphaproteobacteria","Dongiales"
"188",0.36,0.29,-0.24,-0.24,NA,3.02,NA,"Bdellovibrio","Bdellovibrionaceae","Bdellovibrionota","Bdellovibrionia","Bdellovibrionales"
"1644",0.33,0.43,-0.24,-0.11,NA,NA,NA,"Cytophaga","Cytophagaceae","Bacteroidota","Bacteroidia","Cytophagales"
"1638",0.2,0.24,-0.24,-0.28,NA,2.95,NA,NA,NA,"Chloroflexi","KD4-96",NA
"250",0.08,0.04,-0.24,-0.21,NA,3.63,NA,NA,NA,"Actinobacteria","MB-A2-108",NA
"1439",0.25,0.29,-0.24,-0.2,NA,3.2,3.06,"Caenimonas","Comamonadaceae","Proteobacteria","Gammaproteobacteria","Burkholderiales"
"924",0.25,0.24,-0.24,-0.01,NA,4.48,NA,NA,"Chitinophagaceae","Bacteroidota","Bacteroidia","Chitinophagales"
"1306",0.12,NA,-0.24,-0.2,NA,3.41,NA,NA,NA,"Actinobacteria","Thermoleophilia","Gaiellales"
"862",NA,NA,-0.24,-0.02,NA,NA,NA,"Sphingomonas","Sphingomonadaceae","Proteobacteria","Alphaproteobacteria","Sphingomonadales"
"1546",0.22,0.11,-0.24,-0.08,NA,3.69,NA,NA,"SC-I-84","Proteobacteria","Gammaproteobacteria","Burkholderiales"
"1370",0.08,0.17,-0.24,-0.2,NA,3.25,2.6,NA,NA,"Chloroflexi","AD3",NA
"1178",0.35,0.29,-0.24,0.06,NA,4.32,NA,"Candidatus Solibacter","Solibacteraceae","Acidobacteria","Acidobacteriae","Solibacterales"
"92",0.24,0.36,-0.25,-0.07,3.58,3.69,3.84,NA,"WD2101 soil group","Planctomycetota","Phycisphaerae","Tepidisphaerales"
"582",0.2,0.24,-0.25,-0.01,NA,4.12,3.5,NA,NA,"Planctomycetota","Planctomycetes","Planctomycetales"
"1530",0.28,0.29,-0.25,0.04,NA,3.64,NA,"Hylemonella","Comamonadaceae","Proteobacteria","Gammaproteobacteria","Burkholderiales"
"1540",0.24,0.33,-0.25,-0.12,NA,3.33,NA,NA,"SC-I-84","Proteobacteria","Gammaproteobacteria","Burkholderiales"
"530",0.35,0.28,-0.25,-0.04,NA,4.01,NA,"Candidatus Udaeobacter","Chthoniobacteraceae","Verrucomicrobiota","Verrucomicrobiae","Chthoniobacterales"
"1589",0.4,0.42,-0.25,0.27,NA,4,NA,NA,"Streptomycetaceae","Actinobacteria","Actinobacteria","Streptomycetales"
"706",0.23,0.24,-0.25,-0.04,NA,3.92,NA,"Microvirga","Beijerinckiaceae","Proteobacteria","Alphaproteobacteria","Rhizobiales"
"1590",0.2,0.03,-0.25,-0.01,NA,3.96,NA,"Streptacidiphilus","Streptomycetaceae","Actinobacteria","Actinobacteria","Streptomycetales"
"1335",0.11,0.11,-0.25,-0.17,1.95,3.27,2.63,NA,NA,"Actinobacteria","Thermoleophilia","Gaiellales"
"1231",0.2,0.24,-0.25,-0.19,2.5,3.31,2.3,"Cellulomonas","Cellulomonadaceae","Actinobacteria","Actinobacteria","Micrococcales"
"423",0.16,0.09,-0.25,-0.02,4.11,4.07,4.84,"Candidatus Udaeobacter","Chthoniobacteraceae","Verrucomicrobiota","Verrucomicrobiae","Chthoniobacterales"
"794",0.2,0.24,-0.25,0.05,NA,3.13,3.14,"Acidipila","Acidobacteriaceae (Subgroup 1)","Acidobacteria","Acidobacteriae","Acidobacteriales"
"498",0.09,0.05,-0.26,-0.1,3.53,3.82,4.16,"Candidatus Udaeobacter","Chthoniobacteraceae","Verrucomicrobiota","Verrucomicrobiae","Chthoniobacterales"
"390",0.08,0.03,-0.26,-0.17,2.6,3.64,3.14,NA,NA,"Acidobacteria","Acidobacteriae","Acidobacteriales"
"1639",0.31,0.31,-0.26,0.14,NA,3.41,2.95,NA,NA,"Chloroflexi","KD4-96",NA
"38",0.22,0.24,-0.26,0.09,NA,2.77,NA,NA,"WD2101 soil group","Planctomycetota","Phycisphaerae","Tepidisphaerales"
"1569",0.15,NA,-0.26,-0.04,NA,3.52,NA,NA,"SC-I-84","Proteobacteria","Gammaproteobacteria","Burkholderiales"
"1583",0.23,0.26,-0.26,0.04,NA,2.89,NA,NA,"Nocardiaceae","Actinobacteria","Actinobacteria","Corynebacteriales"
"762",0.21,0.14,-0.26,-0.02,3.95,3.98,2.48,NA,"Rhodanobacteraceae","Proteobacteria","Gammaproteobacteria","Xanthomonadales"
"1125",NA,NA,-0.26,-0.05,NA,NA,NA,NA,NA,"Acidobacteria","Vicinamibacteria","Vicinamibacterales"
"128",0.17,0.05,-0.26,-0.14,2.96,3.31,3.18,"Aquisphaera","Isosphaeraceae","Planctomycetota","Planctomycetes","Isosphaerales"
"926",0.13,0.07,-0.26,-0.11,2.89,3.91,3.18,"Puia","Chitinophagaceae","Bacteroidota","Bacteroidia","Chitinophagales"
"1563",0.22,0.15,-0.26,-0.15,4.25,4.16,3.43,"Ellin6067","Nitrosomonadaceae","Proteobacteria","Gammaproteobacteria","Burkholderiales"
"878",0.35,0.39,-0.26,-0.06,NA,4.13,NA,"Sphingomonas","Sphingomonadaceae","Proteobacteria","Alphaproteobacteria","Sphingomonadales"
"828",0.34,0.31,-0.26,0.02,4.37,3.77,3.03,"Sphingomonas","Sphingomonadaceae","Proteobacteria","Alphaproteobacteria","Sphingomonadales"
"222",0.22,NA,-0.26,0.13,NA,3.47,NA,NA,"Micromonosporaceae","Actinobacteria","Actinobacteria","Micromonosporales"
"618",0.17,0.22,-0.26,-0.29,NA,4.63,4.14,NA,"Xanthobacteraceae","Proteobacteria","Alphaproteobacteria","Rhizobiales"
"893",0.26,0.24,-0.27,0.01,NA,3.09,NA,"Haliangium","Haliangiaceae","Myxococcota","Polyangia","Haliangiales"
"784",0.22,0.14,-0.27,0.02,2.88,3.66,2.56,"Edaphobacter","Acidobacteriaceae (Subgroup 1)","Acidobacteria","Acidobacteriae","Acidobacteriales"
"229",0.32,0.25,-0.27,-0.06,2.4,3.88,3.62,NA,NA,"WPS-2",NA,NA
"1626",0.32,0.31,-0.27,0.09,4.44,4.93,4.88,NA,NA,"Firmicutes","Bacilli","Bacillales"
"1543",0.21,NA,-0.27,0.17,NA,3.64,NA,NA,"SC-I-84","Proteobacteria","Gammaproteobacteria","Burkholderiales"
"1342",0.29,0.34,-0.27,-0.1,4.17,4.49,4.46,NA,NA,"Actinobacteria","Thermoleophilia","Gaiellales"
"401",0.18,0.2,-0.27,-0.09,3.13,4.07,3.6,NA,NA,"Acidobacteria","Acidobacteriae","Acidobacteriales"
"247",0.08,0.02,-0.27,-0.17,NA,3.18,NA,NA,NA,"Actinobacteria","MB-A2-108",NA
"337",0.33,0.24,-0.27,0.23,NA,3.71,NA,NA,"Myxococcaceae","Myxococcota","Myxococcia","Myxococcales"
"1417",0.26,0.11,-0.27,-0.04,3.43,3.25,NA,"Kribbella","Nocardioidaceae","Actinobacteria","Actinobacteria","Propionibacteriales"
"1161",0.16,0.11,-0.27,0.1,NA,3.78,2.56,"Candidatus Solibacter","Solibacteraceae","Acidobacteria","Acidobacteriae","Solibacterales"
"811",0.24,0.19,-0.27,-0.07,2.71,2.58,2.56,"Mucilaginibacter","Sphingobacteriaceae","Bacteroidota","Bacteroidia","Sphingobacteriales"
"351",0.17,-0.05,-0.27,-0.04,2.4,3.77,NA,NA,NA,"Proteobacteria","Gammaproteobacteria","WD260"
"163",0.12,0.13,-0.28,-0.16,2.08,2.95,NA,NA,"Gemmataceae","Planctomycetota","Planctomycetes","Gemmatales"
"1591",0.25,0.31,-0.28,0.08,3.46,3.62,3.95,"Pseudonocardia","Pseudonocardiaceae","Actinobacteria","Actinobacteria","Pseudonocardiales"
"106",0.1,0.22,-0.28,-0.24,NA,4.44,4.39,"Nitrospira","Nitrospiraceae","Nitrospirota","Nitrospiria","Nitrospirales"
"213",0.24,0.16,-0.28,0.09,NA,3.46,NA,"Actinoplanes","Micromonosporaceae","Actinobacteria","Actinobacteria","Micromonosporales"
"1171",0.26,0.25,-0.28,-0.09,NA,3.98,NA,"Bryobacter","Bryobacteraceae","Acidobacteria","Acidobacteriae","Bryobacterales"
"101",0.36,0.37,-0.28,-0.14,NA,2.57,2.71,NA,"WD2101 soil group","Planctomycetota","Phycisphaerae","Tepidisphaerales"
"740",0.24,0.22,-0.28,-0.03,1.79,3.11,2.3,"Skermanella","Azospirillaceae","Proteobacteria","Alphaproteobacteria","Azospirillales"
"117",0.18,0.04,-0.28,-0.04,NA,3.71,NA,"Zavarzinella","Gemmataceae","Planctomycetota","Planctomycetes","Gemmatales"
"1333",0.24,0.2,-0.28,0.22,NA,4.41,NA,"Gaiella","Gaiellaceae","Actinobacteria","Thermoleophilia","Gaiellales"
"760",0.27,0.3,-0.28,0.03,3.48,3.75,3.07,"Luteimonas","Xanthomonadaceae","Proteobacteria","Gammaproteobacteria","Xanthomonadales"
"605",0.2,0.01,-0.28,0.05,3.64,4.26,3.47,NA,NA,"Proteobacteria","Alphaproteobacteria","Elsterales"
"508",0.19,0.18,-0.28,-0.07,4.33,4.87,4.55,"Candidatus Udaeobacter","Chthoniobacteraceae","Verrucomicrobiota","Verrucomicrobiae","Chthoniobacterales"
"723",0.25,0.24,-0.28,0.15,NA,4,3.39,NA,"Micropepsaceae","Proteobacteria","Alphaproteobacteria","Micropepsales"
"384",0.33,0.34,-0.29,-0.17,3.43,4.48,4.06,NA,NA,"Acidobacteria","Acidobacteriae","Acidobacteriales"
"357",0.24,0.2,-0.29,0.16,NA,3.61,NA,"Acidibacter","Unknown Family","Proteobacteria","Gammaproteobacteria","Gammaproteobacteria Incertae Sedis"
"536",0.24,0.16,-0.29,-0.08,NA,3.1,NA,NA,"WD2101 soil group","Planctomycetota","Phycisphaerae","Tepidisphaerales"
"839",0.36,0.35,-0.29,0.21,NA,4.01,3.78,"Sphingomonas","Sphingomonadaceae","Proteobacteria","Alphaproteobacteria","Sphingomonadales"
"1174",0.22,0.22,-0.29,-0.05,NA,2.67,NA,"Bryobacter","Bryobacteraceae","Acidobacteria","Acidobacteriae","Bryobacterales"
"1176",0.39,0.35,-0.29,0.03,2.08,2.68,1.61,"Bryobacter","Bryobacteraceae","Acidobacteria","Acidobacteriae","Bryobacterales"
"29",0.06,0.1,-0.29,-0.01,NA,3.33,NA,NA,NA,"Actinobacteria","MB-A2-108",NA
"852",0.18,0.11,-0.29,0.02,NA,3.71,NA,"Subgroup 10","Thermoanaerobaculaceae","Acidobacteria","Thermoanaerobaculia","Thermoanaerobaculales"
"1475",0.32,0.25,-0.29,0.08,NA,3.49,NA,NA,"Sporichthyaceae","Actinobacteria","Actinobacteria","Frankiales"
"1409",0.37,0.37,-0.29,-0.02,NA,2.86,NA,NA,"JG30-KF-CM45","Chloroflexi","Chloroflexia","Thermomicrobiales"
"499",0.27,0.18,-0.3,0.02,NA,4.61,NA,"Candidatus Udaeobacter","Chthoniobacteraceae","Verrucomicrobiota","Verrucomicrobiae","Chthoniobacterales"
"649",0.35,0.29,-0.3,0.07,NA,4.36,NA,"Bradyrhizobium","Xanthobacteraceae","Proteobacteria","Alphaproteobacteria","Rhizobiales"
"882",0.15,0.25,-0.3,-0.21,NA,3.03,NA,"Sphingomonas","Sphingomonadaceae","Proteobacteria","Alphaproteobacteria","Sphingomonadales"
"1145",0.27,0.25,-0.3,0.1,NA,3.37,3.46,"Bryobacter","Bryobacteraceae","Acidobacteria","Acidobacteriae","Bryobacterales"
"1538",0.35,0.29,-0.3,0.13,NA,4.26,NA,NA,"SC-I-84","Proteobacteria","Gammaproteobacteria","Burkholderiales"
"232",0.14,0.11,-0.3,-0.11,NA,3.19,NA,NA,NA,"Acidobacteria","Acidobacteriae","Subgroup 2"
"950",0.42,0.38,-0.3,0.2,NA,3.31,2.83,"Parafilimonas","Chitinophagaceae","Bacteroidota","Bacteroidia","Chitinophagales"
"1326",0.25,0.14,-0.31,-0.04,3.46,4.15,3.41,NA,NA,"Actinobacteria","Thermoleophilia","Gaiellales"
"820",0.3,0.32,-0.31,-0.01,NA,3.98,NA,"Mucilaginibacter","Sphingobacteriaceae","Bacteroidota","Bacteroidia","Sphingobacteriales"
"352",0.18,0.17,-0.31,0.07,1.79,2.3,2.08,"Alkanindiges","Moraxellaceae","Proteobacteria","Gammaproteobacteria","Pseudomonadales"
"1276",0.06,-0.12,-0.31,0.12,4.21,4.12,3.89,NA,"67-14","Actinobacteria","Thermoleophilia","Solirubrobacterales"
"1443",0.29,0.29,-0.31,-0.04,NA,3.63,3.37,"Burkholderia-Caballeronia-Paraburkholderia","Burkholderiaceae","Proteobacteria","Gammaproteobacteria","Burkholderiales"
"41",0.27,0.29,-0.32,-0.09,NA,3.15,NA,NA,"WD2101 soil group","Planctomycetota","Phycisphaerae","Tepidisphaerales"
"1213",0.36,0.27,-0.32,0.08,NA,3.3,NA,NA,"Blastocatellaceae","Acidobacteria","Blastocatellia","Blastocatellales"
"1071",0.26,0.24,-0.32,0.09,NA,4.07,NA,"Vicinamibacter","Vicinamibacteraceae","Acidobacteria","Vicinamibacteria","Vicinamibacterales"
"428",0.17,0.2,-0.32,-0.16,NA,4.08,3.68,"Candidatus Udaeobacter","Chthoniobacteraceae","Verrucomicrobiota","Verrucomicrobiae","Chthoniobacterales"
"17",0.23,0.19,-0.32,-0.16,5.1,5.91,5.13,"Acidothermus","Acidothermaceae","Actinobacteria","Actinobacteria","Frankiales"
"578",0.35,0.22,-0.32,0.25,NA,3.2,NA,"Candidatus Nitrocosmicus","Nitrososphaeraceae","Crenarchaeota","Nitrososphaeria","Nitrososphaerales"
"830",0.4,0.39,-0.32,0.11,NA,4.66,3.43,"Sphingomonas","Sphingomonadaceae","Proteobacteria","Alphaproteobacteria","Sphingomonadales"
"1395",0.22,0.1,-0.32,0.14,3.09,4.12,NA,NA,"67-14","Actinobacteria","Thermoleophilia","Solirubrobacterales"
"890",0.31,0.25,-0.32,-0.02,NA,3.01,NA,"Flavobacterium","Flavobacteriaceae","Bacteroidota","Bacteroidia","Flavobacteriales"
"88",0.26,0.23,-0.32,0.03,NA,3.61,3.78,NA,"WD2101 soil group","Planctomycetota","Phycisphaerae","Tepidisphaerales"
"1261",0.28,0.18,-0.33,0.07,NA,4.4,NA,"Conexibacter","Solirubrobacteraceae","Actinobacteria","Thermoleophilia","Solirubrobacterales"
"538",0.29,0.21,-0.33,-0.07,NA,3.34,NA,NA,"WD2101 soil group","Planctomycetota","Phycisphaerae","Tepidisphaerales"
"1320",0.2,0.13,-0.33,-0.15,4.53,5.58,4.57,NA,NA,"Actinobacteria","Thermoleophilia","Gaiellales"
"407",0.15,NA,-0.33,0.06,NA,3.71,NA,"Ellin517","Pedosphaeraceae","Verrucomicrobiota","Verrucomicrobiae","Pedosphaerales"
"847",0.33,0.36,-0.34,-0.06,NA,3.15,NA,"Altererythrobacter","Sphingomonadaceae","Proteobacteria","Alphaproteobacteria","Sphingomonadales"
"1267",0.22,0.21,-0.34,-0.15,NA,3.88,3.79,"Conexibacter","Solirubrobacteraceae","Actinobacteria","Thermoleophilia","Solirubrobacterales"
"1461",0.34,0.33,-0.34,0.03,NA,4.12,3.56,"Massilia","Oxalobacteraceae","Proteobacteria","Gammaproteobacteria","Burkholderiales"
"729",0.23,0.14,-0.34,0,NA,3.9,NA,NA,"Micropepsaceae","Proteobacteria","Alphaproteobacteria","Micropepsales"
"1620",0.29,0.22,-0.34,0.07,NA,3.86,NA,NA,NA,"Chloroflexi","KD4-96",NA
"1576",0.39,0.28,-0.34,0.23,NA,2.97,NA,"Ellin6067","Nitrosomonadaceae","Proteobacteria","Gammaproteobacteria","Burkholderiales"
"1366",0.31,0.29,-0.35,-0.01,NA,3.35,2.64,NA,NA,"Chloroflexi","AD3",NA
"1097",0.37,0.24,-0.35,0.25,NA,4.06,NA,NA,NA,"Acidobacteria","Vicinamibacteria","Vicinamibacterales"
"676",0.35,0.22,-0.35,0.14,NA,3.22,2.08,"Rhodopila","Acetobacteraceae","Proteobacteria","Alphaproteobacteria","Acetobacterales"
"181",0.32,0.32,-0.35,-0.02,NA,6.16,1.61,NA,"env.OPS 17","Bacteroidota","Bacteroidia","Sphingobacteriales"
"1162",0.39,0.31,-0.36,0,NA,3.45,NA,"Candidatus Solibacter","Solibacteraceae","Acidobacteria","Acidobacteriae","Solibacterales"
"1113",0.2,0.2,-0.36,-0.1,NA,2.91,2.71,NA,NA,"Acidobacteria","Vicinamibacteria","Vicinamibacterales"
"1006",0.23,0.1,-0.36,-0.15,4.28,4.74,4.23,"Gemmatimonas","Gemmatimonadaceae","Gemmatimonadota","Gemmatimonadetes","Gemmatimonadales"
"1645",0.29,0.27,-0.36,-0.13,NA,2.55,NA,"Chryseolinea","Microscillaceae","Bacteroidota","Bacteroidia","Cytophagales"
"393",0.22,0.09,-0.36,-0.09,3.74,4.15,NA,NA,NA,"Acidobacteria","Acidobacteriae","Acidobacteriales"
"363",0.27,0.06,-0.36,0.23,NA,4.41,NA,NA,"Gemmatimonadaceae","Gemmatimonadota","Gemmatimonadetes","Gemmatimonadales"
"1010",0.52,0.42,-0.36,0.02,NA,4.05,NA,"Gemmatimonas","Gemmatimonadaceae","Gemmatimonadota","Gemmatimonadetes","Gemmatimonadales"
"1652",0.2,0.17,-0.36,-0.06,NA,3.81,NA,NA,NA,"Chloroflexi","Gitt-GS-136",NA
"1520",0.3,0.22,-0.36,0.11,NA,4.17,NA,NA,"A21b","Proteobacteria","Gammaproteobacteria","Burkholderiales"
"1340",0.25,0.22,-0.37,-0.02,3,3.58,3.55,"Gaiella","Gaiellaceae","Actinobacteria","Thermoleophilia","Gaiellales"
"1265",0.26,0.21,-0.37,0.01,3.25,4.15,3.41,"Conexibacter","Solirubrobacteraceae","Actinobacteria","Thermoleophilia","Solirubrobacterales"
"625",0.26,0.15,-0.37,-0.07,NA,4,NA,"Rhodoplanes","Xanthobacteraceae","Proteobacteria","Alphaproteobacteria","Rhizobiales"
"786",0.28,0.21,-0.37,-0.12,NA,2.94,2.39,"Granulicella","Acidobacteriaceae (Subgroup 1)","Acidobacteria","Acidobacteriae","Acidobacteriales"
"1473",0.17,0.16,-0.37,-0.11,4.46,4.78,4.34,"Jatrophihabitans","Frankiaceae","Actinobacteria","Actinobacteria","Frankiales"
"997",0.22,0.15,-0.37,0.06,NA,3.55,NA,"Gemmatimonas","Gemmatimonadaceae","Gemmatimonadota","Gemmatimonadetes","Gemmatimonadales"
"184",0.2,0.13,-0.38,-0.03,3.27,3.74,3.04,"Reyranella","Reyranellaceae","Proteobacteria","Alphaproteobacteria","Reyranellales"
"1528",0.18,0.05,-0.38,0.16,NA,3.01,2.89,NA,"SC-I-84","Proteobacteria","Gammaproteobacteria","Burkholderiales"
"96",0.33,0.15,-0.38,0.07,2.75,3.16,2.48,NA,"WD2101 soil group","Planctomycetota","Phycisphaerae","Tepidisphaerales"
"664",0.3,0.25,-0.38,-0.07,NA,3.75,NA,"Bradyrhizobium","Xanthobacteraceae","Proteobacteria","Alphaproteobacteria","Rhizobiales"
"1109",0.3,0.25,-0.39,0.07,NA,3.59,NA,NA,NA,"Acidobacteria","Vicinamibacteria","Vicinamibacterales"
"212",0.4,0.36,-0.39,0.11,NA,3.74,3.68,NA,"Micromonosporaceae","Actinobacteria","Actinobacteria","Micromonosporales"
"489",0.27,0.2,-0.4,-0.08,NA,3.63,NA,"Candidatus Udaeobacter","Chthoniobacteraceae","Verrucomicrobiota","Verrucomicrobiae","Chthoniobacterales"
"1269",0.26,0.24,-0.4,-0.12,NA,3.25,NA,NA,NA,"Actinobacteria","Thermoleophilia","Gaiellales"
"798",0.31,0.21,-0.4,-0.02,2.48,2.85,2.74,"Occallatibacter","Acidobacteriaceae (Subgroup 1)","Acidobacteria","Acidobacteriae","Acidobacteriales"
"1089",0.31,0.24,-0.41,-0.02,NA,4.09,3.94,NA,NA,"Acidobacteria","Vicinamibacteria","Vicinamibacterales"
"305",0.37,0.26,-0.41,0.28,NA,3.53,NA,NA,"Vicinamibacteraceae","Acidobacteria","Vicinamibacteria","Vicinamibacterales"
"221",0.31,0.24,-0.41,-0.03,NA,3.9,NA,NA,"Micromonosporaceae","Actinobacteria","Actinobacteria","Micromonosporales"
"13",0.3,0.2,-0.42,-0.19,NA,3.42,NA,"Acidothermus","Acidothermaceae","Actinobacteria","Actinobacteria","Frankiales"
"1271",0.31,0.19,-0.42,-0.03,NA,3.69,3.47,NA,"67-14","Actinobacteria","Thermoleophilia","Solirubrobacterales"
"1391",0.24,0.2,-0.42,-0.21,NA,3.79,2.85,NA,NA,"Chloroflexi","AD3",NA
"1378",0.3,0.18,-0.43,-0.15,3.04,3.33,NA,"HSB OF53-F07","Ktedonobacteraceae","Chloroflexi","Ktedonobacteria","Ktedonobacterales"
"1385",0.37,0.21,-0.43,-0.11,NA,2.57,3.19,NA,NA,"Actinobacteria","Actinobacteria","0319-7L14"
"1500",0.31,0.23,-0.43,0.06,3.88,4.28,4.14,NA,"Kineosporiaceae","Actinobacteria","Actinobacteria","Kineosporiales"
"1302",0.29,0.27,-0.43,-0.02,NA,3.33,2.64,"Gaiella","Gaiellaceae","Actinobacteria","Thermoleophilia","Gaiellales"
"399",0.35,0.23,-0.45,0.12,NA,3.36,3.14,NA,NA,"Acidobacteria","Acidobacteriae","Acidobacteriales"
"572",0.3,0.23,-0.45,-0.02,NA,2.77,NA,NA,"Nitrososphaeraceae","Crenarchaeota","Nitrososphaeria","Nitrososphaerales"
"1491",0.31,0.21,-0.45,0.15,NA,3.9,NA,"Jatrophihabitans","Frankiaceae","Actinobacteria","Actinobacteria","Frankiales"
"501",0.4,0.2,-0.47,0.11,NA,4.48,NA,"Candidatus Udaeobacter","Chthoniobacteraceae","Verrucomicrobiota","Verrucomicrobiae","Chthoniobacterales"
"1319",0.35,0.22,-0.47,0.06,NA,4.41,NA,NA,NA,"Actinobacteria","Thermoleophilia","Gaiellales"
"470",0.32,0.25,-0.49,-0.07,NA,4.7,4.41,"Candidatus Udaeobacter","Chthoniobacteraceae","Verrucomicrobiota","Verrucomicrobiae","Chthoniobacterales"
"1094",0.46,0.35,-0.55,-0.06,NA,4.04,3.4,NA,NA,"Acidobacteria","Vicinamibacteria","Vicinamibacterales"
"1232",0.34,0.21,-0.55,-0.12,NA,3.5,NA,"Acidothermus","Acidothermaceae","Actinobacteria","Actinobacteria","Frankiales"
"1406",0.38,0.22,-0.61,0,NA,4.6,NA,NA,NA,"Actinobacteria","Thermoleophilia","Gaiellales"
"1497",0.09,0.14,NA,NA,NA,NA,NA,"Amnibacterium","Microbacteriaceae","Actinobacteria","Actinobacteria","Micrococcales"
"1503",0.11,0.16,NA,NA,NA,NA,NA,NA,"Microbacteriaceae","Actinobacteria","Actinobacteria","Micrococcales"
"986",0.16,0.21,NA,NA,NA,NA,NA,"Gemmatimonas","Gemmatimonadaceae","Gemmatimonadota","Gemmatimonadetes","Gemmatimonadales"
