"species","warmed_bacteria_gradient","warmed_bacteria","cooled_bacteria_gradient","cooled_bacteria"
"1526",-0.45557542268237,-0.263136628782307,0.566592796389221,-0.259099902432289
"548",-0.599979752761849,-0.537870755274672,0.563460769391666,-0.358002586861107
"1534",-0.426446948741687,-0.285694459416801,0.531812037154405,-0.405372272783734
"984",-0.357542619036569,-0.212058457690297,0.515031115453386,-0.265030926426986
"113",-0.48384766450576,-0.450320764834061,0.510935627977431,-0.108370716481008
"1316",-0.470567412866461,-0.330065925856934,0.509312629617107,-0.247533931930238
"42",-0.292812579642585,-0.188661977847189,0.504370631466907,-0.272632075234264
"529",-0.281134406546692,-0.101296576587741,0.502769921932747,-0.243823549424034
"1452",-0.267048900668364,-0.113367695156878,0.499374703111941,0.0355469909708358
"224",-0.341475690103469,-0.207707258092283,0.488527279255787,-0.19859838714191
"1064",-0.479912880207155,-0.323465136105753,0.48214817536959,-0.196259958745959
"1112",-0.493484546490596,-0.464246789143574,0.477381495933367,-0.311510156680842
"1594",-0.178929180656723,-0.0256799518118172,0.475197537949774,0.0579738842910684
"669",-0.282604606499851,-0.17161882164265,0.472758939571817,0.0169201844535822
"378",-0.293230988869897,-0.195086632159698,0.453859137648078,-0.0633020545979047
"1648",-0.523847741262699,-0.426086282065527,0.453844909777277,-0.273065716195057
"457",-0.365049829163125,-0.130213145106104,0.452415500656559,-0.278864151373537
"904",-0.272726029525237,-0.0777931255875473,0.451704492974027,-0.28447481564633
"1317",-0.324839776429261,-0.175976580095806,0.451319717282385,-0.105607053387221
"724",-0.380950019625,-0.280066899514647,0.447394637193175,-0.334590910582039
"1022",-0.334797779778742,-0.17142811831034,0.447068526153405,-0.190723078499386
"1307",-0.310854178832118,0.000905357422345704,0.444803281340798,-0.463206477305818
"1151",-0.336357836555071,-0.19690944577398,0.444346044307845,-0.346793185245792
"1572",-0.265823745891562,-0.119452201260051,0.443294368801555,-0.0693455338479893
"598",-0.485901691233356,-0.421234429646417,0.442563887171004,-0.114155564715644
"316",-0.386887071830704,-0.231523517117251,0.44254817554179,-0.168373635074344
"339",-0.325743810538179,-0.0992629261271022,0.442185285907822,-0.434212177371185
"1120",-0.307147462883005,-0.192399272041042,0.439611487708918,NA
"1656",-0.328803452839598,-0.089736353707936,0.438503399736746,-0.420735586593844
"1055",-0.478017921917564,-0.515199017611665,0.438220426808144,NA
"12",-0.455516263027264,-0.264468661435247,0.438112396600669,-0.437431768991
"934",-0.216651584796836,-0.0977500913485001,0.437375149346079,0.0579738842910684
"1136",-0.223210244844224,0.0372857702940895,0.437309089026414,-0.349786061511374
"226",-0.228075462564809,0.0987829054983455,0.436939989029384,-0.255431840583987
"321",-0.354717650938329,-0.229422077934188,0.436681192906986,-0.291277455168338
"1098",-0.370030724784846,-0.146770285224268,0.43661673382116,-0.426562950386967
"268",-0.356902456938266,-0.209911672164453,0.435892371223067,-0.232037481713674
"330",-0.317328330148024,-0.2103136971264,0.435038844514681,-0.189390700531758
"440",-0.30937280773194,-0.176034929689451,0.433170270416746,-0.240849813471703
"894",-0.522871848112953,-0.460404867706206,0.431527033113124,-0.282246762478767
"1233",-0.41453964745402,-0.14983174256854,0.429176638611967,-0.292003042140392
"1663",-0.503633906958752,-0.447208265993682,0.428407776747211,-0.152805467775868
"89",-0.48612046701627,-0.355687525041546,0.42456980133635,-0.213406383768952
"976",-0.227534102321557,-0.0285243263303801,0.423847906295956,-0.168182760487043
"95",-0.209844791664187,0.0328790523449279,0.423837030241085,-0.202669202913576
"637",-0.339733859062514,-0.1265905744143,0.422372925685703,-0.344700376672307
"331",-0.47455907747582,-0.446109581387216,0.421538609487999,-0.246062737741413
"10",-0.50760833378676,-0.454311242573204,0.41830345823396,-0.35557300818529
"1560",-0.305793624250836,-0.141820372978532,0.417766685605192,-0.314385185353699
"65",-0.277802007133082,-0.202898862381899,0.415391720215133,-0.230294580296277
"1057",-0.403861059180837,-0.249754661792888,0.414245409334247,-0.200163050535192
"1024",-0.349573927957819,-0.266526612645105,0.413286282210197,-0.299156208570885
"1159",-0.326365337281518,-0.213539814333347,0.411147931156235,-0.278950965952737
"610",-0.299823985093206,-0.144106180474532,0.4099797066212,-0.281221985476492
"1058",-0.37668801691657,-0.28514764286005,0.409186737967047,0.00804995701059561
"300",-0.41468857484367,-0.34130327235849,0.40813152641559,-0.115788315135711
"865",-0.468806198552628,-0.374290084490986,0.407035978755519,-0.364737678750117
"328",-0.324079445095675,-0.125608743105944,0.406493807466695,-0.1453282322392
"1030",-0.300456749446971,-0.283293209841468,0.406488061839972,0.0579738842910684
"1404",-0.284718884376012,-0.105173989925054,0.40602826616745,-0.00431920048586734
"1114",-0.254311881178457,-0.00316214440741984,0.404208387430512,-0.270912685572583
"1059",-0.371551225771245,-0.285787786110466,0.40389726705414,-0.244725484960471
"645",-0.28998377584209,-0.0949590701627222,0.403801387224639,-0.261512723753913
"961",-0.31423657857186,-0.09468235395935,0.402643303004417,-0.267025161792253
"595",-0.419252597564472,-0.333326856175465,0.402440901726462,-0.117013172723938
"733",-0.501767301322724,-0.461452411348579,0.400748881772532,-0.214161647020733
"1032",-0.421983001544678,-0.277254340227706,0.400308790454931,-0.415915399251953
"1134",-0.289380041406882,-0.0890134609698471,0.397753165796028,-0.310188341458748
"367",-0.379361669651312,-0.186604736183805,0.397489692659266,-0.202336514853393
"281",-0.32484296486964,-0.201203886972711,0.39666955025304,-0.350632620722245
"1126",-0.291336129046398,-0.158080003220873,0.396591248532611,-0.178083797136493
"1272",-0.407443406510817,-0.307281832832429,0.395692158986864,-0.229258898415812
"650",-0.387172743966419,-0.297222840386537,0.394497317163841,-0.235058349824623
"1293",-0.177840896577581,0.0141747781182869,0.394384245103661,-0.263825638956729
"941",-0.237412180776666,-0.107678519163906,0.392480159450565,NA
"652",-0.301577602555961,-0.266426365989222,0.391530227396476,NA
"1147",-0.401026026987508,-0.25367867583396,0.39112787597489,-0.280297170156509
"988",-0.222959392675554,-0.118427918812624,0.390870543344385,-0.0051985242486027
"1140",-0.369842192832419,-0.269428221678996,0.389270877678266,-0.246981098172094
"915",-0.384430703574401,-0.310532549723926,0.387368813973221,0.0500847694700572
"100",-0.469489890874141,-0.388424576869165,0.386867430525121,0.116953446192614
"1038",-0.227316896431637,-0.100417225687425,0.386146862138672,-0.294061049519076
"1365",-0.404003180269252,-0.366511234698283,0.381089840483872,-0.207818608744289
"1069",-0.289076191787843,-0.155671138460714,0.380852675202419,-0.132473692351669
"949",-0.314580462778417,-0.216892070244301,0.380221248564666,-0.200251967723153
"308",-0.305154892275146,-0.20636445736107,0.379490365245871,-0.209047155932527
"907",-0.305921630567719,-0.334672637965583,0.379232993782477,0.066818356993371
"280",-0.313603666906918,-0.269795917453381,0.377763499681089,-0.0757797182283106
"1332",-0.164261256658009,-0.0462799154005243,0.375963362461034,-0.215139319136083
"198",-0.141849071577844,0.0370523031868946,0.375383412986113,-0.0918533757892207
"1235",-0.28820616407478,-0.0535604309966046,0.374910211129946,-0.237282178207943
"872",0.000370200609244338,0.173142366899683,0.373504754371578,NA
"1201",-0.259359448850018,-0.0763619968103984,0.372803320177526,-0.0229984251546301
"11",-0.324621366739801,-0.0748920542802713,0.372128744079386,-0.190484909032957
"34",-0.252717679889432,-0.127383212420723,0.372033856172314,0.0579738842910684
"97",-0.430543018831666,-0.329254121762269,0.371460804647086,-0.190461343288311
"1637",-0.316206143231295,-0.0755189560377203,0.371226534056918,-0.235124262729147
"167",-0.495180001290347,-0.412892943529104,0.371126486818163,-0.25030606685576
"408",-0.406079948706237,-0.366019202490657,0.370863468465698,-0.296934072730819
"246",-0.409613326364305,-0.312856554778335,0.370242897140111,-0.0735675477132722
"1631",-0.212353458400408,0.0635608615980126,0.366230232477304,0.203938408165575
"430",-0.289344408042707,-0.0555836106420025,0.364847468860336,-0.41436037826304
"234",-0.438354528923849,-0.358995908257063,0.362868036208311,-0.23215825883613
"1499",-0.103309003116948,0.0224091578099154,0.360253074881615,NA
"919",-0.125597138930806,0.073111794413098,0.359714929945108,-0.191186646531649
"1411",-0.572545520977242,-0.534275608661484,0.358710383919535,-0.37488961739105
"1121",-0.209424954309473,-0.0469281067567309,0.358634455971784,-0.245761244282474
"989",-0.436839645484157,-0.432200452751199,0.35857483948579,-0.159491316631513
"1193",-0.31929195678898,-0.27681879525881,0.358393783538082,-0.303780333864242
"1137",-0.103276409804566,0.153041123421672,0.357356777043782,-0.252279638725723
"1649",-0.416223596202119,-0.334080636144385,0.356870946632612,-0.216716574570061
"154",-0.378204487716032,-0.30791976949409,0.356098726603554,NA
"1523",-0.314800566885301,-0.25892993409692,0.355217273235087,NA
"1079",-0.345923095945906,-0.222605978520857,0.355204893145225,-0.232917159575826
"1542",-0.234770214274047,-0.0514771277939102,0.353826618668719,-0.291355421036798
"349",-0.414963643113449,-0.282197194834577,0.35299946053159,-0.290477736652232
"909",-0.196289230543689,-0.0600340973213039,0.35200741195689,-0.227202128422669
"624",-0.397538870762513,-0.399056442911233,0.350233105994845,NA
"18",-0.414812456923811,-0.376956571387202,0.349959757437698,-0.132671924245497
"50",-0.204072801903628,-8.40307824541793e-05,0.34909946078302,-0.161656059244216
"123",-0.415834008496138,-0.29512771176859,0.348964017914881,-0.331011321466826
"359",-0.25853819910524,-0.0847828107413196,0.347317144183071,-0.291597931864063
"935",-0.339935874450358,-0.337766932361666,0.345989272174246,-0.376996051950655
"1091",-0.314401648619186,-0.178841746083716,0.345731021108799,-0.23895829311429
"1654",-0.223687008254904,-0.126304538575879,0.345619448415899,-0.0900712691526149
"1662",-0.280547581382387,-0.034626256716757,0.344853311718179,-0.401588984083619
"1158",-0.467765787606267,-0.36557676259854,0.343357305597131,-0.270721515366709
"464",-0.175776667634895,-0.0451971744510497,0.343294289559872,-0.166066574318535
"1087",-0.141552017261109,0.0892658033023295,0.341527501653677,-0.0757797182283106
"608",-0.282746608682365,-0.126179986436236,0.341486149702366,-0.165720720504143
"21",-0.349170804379166,-0.319396305758213,0.341295760187973,-0.142254448761878
"576",-0.264875813302846,-0.0597720092679257,0.340146210715805,-0.265451737706606
"56",-0.353383053831255,-0.258648014343792,0.338385716588684,-0.440337120473771
"1031",-0.434302142509753,-0.397445357687932,0.338198240433772,-0.383161689369412
"1480",-0.232050183553469,-0.059481323679751,0.338036199124439,-0.110393369527723
"927",-0.139249184943019,-0.0817108874989311,0.338030383573826,-0.139369293568879
"1001",-0.49532854495289,-0.438435559795749,0.337989797252106,-0.285621343706249
"647",-0.14003250198558,0.011068079075493,0.337843097333552,-0.340958812930442
"1000",-0.236558959376846,-0.00927917727569346,0.337730826155906,-0.120654062365491
"115",-0.176263854563364,-0.0481216122763411,0.337649046079021,-0.235017661705211
"1310",-0.300108799457098,-0.211320423759531,0.337557133375792,-0.0854208999565247
"1242",-0.372994411119027,-0.198291777250982,0.336949076590891,-0.419891394101071
"1013",-0.194479001376935,-0.0703782178892075,0.336828314503892,-0.142109326973889
"1536",-0.259892639328117,-0.18384271329972,0.336096678212105,-0.196259958745958
"1585",-0.255145001691348,-0.265408330876514,0.335346189280686,-0.142598927164644
"505",-0.493275268375104,-0.409269396703183,0.335243463967781,-0.289154083469944
"409",-0.407220032635876,-0.379975845326678,0.335106749471288,-0.196924803404113
"1074",-0.373073483008834,-0.359249309112601,0.334756109923249,0.0291294158658131
"990",-0.505183149849349,-0.438676952603721,0.334220861426197,-0.407743485953573
"20",-0.314432873879231,-0.216491360230511,0.334075618473232,-0.211907789214218
"563",-0.398461611301169,-0.40257178730522,0.333114769564618,0.0579738842910684
"7",-0.188078818141269,-0.0170549059610455,0.332696499687869,-0.142454179057925
"1650",-0.276623867963565,-0.16666015067404,0.332292516740591,NA
"930",-0.445927917631157,-0.328199846104821,0.332231393875108,-0.154800374525283
"1600",-0.193768115995435,0.0022183763802602,0.331728584558476,-0.128628161671369
"717",-0.163069845732366,-0.0855938866084958,0.331441936018169,-0.284310847198039
"454",-0.220686269507984,-0.183959081448371,0.331061282851342,-0.0757797182283109
"1345",-0.0749842812006711,0.179417015309423,0.330998826072843,-0.247241843842618
"749",-0.296860956223624,-0.209186022348863,0.329797638608452,NA
"461",-0.344916184246177,-0.255030449021809,0.329794873629299,0.0904116563443102
"1549",-0.238142491093406,-0.138375494756303,0.329114724818102,-0.0630405231316189
"1258",-0.21111176875237,-0.112372161965552,0.327835066214244,NA
"1163",-0.303543427497335,-0.166419501502836,0.326923035912862,-0.352068531469002
"413",-0.342755811010536,-0.24254160283856,0.326412113769431,-0.196259958745959
"1119",-0.474761140397162,-0.401799122606093,0.326343357117823,-0.320571460775855
"1641",-0.192518211839968,-0.0667803406646393,0.326038703348857,NA
"79",-0.30139737389244,-0.145334750495976,0.325342899956621,-0.0148668322882448
"584",-0.351749116404505,-0.201106522870983,0.325245808329987,-0.244984614416559
"487",-0.154102014917852,-0.0513419489537026,0.323911280368768,NA
"1598",-0.268644917065601,-0.164491587661679,0.321121627079038,NA
"1660",-0.339218508368276,-0.25865623854195,0.320766198139612,-0.244220249020816
"1101",-0.332145016151031,-0.206821354030783,0.319267084911749,-0.423991804613751
"455",-0.349130102110243,-0.196107974246117,0.317135637949703,-0.310508028888153
"1479",-0.258108188322365,-0.0426721652845062,0.316021717552056,-0.347096612227978
"715",-0.391990089120101,-0.271322595684017,0.314907519023412,-0.334997522434577
"1410",-0.279950577364287,-0.233975515234312,0.314819307734086,NA
"276",-0.411571627591071,-0.309832781662451,0.312557885129214,-0.221343267126029
"1007",-0.237105803236904,0.0410893290447635,0.311720030002716,-0.382152325836647
"251",-0.100252947288404,0.0551271710482288,0.310544664269407,NA
"301",-0.280960041756856,-0.0650335673673657,0.307148287879326,-0.237519442951373
"752",-0.162997891541095,-0.00531263023527195,0.306943868855509,-0.0627676146277939
"1596",-0.158186022914338,-0.01293241726894,0.306765586189026,-0.206754221242016
"1571",-0.380229088097419,-0.225118075293687,0.303992647511508,-0.257297210462947
"94",-0.361529095761077,-0.340808785943371,0.303987576139032,-0.142598927164644
"456",-0.325586495792272,-0.170613943985321,0.303868567594282,-0.314406154410916
"837",-0.245898091470941,-0.180364637189602,0.303774256852825,0.0348504841856688
"369",-0.317093236238163,-0.21235421379227,0.301219662724759,-0.289664888848491
"591",-0.27844041380006,-0.236536848901422,0.300895904712006,0.111775837129829
"1524",-0.402520136840068,-0.382519715461637,0.300250951668868,-0.243571164204481
"1547",-0.543772724982478,-0.456957503579064,0.29971293531594,-0.29417020434164
"1427",-0.279828171841564,-0.23031574733279,0.299701951873987,-0.0478306542764195
"1063",-0.0764303628591693,0.173306463730187,0.298729010929351,-0.0949013113524489
"889",-0.351748146640589,-0.309938546562838,0.298691163954851,-0.155293893968517
"1507",-0.252880700711974,-0.0040205935324961,0.29860223585451,-0.155742794313349
"70",-0.328413760981819,-0.159818850232614,0.298103775389892,-0.0797618123063996
"285",-0.258726242924434,-0.15151140405391,0.298097526566207,-0.155272407500074
"1587",-0.26092329389807,-0.254759923247632,0.297723842886943,0.130039942981139
"597",-0.469636460793088,-0.37889980839789,0.296299452232498,-0.404084567767291
"1143",-0.150595863093503,0.0150319695962319,0.295539921264577,-0.179572071639492
"287",-0.398570783110418,-0.299652372597336,0.293661415545568,-0.163270026501335
"290",-0.110531269463418,0.156064087930989,0.293594777552521,-0.177450199998195
"257",-0.242046772593526,-0.154939539325336,0.293266145998966,NA
"1128",-0.210912978660693,-0.118240122696994,0.293240810206401,NA
"631",-0.268231805811346,-0.169837011438438,0.292874286172987,-0.243693034310318
"57",-0.35811792741227,-0.319344036058348,0.291249703953868,-0.191202554129007
"778",-0.353790181411137,-0.275213910293165,0.290417194906939,-0.417330316879094
"463",-0.165240028180477,-0.0521662344106695,0.29028127037286,-0.0299086131370826
"194",-0.383092551430053,-0.286382659718396,0.290162039565324,-0.100429967578666
"1299",-0.147754545928129,-0.0755853470712232,0.28965169060557,-0.140838561432633
"1076",-0.419207708583793,-0.330218831098325,0.288755351946441,-0.368001167989634
"493",-0.257977649211338,-0.0799870804681926,0.287405544263418,0.00660633771872765
"1100",-0.403007989983839,-0.399470449069428,0.286963386387787,-0.282361780377985
"671",-0.0572349389183863,-0.020818325360855,0.286744779285689,-0.144825395479483
"1068",-0.280605610459341,-0.230311043757489,0.285580322027091,NA
"225",-0.207854207710747,-0.186451439977564,0.284582115865624,0.204559530022511
"1127",-0.194848535113303,0.0610266047539081,0.282002656647594,-0.263270159810147
"72",-0.383433145753675,-0.34807583505548,0.281263174282129,-0.230676052968048
"398",0.00421088968570217,0.18467833616718,0.280683775759861,-0.0297365074436449
"9",-0.464453812556894,-0.473352980619172,0.28053760826154,-0.173902993533106
"1301",-0.328983804645128,-0.336301320759658,0.280206413076053,-0.168526862917588
"191",-0.356153002991893,-0.293226447069096,0.279829450370001,-0.2538479370717
"1653",-0.349041643034902,-0.209159113565844,0.279436229803297,-0.43491852650255
"122",-0.134268318148551,-0.0932247427636566,0.279302506633436,-0.14623308366475
"704",-0.338759037617198,-0.242195399992317,0.279221494465339,-0.20145318080049
"1188",-0.181226280328026,-0.0161503139221548,0.278618576844335,-0.195649562485651
"1371",-0.341483031607068,-0.225687762770069,0.278034066314711,-0.146360280298324
"1167",-0.506984813658582,-0.511534398199506,0.276696308358085,-0.204271432292325
"797",-0.108443175187807,-0.121638480260395,0.276617398963392,NA
"1107",-0.203366035089535,-0.167182850464173,0.276166357030501,-0.27479389075568
"447",-0.298952363759461,-0.190599693419294,0.274290708950955,-0.226205484650703
"406",-0.103037823050867,0.0357836306475406,0.274005190933671,-0.148439410281268
"77",-0.15833884717894,-0.188546130818632,0.273902959834494,NA
"1086",-0.119098235369609,-0.0201731167209592,0.272809968992593,NA
"604",-0.0240054608768801,0.19362722907452,0.272758666953524,-0.194432268474268
"119",-0.0501541857615932,0.0854298507038572,0.272599602188094,-0.0757797182283109
"622",-0.308909709320597,-0.324162069431794,0.271647822526853,-0.267411691200032
"1416",-0.386257439096007,-0.314305018028057,0.271416824400644,0.0225888353539725
"1067",-0.0773598754483051,0.0574572187399557,0.270605323566405,-0.0138398364825596
"333",-0.262894431721844,-0.181351401688389,0.270413262303877,-0.243020294493735
"307",-0.40244277897346,-0.273820763758012,0.270379361804833,-0.299305212275663
"24",-0.206683086118871,-0.127068087176581,0.270025332569254,-0.190025553626462
"1450",-0.139256094611926,0.00398825905066768,0.269081963691804,-0.0604131493392972
"1535",-0.347070520473228,-0.237407924915196,0.26823548574814,-0.201781752741428
"628",-0.190357372759764,-0.129623572372372,0.268123883265025,-0.196191280502518
"43",-0.288313033566819,-0.235192638189608,0.267718965337137,0.0904116563443101
"1017",-0.18555547800608,-0.0894028574137329,0.267607637931006,-0.156122591378828
"999",-0.101263624881856,0.0161121399568592,0.266339587193634,-0.248895918264889
"730",-0.0652734843960631,0.0417056181528495,0.265264980180432,-0.155272407500073
"1425",-0.144270187895602,0.0178175436831346,0.264941534984631,-0.24409959559715
"1465",-0.453161964181957,-0.408499404744895,0.264599552255023,-0.0938474020078467
"981",-0.231451797712825,0.0273287831300735,0.264119429906898,-0.433938871589932
"1043",-0.211092457986959,-0.190661057760556,0.263391438272556,0.0579738842910684
"567",-0.0787094813815784,0.122858601970252,0.263279018088122,-0.277908659337697
"1505",-0.0276958461230558,0.063089258729401,0.262486773481322,-0.0909822479823327
"1554",-0.391675398106771,-0.227747088996165,0.262236973804322,-0.252729002902588
"1550",0.00427323302812791,0.161462655171086,0.261182487653616,-0.167198266374882
"416",-0.394762417562977,-0.472221317628595,0.261013247894966,-0.17553063723784
"518",-0.0433206875456154,0.115668075542686,0.260781567489458,NA
"193",-0.411771544096717,-0.332172476156042,0.259283200334456,-0.351764126616424
"539",-0.100123976755581,-0.0118576698143902,0.259108384950152,-0.20513895005744
"1036",-0.310645784612529,-0.212446563190901,0.258121390939767,-0.295840963382326
"675",-0.0631800918760349,0.11975225166821,0.257699524034741,-0.276942478643705
"270",-0.208571307422236,-0.166268486099208,0.256847485377408,NA
"1647",-0.479652772828227,-0.405664803592015,0.254838072982841,-0.3556038116587
"1108",-0.19679694065173,-0.148048678628572,0.254517758587789,-0.10492805953206
"726",-0.284052148554604,-0.150232209987956,0.254365390200824,-0.312339066785282
"375",-0.184121982358339,-0.0231156336777867,0.252681711318249,-0.18353537736931
"1614",-0.116773629260503,-0.00399887331228408,0.252414562567418,0.140493795579253
"525",-0.172265675659198,-0.124694909770885,0.252341744579028,-0.299839921196412
"1568",-0.256444744186633,-0.193044407247899,0.251886646440429,-0.159686967248877
"515",0.0329230417660679,0.149168600471631,0.251780578517592,NA
"581",-0.254809053805472,-0.325785694535795,0.251387777021165,-0.246280996659269
"1368",-0.405716413845814,-0.263907242877902,0.251272429864998,-0.366182234598304
"583",-0.32389951726261,-0.157812859872904,0.251049829224679,-0.279248018089349
"1179",-0.287791210525555,-0.1230659703387,0.250736566932173,-0.373459024646532
"145",-0.294352916780571,-0.359436643067397,0.250033499757881,NA
"1351",-0.345049816678828,-0.224904317771798,0.249460125242664,-0.214943136855672
"444",-0.298996763711,-0.279081049172251,0.24875411775755,-0.110756519775673
"571",-0.024242001531401,0.0679529263099889,0.248660398244121,-0.196259958745959
"593",-0.34130336809409,-0.147515256577436,0.247125792037164,-0.369607630087081
"1657",-0.379333309289901,-0.302840394097093,0.24637212739851,-0.23338420492239
"693",-0.187034716172095,-0.121394957351068,0.245428833072439,-0.125017053956033
"372",-0.179201766664009,-0.0404537658408591,0.245337725729927,-0.498322915670316
"158",-0.0804686841148173,0.00425514531572993,0.244304801458408,-0.234136018231031
"774",-0.244969976600361,-0.104207862315697,0.24382398217841,-0.285414658291023
"472",-0.233751589231437,-0.15364362716207,0.243583759495808,-0.159347120219517
"558",-0.212767814860633,-0.158152271108749,0.243526141470627,-0.144899616928277
"137",-0.157271128099857,-0.0816672489115147,0.242973576084632,-0.0757797182283109
"602",-0.284123747980334,-0.281696212851178,0.24259500905082,-0.196426380719972
"658",-0.287940245799863,-0.0658362803488331,0.241550671401622,-0.436415763974303
"306",-0.132707929214217,-0.0619200490750501,0.239778075630745,-0.161664334013219
"763",-0.17754930616126,-0.0915292808127921,0.239241877306433,-0.0757797182283106
"126",-0.171253893079966,-0.0399634853264532,0.238673434489478,-0.149701962268388
"479",-0.215753489859645,-0.10352376564126,0.237581032162855,-0.213213526227056
"776",-0.109737621583944,-0.142501322669883,0.237286128655957,0.0171303994220621
"33",-0.0762261144847372,0.142153348792807,0.23709414865345,-0.195827994624064
"714",-0.211984512280793,-0.135899531164208,0.236715456684845,-0.190119555185989
"1061",-0.151320210674035,0.0208224079060613,0.236508393073181,-0.0505519475185527
"732",-0.354942914188753,-0.311033447887955,0.236501634395827,-0.323497256917219
"245",-0.20627632926605,-0.0120914975043648,0.235648267437182,-0.324193606971759
"429",-0.2551733836273,-0.0969731231258505,0.235100369532123,-0.365909069193157
"1274",-0.07013959997007,-0.00938429332565481,0.234627180882712,-0.114956623507089
"1065",-0.262673749366534,-0.194259164076985,0.233875688773657,-0.234954677929401
"1559",-0.318333357796557,-0.25767184395739,0.23366151683455,-0.263547163158651
"680",-0.215165272943816,-0.152176576648896,0.233455621236581,-0.194558681804044
"1014",-0.0507786678866668,0.146439855716924,0.232683670549269,NA
"833",-0.0779996810911932,0.109057940574948,0.232360415687475,NA
"1328",-0.0543791498992884,0.162171296290643,0.231987697120832,NA
"1016",0.00206846883036258,0.130651352865468,0.231638340312906,-0.142598927164644
"1296",-0.0488153443155311,0.0652666544430312,0.231355603043899,0.0157199105581426
"205",-0.123425265846816,0.0480731950319296,0.231315033155725,-0.0847697268927844
"923",-0.129345824335511,-0.00790628132773264,0.230680248545398,-0.0150997542976739
"1619",-0.167248246255624,0.0679090173083299,0.230614417404086,-0.333493905355797
"1533",-0.420328216106225,-0.275532283978228,0.230443171977775,-0.391058062137052
"465",-0.140373215545401,0.0563986343468657,0.23033782324745,-0.0732665906287193
"1008",-0.123074025028368,-0.00885600591831934,0.230035800334975,-0.0757797182283124
"271",-0.0658753945495292,0.0406509119211061,0.229669029192615,-0.00656010749527494
"960",-0.181520263109598,NA,0.229666736930314,-0.19959095343251
"1073",-0.386891205333279,-0.285783184348956,0.228890205974542,-0.0747050008111409
"911",-0.14438569817194,-0.0921570859658433,0.228243874349671,-0.0637938169705132
"648",-0.0858095135130174,-0.04148736301497,0.228235928547128,-0.133368254598743
"1285",-0.0687243996610585,0.0949213648552415,0.225811823361593,NA
"192",-0.282419899957408,-0.186970776044976,0.225739140495103,-0.24358027043508
"1383",-0.112995475327546,-0.0490815036723984,0.225622521438756,0.0457374799051541
"1579",-0.25443935656901,-0.105986903735517,0.225482639339885,-0.154099334124836
"1270",-0.114114476335265,0.0669165046781621,0.225379469833295,0.116953446192613
"1562",-0.185646360053482,-0.0315911100378797,0.224861078538126,-0.149181998844667
"427",-0.229746118032865,-0.125559378771573,0.224850823205827,-0.226379107208079
"23",-0.101006526393755,0.0159517390204649,0.224213934535733,-0.0699030575890163
"303",-0.0856153222658566,0.0737884640930435,0.223791799479466,-0.271636781812502
"611",-0.103259877040666,0.019969236638425,0.22305419971961,-0.221680849395295
"208",-0.0783689369740651,0.0569636999493259,0.222637020391364,-0.108064668531513
"1117",-0.174833222144264,-0.151025418755143,0.22250201843905,-0.0609815671537187
"1104",-0.327126571145673,-0.110376527836818,0.222252604846877,-0.386590737579152
"600",-0.265891210323171,-0.0887011817533052,0.221231899288146,-0.371876800550125
"1504",-0.00962060470005615,0.230516258492255,0.22080612267181,-0.248234563214469
"124",-0.24810307260464,-0.161537270552532,0.220710809614262,-0.14216640740901
"1394",-0.230924108004158,-0.204124437946205,0.220706819708455,0.0246542991909621
"1191",-0.0709973508602075,0.142684410175301,0.220359832574261,NA
"1051",-0.180383970314302,0.0395348117736817,0.22015694681322,0.000897995147771252
"274",-0.342592745707747,-0.386266409618411,0.220097006785842,-0.163942130057219
"389",-0.180545690347146,NA,0.219850391436363,-0.194172925769379
"424",-0.305970544445276,-0.212432774263743,0.219737541554092,-0.162326875590184
"1488",-0.220925397614976,-0.0595334163938927,0.219672354466334,-0.197350018395399
"215",-0.0317466035082946,0.121277691781057,0.219648919378986,-0.144669304870195
"541",-0.13292713873766,0.0694814474007901,0.219628626125387,-0.127326818884232
"266",-0.373297581174476,-0.397793389806398,0.219252971520817,0.00804995701059545
"64",-0.254532059177189,-0.24124606041467,0.21900861776772,-0.235638468115037
"1490",-0.100575359682215,0.0809540073473244,0.218545452640245,-0.18467004779827
"943",-0.231009296800036,-0.217852808606301,0.218541535616149,-0.128993810669705
"545",-0.107141337171142,0.106032907040063,0.218484460441179,-0.235584717952397
"39",-0.00686425416177783,0.221380507601582,0.217664552759825,-0.117042786487672
"85",-0.189824502951692,-0.115245879113628,0.217585885677333,-0.213341823802345
"1518",-0.28181715687991,-0.192014789202733,0.217366834353257,-0.245137766865682
"1651",-0.343110183646433,-0.333327207961178,0.217141010810214,-0.214321812914051
"972",-0.150991210548747,0.0174827977014001,0.216495203668685,0.0705154621171746
"1483",0.00108328395690415,0.177376415114234,0.216333138606458,-0.199209943195314
"1028",-0.0875928528625608,-0.0454373308204946,0.215621468183486,-0.142598927164644
"185",-0.187211833013834,-0.132762917343699,0.21561036297782,-0.238640468251593
"579",-0.0358277565934123,0.289476748882674,0.215386858309365,-0.151035512607521
"1514",-0.279375519270681,-0.133226975658078,0.214325556361395,-0.263832197890707
"851",-0.119447683751935,0.0302219558847147,0.212840049936199,-0.0604516498857286
"939",-0.204268538694708,-0.15075792604287,0.212074420164723,-0.0436538913579476
"985",-0.202653283459452,-0.0208216815879814,0.211982355074405,-0.389077914922893
"1238",-0.226541407649844,0.0018464025389716,0.21161673185841,-0.404432937772104
"537",0.00805720908386816,0.162398028602997,0.211007845725931,0.0196389794991891
"1575",-0.0481777199698382,0.00294102295131706,0.209790511740759,-0.155272407500073
"586",-0.264218837508031,-0.292521511067245,0.209438976051827,-0.150906714380356
"1476",-0.0901218163012211,-0.0157433448258389,0.209240193772087,-0.0188364498368284
"711",-0.338017948926993,-0.259473273171276,0.209086401131667,-0.0324504804138144
"719",-0.10420502196506,0.0861927349755593,0.209011907721759,-0.218171578423574
"1199",-0.155459727820177,-0.0436060434402967,0.206560976508467,-0.197052100135601
"253",-0.0842758987207697,0.0606864520405746,0.20630983681034,NA
"641",-0.137601430236766,-0.0383589261997469,0.206001500956161,-0.108303955381914
"243",-0.387494850362066,-0.449249557286692,0.205149630776789,-0.218632896958064
"1048",0.138862446190176,0.258386875212514,0.205104869475183,NA
"1252",-0.0554038217112663,0.0583660351387214,0.205104869475183,NA
"214",0.0252531351479112,0.121385274177676,0.205104869475183,NA
"1206",-0.108181351328031,-0.0314262943662483,0.204946055810452,0.0136459786623763
"850",-0.217404304961825,-0.0876472513922182,0.204847553096005,-0.21423959994804
"1037",-0.143225219765501,0.0139788099245703,0.20461511433389,-0.278469413187614
"415",-0.323538028648778,-0.237807784352817,0.203689008618181,-0.318337163646862
"383",-0.459151810749448,-0.477620120445215,0.203543269746174,-0.454557146967841
"1643",-0.368557726019559,-0.329096332369974,0.203411646827588,-0.278240602835786
"588",-0.393025165675752,-0.324667727943368,0.203342667179625,-0.237935157182058
"509",0.00147994815256016,0.124720876215814,0.203122732270955,-0.0631889545528202
"1286",-0.0973740066434491,0.126764160008341,0.202094519688936,-0.293053483899831
"476",-0.124762625318596,-0.0930953290880927,0.20195771233252,-0.142598927164644
"437",-0.0941071481273892,0.0153233430880253,0.201745840973498,-0.146974312993486
"75",-0.177230910586313,-0.0566989395215409,0.201688959011928,-0.336979693140831
"186",-0.183277958975958,-0.0692713621969407,0.201569193423981,-0.0917524743856668
"1077",0.0221633632097451,0.119955618486228,0.201557943396071,0.0807695068289059
"796",-0.20855466995284,-0.0307298123484574,0.199004038202691,-0.350917969448119
"391",-0.314355162287247,-0.21636875458168,0.198813185966127,-0.40847592705509
"1511",-0.224683356034568,-0.166922853779164,0.198278499515928,-0.0395095682497344
"1375",-0.177549014639885,-0.26055625393742,0.198133859809198,-0.0968868837303818
"379",-0.309279853939099,-0.0463141658788683,0.197735517496134,-0.408236608880423
"129",0.0651173251956012,0.270471696755022,0.197243042908936,NA
"1513",-0.169352539038965,-0.0240572233210677,0.196653353246946,-0.0525830300505873
"975",0.0771067233693144,0.223800576927476,0.19659649672517,0.0683359747603289
"1553",-0.210352607736807,-0.196448111979275,0.196408817248194,-0.280528792656475
"801",-0.225312528500841,-0.124314857540875,0.195691568090562,-0.398979783743099
"1283",-0.135183470560813,-0.0337036677983475,0.19568549937891,0.00881106903838693
"1566",-0.223989377556716,-0.193251629139877,0.194715821489715,-0.214346668559369
"284",-0.0834838297773101,0.0432200100295584,0.194648202742752,-0.256913237609067
"1186",-0.229057136125393,-0.187456918855376,0.194215165069162,NA
"377",-0.0963530417658649,-0.0812635539023145,0.194215165069162,NA
"771",-0.344051422537173,-0.247181879028137,0.19376803326079,-0.238341045242509
"1254",0.0342936262524383,0.182495260397258,0.193665503489938,-0.219548712675522
"81",-0.22416640379374,-0.162829332073713,0.19272546059092,-0.262182638939474
"1581",-0.00616679388476658,0.189354781958086,0.192076559672165,-0.176179851387319
"1387",-0.313309110463488,-0.281616947833152,0.192066136977043,-0.213157060323846
"853",-0.0489758791208067,0.0482752907847549,0.191954405129406,-0.196259958745959
"1627",0.0202695548974465,0.0733847356879456,0.191792977887783,0.119899271951064
"626",-0.309096878321499,-0.196197376555738,0.19145322794656,-0.360616090166623
"348",-0.345499974406727,-0.335092160175385,0.191426014701837,-0.256026030268629
"91",-0.276887062532888,-0.146405414946148,0.191107443263142,-0.166919633357946
"643",-0.00867237353289389,0.19425609590835,0.190792854355128,-0.129136784317731
"151",-0.195185744660325,-0.1970198575741,0.190455074849511,-0.142598927164644
"1152",0.117128238557365,0.32863905096658,0.190163653630203,-0.0754713747633466
"1226",-0.0860492051460777,0.0201822600211058,0.189743922904703,0.0872647476088706
"312",-0.218332408902908,-0.102004438843746,0.18953042113041,-0.201361836640178
"1168",-0.17673998661645,0.0589162824471699,0.188789904280686,-0.415037411531451
"549",0.0192693225270629,0.155190479739314,0.188774068501098,-0.250976859242115
"293",-0.0954057236958245,0.0705633564844553,0.187814145316625,-0.218203739957244
"223",-0.082842097295886,0.0338759439342656,0.187757344287328,-0.388148666316967
"1303",-0.335454192091416,-0.305983103048295,0.187489272823264,-0.123860389951891
"1555",-0.208782952529904,-0.0826982933815655,0.186422034945759,-0.233177325671846
"1216",0.0300915047224767,0.232267541404741,0.185921028221151,-0.0364750497097802
"1624",0.0280574720079121,0.132310649767528,0.185488098530052,0.0409389877627814
"272",-0.11801920854594,0.0229572191745722,0.184737106155637,-0.0636977214443889
"1146",-0.143451383443013,0.00454695121579357,0.184440006397614,-0.392820046190695
"1486",-0.00819022805002227,0.25084581796954,0.184028097553214,-0.196938563100261
"1046",-0.0914227800491058,-0.068247587413852,0.183470502374707,-0.1561564559679
"422",-0.147251971511296,-0.0618222751457184,0.183433053123062,-0.276437128425675
"1157",-0.289229442392301,-0.189431388350563,0.183135115642593,-0.387275686525425
"453",-0.112201711258893,-0.013966592354243,0.181917255289753,-0.170023400453951
"1361",-0.178684049422027,0.00444595797623491,0.181497434375015,0.0579648503235333
"361",-0.264776506482944,-0.194729988453955,0.181211726927337,-0.223122439956302
"741",-0.209628029864123,-0.125440177494067,0.180841418821703,-0.213608558970416
"809",0.107614636017757,0.19014752294857,0.179533149041328,0.173604668655496
"107",-0.225747866150456,-0.19707054647628,0.179258491328019,-0.170770509992511
"110",-0.295196813817488,-0.465986655539707,0.178381227328634,-0.202486328657439
"138",-0.0822990589025957,0.0158849201956774,0.177965296573124,0.00804995701059534
"220",-0.0790073120375042,0.11588519256326,0.177463703226717,-0.152597190378543
"376",-0.355265842105053,-0.164947268471367,0.176765044109113,-0.456091899532037
"883",-0.178943253111183,-0.045592625199684,0.176050800777373,0.0273734759880824
"173",-0.107446733170248,-0.0157143881181074,0.174993912116262,-0.278883858534587
"1646",-0.161732043936497,-0.0758113708904629,0.174888131536737,-0.242616887747254
"623",-0.268897718867456,-0.192837212324177,0.174734498991454,-0.208109926494886
"877",0.0775157910846146,0.112484727532857,0.174645084260618,NA
"736",-0.201966446662992,-0.282065049003759,0.172996318706783,-0.0738687396349756
"553",-0.122248039940197,-0.0169780786770943,0.172657007352711,-0.261250319671943
"277",-0.24974455881108,-0.240474286661837,0.172493181338356,-0.0713358464167251
"644",-0.00901685067021121,0.102253209021954,0.17211159703398,-0.227062637322382
"112",-0.252324433001291,-0.223721085599653,0.171988864717787,-0.215498243297006
"953",-0.210978360393288,-0.124829410849249,0.171848139325585,-0.127633987791344
"1052",-0.116855577075241,-0.125063673539364,0.170926444080147,0.0789733063580493
"1599",0.111165444812385,0.146372528326943,0.169998862434782,-0.0757797182283106
"19",-0.0252447981387065,0.153311203967662,0.169744796741789,-0.29675238038816
"235",-0.165484899711364,0.0544288294138943,0.169726844904932,0.00766551407649735
"45",-0.113245160399819,-0.101462729769174,0.169099408937775,0.0579738842910684
"1105",-0.209017540907705,-0.0932847949981468,0.169050740739909,-0.239271163308826
"480",-0.200310294522153,-0.137422185681162,0.168850591848272,-0.256483619775786
"111",0.0472437785943515,0.296702236846635,0.168029239162604,-0.132980827235598
"996",-0.255397040875869,-0.245857816352948,0.167706511956884,-0.00247873895380753
"121",-0.0537988721001456,0.09101231370075,0.166881626887031,-0.196259958745958
"244",-0.306234519267065,-0.219487091973502,0.166292743035162,-0.439703506447838
"666",-0.116806489072345,-0.0332597487541543,0.166236220296692,-0.0117066231571922
"233",-0.109685989060241,0.0501142956781382,0.165588848518044,-0.419101480708332
"1256",0.0786266236716004,0.256017541710733,0.16558390244802,-0.196259958745959
"1154",-0.0337977311628408,0.0828752805167184,0.165459177299546,-0.136639247978195
"1138",-0.139567975468513,0.12786225696074,0.16504282704138,-0.391939374081159
"866",-0.258276267701105,-0.22537201603707,0.164202505420011,-0.20446276139549
"1262",-0.101972022660067,0.0936033415373016,0.164151589645051,-0.302516653639218
"323",-0.325196288851094,-0.280276537399174,0.163720079261431,-0.176322141512028
"368",-0.256474162603299,-0.117177155095095,0.163674240726593,-0.285720474440181
"709",-0.0877639670567888,-0.0231641482999321,0.163158440969171,NA
"977",-0.158577065149264,-0.117822099282141,0.162800728336161,-0.315095732704368
"633",0.123228870097598,0.294029449693355,0.162742044248107,NA
"1309",0.00217754526043774,0.147439867162917,0.162742044248107,NA
"867",0.1936475787014,0.358147022309177,0.162742044248107,NA
"569",-0.121561127028935,-0.0167631117280323,0.162615493200407,-0.0118869419533278
"53",-0.280431733599759,-0.244052833698484,0.162530105276236,-0.305722678741076
"370",-0.0961577738263429,-0.158550391221959,0.161377662191778,0.0143096991445362
"993",-0.401844640449326,-0.416742622963531,0.1613062217951,-0.302973613915482
"317",0.0393630347328421,0.19576087635363,0.160961442108733,-0.124315921918104
"1078",-0.103262665964184,0.0948846722152619,0.160204672334294,-0.269683745514221
"654",-0.21804340286438,-0.124597468603568,0.16005752667007,-0.03914270855707
"52",-0.32188915507318,-0.264507167066664,0.159606121491594,-0.375901912191063
"1495",-0.04954397222284,0.0212093744320973,0.15926464536939,-0.0479780296622544
"980",-0.188631254894694,-0.170825166942044,0.158759904895585,-0.239708323751902
"1658",-0.153807339766067,0.0152052312669326,0.158686158209203,-0.324703930827431
"1215",-0.00363202056693196,0.147062960052811,0.158571890457252,-0.0628108185886502
"679",-0.151507054667896,-0.114228377809596,0.157951660678226,-0.396653837277182
"612",-0.13941823023581,-0.0079276028187774,0.157927895033283,-0.275446288712515
"436",-0.208916733768945,-0.118277741845494,0.156647633417528,-0.296418553274522
"90",0.0142058875070847,0.144744704595361,0.156513261342969,-0.0625975421081249
"139",-0.23689562831087,-0.156794060611352,0.156009670438223,-0.386467252065591
"1322",0.0235761577775313,0.167294708761476,0.155452150510412,-0.0512890313775773
"1144",0.0761128359760016,0.192205324791522,0.155045808333627,-0.082465114798306
"421",-0.126707494248681,-0.0612581537739247,0.154903839320401,-0.138672263483034
"1123",-0.127833460871556,0.00438173494683166,0.154266400251512,-0.187379610624058
"812",-0.15278976844824,-0.150498176116015,0.154223390639561,-0.186245061160578
"458",-0.294268977602068,-0.20944194628237,0.15415725331792,0.0830180951718038
"1352",-0.159794430905969,0.00104647010405849,0.153742605027175,-0.392459233459243
"1577",-0.065331910509076,0.0953837400557897,0.153272901458824,-0.173473736318539
"929",-0.0891724071910118,NA,0.152753121530902,-0.196259958745959
"1103",-0.301815091354488,-0.214274882753079,0.151457286389125,-0.354695108394829
"1508",0.012363721586281,0.165163733059205,0.151208875020733,0.0637988099149651
"713",-0.274829694225635,-0.139794222178726,0.150823895774958,-0.0206223630893437
"25",0.0444584125701736,0.21812390143163,0.150399343820145,-0.110708661874194
"944",-0.25721214034495,-0.188325682854778,0.150123097666123,-0.262680679924514
"400",-0.077748257158893,-0.0137459918536041,0.150038107326603,-0.163935038499167
"789",-0.271455303656743,-0.15965645269065,0.149982224031031,-0.271636919079709
"606",-0.239647705203211,-0.118549605442229,0.149512204948536,-0.127187349955877
"1426",-0.325560281668279,-0.23701886288228,0.148842001483676,-0.119753598609913
"432",-0.218255127206633,-0.169651798612322,0.148601938072942,-0.163026197843505
"1015",-0.0526546251793421,-0.00725239103287703,0.148414706701153,-0.241756670139013
"905",-0.0103474301473655,0.102009535573794,0.148366220089187,-0.138866755872277
"824",0.0018328864627174,0.17856340149498,0.148097511836974,-0.0757797182283106
"342",0.0756988450608542,0.24469454343519,0.147921352680966,-0.306856225645961
"190",-0.189318261905839,-0.0706287688949509,0.146935494484859,-0.222932400006644
"737",-0.0204743776199815,0.0864410021441449,0.146801048749454,0.215336763208132
"136",0.113165064783243,0.26142427424925,0.145774643870511,0.0579738842910684
"1257",-0.168779570064434,-0.15191719613566,0.145662440832435,-0.268784349147452
"1618",-0.306686177185906,-0.229420334118802,0.145448310807068,-0.268201627382271
"874",-0.0473639556550616,0.0562203581700189,0.145447203732065,-0.158970481901843
"1111",-0.148416126161165,-0.00630479264705644,0.145400715759297,-0.115804900864549
"748",-0.272176950047521,-0.123830000483378,0.144922243183926,-0.153764656124418
"1249",-0.0043288933028419,0.209812165793616,0.144612398124225,-0.311386990186103
"1149",-0.176113072654834,0.0441898350046357,0.144484107378381,-0.00694699920920181
"294",-0.259082084046488,-0.208195979782661,0.14348280643898,-0.200274728864538
"283",-0.0775430683839953,0.112367841180333,0.143457581798951,-0.216744982607039
"768",-0.167793097465182,-0.177573402101756,0.143110097111415,-0.06023583060118
"550",-0.298984078072938,-0.288251598526933,0.142959863056059,-0.219743996062987
"627",-0.256488233327897,-0.170243036139812,0.142581225162092,-0.261983726752191
"1389",-0.040795234810086,0.0703934578565947,0.14214992500074,-0.206616535190826
"1047",-0.109927230455164,0.0611353958611178,0.14169121957847,-0.132838445884531
"1304",-0.266205948303496,-0.268414585830835,0.141353873602656,-0.265166707750762
"510",-0.0693279352536234,-0.170050638989076,0.141131966652579,0.0279247177872414
"1050",0.0143947568517344,0.174525247406665,0.140960096723581,NA
"700",-0.0764469273645265,-0.00375240858515974,0.140685298792158,-0.121265141858985
"519",-0.117808471410826,-0.00382019807379092,0.140231022464642,-0.30631921134534
"156",-0.0167076715381346,0.0819135893312328,0.139841500793273,-0.0396896808497189
"311",-0.311168044369967,-0.279994509741356,0.139808251010135,-0.218304112324609
"1183",-0.278260229754251,-0.253035900627386,0.139568715702907,-0.262637955928974
"1661",-0.263487704237445,-0.223626310507527,0.138896899121099,-0.184091203606314
"1035",-0.184911148837535,-0.0333890833824008,0.138512576152358,-0.307757078578813
"1312",-0.044075212339725,0.120589647452875,0.138339085949728,-0.330572165354475
"298",-0.102546964379571,0.0352863347525,0.13827879504059,-0.325221585565494
"670",0.071093760360959,0.0914465512096228,0.13819825514182,-0.242662820921671
"994",0.146865542064919,0.285153455192533,0.137365156658641,-0.0051109333313857
"1243",-0.0513745022162305,0.0910123137007499,0.137334430356146,-0.311911608906062
"570",-0.271624119849704,-0.217262227350016,0.137283386576962,-0.250141511416412
"1182",-0.0715223683078967,0.0171200903899234,0.13630404146107,0.0904116563443099
"469",-0.0698399227651504,0.0217579962016128,0.13610457363562,-0.104652271072539
"547",-0.0985463409553108,0.0280921583675726,0.135360928009306,-0.079590562704202
"1343",-0.0360153462562242,-0.00805688132987586,0.135192867312597,-0.180437062439157
"1080",-0.256103194650879,-0.202664231878599,0.134884776649858,-0.289665214310541
"504",-0.0199504139765124,0.0860885776584852,0.134333730875851,-0.148832476965332
"721",0.109390223203788,0.256392030336431,0.13403012928183,0.0579738842910684
"1148",-0.168326970130588,-0.14626682011758,0.1338380969982,-0.245159918513397
"116",-0.0316835309074605,0.0910123137007499,0.133819975518228,NA
"252",-0.0382477078163048,0.09101231370075,0.133651136902599,-0.0757797182283109
"202",-0.198077717216321,-0.0431296424369346,0.133391231614059,-0.148989203701126
"1399",-0.121435955955594,-0.0136844272806832,0.133384568605772,-0.0732665906287192
"459",-0.299569274573644,-0.219094674366515,0.13297198225826,-0.190883818561971
"1617",-0.173653477594644,-0.0926907152923985,0.132624760286036,-0.36873850828925
"1124",-0.0588684982187394,0.0597312582889939,0.132567243219888,-0.0630235422386582
"1434",-0.258324489186178,-0.255719801938935,0.132359773158354,-0.157560729011416
"211",0.0650875895838404,0.0488228446545337,0.132140473642465,-0.136601881991296
"446",-0.198500616946194,-0.129921801862029,0.13088334749788,-0.28976175771113
"1380",-0.221276364005363,-0.145391198681199,0.130367004314723,-0.348134868782678
"792",-0.0093779889202527,0.0518066765923117,0.129924900744731,0.00694913099582223
"522",-0.339429279218277,-0.287625553401793,0.129497656692712,-0.188637841963877
"799",0.00604088383086196,0.0835077051203549,0.129298153834525,-0.128777117000668
"275",-0.098959545667195,NA,0.129022035969044,-0.232825008888313
"695",-0.156763454664639,-0.0393970600552444,0.128584965304831,-0.334333137107895
"1002",-0.36497008931775,-0.362253732676703,0.128463381800547,-0.283279583448129
"1288",-0.104148340235002,0.00910756671062737,0.128329028254475,-0.286804517404153
"468",-0.233685579495573,-0.2166225568827,0.127861598300613,-0.28919658957174
"105",0.114713826467684,0.223778787797069,0.127355895266869,-0.0447003354627255
"1020",-0.12438801805443,-0.154599414389853,0.127196339566019,-0.142598927164644
"373",-0.236412015880166,-0.0886614598463152,0.127107879314973,-0.30460664352714
"299",-0.0218314029967004,0.00872830648166551,0.126770102567817,-0.224125106352176
"315",-0.108795915850452,-0.0561317685152167,0.126482818708345,0.011132686468157
"512",-0.00887889926502308,0.108180575343265,0.126391034572674,-0.00369685182985877
"1402",-0.0703545100311884,0.132964473706609,0.12633769312816,-0.260820798095333
"954",-0.0590926811497746,-0.0233695826924052,0.126320997124888,-0.189571037517622
"1204",-0.119092823129371,-0.110213691616676,0.126064610110566,-0.316402037789871
"526",-0.216894740038617,-0.0573355315754713,0.126005110049691,-0.241847630959343
"592",-0.0227037358533508,0.00739419734989398,0.125717330939357,-0.155272407500074
"1558",-0.325685312232897,-0.278505476708161,0.125642715871086,-0.0231389528576264
"629",-0.103314980820738,-0.127381596323246,0.125096166896695,-0.300340963611846
"442",-0.0678980620328214,0.0276482990683233,0.124073760271243,-0.290287229174867
"1578",-0.0986628694921844,-0.0442282668384809,0.123109219975992,-0.200965196281124
"217",-0.0126605676894124,0.113066401316414,0.122873406324074,-0.176584108016716
"1118",-0.348106120216444,-0.31752704149266,0.122827905596227,-0.255453245336509
"1194",0.0314748027601964,0.147549226341198,0.122569770336997,0.204559530022511
"478",-0.0479929549403351,-0.0532289163964664,0.122374065948994,-0.032788546048282
"1593",-0.109103986093848,-0.102852580584296,0.121170033999468,0.180087940788142
"1033",-0.325491386009941,-0.353622150692406,0.120582471540886,-0.254906582324266
"4",-0.188505929228361,-0.177669098376146,0.120224571359657,-0.352725753483144
"1358",0.0202303538205693,0.0741469750243359,0.120219914253205,-0.12091898250066
"1172",-0.0799545542590098,0.02754037848147,0.120136222318173,-0.163417129884104
"562",-0.102873005640304,0.0151150517185581,0.120015103701741,-0.428379787646352
"1042",-0.238559186790623,-0.11701496371137,0.119845429590323,-0.324546557184154
"387",-0.425075510975339,-0.381603840395241,0.119810790301238,-0.175548824705972
"1527",-0.212439361316311,-0.0654629195223796,0.119351980000006,-0.11404478454341
"945",-0.221229000116286,-0.158213798687883,0.119183616488632,-0.169222800870289
"134",-0.191859826736942,-0.183367071427237,0.118900158924023,-0.276292995781386
"673",-0.134451451592808,-0.0364929079160661,0.118466854877325,-0.239822749624481
"1344",-0.130196678513404,-0.00536270457076219,0.118450709814252,-0.117582734322555
"917",-0.00817822427594879,0.15620342231387,0.118274848913069,0.09041165634431
"269",0.101586097954744,0.101311675978529,0.118097062892058,-0.201560534190443
"278",0.0267754313991023,0.0764810525661745,0.117560985570302,-0.088555607252207
"1315",-0.336340281656191,-0.285226141352393,0.116667231762272,-0.306285167329595
"1346",-0.0277227633033505,0.0935718332143364,0.115901536149317,-0.175657046281149
"1324",-0.0709361649498752,0.0340182337378578,0.115868663956982,-0.309115862723256
"1139",-0.0495573641293359,0.0925162442961993,0.115597911531708,-0.305154989988598
"674",-0.13159312914955,-0.405681330658194,0.115472926019728,-0.00543954032541934
"295",0.10184699160475,0.26474157617753,0.115394562414832,-0.191572730342958
"334",-0.241763404228317,-0.103029479599732,0.11428304391039,-0.289113760365927
"30",-0.196816667963822,-0.180110792752124,0.113944348980911,-0.243711322003236
"490",0.133710316583566,0.158236958790932,0.113755304161172,-0.0639162437668398
"543",-0.0543444384430701,0.0135731578017877,0.113651671748763,-0.266926425656425
"326",-0.0391989155494584,0.0296794001582503,0.113397999029018,-0.201919846425549
"263",-0.0331262068223437,0.028797116927395,0.112167410718473,-0.215376605681241
"678",-0.25761662149568,-0.279879904687624,0.112084695334019,-0.10057534738097
"1023",-0.153394630305028,0.0698349714225861,0.110946011105362,-0.286150341429354
"438",-0.0969118943103021,-0.0301439392302806,0.110369610135779,-0.130266777098893
"127",0.0705381738056502,0.189218495997388,0.1103272176477,-0.248104372293378
"614",-0.0298420987426771,0.0307485141049837,0.109902270817193,-0.16651464368958
"912",-0.197205272413539,-0.176610024624734,0.109701495476644,-0.250847867983087
"1197",0.0962501124070426,0.204581440283929,0.109601521416688,0.121911926420268
"402",-0.188985621017142,-0.0208624446236954,0.109322510771039,-0.266653851966732
"1122",-0.204692692504579,-0.108132575676148,0.108909300039877,-0.243234461049674
"1570",-0.278840361800564,-0.230702948833554,0.108574110372404,-0.255065960461006
"160",-0.207356982648903,-0.159527861730711,0.108133189473759,-0.348957871992948
"286",-0.0350945418277496,0.170406843969099,0.108123697496311,-0.269796588275014
"1308",-0.290167948967009,-0.20476045225031,0.108107627913144,-0.338454088083909
"559",-0.0713324581339584,0.0782179821680449,0.108020417162761,-0.0937082717422792
"1099",-0.221781689917405,-0.0366641524070299,0.108000579667908,-0.423267280540807
"1115",-0.0800448732345084,0.0169117662085977,0.106963457330132,-0.223436368878382
"992",-0.189694247385222,-0.10478509174977,0.106792205591792,-0.242402826739901
"1582",-0.112093693285429,0.00477196993342241,0.106348562783872,-0.209121444258484
"1463",-0.0328486682233847,0.193135105196649,0.105901217339167,-0.189380750943759
"118",0.0562036885785264,0.156342690899036,0.105542995061459,-0.165257644772849
"1424",-0.104769389777932,-0.0845130677093092,0.105507274921943,0.124011243239451
"1621",0.012750856977039,0.212275646168146,0.10538696279553,-0.42576894560514
"1208",0.0829572274867574,0.235968618701904,0.10538240670248,-0.142598927164644
"620",-0.0928844529188176,0.0775982209174317,0.105370285271511,-0.353305121000337
"227",-0.104658070816306,0.0156539984665131,0.10493283211836,-0.403978399246951
"1539",-0.109733841367418,-0.0956193217196459,0.10480915990182,-0.205285386500771
"1360",0.135469630003258,0.275682361558635,0.104289258319616,-0.142598927164644
"242",-0.416663557977457,-0.40448161445773,0.104200070761828,-0.308160895786463
"1489",0.0676619619504124,0.154536426241282,0.104093862268455,-0.139665515840941
"1470",-0.105418451018254,-0.106936431275731,0.10376307137432,-0.186385749199207
"521",-0.0425469030654729,-0.00869202150189781,0.103183676802418,0.2328987764778
"289",0.0496191611278213,0.297522159468436,0.10312000421837,-0.194674192111827
"1240",-0.179591003751994,-0.119297586198823,0.102430257739303,-0.187704992036928
"920",0.0296240967807957,0.242272503553799,0.101343302064165,-0.189341402447734
"108",0.0888099962018628,0.303484728360506,0.101303385147608,-0.143581073584466
"410",-0.290586747109094,-0.329789632525946,0.100378021030172,-0.100936284420021
"1189",-0.0416462197303079,0.0616573939655856,0.100147147052507,0.0156198505369699
"1544",-0.0641001142252163,0.0179603543379186,0.0996881318895176,-0.329266666866166
"1428",-0.0029973962707561,0.162795280207264,0.0992119179601315,-0.222583712231069
"1056",0.127518036814322,0.388586484386952,0.0986148189993591,-0.163917345699628
"764",-0.15396979669942,-0.107340112626555,0.098611500192307,-0.139309028960275
"1603",-0.156499340719054,-0.011297965491553,0.0981404860948236,-0.219125401519778
"513",-0.15474585338062,-0.136813800387493,0.0980935441092383,-0.0695811193966472
"903",0.13999570716147,0.300997542584235,0.0975227251998025,0.174633161935839
"1327",-0.0504630088057777,0.0914331117939737,0.0960817150207937,-0.112259195015989
"405",-0.121942649964628,-0.251142292429551,0.0959267359555926,-0.0848363326802489
"1516",-0.316539731695441,-0.253627592551703,0.0952844188039121,-0.3481542242556
"780",-0.243923460569976,-0.170194577570792,0.0949513323126982,-0.37709388843912
"1264",0.0564664610706946,0.0767705647721936,0.0946884288863359,0.0534752963430569
"394",-0.0976321949534354,-0.0186833458895994,0.0945768643630509,-0.218901852576635
"49",-0.21965376239455,-0.0276070929608599,0.0945674407397794,-0.352125203941652
"1088",-0.0627884867994166,0.0257891650019237,0.0945005453717605,-0.159735658609023
"1225",-0.232975752427248,-0.228233939436369,0.0943273237761744,-0.0729387260631961
"382",-0.0139036829016063,0.0954966490375864,0.0938615426907342,-0.0693602614911942
"495",-0.248000914408564,-0.165838444505719,0.0936799710993095,-0.287602994455387
"808",0.118680709310154,0.268100759293027,0.0935461974110514,0.116953446192613
"340",-0.187949490598333,-0.0502341589690205,0.0931883160218609,-0.383998149419581
"133",-0.138406532664597,-0.0581122960128126,0.0929085546481019,-0.328005455183555
"902",-0.076587121721256,-0.0105657071589373,0.0928513497570156,-0.07745392873398
"159",-0.15206270726383,-0.0672080852817302,0.0927249394817828,-0.219151493186749
"891",-0.221271064981735,-0.132137662504531,0.0925949465431042,-0.146536159457996
"1156",-0.0730418350683148,0.0138265750529827,0.0915327688038858,-0.0437991746343015
"341",-0.201209616402814,-0.23073568581141,0.091090934097995,-0.268979103929061
"130",-0.0856730668112508,-0.121945447092382,0.0906917084925412,-0.16378140699176
"147",0.0285942810198085,0.129698589152734,0.0893869566780931,-0.142598927164644
"1436",-0.359935338501819,-0.388938704254508,0.0887495387576093,-0.2446277766504
"350",-0.163701178081907,-0.118656342124953,0.0885522991261474,-0.106192230289067
"345",0.0358450751951127,0.13081889131955,0.0883983821226238,-0.102598690458458
"132",0.0894825158806964,0.0945317805893955,0.0881324216172842,-0.0120914150437727
"514",-0.144520175349501,-0.0396188905500599,0.0873441080372663,-0.257562633119668
"66",-0.0156428228776321,0.124116827913034,0.0871183126404213,-0.0687082580814066
"279",-0.0263892018309769,0.149079718547437,0.0870275636675731,-0.121319132981318
"906",-0.0425577225169601,0.0123084510899821,0.0868570904292815,-0.0645080398501937
"104",-0.141972170066842,-0.277066821018217,0.085833697422647,-0.154053907957427
"672",0.0612861216952825,0.0270172149979222,0.0854657662214412,0.128684640856667
"895",-0.0807660804926762,0.0360756804820873,0.0853737515776496,-0.105434183741844
"1251",0.049961122593087,0.219169517449481,0.0845656612423716,-0.202899826728766
"656",-0.16012865553969,-0.0832418674921567,0.084288929756667,-0.258067390838089
"73",-0.111561495306356,-0.10174505210002,0.0840513004209511,-0.0673407741837088
"1337",-0.0317046795959409,0.179537195392992,0.0836362853302393,-0.122947965570681
"497",-0.0686198005431264,-0.00480132658496454,0.0835733722350715,-0.0291483801254815
"755",-0.11783331367669,-0.043405845213038,0.0833886480724353,-0.223562800685682
"922",-0.0355645078890262,0.0379636471173654,0.0830633781093648,-0.209241109146871
"1082",-0.102381252994345,0.0625469848339082,0.0825955560424885,-0.182946793253935
"149",-0.271564815689869,-0.305444131521773,0.0823910845113218,-0.291327059877562
"1236",0.106307705626728,0.126408212734743,0.0823707373509807,-0.0170151705255254
"1341",0.0236305440540254,0.0564210293315694,0.0822953828334958,-0.0792055104417485
"667",0.117415459016952,0.22328700936907,0.0820359892374836,-0.141035256551701
"1537",-0.204638358877215,-0.161536236641378,0.0818771359215175,-0.315782731193938
"388",-0.00347561724677982,-0.00850055041220734,0.0818195761249595,-0.0291833447578027
"1227",-0.068987047579527,0.14673442838481,0.0815398410529986,-0.302316569611129
"1237",-0.157238688266067,-0.087072347606877,0.0814294376833454,-0.138585013239667
"433",-0.21171675343345,-0.16216053339869,0.0813863443081416,-0.258940838645641
"488",0.0661419345727749,0.168028640938836,0.080607504141318,-0.175476287704984
"1221",-0.0922112310872502,-0.0167631117280323,0.0803562770086618,0.00744984764735729
"1545",-0.0953888475220545,0.0095442183192336,0.0797939126768393,-0.29943966165779
"1573",-0.172097747098371,-0.122734416331369,0.0796698369850002,-0.119676964831195
"1083",-0.115627399058708,-0.0407335922878488,0.079667929999546,-0.150761093061052
"1160",-0.305468485681673,-0.253184204925421,0.0795791919815258,-0.330317697617217
"166",-0.29972884929932,-0.267732692000273,0.0792264147229231,-0.23413985964136
"1441",-0.117816137158987,0.00274140944158247,0.0790002353099751,-0.164421534190363
"520",0.0646416442612888,0.0688926606241383,0.0789514385295589,-0.201968407358682
"791",0.0171248164624525,0.0231805708237557,0.0781991549464084,-0.262296517981477
"1230",-0.0391860743255615,0.0190388694232059,0.0778379657031293,0.212346087608588
"1442",-0.0277296906050987,0.0317083540027563,0.0771678371749773,0.0936128189721611
"848",-0.0731824717928031,-0.110975207746588,0.0770127303433166,-0.153589611587824
"793",-0.130550010036089,-0.0973016922675833,0.0765540771247622,-0.27221777525195
"998",0.138532940928478,0.294562041116962,0.0763723971287433,-0.144615918812096
"35",-0.17883948139754,-0.141695519351216,0.0753806751375422,-0.204267889888494
"782",-0.186770983442114,-0.0792657858192356,0.0749627098629373,-0.331802447360595
"1519",-0.0619039354441331,0.0294780475576552,0.0745531863900255,-0.0855058361174257
"1153",-0.148549718603806,-0.0859883033900478,0.0736738273124548,-0.230616720286373
"1141",-0.200103876729557,-0.145683027814903,0.0736449739388194,-0.335470420290064
"93",0.0157067421602213,0.187083564931234,0.0734309082807806,-0.250739301578606
"551",-0.208412041693343,-0.159264952346975,0.0731453151620071,-0.138758790418313
"397",-0.362760146953145,-0.370984954624334,0.073139932416279,-0.320727382057868
"554",0.0209593407000555,0.152948833439491,0.0728965772567783,-0.218384738343774
"237",-0.314472968859502,-0.287437291905613,0.0727759636095981,-0.135124592148396
"1548",-0.144514935833542,-0.0347956517417379,0.0726943035869482,-0.241814092291192
"1423",-0.197137020473047,-0.184865562680852,0.0726838772249501,-0.0775191388362535
"901",-0.023964175897752,0.163329309984429,0.0724614140540474,-0.231122637449411
"169",-0.0765128121748789,-0.0273255216245316,0.0717457334143005,-0.184251443036928
"1602",0.12885837798284,0.319287888444579,0.0713960690263218,0.21037976197513
"142",0.128515499406576,0.235189998714968,0.0710357511873396,-0.0677517577545873
"642",-0.071038962760281,-0.12154876556738,0.0708050750931939,0.246492393210821
"861",0.133910784194182,0.25311638793684,0.0698106664812892,-0.00363948788392843
"1580",-0.207792410661119,-0.282065049003758,0.0692247887978308,-0.340809956462582
"745",0.0519973811370723,0.0608198246526022,0.0692153728786824,-0.0745723198460354
"1062",-0.171563835581043,-0.128729306235084,0.0691021064564285,-0.198909413983815
"1382",-0.204150832682942,-0.140861329557634,0.0689865602675372,-0.324875706734048
"1355",-0.0738258437647782,0.046231559082322,0.0683910663568827,-0.240278379089441
"1336",0.178001760399851,0.335925928168766,0.0678728065593978,0.149387649251399
"1498",0.0546480447987022,0.199422244330139,0.06746392344774,-0.0422786356672268
"908",0.0709647685001347,0.240867335640539,0.0668817101730251,-0.181390801994052
"347",0.0304161336829264,0.110279158205528,0.0667066780089795,-0.0267947004274596
"366",0.14733253744118,0.20524552698901,0.0666219016763208,-0.196259958745959
"696",0.187045625299038,0.414055640283072,0.0662429168658043,-0.0550680945345635
"216",-0.0336049866628544,0.0568025884190581,0.0656449624031125,0.152756118865682
"599",0.168846814804706,0.225714659224703,0.0649284394299251,0.12766088132441
"1211",-0.0248971393007581,0.0680618363192795,0.0646557479059633,-0.124436216237125
"1132",-0.0205152923919677,0.0503957499933538,0.0638931467644396,-0.249123423527558
"418",-0.180092515138042,-0.0353839409821721,0.0628874521737604,-0.284932819999843
"761",0.200623574554017,0.237864526692128,0.0626668922203015,0.008377066158198
"962",-0.120394308476626,-0.105552437525764,0.0625994229244288,-0.109158377634933
"507",-0.0399119727660568,0.13902164588293,0.0625093188798756,-0.189992877468964
"931",-0.084261451913376,-0.0112815845479124,0.0621087955895132,0.0753120500696327
"47",-0.246714728012172,-0.352391904680343,0.062065342135348,-0.173885944141918
"1429",0.087531596111303,0.2063271110679,0.0619710813405406,-0.201663990990195
"552",0.0136527816037616,0.195293037193265,0.0615386918601323,-0.201214922191073
"973",-0.0601062310295438,0.00741383273174464,0.0615184041388108,-0.199198085520236
"842",-0.0204930120871843,0.0943442409943849,0.0613314016410289,-0.197320233104444
"1012",-0.0320065142180584,0.119765386449066,0.0611482130978651,-0.277106974509614
"380",0.0584335638792503,0.148819323402572,0.0610747247159965,-0.217825863425353
"255",0.00108514487091223,NA,0.060371727179845,0.0904116563443099
"256",0.0576374886567382,0.0949751257605562,0.0600827479205097,NA
"1150",-0.263809201440358,-0.153180809237989,0.0599487978941094,-0.404247135252443
"1268",-0.0335074589921123,0.0622553150374451,0.0593112834953703,-0.180928092191226
"1451",-0.191713513660753,-0.20379323074323,0.0592639392215474,-0.220818507434856
"603",-0.0523884210992747,0.0402615074287054,0.0579705838380372,-0.26031641065421
"395",-0.223170397646226,-0.245720121399755,0.0578464162410268,-0.0527806736859762
"218",0.0350921085007388,0.10568618775893,0.0576847609051516,-0.196259958745958
"1",-0.169839105261986,-0.107951644126799,0.0574407187641774,-0.171294806253807
"661",-0.307978082207306,-0.366511839296651,0.0573218142920277,-0.342856246252832
"1397",-0.00970357821434605,0.0581211749542856,0.0569191680720195,0.0579738842910684
"196",-0.0441156603103938,0.137530038622136,0.0566983776033592,-0.269107795187606
"544",0.0362846468365458,0.0906839973372849,0.056564929641838,-0.0132705944258556
"1492",-0.0894518005838581,0.0368458684130802,0.0560029426815194,-0.0995606336935264
"1255",0.177967082660032,0.305626688311706,0.0558823890772343,0.133159009619738
"1363",-0.257136441911717,-0.313567630933406,0.0556415831303291,-0.283671837767661
"913",0.010969934967259,0.143816555769518,0.0554686283316225,-0.0887540268560629
"439",-0.0875280319567905,-0.0828865855155957,0.0554321580439408,-0.053630145846973
"84",-0.0643820913811663,0.0412945130482473,0.0552103731628084,-0.234094591167587
"653",-0.137006599177956,-0.0487516956366858,0.0551941689520667,-0.296723964935508
"1039",-0.166173028520112,-0.118289381835691,0.0551831872297752,-0.302347977207295
"2",-0.0355920812213513,0.033034865089016,0.055025127807626,-0.123893171070224
"1313",0.155974347579934,0.327894002106154,0.0549200186640318,-0.00760285628340084
"27",-0.0808112984750794,-0.032512603112924,0.0546622194267792,-0.177536253761389
"1474",-0.011712139944898,-0.00429579121159734,0.0546604550500606,-0.108411483754596
"1642",-0.320324882397469,-0.299571617155509,0.0545756289528063,-0.24780491185705
"864",-0.0930812043240787,0.0699840704727773,0.0545102420241815,-0.353678660495451
"662",-0.0703098605353001,0.0854995149305643,0.0535758056484177,-0.124955312468364
"795",-0.175746875097419,-0.079439752217701,0.0535195701190122,-0.356724420270588
"414",-0.202037750650311,-0.116104303175148,0.0510915005978023,-0.235442153799581
"899",0.14300340087753,0.161358442274657,0.0505271765628554,0.114488158217792
"770",0.12909739975135,0.314034602608832,0.0504844135106974,-0.0780049811509444
"199",-0.0661510135281915,0.0255409358714853,0.0504130183553229,-0.1650349839957
"1561",0.179028292821308,0.257026971937619,0.0498981246208111,-0.111849333814446
"687",-0.155564452685763,-0.0742985440767103,0.0498695938200167,-0.173270091898248
"663",-0.0298017078844737,0.0536983447318643,0.049608267449902,-0.162176266133637
"6",0.0959371259813396,0.2299517790609,0.0490364346395281,-0.0597817117852123
"743",-0.145744904793138,-0.13341427670019,0.04897243287692,-0.207681073369026
"1437",-0.016341612729224,0.143584698769646,0.0489450844916888,-0.168150365085399
"1220",-0.107087848362461,-0.199949136196518,0.0488638091577394,-0.204276600622943
"475",-0.17846132398507,-0.157207102423307,0.0485410059843191,-0.193641286742979
"477",-0.190668965762759,-0.0645425336965677,0.0485244555494245,-0.331687209036551
"249",-0.339686336706933,-0.400374171158403,0.0483263749414834,-0.331910087141108
"28",0.166790734288217,0.259825969453119,0.0475560706554061,-0.0106260479986046
"868",0.233919850933113,0.347029810509237,0.0470560774150442,-0.11953092112232
"1248",-0.265499681519609,-0.266574882758653,0.0455609327327702,-0.183439538098054
"335",0.0516001511155245,0.117197799191893,0.0438235748674436,0.221576885461806
"1195",-0.0325770953271511,0.0545456217019122,0.0434189114734353,-0.122062793414541
"1334",-0.0649501434176629,0.0228450730176518,0.0432903062481477,-0.295811868983809
"201",0.00164566034964544,0.0177644423648731,0.0428826007241243,-0.170443163766814
"131",0.0623042736606698,0.187932908318668,0.0427828109890824,-0.121860524537726
"324",-0.0693653098514805,-0.066705959047834,0.0423738564855021,-0.166463565699172
"701",0.211121479219651,0.21009939847562,0.0422723077007455,-0.123498179625847
"860",0.0305610290569067,0.118679611131036,0.0422540159318324,-0.186309305554922
"292",-0.117611142086721,-0.129103118805215,0.0415046017786583,-0.307299953710601
"987",0.0929974273823369,0.156510213595138,0.0414810638123855,-0.223786966520925
"1393",-0.0385181159604789,0.0319426394757927,0.0408316767474038,-0.0680576458598793
"910",0.0491390512407323,0.0912987513695131,0.0404249977890443,-0.00831688112531585
"560",-0.127771817615362,0.0162137939115313,0.0402811155988612,-0.197012458053033
"900",-0.00926192988844421,0.0402281665535129,0.0401531228233695,-0.153965286171642
"1501",0.149685951098062,0.259762162726322,0.0398077852997538,0.0869506568836735
"1181",0.0961236404235069,0.0781454419972661,0.0397836314529613,0.0491272305528073
"319",-0.269790297080289,-0.384699405933576,0.0396592770113722,-0.243128102428274
"153",0.0499056555460321,0.243971961033991,0.0393208670881085,-0.194608460042934
"473",-0.166470349441317,-0.127013068853533,0.039282498600809,-0.251555852407469
"37",-0.0543697538753004,-0.0576267609216145,0.0390817204509611,-0.216540049485797
"1259",0.0434982215432771,0.248833773835866,0.0385304044804916,-0.0424018413475236
"1396",0.0426117643508242,0.174627962878619,0.0385081752452446,-0.411759377756204
"1418",0.0975987764059693,0.275767722079334,0.0384706948276348,0.0876580016261751
"1053",0.113485680435328,0.170839456850394,0.0383605225898247,-0.0409493837642124
"1471",-0.22052566710872,-0.137893338250279,0.0383245386564054,-0.412223380973636
"802",-0.110360560400589,-0.0409455846874284,0.0382892170551009,0.103043147659798
"971",-0.0637005147287997,0.0633936573838132,0.0382658999726296,0.0411461481275326
"527",0.0809787943652564,0.0606992542166582,0.0381640777065439,-0.124610582830629
"40",0.0028607668681725,0.0191756441664797,0.0381560497608752,-0.117171551474767
"731",-0.182088084697193,-0.263965623449267,0.0378778649434427,0.195952057980723
"1279",0.0355676942815241,0.0127173847998084,0.0375754841437016,0.0579738842910684
"995",0.0414150255452117,0.0688926606241383,0.0374722426275341,0.204559530022511
"1275",-0.0470179384557568,-0.000989510284077161,0.0371893737014186,0.014801572352782
"769",-0.248776111943424,-0.170999031762557,0.0371766181453642,-0.305945200747003
"685",-0.0908694142320845,-0.0216736858803698,0.0368044436773542,-0.2463040581241
"267",-0.25388450023862,-0.237554616821599,0.0367286640012508,-0.10176230700544
"1512",-0.109843584366249,-0.133033414392157,0.0365130018014076,0.22202400054329
"1054",0.16956899717802,0.29814779087288,0.0364451637498491,-0.095049126631093
"1253",0.0674484329445837,0.180344685368723,0.0358389889585211,-0.226183766515766
"206",-0.0975423754777643,-0.106805193752279,0.0354239133139748,-0.129252604346489
"754",0.0380565945915932,0.0653019647864559,0.03484231383639,-0.179224825219119
"1029",-0.139401721571098,-0.127378019638033,0.0346227160092704,-0.0895150185983107
"710",-0.129863322260486,-0.0553405313645416,0.0342763417438228,-0.0740862975697114
"1180",0.01270272641443,0.111543278148693,0.0340320588978297,-0.180985786497308
"630",0.0469018054177727,0.0596150365952651,0.0338212634034486,-0.0211594298496811
"854",-0.0786100241008563,-0.0199850014238829,0.0332353086231612,0.223532503922584
"338",-0.101960118559898,-0.256812532607367,0.0326966753539064,-0.0398101839193413
"1164",-0.0229810639299011,0.115188900283558,0.0324290041450211,-0.296203036254759
"609",0.114618706607113,0.185277129793743,0.03172582642318,-0.0545962819565962
"1493",0.112491713773166,0.219756702508907,0.0316935140728197,-0.100151575217208
"1102",-0.0968408892324263,-0.0371534345006527,0.0316905370015548,-0.196570551659685
"1130",0.234169860950412,0.39032810839725,0.0315390020769525,-0.195653926725874
"353",-0.00487454054513539,0.0935825239909232,0.0311027633201429,-0.150737437979522
"318",-0.230730505262379,-0.255708835048419,0.0310010005855529,-0.325641277545509
"219",-0.201506758390858,-0.0167631117280323,0.0309211739553275,-0.162616020999551
"1413",-0.0160099831792895,-0.0348790928789421,0.0307641337774592,-0.0732665906287192
"1444",0.102034149525294,0.145626553139289,0.029647918403664,0.187016960483218
"884",-0.0376207658892793,0.113339242942541,0.02833140732676,-0.105706976350782
"1084",-0.207455085308033,-0.196873791706436,0.027375759014351,-0.14876410018511
"1529",-0.0356163885377696,0.190605685112275,0.0272164957053795,-0.137032122463801
"486",0.0845019857779435,0.149420974629857,0.0268805776996103,-0.149967147866765
"1616",0.102608619737086,0.276195786031826,0.0263505940621371,-0.111142257545566
"705",0.170807483504295,0.26615938010157,0.026067428681981,-0.0172004447474697
"840",-0.028020196529202,0.0419599177911363,0.026039314015716,-0.0732665906287191
"1386",-0.142119087056109,0.0557415410795009,0.0257035739679492,-0.358861415692699
"734",0.0480029791681259,0.238055443091236,0.0256858366204624,-0.293329508626662
"613",-0.0567275756060891,0.032007447035374,0.0248331712528524,-0.251952144220929
"589",-0.0126045533511597,0.0425837412541627,0.0240409053966683,0.0644016189779886
"1412",0.0109942862484646,0.0477682034329684,0.0232227846497298,-0.117867467603611
"1610",0.037201969119795,0.116719805021867,0.0230528749932432,-0.0490955772377732
"517",-0.0942425400090227,0.0023056109299048,0.022906848908465,-0.299603099654634
"565",-0.315137842729919,-0.292203549646184,0.0223039176228972,-0.0210678941965019
"689",-0.0542656656496699,0.113133800725096,0.0219470183490944,-0.244743963866747
"1354",-0.158436157843827,-0.19512056914015,0.0212144450186898,-0.054574309446718
"568",-0.192276256586695,-0.125552403080848,0.0212142234239342,-0.291325907090829
"524",0.0899037812418753,0.089746052735717,0.0212009750867672,0.0503788147547106
"1244",-0.279099266595926,-0.288375201121655,0.021184238139158,-0.206671094232199
"1321",-0.135347990072849,-0.0674793464345072,0.0209124210427949,-0.275335850744529
"450",0.0095257650885868,0.0746944834720374,0.0202882348615789,-0.210198154632292
"858",0.116623615761662,0.108549727872817,0.0201791442475561,0.0379089239105295
"358",-0.0791357967183196,-0.018793955756254,0.0187372828079361,-0.0220232216244038
"978",-0.109426917525431,-0.0359208969603432,0.017801768260264,-0.0336477473494212
"254",0.0953400170525913,0.129483673531271,0.0176834001890784,NA
"1218",0.14413510137848,0.235430832374534,0.0174249664002148,-0.014847990619427
"1586",-0.0647352359343982,0.0205831509338652,0.0172751319812731,-0.237805621862768
"1131",0.157270833730091,0.287606918823278,0.0170582321882624,-0.1259202230629
"870",0.057196240301728,0.0880670255017856,0.0170287762170763,-0.101211953711874
"766",0.00221171889364026,0.102745383606304,0.0167684097386814,-0.0618222489162271
"1364",-0.159572791332845,-0.0865754503290064,0.016573252707506,-0.208669137181521
"564",-0.156136471800674,-0.0200260983442925,0.0163292168589316,-0.331600865130533
"1484",-0.149789160357128,-0.335662130651929,0.0157373875255485,0.202173308754528
"1353",-0.0261420494131004,0.00410590721960815,0.0144853005363857,-0.0827864099228509
"1506",0.152619960132999,0.199054880877816,0.0133033456944541,0.204559530022511
"1287",-0.0542835642713556,0.00541313657574067,0.0126647642752025,-0.0527263182035376
"1609",-0.0561669033422389,0.0240959673948403,0.011727180190711,-0.269851864433141
"964",0.121709031326927,0.284803181448715,0.0113619295776154,-0.0762736956792256
"69",-0.0642781880760945,0.112839002740118,0.0111596084605195,-0.2552406905712
"1234",0.0198251409607047,0.0100664643846408,0.0109747933312405,0.0280123155272001
"22",-0.154718410787467,-0.155648766677641,0.0106319926271462,-0.27313981057864
"1066",0.0737055085931297,0.0488992046431745,0.010297982750609,0.0519528693569344
"556",0.0259034966891425,0.156250272742974,0.00969151141969485,-0.20298925504902
"282",-0.103722356795269,-0.0506180231171397,0.00967345136737443,-0.158421170428301
"881",0.0452132148758802,0.00318317446294324,0.00787470373390244,-0.00796232116664829
"1070",-0.236246529695408,-0.250312938834556,0.00750803689371221,-0.135513706957649
"327",-0.0561191764304671,0.0121535448751121,0.00653970671633189,-0.230544869610218
"1611",-0.0137968431055765,-0.0103882373765076,0.00635604643229373,0.134386358935516
"1034",-0.139643896911528,-0.282065049003759,0.00591998776602783,-0.343942236515351
"738",0.0215982717702254,0.0921782904105814,0.00580518627724161,-0.366203974473821
"183",-0.0552239948169374,-0.00372678887928969,0.00562209041562922,-0.244698148657782
"703",0.18191934092489,0.277734202954762,0.00548779584882634,-0.213539120702067
"144",0.00976334549167818,0.0801233453385151,0.00536454906334801,-0.16062913016966
"155",0.0601288496869052,0.207963974757488,0.00534876797122585,-0.372552592025641
"54",-0.338497031387417,-0.404253214154799,0.00446496221370189,-0.17269061270047
"314",0.0542397371523939,0.186569739475971,0.00410523324377188,0.133412334216843
"187",-0.147117953513563,-0.249376149034854,0.00355618672500388,-0.134236860832811
"177",-0.139921119938502,-0.0624560469117226,0.00347163069062476,-0.056740946808672
"1601",-0.0226477749465142,0.00280476773196581,0.00334322128686056,0.0199708649214022
"540",0.0546755406324402,0.128741583723135,0.00143088815986932,-0.140926889332643
"651",0.0669140350691109,0.220702520144586,0.00127829439121373,-0.256410636019747
"841",0.00102021475396176,0.109558628741287,0.000822980130284332,-0.186468247642414
"1515",-0.000863274625407178,0.0978228290516678,0.000639187608323782,-0.167031426371839
"712",-0.0579201645972194,-0.0975222218217601,0.000466017091692947,0.0546905975383038
"365",0.0476802516939057,0.0755245964926432,0.000389005629248782,0.0153428828471179
"932",0.0903629015963452,0.145388622400727,0.000157939995221164,-0.193827126002889
"722",0.203335723297519,0.254407820079276,-5.10751637934445e-05,0.122142674872513
"616",-0.00457549559650959,0.0362738754834537,-7.44788201990225e-05,-0.255856183972248
"481",-0.0795263461951539,0.0659379616649958,-0.000126701837062059,-0.235209854697153
"1166",-0.0848658035815913,0.0112789340814684,-0.000269774020022704,-0.311500280644937
"1655",-0.0513466599194908,0.105346164603737,-0.00036633836783829,-0.274850461605145
"1019",0.0872983350436407,0.214551467625136,-0.000390246227518534,0.110460921195934
"574",0.151901045028048,0.3089023752655,-0.000557215669477438,-0.0550630023149898
"403",-0.171172312669545,-0.0358797520684859,-0.000573982551784677,-0.116233407243801
"344",0.0355601819909586,0.0127156250363323,-0.00122216982331104,-0.0398708088117746
"1282",0.0744298202446277,0.196498110838666,-0.00157572499879078,-0.139504850834977
"288",0.0792224507604152,0.0889496850834814,-0.00191078828857281,0.00315618333439762
"697",-0.0544554850087224,-0.017016602483822,-0.00243001984978885,-0.184977994839577
"1060",0.138356343755311,0.101579376966174,-0.00248041333076348,0.0707404527403191
"1297",0.0634205735428923,0.103049998073772,-0.00300453191875736,0.0345380768150592
"928",-0.116003781214898,-0.0216240373452181,-0.00328562723971321,-0.337853941206654
"1049",0.0340181214625736,0.0825438876940704,-0.00331985107062155,-0.214400244741511
"708",-0.0273505138106358,-0.0444400204020011,-0.00432365387456417,-0.114698490270075
"869",0.207050090670338,0.278082629721898,-0.00435739175066292,-0.0343194453376081
"1640",0.21010282392658,0.272260519112661,-0.00545185927984479,0.168870291762169
"942",0.216382041706074,0.274244109382661,-0.00556704522005591,-0.155272407500074
"412",0.00440826244595825,0.0965333906926503,-0.00579784254118703,-0.333109537129116
"1095",0.119841114215253,0.205104156466171,-0.00604637408593676,-0.0781806005960053
"607",0.0258471748062187,-0.125628765088693,-0.00627957605434401,-0.185890380700222
"1331",-0.0917733269851905,-0.220167429263847,-0.00652838298773535,-0.110887328389189
"1606",0.11956542138193,0.295888221755519,-0.0071364455568291,-0.137213331591144
"1584",0.0614841602440325,0.204354066688579,-0.00744448964619657,-0.0328623511533164
"1005",0.158011391324027,0.31549193300462,-0.00769780180761616,-0.107209092187655
"1311",0.0248750298581652,0.263376804107761,-0.00802996900176644,-0.323282331103363
"779",0.110590736493131,0.194000578738018,-0.00811993117670644,-0.189032625825106
"313",-0.140978620742007,-0.11525215409202,-0.00814407879513962,-0.142497001361908
"1446",-0.0502552627402493,0.0338092675022721,-0.00828980048754182,-0.333195238950097
"844",0.0231694041273852,0.162470672496973,-0.00846879921989326,0.00884304187180365
"856",0.187486068406786,0.241908997432659,-0.00890856395883005,0.204559530022511
"1300",0.122354626740764,0.260440545691784,-0.0100064284887891,-0.0474792316060464
"646",0.112968739316163,0.211560064148772,-0.0105674961118424,0.105592541685272
"302",-0.0830849121753491,0.010405673862932,-0.0111413260662555,-0.135817676791961
"871",0.0722653177209857,0.0946004896836073,-0.0112913322115669,-0.112901667745087
"180",0.0034268655969664,0.146614368985374,-0.0123807842532239,-0.207009297478914
"1477",0.160623890912869,0.288600043701087,-0.0127162849133552,-0.174210518128118
"1517",0.00840425405894415,0.127499753539857,-0.0129401738761093,-0.233880883427886
"983",0.0823152654175082,0.282284071625068,-0.0130383543051289,-0.133977045517849
"937",0.0847401339630015,0.183530372324926,-0.0131518717381759,-0.0212986761973307
"849",0.265538156715806,0.356666689063087,-0.0135805001424426,0.0499937970170897
"725",-0.0467119061294568,-0.0990933342232499,-0.0142301403738685,0.0789896779304255
"1459",0.151415079559083,0.215420253363806,-0.0151726824265595,-0.0617135329808746
"787",0.0819633467395932,0.140639353497156,-0.0155664993825429,0.171453402659408
"1431",0.12418805190477,0.263738421742683,-0.0157254072111955,-0.195562369778589
"1381",-0.215787900576845,-0.282065049003759,-0.0161349781100986,-0.187532955448365
"1400",0.0126550950945329,0.199240778314074,-0.0166276340464143,0.00709456439439203
"1607",0.17520159855967,0.179876705601678,-0.0172307856552343,-0.0179420180037626
"236",-0.0781721462527485,0.00702844788387987,-0.0173451941914505,-0.373445640028027
"1185",0.0981394716806358,0.246800940371669,-0.0174115893284328,-0.192646316495699
"74",0.133224968655926,0.215358868194421,-0.0179722096244841,-0.120663509744801
"325",0.0178733751482813,0.112438635450376,-0.0182375180156929,-0.108127892543767
"921",-0.0624289922508715,-0.120005958277278,-0.0186705534368581,0.0283695236606428
"1551",-0.0429020608047643,0.09101231370075,-0.0193107324215816,-0.221029596024757
"355",-0.0359092835440696,-0.0167631117280323,-0.0193274649203762,-0.340487493753124
"441",-0.0396295856137384,0.00156187120919942,-0.0197287247848134,-0.206249405194455
"533",0.135549129862827,0.212049726699639,-0.0197723986637171,-0.254649370980278
"260",0.13295547460674,0.292088909148784,-0.0215063877219223,-0.0520838345590099
"1467",-0.0226230717884045,0.0297707517099476,-0.0218362358588545,-0.0207982913345936
"304",-0.127046161685786,NA,-0.0223424823752141,-0.151936914371679
"1350",0.21740076384793,0.291336450148231,-0.0227298978283218,0.0121382452049854
"617",-0.135861140969841,-0.200261667574737,-0.022980048113681,-0.209260482638011
"835",-0.0619211531721125,0.0716838543630637,-0.0232362132528694,-0.086562168748007
"485",-0.122760956850516,0.0345716145245687,-0.0237324284415467,-0.186996325463333
"1521",0.218830554641557,0.245483500089813,-0.0240891727249659,0.100408423397176
"103",0.0101126642866871,-0.0796451437997484,-0.0241657929290242,-0.0440913448879059
"823",0.0157561497743284,0.0556267278161179,-0.024713433783681,-0.0796541631824132
"728",0.0509392955514392,0.145802019093562,-0.0247380598450431,-0.234499287961907
"1384",0.0791182437738379,0.0284258716944527,-0.025250244848604,0.0651012040272896
"164",-0.266035975288501,-0.378792289356965,-0.0253615652621943,-0.256282070084937
"1362",-0.149799193975804,-0.190765720971259,-0.02548598934778,-0.179987462270329
"140",0.150580361056427,0.156133419766304,-0.0254908792804578,0.176370770829828
"484",-0.232429374510269,-0.180647010217537,-0.0257110626223487,-0.287215597020857
"1277",-0.00285218362200981,0.0163844712647156,-0.0265718660660531,-0.0926712542974606
"1338",-0.117451565972597,-0.122977583930762,-0.0271911535520985,-0.142199892479915
"892",-0.170829016946643,-0.110004152762063,-0.0276861707608592,-0.213508674977421
"702",0.186725679438025,0.204318020384664,-0.0286470759670239,0.136535470662354
"356",-0.24242491420071,-0.322253043977474,-0.0287111863439276,-0.230875169722171
"1438",-0.150594539031038,-0.072234213059832,-0.0289159085080815,-0.236529419862447
"1110",0.0223492998842321,0.16651220207456,-0.0293193444534766,-0.119228342478977
"1325",0.0728952716449391,0.339048054745537,-0.0297675454581992,-0.0829933597953264
"161",-0.179326988889123,-0.0956367596523987,-0.0299870553180469,-0.483348308008189
"62",0.012001466688497,0.0274576673177928,-0.0300511936746813,-0.0262316296983616
"296",0.0613236060312005,0.127389824735317,-0.0301660334654872,-0.00314665813346774
"1045",0.126788589913927,0.204104865795006,-0.0324216955507989,-0.0564418369389315
"1212",0.169883803271618,0.181177111997064,-0.0333999997796051,0.117633698708791
"466",0.0434168897811186,0.158013857174933,-0.0334456095375476,-0.257190767925158
"431",-0.057879179325245,0.00394193220688959,-0.0348075699438811,-0.0347854782782408
"1541",0.113945823914324,0.201095455448566,-0.0352741490704058,-0.0294495039265449
"1292",0.0529600686451096,0.0110950186134258,-0.0356244788985663,-0.179794107695465
"1196",0.120802168888437,0.0680078743376477,-0.0362218672188705,-0.120976760068995
"1018",0.177980914716809,0.152102546749946,-0.0365432374946635,-0.0450319237487365
"336",-0.0221032371403319,-0.0288220099845425,-0.0368191014564971,-0.135426662615863
"739",0.0538732124119703,0.0738459606667713,-0.0370307001444502,-0.0747689051956344
"966",-0.0250571053036671,0.0433584521681812,-0.0374094944975447,-0.11330175842348
"758",0.0327431129093954,0.101480478269936,-0.0382470517671497,-0.157337118774427
"777",0.320551783587635,0.388759086449425,-0.0387667188836118,0.0332985046990959
"1305",-0.0230441775391253,-0.0447775569022208,-0.0388902425638695,-0.198060380649766
"855",-0.129453139265829,-0.232055888578454,-0.0389556906154982,-0.260131618381558
"291",-0.0672376357069016,-0.0097511727212404,-0.0392701716075471,-0.231350102413647
"744",0.0394757127637537,0.0750709413119493,-0.0396036375820231,-0.0639424693426853
"699",-0.0496183543897483,0.119435208566381,-0.0403184974298083,-0.113827551929494
"1187",0.133729387839714,0.0824227240109374,-0.0405687242078187,-0.0126879592134667
"918",0.193086232070847,0.284634577096304,-0.0408991149114672,-0.155272407500074
"102",0.0578958854961888,0.162985937287461,-0.0411122933845133,-0.20922998231413
"264",-0.0826395908758146,-0.232760918508403,-0.0412025803194619,-0.168792659418651
"248",0.150729566965395,0.0809877474626486,-0.0413021225680768,-0.0446353083083611
"230",0.011625763947067,0.117744824431752,-0.0419712470533225,-0.200596737254942
"1217",-0.0456082991303923,NA,-0.0419817575362498,-0.154081316450918
"1622",0.0830853770993198,-0.000695667825098442,-0.0420694687025868,-0.0165710264564868
"1472",-0.0884322077816008,NA,-0.0421656675620503,-0.273439740212696
"174",0.129301252510875,0.294131111651913,-0.0421792536994074,-0.276568632752432
"448",0.0218872846964385,0.0859018294155489,-0.0422187445671028,-0.116880887763571
"880",0.114662649875655,0.237136451579145,-0.0423766485828467,-0.142489433557236
"1192",0.136774260003444,0.242033150258693,-0.0428525101518569,-0.100732137662414
"71",-0.0668348115704535,-0.0462244075346892,-0.0428586065783781,-0.101546127803198
"817",0.0791198522170742,0.0850372053011584,-0.0428869156226615,-0.0965164413176139
"692",0.202209706469775,0.294636579929475,-0.0430060954679238,-0.170786975077096
"1177",0.0209396961275528,0.0769056014638543,-0.0430278401846714,-0.16052941492128
"1155",-0.00459286151329157,0.0755482120339846,-0.0437864251375596,-0.330728214392193
"195",-0.027040323258526,-0.0475420591646908,-0.0437942830622701,-0.125741095185473
"1421",0.11567556548185,0.146908051630721,-0.0448388085971972,0.0289779988138117
"157",-0.0669166720462455,-0.18431406365485,-0.0449602143800874,-0.214600940250189
"1564",0.054587273617657,0.212735398432756,-0.0453793706298617,-0.0860932547819586
"86",-0.170324548078599,-0.166637165895616,-0.0454505992456601,0.0159772989956039
"1632",0.121866022593491,0.0904928709423084,-0.0457304943434166,0.0334635486266191
"1072",0.105755219794664,0.158605301815157,-0.0461028356209007,-0.0101856801343826
"374",0.104335462572493,NA,-0.0467041803935349,0.314251225921825
"1298",0.154412595573495,0.24368544416497,-0.0468197889239385,-0.0299394363561988
"707",0.167886528419471,0.221822245667147,-0.0469575433397891,0.24252796086434
"1481",0.114978637911868,0.109060576051905,-0.0471121316576523,0.0989222029058396
"165",-0.0227005323186417,0.0694412726615585,-0.0472461174047646,-0.24318388369896
"1207",-0.0365667191780568,0.0267658642623653,-0.0482559653585928,-0.0790638861533904
"1615",0.0589798013897204,0.136261974717892,-0.0484948603718565,-0.170610448675935
"435",0.0516669983745519,0.0806488582318234,-0.04953002831681,-0.0678020473012522
"805",-0.0567421965760752,-0.125437647881674,-0.0496175955219987,0.104292633146164
"783",-0.0301676200631463,0.0250619684777971,-0.0501782236151934,-0.143158240847525
"63",0.0854782523598451,0.107582994747112,-0.0509094606417714,-0.194172033215975
"171",0.0118594881291085,0.1547234626922,-0.0514942636108715,-0.33182873798041
"1203",-0.0189122949543653,-0.0228811323330546,-0.0522817403976563,-0.0964204255419036
"5",-0.0240398852801067,-0.20136456110416,-0.0526122163869805,0.0506965292840302
"528",-0.0997837720746628,-0.202701446490085,-0.0538018945513059,-0.174439937129705
"933",0.134226714509349,0.134272968377422,-0.053934878822803,-0.0983496141936572
"1085",0.0614675280248079,0.21683228075396,-0.0542744064744874,-0.142759934146792
"735",0.125402700046094,0.0441558091541122,-0.0546358823826335,-0.0216425904922675
"297",-0.193389957379462,-0.15911428535993,-0.0551897708773662,-0.290885877060191
"32",-0.13775317836922,-0.0745833328275902,-0.0555019443065353,-0.0499512544718345
"1281",0.121672488649264,0.178189945757695,-0.056534006231294,0.0370688332166968
"502",0.0145611137483496,NA,-0.0568226330931512,-0.177269421828843
"1659",0.162783762986355,0.317444297552514,-0.0575780317795215,0.0208060802521632
"640",0.0413353292170255,0.0321889719917501,-0.0579781288621975,0.00831933626980674
"1106",-0.151088165974419,0.0133977939694767,-0.0584556530832335,-0.184853545071925
"168",0.0766186015868904,0.174861790128048,-0.058528454898996,-0.226898634278305
"946",0.283145363989899,0.374579435067699,-0.0586694704964753,-0.222885707543813
"1494",0.14450708761021,0.197931609327415,-0.0588088746175739,-0.0341646608965976
"178",0.0892211631730798,0.137192305422783,-0.0589965414085212,-0.176588290753217
"143",0.0603555734796449,0.0540417173843082,-0.0600355472776123,-0.300442976950881
"445",0.0193919805236714,0.000750788440973857,-0.0601903560612082,-0.0460921949895565
"189",-0.000289405958511693,-0.0549760925673447,-0.0607716836659267,-0.174832226171841
"150",0.0561724016009496,0.0251679212068103,-0.060829587680448,-0.0951232960088912
"125",0.162682131592419,0.206623840455758,-0.0608612284823041,-0.0825050543459896
"991",0.216966902944462,0.113339242942541,-0.0613722326386681,-0.00869614018025308
"825",0.0204232225715085,-0.0923189573650277,-0.061897496475374,-0.0862386022689702
"1440",0.100712122790897,0.219162463562312,-0.0620544578022342,-0.335665606230164
"1330",0.067993308950018,0.0961850376181229,-0.0622263283594955,-0.264226583836361
"420",-0.0899414935053342,-0.0282194555752722,-0.062249777056015,-0.136329386662383
"240",0.0846505583687917,0.168297741959732,-0.0628246739604966,-0.270671632632188
"1081",-0.100719069200345,-0.131049431213887,-0.0630184228121421,-0.164231748824394
"888",0.137608324843828,0.229657775032219,-0.0635865279482553,0.0834922627430672
"262",0.136643762907864,0.236513775780245,-0.0636676407897946,-0.23887870942064
"16",-0.0973117929342937,-0.102779002161406,-0.0637225395987734,-0.252964520993235
"815",0.104290405838982,0.125863036018043,-0.0641319148375352,-0.0913913184964688
"265",-0.188539326448954,-0.142769947730047,-0.0644012962608491,-0.210529307166469
"601",-0.163208753430622,-0.181417534010491,-0.064914934469221,-0.252817527448588
"1349",0.000157020569724285,-0.05879711307061,-0.0649157820406455,0.0825032625102479
"1170",0.266490099253382,0.335453058387258,-0.064992862544069,0.053548615439709
"258",-0.0421509709896649,0.039089808152905,-0.0658110959228963,-0.0806897791330956
"31",0.183894798683507,0.256296937004633,-0.0659185168230541,0.0512984873685345
"1466",-0.0149430887606734,0.0274659211711698,-0.066254320301662,-0.0745404807336555
"67",-0.018603823043133,0.0379819407973501,-0.0665903489208068,-0.236100329940865
"1468",0.026461376293484,-0.00747029461749262,-0.0673937771574016,0.0148641184156397
"958",0.176428798956152,0.227081121238328,-0.0675641710213858,0.200258805452331
"1129",0.235511804050934,0.32793719034185,-0.0677226852497468,-0.0918666080226516
"816",0.124324090484766,0.259952977564996,-0.067960015207886,0.0477166458962828
"200",-0.14083516460557,-0.109399194191974,-0.0679900534771321,-0.110682203137696
"360",0.00350841098529823,-0.0604482451320357,-0.06875701400728,0.038074487704499
"879",0.203841342240685,0.29457111878974,-0.0691536787980372,-0.0467038837756868
"682",0.1177935728545,0.162917598808401,-0.0693333025299481,-0.107142005720069
"757",0.109638064405823,0.213959933362645,-0.0694629060178702,-0.192628899147881
"982",0.00916027924244303,0.0558392011159792,-0.0695055301653883,-0.216947959888479
"804",0.0745446612915201,0.0924826038905435,-0.0697625478148524,0.159824283772632
"1357",0.138492227647625,0.367504249096639,-0.0710503682622485,-0.333581890295789
"948",0.0789090775843495,0.213638997214749,-0.0711708711810194,-0.201953120380741
"542",-0.0905728245841303,-0.123602378622549,-0.0719439921754984,-0.0502705250168048
"1458",0.0354543881183038,0.194402433047577,-0.0728479288258955,-0.149226755810223
"1487",0.173535788794308,0.284043144236752,-0.0730250935284592,-0.0925173858885934
"575",0.107170031776498,0.0760266006180641,-0.0741846216555021,-0.0764353884224333
"750",-0.00460181761405627,0.0481741144185889,-0.0748342882456014,-0.172507570580907
"1522",0.134750127600796,0.278623285407593,-0.0750420902853575,0.0624056336525905
"1414",0.00281318005705678,0.113167491117573,-0.076238019577948,-0.176436073335127
"309",-0.0117217505342762,-0.0118843332317838,-0.0766661212037604,-0.210861058633387
"897",0.0850369843888334,0.143512272589129,-0.077633899152451,-0.0333456675653421
"1224",0.142834000139798,0.246557547309858,-0.0777625329124306,-0.16439225271795
"965",0.208792343425155,0.330332607092987,-0.0781502968412392,-0.105237631584275
"197",0.0656676787054294,0.115837909378317,-0.0784536393849347,-0.262090420939195
"1228",-0.00903694011861828,0.123577412794542,-0.0785178867286076,-0.348408481390051
"1026",0.127576683674933,0.211122356443015,-0.0790629392107131,0.188967369830568
"753",0.00241195328458897,0.0146643990356135,-0.0791921531900069,-0.200645376777795
"516",0.109861743750155,0.274962704008233,-0.0793401944180521,-0.241155206781268
"1200",0.0936740785341818,0.131793169603604,-0.0794129364712789,-0.0807884776407743
"1469",0.0796090285531045,0.235968618701904,-0.0801856067505571,-0.0550365356053252
"148",0.150477713273762,0.24125965717987,-0.0803183927255957,-0.15178826396368
"827",0.12899033234503,0.10494440096367,-0.0803314374391924,0.11667868264646
"876",0.216471352718143,0.213745188258222,-0.080399596535271,0.212563747062736
"172",0.157048335273451,0.27192529491467,-0.0805383859644483,-0.0620604499358759
"751",-0.0252731748154945,0.113339242942541,-0.0805691258861156,0.0971482045503776
"228",0.0288128721301147,0.0311985662607494,-0.0818192014603999,-0.147668147290536
"636",0.0103826090419266,-0.128511734227423,-0.0824072291577985,-0.234317515951422
"863",0.0096356097090939,0.0055679907735131,-0.0830844665823769,-0.0778366846592643
"179",0.11153090290238,0.254693546027085,-0.0834121545416212,-0.105330890418124
"845",0.136714984051953,0.21707802780116,-0.0840755910350875,-0.163419165408154
"857",-0.0179128420409082,-0.0683660199727729,-0.0842344450510805,0.154205916418977
"26",0.141038616027259,0.192677274615054,-0.0847827606652214,-0.25332131763623
"1403",0.210748733339674,0.208334572603043,-0.0848771671370753,-0.0379983873367077
"1133",0.198473956979433,0.210208298031438,-0.0851112457976492,0.171416165357466
"426",0.0658007281668462,0.132632956721389,-0.08556637128533,-0.1093044013195
"425",0.0770332034431363,-0.0570204126619278,-0.0860601216915055,0.0021276462296253
"821",0.216574734507942,0.326742408170907,-0.086074225134574,-0.041310249108464
"120",0.0363686863237665,0.151326225532322,-0.0866709546781339,-0.126383838600742
"746",-0.0327661459305437,-0.0399652807865199,-0.0871683604746196,0.0704084463887943
"1420",0.095706111999602,0.0992320113670034,-0.0882125145106943,0.0386079683292815
"1623",0.0528222506673543,0.0528463047228598,-0.0891316537790332,0.0186268445687346
"239",0.0543250705217755,0.222295547758844,-0.0892714469444422,-0.261992196531905
"587",0.193248195852805,0.301247693038748,-0.0902094244259796,-0.139626294148212
"829",0.171403970746392,0.188119108210557,-0.0903304325287314,-0.17090867723134
"765",-0.0234851258663582,-0.0266576401076488,-0.0911028946145631,-0.0758502323630957
"1291",0.126850299922655,0.167136091588664,-0.0919383388994672,0.00580079426245358
"691",0.299293478275682,0.340988659432476,-0.0919881543196487,-0.218318970012037
"531",0.0269297310724207,-0.000912227494461895,-0.0921512650223005,-0.137166152988428
"619",-0.0328195169593855,-0.109087841505195,-0.0923948731002747,-0.131240318652018
"683",0.0680154728304806,0.101439193615094,-0.0930652620500577,-0.00868651295311535
"1239",-0.0275595533051851,0.0237011066852274,-0.0933478063369862,-0.308671747658107
"1222",0.230682882816158,0.323962261638148,-0.0933942263801361,-0.238045960254922
"963",0.128626471232723,0.187532103783334,-0.0937806938716394,0.147507036976595
"1531",-0.285921462456731,-0.250589753367181,-0.0946971680167942,-0.133279571759848
"660",0.166414608817904,0.186791943342452,-0.0947763465940532,-0.118431799657085
"886",0.0619061724778468,0.0958811121653862,-0.0950882373309792,-0.0875403124420242
"1456",0.163722458409516,0.296602431593911,-0.0952842662356263,-0.0595086113531079
"1266",0.117664575328385,0.151346924176478,-0.0953162965546752,-0.156489006535785
"36",0.268550990213576,0.385524114563504,-0.0953622602492191,-0.00343190831348331
"1532",-0.106263368178467,-0.0881264477400343,-0.0956754081403449,0.0461087550127231
"8",-0.00914033335465315,0.0352661160337573,-0.0962576547554458,-0.0929920515553405
"655",0.231666225070744,0.334608140676587,-0.0963003410333936,-0.0743217775245424
"1241",-0.127046161685785,NA,-0.096616321449591,-0.224798473683483
"503",-0.0879573732933822,-0.0439236740514429,-0.0968084179960688,-0.140760546369806
"940",0.161533153786925,0.229446226179373,-0.0968166848439854,-0.176678956413386
"1401",0.0304451184355527,0.022662215274072,-0.0968448744776954,-0.0336449227273281
"1376",-0.155944157065921,-0.146058506505603,-0.0968586530155379,-0.263315076337494
"1608",0.303938613904976,0.362432756638795,-0.0971877953018189,-0.110762770015597
"1369",0.093031226508505,NA,-0.0972260724546179,0.0513292489394289
"135",-0.00112818352414587,NA,-0.0979949792188143,-0.0352648867599556
"873",0.297526316481266,0.420938824571108,-0.0991770672238158,-0.0949135403982588
"1209",0.048976033793727,NA,-0.0994580917396611,-0.0321660600939236
"1567",0.207120358887175,0.232954734872305,-0.0997419809131646,-0.0679261885420056
"419",-0.0154065009672401,0.0783114108804349,-0.0999206103540212,-0.0640972342236779
"546",0.105670982132198,0.18035732561839,-0.101699920487581,0.0572139853560384
"417",-0.117169485016101,0.00605986564434537,-0.102936399376652,-0.0776500274031509
"1329",-0.0660082241609599,-0.0771560805080925,-0.103570038538969,-0.0509052258221085
"209",0.180541170427703,0.213804765521539,-0.103974043968598,-0.0630984677240651
"1388",0.0798191024137512,0.0882045691129513,-0.10435436245065,-0.217583546955915
"974",0.0974880609352956,0.132903091386439,-0.104465229768088,-0.152340049595179
"1633",0.117373749860706,0.212164199560435,-0.104505666803414,-0.206460539679174
"1430",0.194337033840492,0.289288513134939,-0.104585451300759,-0.0129310875001589
"836",0.286698628594412,0.368663101133013,-0.105591645268417,-0.0759385498481214
"594",0.110036196524366,0.213357016482223,-0.106263962052863,-0.316351574838495
"411",0.278196531740253,0.323781765923439,-0.106383338783849,-0.109865456282745
"970",0.195824473528767,0.112014140016095,-0.106845716548802,0.208628650767816
"1482",0.160011857917428,0.205447229456666,-0.107247648930645,-0.115586986304665
"1135",0.178131965837943,0.221230140637376,-0.109505771110531,-0.158056079831454
"1574",0.0361511089430036,0.185797558025632,-0.109641636206982,-0.161565042896158
"534",0.159188288382517,0.161587213012944,-0.111009664488035,0.203806714918401
"1510",0.140732041743676,0.15514954205577,-0.111056195497765,-0.188279763866838
"936",0.240235322319798,0.32187091950198,-0.1114561959002,-0.036033419829257
"688",0.196367511399171,0.235968618701904,-0.112041975639941,-0.211779802443422
"207",0.265787460536901,0.266866314834763,-0.112588705494214,0.154368724010146
"716",0.0971488351341184,0.201677834564595,-0.112876906274597,-0.0914594554962413
"1250",0.0716602332785386,NA,-0.112940229696107,-0.0157099802096102
"1478",0.308196075419382,0.354008727417867,-0.113398420387195,0.040362354974287
"496",0.123229620680447,0.195515884508282,-0.113591975780456,-0.202587883554524
"210",0.143321229337039,0.100421940851677,-0.114728368655561,0.144652161330155
"364",0.222325513975763,0.365703635108215,-0.114775197560064,-0.341073060261025
"1367",0.0338794430448432,-0.0534121678227427,-0.115855776720482,-0.117907127338196
"1348",0.126264451671771,0.100106636570273,-0.116097921986583,0.00651947950247614
"261",0.221188268969482,0.284476865385285,-0.116219832135468,0.00804995701059535
"959",0.0590680418738832,0.0823659572076671,-0.116866293553979,-0.0828179819986309
"810",0.274817996234586,0.34089139876943,-0.116937607212387,-0.208510352013134
"555",-0.00681826273411951,-0.0349044873351748,-0.116963321887464,-0.123476852363317
"668",0.167661108103881,0.131393648154075,-0.116974630915964,0.139342195687714
"1184",0.101611659544452,0.090669368866969,-0.117197487186352,-0.253215609382397
"1398",0.12181764255879,0.161436023963103,-0.117541849055492,-0.0416970504835167
"1613",0.149591500841918,0.235968618701904,-0.117639306924909,-0.221121959290992
"590",-0.0928855172155348,-0.127083645571991,-0.117910095753909,-0.165901759733334
"1445",0.214723821662521,0.287630917894556,-0.118324943603407,-0.0215086351704609
"832",0.165490958636948,0.243896841206522,-0.118427103585094,-0.0581108251813553
"1169",0.199756350224741,0.200819921687783,-0.118736135836168,0.155790897541506
"1432",0.222555395985373,0.361053478794714,-0.118851831812087,-0.175870366838019
"885",0.10381702987635,0.127262999773136,-0.118938422773631,0.0532390651301685
"727",-0.0467525553390375,-0.173589151041592,-0.119700534461148,-0.102541218157519
"1027",0.127263262198655,0.161202331212115,-0.119742228265434,-0.168992910690303
"1229",0.0828949615718825,0.235968618701904,-0.120409834615493,-0.0200020089126455
"1453",0.0630513551664734,0.104674114083699,-0.120606358094233,0.00738715620068831
"1433",0.205034176942679,0.315915954065869,-0.120641476120258,-0.110265258801574
"1075",0.174769665377634,0.236154883782054,-0.120931924376053,-0.261110637745396
"1592",0.172632501944684,0.314268441508784,-0.121142522995774,-0.144894639669994
"1223",0.161046098849648,0.234653796234647,-0.121266758613177,-0.234204747286863
"834",0.266209594560663,0.343952464117448,-0.12134018750168,0.0945899050347768
"1359",0.178709039367515,0.250803552547933,-0.121749809692692,-0.219886627962079
"1318",-0.0226237744659472,-0.0219778349855602,-0.121960185239013,-0.242661705091668
"386",-0.053584074992643,0.00576986651869552,-0.122857569761395,-0.304554768084897
"947",0.161620991383385,0.242970365565535,-0.123074594757361,0.0465511244055202
"1595",0.0410448351398807,0.113339242942541,-0.124477387224446,0.0250722955539254
"1625",0.17996865826711,0.263156036782296,-0.124580013064401,0.127160122464396
"896",0.106423061036631,0.147755582913164,-0.124722981132102,-0.134727459953884
"1116",-0.0590121903574418,-0.0167631117280323,-0.125064847096805,-0.144700693442725
"1485",0.319428435856795,0.268016276145568,-0.125498642163777,0.356409238141924
"176",0.196367511399171,0.235968618701904,-0.125574503424562,-0.153748905336562
"1457",0.0799282066713298,0.0641443607667527,-0.126180625306161,0.242654792945724
"204",0.0116104960033479,-0.159782735812345,-0.126267412312437,0.0234509612324
"773",0.0042903713896582,-0.0886981333756938,-0.127403799701324,0.105995614549662
"1405",0.07651123955182,0.0724448474552017,-0.127653669367292,-0.0046977144857666
"1260",0.127168675758123,0.0652580856072717,-0.127730567706281,-0.0138928002836545
"1323",0.00452981787835539,0.0465389893267214,-0.127857626451649,-0.15088077278946
"1374",0.080778753384887,0.156277981933318,-0.128281219835493,-0.0918412664215173
"1040",0.0925585457495847,0.0429461592233616,-0.128455491450989,-0.0432772466812455
"747",0.0765398912863196,0.174583900676489,-0.129630890876724,-0.15926866298117
"1407",0.120164043382908,0.151843285665546,-0.130015497736827,-0.128711582664557
"346",0.17745872725695,0.279313535859567,-0.130085733310737,-0.282833023328795
"638",-0.134675437218858,-0.0446342455245385,-0.130935693178567,-0.203766259035227
"1041",-0.00112818352414588,NA,-0.131030323647418,-0.224558446256543
"98",0.153409878201936,0.273050547505865,-0.132728243241776,-0.0728012059337069
"1525",0.0418769162965951,0.0688926606241383,-0.132831212442515,-0.198403614953635
"1245",-0.061165407327952,-0.116104303175148,-0.133903917697736,-0.0669943131442929
"76",0.0824553106850473,0.113339242942541,-0.133961202864229,-0.0211611311949459
"1464",0.162566072016862,0.235046139349315,-0.136061126795287,-0.0773314777579347
"657",0.206600373244182,0.25391797664375,-0.136263152793593,-0.0356892759042263
"1422",NA,NA,-0.136648037578948,-0.0787350650575139
"846",0.324852290519786,0.314439549797822,-0.136663373060692,0.0754941034361528
"506",0.0814647838296461,NA,-0.137478544410973,-0.245569822545442
"46",0.253094169819962,0.243615431471074,-0.137508268181133,-0.165287828795401
"742",0.0261196598941877,-0.118384240493163,-0.13764042914465,0.000643927519239965
"231",-0.028187931328365,-0.041216756456494,-0.137792160881727,-0.130222676395987
"1373",0.283911964568956,0.294617243638341,-0.137801223202498,-0.119048189485407
"1379",0.0179411746433392,0.0490118241867215,-0.138139784148548,-0.163776859628709
"273",0.149114359863805,0.191902044785787,-0.138859683384761,-0.0971289962748502
"241",0.0212734375587603,-0.0395677718181995,-0.139161578620338,-0.221501031329207
"109",0.139623223034245,0.125138115474962,-0.139482993425514,-0.0677468032340859
"343",0.252199688917258,0.245000436222339,-0.141051086342377,-0.0693265031113859
"573",0.155706871185605,0.0912644739272267,-0.141543944034578,-0.0334961361363486
"80",0.0607156521660131,0.12141165517427,-0.142470344799833,-0.0225940432556995
"434",0.179263118183837,0.220587927404462,-0.143575445853358,-0.194332876174432
"1289",0.101180302613918,0.174288896443381,-0.143934647449208,-0.115006778372879
"887",0.222262762608409,0.233630725880526,-0.144452379976671,0.292034503758061
"698",0.314226129326067,0.34256753270801,-0.144987680999125,-0.0967348444602692
"494",0.18726439347481,0.220158339001899,-0.145031758566174,-0.0132545311977357
"956",-0.127046161685785,NA,-0.145135060114735,-0.0840161924919387
"14",0.231721145188675,0.238696160509128,-0.145860589768044,-0.222804276007372
"818",0.257156101471036,0.349760190869042,-0.146094286929748,-0.0594945591554276
"3",-0.072245434376409,-0.0378273933157488,-0.146108501725932,-0.0434732246010551
"320",-0.0844306527278226,0.0563594815061126,-0.146234267216459,-0.33022946882199
"951",0.206217523584613,0.235753286173875,-0.147170035352253,-0.0307353505895293
"665",NA,NA,-0.147968963535153,-0.0176122617491604
"491",0.208895485842431,NA,-0.148120584614153,-0.126936292523543
"511",0.0875829843325932,0.128663799722666,-0.148186151271602,-0.0632363896089255
"462",0.132407483012394,0.225069256178748,-0.149085195988807,-0.109426027769555
"392",NA,NA,-0.149108583173345,-0.237152747566452
"1604",0.175060412566025,0.258626804520273,-0.149347526280285,-0.0615651794821796
"1205",0.00229204588786358,0.00284487996134479,-0.149695523900965,-0.0453034926986537
"404",0.173101034466394,0.142906933600401,-0.149743813382654,0.157895210924145
"329",-0.0361175081042569,-0.160816012736823,-0.151417815925559,-0.00431894111908771
"60",0.084646534565509,0.0171200903899234,-0.151490510965077,0.0977304241835507
"831",0.090092748056419,0.0585355623728523,-0.152554863368397,-0.118599333405369
"532",-0.0417493957254825,-0.0875273708972693,-0.152565333050369,-0.234480211567355
"1202",0.158133355257193,0.175074722407053,-0.152749329409796,-0.183791369670429
"1294",0.0535635608546665,0.0455672115024777,-0.15275590622281,-0.0661272344578497
"677",0.31873659853171,0.378167020320014,-0.153687799375638,0.0641122408283919
"1597",0.190998999343738,0.262553424579444,-0.153861993407644,-0.134589389182246
"1552",0.0560126844531615,0.0321253064725804,-0.154065305554755,-0.014298007542878
"354",0.156570472088429,0.158017075511561,-0.155633267560026,-0.124568643873828
"146",-0.0452273912943933,-0.0740384861079028,-0.15703144030146,-0.259665272542006
"471",0.162864821567489,0.0688926606241383,-0.157394977572293,-0.0722109858653833
"822",0.267185066173699,0.26979434478524,-0.157496436735233,0.0620207423978704
"957",0.230211397111597,0.305394998693901,-0.158739412697002,-0.227725287328196
"859",0.122644929311998,0.114392989257516,-0.15912401157062,-0.00463580306941034
"1011",0.0685315016870456,0.121387972423486,-0.159191642708132,-0.228041192614854
"78",NA,NA,-0.159311667139972,-0.0280926384488559
"718",-0.14917536141091,-0.213397533975767,-0.159452931140762,-0.268337126169198
"1377",-0.0501592078769012,-0.0902358908009001,-0.160129044820152,-0.291811241312901
"259",0.141450903998569,0.188125198603364,-0.160332512523574,-0.232939291265643
"1284",0.173807479489619,0.230924728914364,-0.160631889767319,0.0134074016185071
"1175",0.20448657684689,0.184921137055081,-0.16128154897746,0.178080435062657
"843",0.105565727418988,0.149271250272502,-0.161562967580833,-0.0556078732380176
"1295",0.0382300029294043,0.173256578886334,-0.162645290173656,-0.175848346120139
"875",0.300060837360466,0.352867103295459,-0.162690153183401,-0.166211929164079
"1462",0.0887414660775539,0.0823560749698406,-0.163698790931995,-0.0178124753581377
"396",0.237247094302257,0.156287220126871,-0.164282310600981,0.0589317028899463
"44",0.173322726211763,0.193846212620837,-0.164768245881325,0.0447073502415778
"1273",0.165512516430358,0.0321387885207683,-0.165136540157391,-0.135585288575023
"1003",0.199934237321094,0.268902136851227,-0.165366527296077,0.00170833568239958
"759",0.216935761360314,0.291372445864337,-0.166406875732404,0.0277972321970103
"203",0.159520247515045,0.116025197836205,-0.167295218827734,0.121532601761722
"1214",0.0363407089320995,0.039556345497112,-0.167575105282099,-0.0321899607638943
"1556",0.139075902371753,0.235968618701904,-0.168316241321077,-0.145660901254867
"1356",0.14227751683369,NA,-0.170822121130363,-0.0156787476557284
"1025",0.269965385995435,0.314886139233566,-0.172220494368456,-0.180155762212329
"898",0.0652866231594745,0.0773006590601617,-0.172265721213939,-0.128504408648016
"492",0.156853397601783,0.214305284617617,-0.17247704617528,-0.174640244252413
"690",0.241719024548299,0.296729532853583,-0.172695776537437,0.00431181524675704
"806",-0.0699806787604677,-0.0358797520684859,-0.173192143012696,-0.125657774856255
"1628",0.191276591825762,0.242141434966962,-0.173333080011156,-0.108975691535216
"68",0.248368631151838,0.241602514744179,-0.173385542121163,-0.160176393903865
"1339",0.252577049037692,0.261495796739677,-0.174115009122055,0.029600429292555
"371",0.148836484003633,0.191979410296243,-0.174371442836033,-0.0383885822383938
"1454",0.235132453490136,0.216845173426874,-0.174420539044534,0.0188696119865099
"332",0.0854715273923305,NA,-0.175582379375796,-0.217847628593992
"1090",0.149959427529112,NA,-0.176313562815228,-0.0330000931341063
"452",0.125445828599641,0.207441451486002,-0.176617903059013,-0.214100185976874
"694",0.278764084328326,0.329142054546965,-0.176885327285424,-0.0487449665159426
"362",0.108773839380395,0.102048492589029,-0.177567029379093,-0.159732707435167
"772",0.165890177176813,0.0209969094624832,-0.177656615571567,0.000666069279042348
"482",0.244903405398975,0.22067575420964,-0.17789930323603,-0.012910078454336
"557",0.0583098984906704,0.018617078487679,-0.178644827076914,-0.0559934397428665
"1044",0.330331414820364,0.319243808311435,-0.179501201135399,0.1491980836277
"1246",0.0178046963897529,0.129531439456268,-0.179674818711768,-0.25711938484778
"99",0.295546111915781,0.263253350887303,-0.179711150252252,0.0065451714317506
"443",0.0941822207359948,NA,-0.179720474444976,-0.125692161238671
"1415",0.121323030150638,0.112626730115761,-0.180531930467834,-0.0420283087008484
"48",-0.0506962304886969,-0.11919034028218,-0.180982722093105,-0.305608975830915
"483",0.0431510189987183,0.0178623022045446,-0.182019970118453,-0.198430119114664
"1280",0.05910977789081,0.0678271632105528,-0.182068065214652,-0.19275916015268
"785",0.298936652348945,0.310445725109765,-0.182156343165786,0.107056016992312
"1165",0.235583109385587,0.275126545144131,-0.182305940514426,-0.138113942667417
"58",NA,NA,-0.182344530995346,-0.125031324605181
"182",0.166531944789275,0.264804767313423,-0.182398491214094,-0.130297636775506
"1448",0.189819109856056,0.255456785779179,-0.182567782026976,-0.0767917044495194
"1290",0.247129151196364,0.246043540707349,-0.183770973981647,-0.0250420242154222
"561",0.159628680944045,0.113339242942541,-0.184451358109296,0.0860399520159909
"1198",0.253304195229404,0.311704376704179,-0.184476838317583,-0.0408278376748159
"1455",0.10020193844099,0.0293398606422288,-0.184673161892211,0.107884823883453
"1509",0.206132412840091,0.2365501069929,-0.184768340003801,-0.277316153937928
"914",0.150056353141418,0.245614020392689,-0.18505089496354,0.0794362290200821
"1210",0.196367511399171,0.235968618701904,-0.185893929519063,0.143421823134008
"460",0.271683754893482,0.285719831441311,-0.186590432434143,0.0588471380000799
"1392",0.0678705223736112,0.050013532194721,-0.186671893511161,-0.149214892156498
"1021",0.146181314951618,0.226538990135311,-0.186920054278445,-0.182915292511744
"577",0.0824185823007119,0.154593036717811,-0.187737785041932,-0.242846480812158
"1004",0.0750873771917968,0.0692967737256639,-0.188678898598599,-0.135017047246342
"819",0.275903487944747,0.326650300046704,-0.189515468395645,0.116245159032595
"238",0.0367093645619551,0.00643853522640759,-0.190795242749625,-0.127496944611934
"1636",0.0538185414973661,0.0490118241867215,-0.191040709108436,-0.185053116102203
"968",0.100789298618885,0.163023212448606,-0.191147372405835,-0.144562409039503
"1460",0.140391224280249,0.0904286467654442,-0.191170596867571,-0.152723932720404
"813",0.234121859659081,0.23444571021994,-0.191791870089164,0.18140808191052
"1557",0.194086317810158,0.228918060612837,-0.192308185878769,0.0393564039308916
"1009",0.151412792078221,0.217065504186179,-0.192496518752929,-0.169053691880403
"1447",0.317394560593311,0.393684856146083,-0.193154401201747,0.18512553376112
"775",0.0921956545556725,0.120182857462756,-0.194116502052212,-0.166482075012832
"1630",0.237779912360853,0.177137814375974,-0.194226467475023,0.197424978423445
"681",0.202234761608042,0.215839005710831,-0.195039783079112,-0.0728551688062953
"451",0.278529384140151,0.322174175497938,-0.195135075624157,0.0095458007691014
"979",0.284950415731334,0.280855117205236,-0.195145978658032,0.0270356921194006
"967",0.199426265159567,0.251369074242761,-0.195237687306321,0.0313827517651967
"952",0.299797946038447,0.352926389054823,-0.195414602095033,-0.0821316786140959
"1635",0.200840913149751,0.285915616981421,-0.196315960524198,-0.08165725040102
"1496",0.253263951528813,0.278801497544128,-0.196926393400635,0.0310145596294956
"162",0.242962119050588,0.303499066020451,-0.198110305551747,-0.103143995227753
"55",0.025881844866201,NA,-0.198141873793478,-0.263659437803511
"807",0.289741295457121,0.276001533963004,-0.198541349574482,0.14867560608121
"1605",0.218048896806887,0.174021897560212,-0.198716190056815,0.0624965973907868
"1173",0.325207849873035,0.3224707773129,-0.199334563643318,0.173604668655496
"170",0.238865087318634,0.287863814061217,-0.199942421225931,-0.112627673151906
"925",0.26956979082933,0.246496447787812,-0.201364102707915,0.0908322159612769
"449",0.244526576860441,0.238476278388531,-0.201397093053983,0.0914638926377703
"1347",0.191657922388114,0.235986851891971,-0.201916884862475,-0.11242202640267
"175",0.291693922721088,0.300690874489452,-0.202306246396988,0.0548701236931486
"788",0.263954752728392,0.125083412303475,-0.20245599314026,0.0267540796728581
"152",0.0180712722382561,0.0171200903899234,-0.202740607858901,-0.208189029753423
"635",0.157557412371944,0.111659041465958,-0.203628853004223,0.0718059427080127
"1314",0.0769621099348282,NA,-0.204341597111769,-0.12150886271552
"467",0.326673917476572,0.235968618701904,-0.204945979076069,-0.0217627516477152
"632",-0.0331877794253638,-0.0314198365668009,-0.20607169255938,-0.162085310661332
"1588",0.189251406914679,0.15905652869165,-0.206099177842917,-0.0699451308683748
"1092",0.213576725641331,0.235968618701904,-0.206629743443335,0.0463413884892532
"83",NA,NA,-0.207019173176862,-0.0928208186487129
"82",0.238701280265226,0.270697953400566,-0.207778779633163,-0.220452073955374
"639",-0.00903350905679532,-0.188935765423344,-0.208096522610011,-0.153578195076205
"1372",0.110397320314609,0.0751572601339199,-0.20867157215046,-0.27973135017936
"790",0.148025497284232,0.0688926606241383,-0.209210660294813,-0.124093916595415
"803",0.268288421873878,0.307721790934543,-0.209567515254722,0.0681293310942443
"1419",0.241599482701665,0.233778669499804,-0.210080145880753,0.0191186793508593
"1263",0.129997407674715,NA,-0.210548311939018,-0.0567911674215091
"61",0.28804216851586,0.3322984445806,-0.210814280758418,-0.142929747829667
"916",0.291785481688591,0.276535016091402,-0.2110650563003,0.193603105353191
"114",0.16914071081486,0.231500340669751,-0.211248033515647,-0.0772721502439337
"814",0.240545541439862,0.232748780550358,-0.211366136413549,-0.124740208491612
"322",0.254999162421909,0.175144429625066,-0.211581373974213,-0.029356352651578
"1408",0.248185889334775,0.223447830994107,-0.212310364816202,0.0197966670170222
"938",0.224417980981392,0.122001267133524,-0.214136983156632,0.0218542440299711
"1449",0.331355635913252,0.388782828639573,-0.214261271419167,-0.0563776505682392
"800",0.122183681368647,0.0499749202365129,-0.214718505130051,-0.244704176488107
"781",0.207947824570546,NA,-0.215100848522631,0.0612966264970339
"955",0.276562694265777,0.30371241253103,-0.217763302108021,0.000319700838673962
"87",0.293889007662375,0.216304352659958,-0.218104598255877,0.0387982795246335
"1142",0.0899833519409635,0.0394911325969775,-0.218113781057878,-0.182896755048131
"1278",0.264253041537255,0.22901341253893,-0.218979577332,-0.0132885676403894
"767",0.223346541721597,0.225758145978,-0.21898662565686,0.0630164684212284
"1634",0.256388660999639,0.266846491368807,-0.219196465626592,-0.0368616661833201
"535",0.220848340744115,0.116908629477443,-0.219529832131104,-0.0207951209924028
"686",0.126780071562461,0.0408216684826177,-0.219728183962944,0.0908376273373959
"684",0.289747162730378,0.235968618701904,-0.220636046975479,0.0285532262434142
"585",0.130529707246962,0.15915590016625,-0.221248630991061,-0.0550403970015787
"659",0.0463756357316715,-0.0860950324829894,-0.22233594741779,-0.00755252158181785
"826",0.0271293532706214,0.0234326501948721,-0.222485543934014,-0.0229820667651835
"621",0.12427840261044,0.120535927196579,-0.222563864420628,-0.0797669864181015
"634",-0.0339874446805114,-0.24290248410935,-0.222646473185265,-0.0947146519803082
"1435",0.243023165981233,0.247799147515389,-0.222693627958349,-0.0550333948634463
"385",0.236939049382913,0.129566295271643,-0.223003963182838,-0.0821255091967325
"1612",0.401340645064309,0.413337348529418,-0.223592580819072,-0.0595091226988144
"580",0.127190972252306,0.214919644496377,-0.224209003106046,0.006480715416104
"474",0.0957855120414713,0.108922860758677,-0.224662215332306,-0.204508143794494
"1093",0.201768877366441,0.112007948957966,-0.22577255802974,0.0156755976800487
"1190",0.247713132796259,0.268997331522389,-0.225848440380248,0.0925440955635376
"59",0.232818921645423,0.19539639335106,-0.226447810025209,0.0320990322180007
"523",0.137434624611003,0.119046944290849,-0.22697337110743,-0.177748110059654
"141",0.335094364270325,0.361486386262803,-0.227717452171555,-0.0246553936504733
"969",0.17019995712738,0.208253217477628,-0.227919552960989,-0.0314601659427271
"15",0.205608533279872,-0.0167631117280323,-0.228480347827204,0.102339726514267
"1096",0.191609713049907,0.225726275654828,-0.228591123331748,0.00972992398217789
"838",0.240826111677618,0.246208249343583,-0.229136285889416,-0.0205231265407911
"500",0.247303369347154,0.274489780321325,-0.229372725909071,-0.136230267724092
"310",0.284676041114526,0.164056861074786,-0.230914186379835,0.240559369836083
"51",0.110880240056401,0.00760991399476657,-0.23109027097436,-0.186156012013162
"1390",0.180485135771883,0.1531475500065,-0.231134265232521,-0.189716879077422
"566",0.197037691839938,0.23397344248916,-0.231258731707697,0.0627389434428872
"720",0.0687961013426646,-0.0358797520684859,-0.231366563507771,-0.0825133428719312
"381",0.0398354123424869,0.11275814676396,-0.231369517384393,-0.23943104012907
"1629",0.172026171223916,NA,-0.231968325794276,-0.106682396000347
"615",0.0548981796248787,-0.00532573017061795,-0.232033990785605,-0.206045538010984
"756",0.0824425960915207,0.0360090339726609,-0.232159658839638,-0.0896852271447319
"1219",0.158677572148348,NA,-0.233693296633636,-0.0667192205673012
"1247",0.232102389316854,0.230574612977297,-0.234266684011052,-0.303788278438014
"1565",0.3362526795548,0.3817410088575,-0.234390419448832,0.0800002012068756
"1502",0.0944508248041819,NA,-0.236019209063696,-0.0770432523444458
"596",0.152243954411475,0.179078852557706,-0.237781238974479,-0.15983328050644
"188",0.355940928341839,0.292750526993358,-0.237940610882244,-0.243315024238103
"1644",0.331017735352914,0.433298291974137,-0.238802969151778,-0.111093675421254
"1638",0.200630038575329,0.238684400027897,-0.238874749137091,-0.277212885962872
"250",0.0791799614108996,0.0366795799989491,-0.239236619628916,-0.211156628710694
"1439",0.25335311086139,0.289303738588474,-0.24131473557597,-0.196104168560646
"924",0.248731146601078,0.235968618701904,-0.242909382923932,-0.0115394884741674
"1306",0.123713917863509,NA,-0.24298354509735,-0.199267104324551
"862",NA,NA,-0.24313911283845,-0.0227689371658374
"1546",0.217055163670083,0.113339242942541,-0.243229358403148,-0.0805487480883337
"1370",0.0786462254228599,0.168698495453364,-0.243529230468425,-0.196010625085053
"1178",0.352119247303362,0.289578082508467,-0.244129041764302,0.0567555885072757
"92",0.235644353389663,0.358900441373884,-0.245916907215523,-0.0747245233493846
"582",0.203735246323943,0.235968618701904,-0.246683804625014,-0.012705309507372
"1530",0.27659500007634,0.292454708846543,-0.246944255077735,0.0447773912042792
"1540",0.239568648951139,0.330404650631346,-0.248615532779229,-0.124014208195003
"530",0.348628306304113,0.282004871489565,-0.24909186153923,-0.042954245342692
"1589",0.39750649916062,0.417057009131345,-0.249369802070058,0.268163121570659
"706",0.230541894936863,0.235968618701904,-0.249489103043524,-0.0382171298871056
"1590",0.199763291600842,0.0261123853359952,-0.250267220765493,-0.0130933882195794
"1335",0.109093430150037,0.113151887292524,-0.250902403977591,-0.172958495062789
"1231",0.203600463193278,0.238891596983259,-0.251420812757012,-0.185909195759447
"423",0.161981155775823,0.0930145078631858,-0.252588491856334,-0.0179739071685779
"794",0.195376994538969,0.235968618701904,-0.254456668680325,0.0541375340576057
"498",0.0928327711977672,0.0529900642232029,-0.255587396263474,-0.0973315537707192
"390",0.0784468004986001,0.0341826211429546,-0.255679797650596,-0.168986081358105
"1639",0.310285486727125,0.308855240118841,-0.255837139310205,0.139988889851515
"38",0.219773768729071,0.239246045815871,-0.255900514664155,0.0879341947732728
"1569",0.152221971102859,NA,-0.256000395198022,-0.0429161459413509
"1583",0.23101863094116,0.258744476444077,-0.257129492904756,0.038684060973888
"762",0.205653647154734,0.137433849565247,-0.257767825737339,-0.0203575458193078
"1125",NA,NA,-0.257783972008738,-0.0538101805916788
"128",0.165981154575499,0.0528672701323389,-0.258768196750237,-0.138111399268011
"926",0.133777742645075,0.0698576696864805,-0.259980917485154,-0.112211015149428
"1563",0.220038356434965,0.150554482864788,-0.260351825239266,-0.150139453583332
"878",0.345780623805788,0.387997740084839,-0.261469371204751,-0.0629793824602851
"828",0.337437824637925,0.311107164807821,-0.26363011277121,0.0213186118102467
"222",0.222314716595229,NA,-0.264312747762108,0.134122771340122
"618",0.173637804067863,0.221234360663157,-0.264910145836377,-0.286672331495992
"893",0.26443273705665,0.235968618701904,-0.265502975039243,0.0111616808646561
"784",0.223151747229874,0.13728005677245,-0.265844520761584,0.0180815996265347
"229",0.320468682098275,0.245615732925511,-0.265885834534569,-0.058949345594818
"1626",0.31756807348107,0.309790214919296,-0.26661968474688,0.0934447164672493
"1543",0.208895485842431,NA,-0.266638524105984,0.171633977253647
"1342",0.290805418915665,0.344534378504437,-0.269705867604115,-0.103288384306633
"401",0.1840783890236,0.202789642153682,-0.270816921495824,-0.0918048453394816
"247",0.0766928588299916,0.0188287105068668,-0.271876410771068,-0.170833654605006
"337",0.32742563627039,0.235968618701904,-0.271967403832727,0.231012465198861
"1417",0.258801576230199,0.114207406234936,-0.272899638013821,-0.0387818480178097
"1161",0.164795646793828,0.113339242942541,-0.273200526334317,0.101210533122836
"811",0.23527102361623,0.188151587741509,-0.27349482174517,-0.070590668237084
"351",0.170373466636236,-0.0528320288285731,-0.274912082284092,-0.044521266907049
"163",0.118230165604034,0.133000349793714,-0.275554683609979,-0.163781772232709
"1591",0.250405135614126,0.307185320736612,-0.275953298209746,0.0805365663201061
"106",0.10428019018157,0.218035681550692,-0.276330494038751,-0.239789631498666
"213",0.237154813357781,0.157651494116205,-0.276665072312019,0.0928835460472202
"1171",0.261834835346128,0.246368629024776,-0.277555967741658,-0.0868847565134255
"101",0.355433604869618,0.368717051099887,-0.278716007639795,-0.139013843037691
"740",0.235721219619446,0.223696049166546,-0.278939355283324,-0.0317644528152755
"117",0.183043780135152,0.0371330085345011,-0.279568425490271,-0.0408475076326957
"1333",0.239581220490631,0.204226585360664,-0.280632658413833,0.220313790628415
"760",0.272845303811324,0.299524560431998,-0.280655482417334,0.0323119254973276
"605",0.19690580028611,0.0143031936660466,-0.281111585965984,0.0469942054709281
"508",0.189480396681202,0.181979697569167,-0.283846332815025,-0.0666232712164011
"723",0.246901661266558,0.240611446029826,-0.284768224363532,0.149759939117556
"384",0.325229780886112,0.338492254374899,-0.286849517528554,-0.171020121581623
"357",0.237223328332948,0.199023392049944,-0.287347870540491,0.155506416440997
"536",0.235130170832606,0.155447851694747,-0.288691685661633,-0.0810980278615676
"839",0.364743241210622,0.345412689204164,-0.288905016949209,0.205258420976934
"1174",0.224209257531024,0.215764598755404,-0.291337135837791,-0.0521482120433707
"1176",0.390925636604783,0.346308893674648,-0.291623527987553,0.0286579451932151
"29",0.0567859263754918,0.102827516155111,-0.291909633399702,-0.0125486489499141
"852",0.179309025210818,0.113339242942541,-0.292382276228302,0.024212659641613
"1475",0.320386764336177,0.254535797706886,-0.294542538526056,0.083661551465154
"1409",0.37149424326813,0.372763167129436,-0.29499213089056,-0.024664982776168
"499",0.269735269507625,0.177435123989396,-0.296144052858178,0.0178793550636652
"649",0.346033142619975,0.294840365741294,-0.296338347070936,0.0720928724743224
"882",0.149767871071336,0.249404011252447,-0.297737404674673,-0.209961795127509
"1145",0.270716846755225,0.246117933842738,-0.29863502470718,0.101501202085725
"1538",0.349228131574188,0.29089501049154,-0.300314395838029,0.128091113802813
"232",0.141705003617077,0.113339242942541,-0.300688958176036,-0.107007117415487
"950",0.422201232509404,0.375440330078315,-0.301762180221052,0.200097787939299
"1326",0.247095806152536,0.138521326503739,-0.30870413730982,-0.0405092396770321
"820",0.300585289295117,0.320993215571744,-0.309604859318998,-0.00776460446645025
"352",0.175362643064077,0.174830498721093,-0.310117207890349,0.0670177133955081
"1276",0.0552785060083165,-0.119151270210337,-0.313318345565651,0.121130101641746
"1443",0.29088070173694,0.286924767844699,-0.313345203142732,-0.0395853266574017
"41",0.26972355195363,0.292903337716362,-0.317665333584476,-0.0874329206038602
"1213",0.360150323923893,0.271461141213611,-0.318273170990724,0.0765423273979292
"1071",0.258980134939779,0.237063625286686,-0.319350811021874,0.0945900661919081
"428",0.171770733419215,0.201260668681354,-0.319484374580267,-0.1586464488181
"17",0.226410242909712,0.188998627735218,-0.320580862209839,-0.16212178885828
"578",0.34612348586478,0.21954295298448,-0.3216240757918,0.250588721316246
"830",0.403925198840931,0.388648094697787,-0.32182017921992,0.106556501298346
"1395",0.22407554933754,0.0991953950614002,-0.324225582559248,0.138362851560908
"890",0.308081455862323,0.249918057749903,-0.324444717590979,-0.0199874758543427
"88",0.264846987157432,0.229425525341556,-0.324712960728813,0.0269453814422292
"1261",0.276487858792469,0.176478802845721,-0.329663617077363,0.0684660317494525
"538",0.294392950940336,0.213138372178471,-0.329672260881034,-0.0651842754731075
"1320",0.19811925619517,0.134678792465655,-0.332050537127172,-0.151258188064244
"407",0.149959427529112,NA,-0.333489713964651,0.0581875923089625
"847",0.330970686981351,0.363314047886926,-0.336318808967027,-0.0617131199951437
"1267",0.218519070589958,0.209323830050518,-0.33779348375209,-0.146743380156765
"1461",0.343659383077659,0.326741136370054,-0.339151948909781,0.0341749249770935
"729",0.229985738816304,0.139898537427291,-0.34090438508849,0.00289558755478255
"1620",0.292751350714568,0.222235099102642,-0.344353308505761,0.0651934254532217
"1576",0.39204872532572,0.279332586009192,-0.344354891583843,0.229753832742424
"1366",0.305267291122973,0.286373352741677,-0.349443703606444,-0.00678195839523999
"1097",0.374282755641949,0.237907914074983,-0.349897632027139,0.253211660275883
"676",0.349066597520096,0.223068355415828,-0.351560530333309,0.140415741196562
"181",0.322815401261755,0.317439669150372,-0.352667172230015,-0.0181723210767518
"1162",0.391165023710737,0.308010453064664,-0.358773040099607,0.00136536953141238
"1113",0.200263943477517,0.199370688098753,-0.360027687642995,-0.0996040471271186
"1006",0.226009203303843,0.103426808601204,-0.360264638239575,-0.154671225931725
"1645",0.294269213156578,0.271462828196888,-0.362792120624149,-0.133692805151276
"393",0.219404467329418,0.0912640731158416,-0.363184949570385,-0.094910788036183
"363",0.265833861636555,0.059506210378563,-0.363459381845902,0.229817450939255
"1010",0.515612980054657,0.417250676660571,-0.363818014495106,0.0187820817214921
"1652",0.196382848269009,0.167201865549263,-0.364253609075288,-0.0558393777370819
"1520",0.300691934626847,0.221594082122757,-0.364800551502765,0.105594291404837
"1340",0.248733176067725,0.224872379044758,-0.366585680176905,-0.0204223739859659
"1265",0.25967531943494,0.213498322423783,-0.370136660339409,0.00785719118309897
"625",0.261480289114482,0.146616909832665,-0.37100114074888,-0.0696781823330263
"786",0.279900201147117,0.214446518722097,-0.372408129499756,-0.116045675582129
"1473",0.169282689176402,0.164841659838009,-0.374303544130436,-0.110783355312957
"997",0.217346131753476,0.146735064033901,-0.374882584345791,0.0630855496664587
"184",0.197452892763474,0.129658388019028,-0.375850393865653,-0.0279375862766139
"1528",0.181530386392587,0.0492875285642736,-0.378950271394787,0.156092673577427
"96",0.326695581152602,0.153942100771358,-0.381322894124887,0.0673203942825516
"664",0.3025531002428,0.246285650729725,-0.384662336569123,-0.0703733597380461
"1109",0.303137063772709,0.246915682057474,-0.388703044322215,0.0710493508392407
"212",0.403224013884759,0.358728480162614,-0.393375187244595,0.10723129201148
"489",0.26980726658707,0.200618807992993,-0.396505706778081,-0.0808778050475186
"1269",0.262902127454464,0.238444537488434,-0.398307849673109,-0.121190187660669
"798",0.307670251829941,0.205491500689814,-0.404005502550737,-0.0205659830922496
"1089",0.313309260183559,0.244430112026916,-0.409135622581801,-0.0155042954755112
"305",0.368670028665807,0.262126427194241,-0.412230856986051,0.276910454082295
"221",0.307735028842656,0.235249497086815,-0.414582711489852,-0.0256659936173037
"13",0.303497540922234,0.199697820967219,-0.41553956385745,-0.194615503199766
"1271",0.30554841529656,0.186639674467288,-0.41593227967833,-0.0331241769139922
"1391",0.243804387378148,0.199183036277962,-0.422714916380183,-0.207077665864388
"1378",0.301388444736613,0.184550570162962,-0.428495253051141,-0.149361593254874
"1385",0.374053790268291,0.212833002747992,-0.429087587144098,-0.114971182323538
"1500",0.311762866559434,0.225291423370412,-0.430030903542613,0.0571276657483442
"1302",0.293152331638058,0.272168711438167,-0.431573648380939,-0.0225262856383006
"399",0.349454758614594,0.233943321348594,-0.446454585901423,0.122763436520149
"572",0.298454009899789,0.228056581482528,-0.448560071808987,-0.0185143968877318
"1491",0.312419267242184,0.211342259427534,-0.450579077337945,0.146810823968991
"501",0.400244300860534,0.200424347825693,-0.466597689965796,0.106375693475242
"1319",0.350576535982012,0.219626368487774,-0.467699975279402,0.0601683378494723
"470",0.316662860625056,0.247834880317528,-0.487338066582987,-0.0698045326678866
"1094",0.457092296452069,0.352224987475083,-0.546928908606206,-0.0556061215634227
"1232",0.340287196843096,0.208743968039508,-0.550356351153027,-0.120937270159574
"1406",0.375589304154185,0.224865668808763,-0.614401188736759,-0.00176143457394007
"1497",0.0921641689744787,0.139461197696595,NA,NA
"1503",0.1106687423523,0.159626161459082,NA,NA
"986",0.158257470712332,0.210500420869892,NA,NA
