"ASV_id","warmed_fungi_gradient","warmed_fungi","cooled_fungi_gradient","cooled_fungi","High Control","Low Control","Mid Control","Genus","Family","Class","Order","Phylum"
605,-0.519497462196336,-0.174527253897136,0.610068145635905,0.505639005741696,3.1,2.07,2.85,NA,NA,"GS37","GS37","Ascomycota"
355,-0.569505017144971,-0.387612979721101,0.546847468172023,0.474341291735283,6.66,5.17,5.46,"Laetinaevia","Dermateaceae","Leotiomycetes","Helotiales","Ascomycota"
640,-0.563813209223412,-0.557943868697941,0.546511088061594,0.121429325956325,3.25,NA,1.39,"Clavaria","Clavariaceae","Agaricomycetes","Agaricales","Basidiomycota"
346,-0.57718203031498,-0.502048067456654,0.53621374231636,0.35198195848289,4.21,4.55,3.69,"Tetracladium","Helotiaceae","Leotiomycetes","Helotiales","Ascomycota"
417,-0.54958147832752,-0.178288333799368,0.53605037481322,0.601098877322794,5.47,3.68,4.34,"Endophoma","Didymellaceae","Dothideomycetes","Pleosporales","Ascomycota"
227,-0.412921934286752,-0.243962638129402,0.531558008922195,0.431421529679979,2.95,NA,1.59,"Cryptosporiopsis","Dermateaceae","Leotiomycetes","Helotiales","Ascomycota"
184,-0.588134509058087,-0.548048761492302,0.527518767610078,0.320966909846295,4.89,NA,NA,NA,NA,NA,NA,"Ascomycota"
299,-0.443816269154155,-0.2211906638285,0.523171790216882,0.551914840220809,3.55,4.3,3.35,NA,NA,"Eurotiomycetes",NA,"Ascomycota"
633,-0.469458604675185,-0.381097209931363,0.518742643286414,0.490281205211312,4.51,NA,NA,NA,NA,NA,NA,"Ascomycota"
319,-0.417026093353253,-0.206901343626144,0.518448481947685,0.536406431357816,3.55,2.37,2.42,NA,"Herpotrichiellaceae","Eurotiomycetes","Chaetothyriales","Ascomycota"
336,-0.50322350216497,-0.0905535336167473,0.517419522445853,0.479280733057787,5.11,4.06,5.56,"Knufia","Trichomeriaceae","Eurotiomycetes","Chaetothyriales","Ascomycota"
679,-0.432253109728151,-0.137302698737179,0.503626127190402,0.512666777479492,3.22,NA,3.82,"Mortierella","Mortierellaceae","Mortierellomycetes","Mortierellales","Mortierellomycota"
606,-0.420834262150922,-0.0518364915827632,0.500863933067067,0.502196794472748,2.8,2.64,3.22,NA,NA,"GS37","GS37","Ascomycota"
692,-0.5527493529232,-0.517473021432765,0.497446306757753,0.292031354767094,5.67,NA,NA,NA,NA,NA,NA,NA
281,-0.41777196125754,-0.208117903238311,0.495220913698459,0.603129296294498,4.98,NA,3.73,"Archaeorhizomyces","Archaeorhizomycetaceae","Archaeorhizomycetes","Archaeorhizomycetales","Ascomycota"
454,-0.456081733687165,-0.346263675776907,0.488301568524995,0.499139344372908,5.46,NA,3.99,"Archaeorhizomyces","Archaeorhizomycetaceae","Archaeorhizomycetes","Archaeorhizomycetales","Ascomycota"
469,-0.485421497929642,-0.555605739413595,0.487573061756482,0.249939348060475,5.34,3.78,NA,"Archaeorhizomyces","Archaeorhizomycetaceae","Archaeorhizomycetes","Archaeorhizomycetales","Ascomycota"
93,-0.548267455352892,-0.491698371116968,0.484966456000261,0.443765749992361,5.31,NA,5.49,"Archaeorhizomyces","Archaeorhizomycetaceae","Archaeorhizomycetes","Archaeorhizomycetales","Ascomycota"
450,-0.532806708512273,-0.479681197790337,0.477263109014985,0.225240493464632,5.5,NA,4.23,"Archaeorhizomyces","Archaeorhizomycetaceae","Archaeorhizomycetes","Archaeorhizomycetales","Ascomycota"
523,-0.483032187772058,-0.381478602389866,0.476291823809951,0.188505758460849,4.24,NA,NA,NA,NA,"Leotiomycetes",NA,"Ascomycota"
298,-0.423080204798589,0.0177406801223376,0.474549770767932,0.419226070242992,4.76,4.39,4.21,NA,"Verrucariaceae","Eurotiomycetes","Verrucariales","Ascomycota"
359,-0.399538930366118,-0.319702803838892,0.466276635555739,0.223165421104262,4.02,NA,3,"Laetinaevia","Dermateaceae","Leotiomycetes","Helotiales","Ascomycota"
419,-0.439380298168741,-0.0500817556046657,0.465585746029106,0.527962852203363,5.15,4.26,5.81,"Paraboeremia","Didymellaceae","Dothideomycetes","Pleosporales","Ascomycota"
327,-0.401732160570302,-0.203561504806242,0.465409778709115,0.532364681037764,2.73,1.95,2.95,NA,NA,"Eurotiomycetes","Chaetothyriales","Ascomycota"
201,-0.521440719783366,-0.329373091427274,0.462894254494456,0.56460808524916,5.09,3.98,4.32,"Fontanospora","Helotiaceae","Leotiomycetes","Helotiales","Ascomycota"
277,-0.419608811019943,-0.203081119572977,0.461694227524751,0.439998031582004,2.67,1.39,2.21,NA,NA,"Dothideomycetes","Capnodiales","Ascomycota"
2,-0.501092178136835,-0.37023613963619,0.461205051447525,0.182869214044746,3.83,NA,2.06,"Tausonia","Mrakiaceae","Tremellomycetes","Cystofilobasidiales","Basidiomycota"
571,-0.412602402993304,-0.322619801501307,0.460015018143662,0.5028884599205,7.5,4.43,4.84,"Archaeorhizomyces","Archaeorhizomycetaceae","Archaeorhizomycetes","Archaeorhizomycetales","Ascomycota"
384,-0.552404327670451,-0.482151186515975,0.456629491530473,0.333417731057357,4.85,NA,3.45,"Ilyonectria","Nectriaceae","Sordariomycetes","Hypocreales","Ascomycota"
235,-0.332288195127793,-0.202219353832527,0.453840208004323,0.472697593757555,4.14,NA,2.77,"Schizothecium","Lasiosphaeriaceae","Sordariomycetes","Sordariales","Ascomycota"
499,-0.405734524860103,-0.443239235260575,0.451039570467307,0.261023403419756,3.17,2.4,2.76,NA,"Glomeraceae","Glomeromycetes","Glomerales","Glomeromycota"
460,-0.472915286364141,-0.397028789591483,0.445594046470476,0.468295649888853,5.99,4.28,6.31,"Archaeorhizomyces","Archaeorhizomycetaceae","Archaeorhizomycetes","Archaeorhizomycetales","Ascomycota"
112,-0.395552554560252,-0.278515986978186,0.443051948473042,0.461374245880016,3.89,2.93,4.32,NA,NA,NA,NA,NA
597,-0.343412174871843,-0.191213946387227,0.440518922752136,0.375624604119856,2.47,1.39,2.48,"Preussia","Sporormiaceae","Dothideomycetes","Pleosporales","Ascomycota"
406,-0.375782733501187,-0.178215932913739,0.439805346869538,0.349926360897771,3.74,NA,3.41,"Petrakia","Melanommataceae","Dothideomycetes","Pleosporales","Ascomycota"
356,-0.382732157600256,-0.126556756315366,0.43923225600002,0.454352920660048,4.01,3.16,2.71,NA,NA,"Leotiomycetes","Helotiales","Ascomycota"
14,-0.465584326529139,-0.446903353158505,0.439147466933654,0.46064147616743,4.41,NA,4.38,"Archaeorhizomyces","Archaeorhizomycetaceae","Archaeorhizomycetes","Archaeorhizomycetales","Ascomycota"
405,-0.530200359468194,-0.516857563494106,0.436865603867392,0.450164269007768,4.55,4.04,2.45,NA,"Melanommataceae","Dothideomycetes","Pleosporales","Ascomycota"
570,-0.407011252325133,-0.477130391372969,0.43635714773228,0.314548368931253,5.67,5.77,3.27,"Archaeorhizomyces","Archaeorhizomycetaceae","Archaeorhizomycetes","Archaeorhizomycetales","Ascomycota"
471,-0.332607670114836,-0.277968496709433,0.431244675610318,NA,4.79,NA,NA,"Archaeorhizomyces","Archaeorhizomycetaceae","Archaeorhizomycetes","Archaeorhizomycetales","Ascomycota"
252,-0.38155339985781,-0.211807572339476,0.429520549233775,0.43915220278662,2.55,0.69,1.61,"Cercophora","Lasiosphaeriaceae","Sordariomycetes","Sordariales","Ascomycota"
691,-0.393395922960277,-0.390424001462849,0.429483591977905,NA,5.74,NA,NA,NA,NA,NA,NA,NA
135,-0.347097120257293,-0.249108689851341,0.428618536406106,0.21086577825532,4.03,NA,1.39,NA,NA,NA,NA,NA
134,-0.446104495082072,-0.447502625626447,0.428302921476267,0.0897568596807262,3.45,NA,NA,"Archaeorhizomyces","Archaeorhizomycetaceae","Archaeorhizomycetes","Archaeorhizomycetales","Ascomycota"
341,-0.474078999266257,-0.477014046158928,0.428142455826201,0.359155231141712,2.43,3.69,3.17,"Tolypocladium","Ophiocordycipitaceae","Sordariomycetes","Hypocreales","Ascomycota"
197,-0.465713231040534,-0.443578716645617,0.425329643370272,0.46199599835688,2.68,NA,NA,NA,"Hyaloscyphaceae","Leotiomycetes","Helotiales","Ascomycota"
361,-0.371075505356108,-0.321538578669771,0.42129728761902,0.414592381453854,7.25,5.54,6.57,"Laetinaevia","Dermateaceae","Leotiomycetes","Helotiales","Ascomycota"
572,-0.3368111520412,-0.169374948739851,0.419783968932847,0.516228086056431,5.45,NA,4.98,"Archaeorhizomyces","Archaeorhizomycetaceae","Archaeorhizomycetes","Archaeorhizomycetales","Ascomycota"
641,-0.319971758308781,-0.304989038666388,0.419493715559696,0.465322719510984,3.97,NA,2.75,NA,NA,NA,NA,NA
649,-0.303392768740565,-0.0202467121856257,0.418896564904897,0.453300872476557,2.3,1.7,1.55,"Mortierella","Mortierellaceae","Mortierellomycetes","Mortierellales","Mortierellomycota"
363,-0.320936779031945,-0.0160258866192014,0.416462956213064,0.534367315384295,4.06,3.14,3.11,"Tetracladium","Helotiaceae","Leotiomycetes","Helotiales","Ascomycota"
117,-0.327351849391926,-0.0610041177670732,0.414120277975476,0.57455758468329,3.34,NA,3.4,NA,"Olpidiaceae","Olpidiomycetes","Olpidiales","Olpidiomycota"
148,-0.358770398572566,-0.189558513895525,0.412473929753045,0.327270921108046,3.08,NA,2.4,"Venturia","Venturiaceae","Dothideomycetes","Venturiales","Ascomycota"
77,-0.336301206064058,-0.112332923359143,0.402834182908091,0.251826920784824,4.22,NA,3.36,"Alatospora","Leotiaceae","Leotiomycetes","Helotiales","Ascomycota"
569,-0.471290692469032,-0.428189756697081,0.396629939423931,0.215993889778851,3.27,NA,NA,"Archaeorhizomyces","Archaeorhizomycetaceae","Archaeorhizomycetes","Archaeorhizomycetales","Ascomycota"
198,-0.377779273548877,-0.238652409343714,0.396579304141908,0.334070131430156,4.32,5.51,4.48,NA,NA,"Leotiomycetes","Helotiales","Ascomycota"
451,-0.438766049330162,-0.422206426720097,0.393032769481118,0.214739057521987,5.69,3.04,4.32,"Archaeorhizomyces","Archaeorhizomycetaceae","Archaeorhizomycetes","Archaeorhizomycetales","Ascomycota"
306,-0.250742491450233,0.0479259475329126,0.392917447087334,0.557002186467359,3.32,4.03,3.82,NA,"Extremaceae","Dothideomycetes","Capnodiales","Ascomycota"
57,-0.390611083483375,-0.33849612940739,0.390073906095939,0.466790723996821,2.95,NA,NA,NA,NA,"Leotiomycetes","Helotiales","Ascomycota"
587,-0.344337995730318,-0.405498535677804,0.385622844337777,0.269985267214859,4.79,3.87,NA,"Clavaria","Clavariaceae","Agaricomycetes","Agaricales","Basidiomycota"
453,-0.447109110444337,-0.502764486167568,0.384786058578442,0.334249184005351,6.69,4.58,2.6,"Archaeorhizomyces","Archaeorhizomycetaceae","Archaeorhizomycetes","Archaeorhizomycetales","Ascomycota"
141,-0.154439665098696,0.170835895590449,0.383485636873799,0.519679835040824,1.69,2.2,2.21,NA,NA,"Leotiomycetes","Helotiales","Ascomycota"
636,-0.398971605273137,-0.30501209646664,0.382486879789521,0.429224727667191,3.21,NA,1.39,NA,NA,NA,NA,NA
685,-0.344662938470374,-0.17378539754563,0.379928199168301,0.32824618364362,2.17,NA,1.61,NA,NA,NA,NA,"Mortierellomycota"
579,-0.302918368715562,-0.247843352624967,0.378975905181479,0.421956361560111,6.24,4.4,4.24,NA,NA,NA,NA,NA
573,-0.398551690338533,-0.383705020284467,0.375482818257516,0.128385032058432,4.69,NA,NA,"Archaeorhizomyces","Archaeorhizomycetaceae","Archaeorhizomycetes","Archaeorhizomycetales","Ascomycota"
625,-0.202263537424245,-0.107579090202725,0.374327435111638,NA,2.71,NA,3.32,"Glomus","Glomeraceae","Glomeromycetes","Glomerales","Glomeromycota"
659,-0.315983930654353,-0.254154368645831,0.373958073270125,0.377374291415201,4.02,2.08,3.85,"Mortierella","Mortierellaceae","Mortierellomycetes","Mortierellales","Mortierellomycota"
612,-0.357677255893412,-0.236099143574999,0.370231058940987,0.305300299237256,4.29,NA,NA,"Clavulinopsis","Clavariaceae","Agaricomycetes","Agaricales","Basidiomycota"
145,-0.532562394415646,-0.439800993793566,0.370050708328322,0.239510152758252,3.7,NA,3.04,"Naganishia","Filobasidiaceae","Tremellomycetes","Filobasidiales","Basidiomycota"
149,-0.414990910763315,-0.303671479864727,0.364509363920184,0.176433497508682,4.01,2.71,3,"Venturia","Venturiaceae","Dothideomycetes","Venturiales","Ascomycota"
351,-0.371394967710867,-0.0751488821056639,0.364106528742996,0.331134629415806,4.73,3.43,NA,"Tetracladium","Helotiaceae","Leotiomycetes","Helotiales","Ascomycota"
475,-0.360252477350093,-0.343928884287355,0.363524904625839,0.305300299237256,2.94,NA,2.4,"Mycocentrospora","Mycosphaerellaceae","Dothideomycetes","Capnodiales","Ascomycota"
623,-0.242795501372163,-0.271011437590231,0.362755136017589,0.366304532371211,2.84,NA,3.19,"Glomus","Glomeraceae","Glomeromycetes","Glomerales","Glomeromycota"
278,-0.305595217363545,-0.290856837574529,0.361549781733541,0.458968875603479,4.82,NA,NA,NA,NA,"Agaricomycetes",NA,"Basidiomycota"
467,-0.392674225335384,-0.364433969804255,0.356066928881091,0.347802142503542,3.78,NA,3.09,"Archaeorhizomyces","Archaeorhizomycetaceae","Archaeorhizomycetes","Archaeorhizomycetales","Ascomycota"
94,-0.376785808938906,-0.31033456244933,0.355288449250006,0.307985002066226,5.46,NA,NA,"Archaeorhizomyces","Archaeorhizomycetaceae","Archaeorhizomycetes","Archaeorhizomycetales","Ascomycota"
498,-0.321374954238472,-0.429775317690397,0.355129206242644,0.304208236114393,3.41,NA,4.11,NA,"Glomeraceae","Glomeromycetes","Glomerales","Glomeromycota"
524,-0.26055702932603,-0.168849286716283,0.353867934497885,0.440364843752732,3.96,NA,2.48,NA,NA,"Leotiomycetes",NA,"Ascomycota"
75,-0.486295229460428,-0.455888139574074,0.348369904207771,-0.0477175635760512,3.77,NA,NA,"Alatospora","Leotiaceae","Leotiomycetes","Helotiales","Ascomycota"
155,-0.333157920905524,-0.261550751694299,0.348050866786507,-0.148188424975498,3.9,1.39,NA,NA,NA,NA,NA,NA
208,-0.374172776003734,-0.331945149038596,0.345047505989036,NA,4.25,NA,NA,"Heterosphaeria","Helotiaceae","Leotiomycetes","Helotiales","Ascomycota"
581,-0.306581698783534,-0.183994244986173,0.343500250125969,0.346852889929558,4.45,NA,1.61,"Clavaria","Clavariaceae","Agaricomycetes","Agaricales","Basidiomycota"
290,-0.166073765522874,-0.00497975469775168,0.343383283278932,0.0117607508201387,3.74,3.06,4.6,NA,NA,"Dothideomycetes","Pleosporales","Ascomycota"
439,-0.218824515160246,-0.12755744647316,0.343014119990511,NA,3.68,NA,NA,"Cadophora","Helotiales_fam_Incertae_sedis","Leotiomycetes","Helotiales","Ascomycota"
8,-0.368801060777002,-0.311088477369407,0.340987755324447,NA,5.28,NA,NA,NA,NA,NA,NA,NA
584,-0.293232682911089,-0.288838062028137,0.338450747640023,NA,5.12,NA,NA,NA,NA,NA,NA,NA
67,-0.366253321932508,-0.402692711537318,0.337754077595121,-0.116017249216329,4,1.97,NA,"Alatospora","Leotiaceae","Leotiomycetes","Helotiales","Ascomycota"
4,-0.356399224159507,-0.302543282862356,0.337206891343049,-0.0369865275586906,4.43,1.39,NA,NA,"Orbiliaceae","Orbiliomycetes","Orbiliales","Ascomycota"
339,-0.26848407623715,-0.142871791075845,0.336115130178016,0.386885204611497,3.65,3.43,4.86,"Knufia","Trichomeriaceae","Eurotiomycetes","Chaetothyriales","Ascomycota"
455,-0.34912393976931,-0.159339680395971,0.333986616580232,0.355733148792566,6.15,NA,3.91,"Archaeorhizomyces","Archaeorhizomycetaceae","Archaeorhizomycetes","Archaeorhizomycetales","Ascomycota"
188,-0.262659235579952,-0.0734265738330077,0.333249993227308,0.305300299237256,2.89,NA,NA,NA,NA,NA,NA,NA
582,-0.4354133653787,-0.434643069799199,0.332350436976453,0.218196203833391,4.51,NA,NA,NA,NA,NA,NA,NA
172,-0.363008230180347,-0.206983569734543,0.330025476816679,0.421834887092004,4.13,2.94,2.88,NA,NA,"Leotiomycetes","Helotiales","Ascomycota"
86,-0.243566914398006,-0.257506320641514,0.329183623956372,0.342081505046819,3.55,NA,1.1,NA,NA,"Dothideomycetes","Pleosporales","Ascomycota"
457,-0.22388643805334,-0.234858160822455,0.328983708296459,0.277276314629243,6.12,4.73,NA,"Archaeorhizomyces","Archaeorhizomycetaceae","Archaeorhizomycetes","Archaeorhizomycetales","Ascomycota"
317,-0.22504315800508,-0.115869350453704,0.328755838302546,0.396827123462383,5.15,NA,NA,NA,"Verrucariaceae","Eurotiomycetes","Verrucariales","Ascomycota"
382,-0.323568225224859,-0.339217377105694,0.326767376108055,0.321834265453123,4.83,NA,NA,"Ilyonectria","Nectriaceae","Sordariomycetes","Hypocreales","Ascomycota"
285,-0.196799255293253,-0.0636312610949254,0.324525819515139,0.14192156718592,3.68,3.5,NA,NA,NA,NA,NA,NA
267,-0.289139859225652,-0.192185153875162,0.324332282781471,0.388788398664904,2.68,1.39,2.44,"Glarea","Helotiaceae","Leotiomycetes","Helotiales","Ascomycota"
604,-0.308252691931236,-0.254574461296218,0.323688619411471,0.319507486745634,2.88,2.05,2.33,"Glomus","Glomeraceae","Glomeromycetes","Glomerales","Glomeromycota"
64,-0.310248502856415,-0.0202400784828189,0.323136396614552,0.369524344965877,3.06,NA,3.17,"Cladophialophora","Herpotrichiellaceae","Eurotiomycetes","Chaetothyriales","Ascomycota"
347,-0.309734309226784,-0.17522276364322,0.32248024575094,0.454586304064427,3.35,NA,NA,"Tetracladium","Helotiaceae","Leotiomycetes","Helotiales","Ascomycota"
96,-0.414862762321633,-0.328312040629078,0.315264235169832,0.214229884251843,4.84,NA,NA,"Archaeorhizomyces","Archaeorhizomycetaceae","Archaeorhizomycetes","Archaeorhizomycetales","Ascomycota"
183,-0.284226190330342,-0.354542759966463,0.31316753806068,0.272035012834603,4.09,3.06,6.63,NA,NA,NA,NA,NA
150,-0.418452453601537,-0.312473730030832,0.301437869710715,0.234443095252442,3.98,NA,NA,"Venturia","Venturiaceae","Dothideomycetes","Venturiales","Ascomycota"
574,-0.22969727227713,-0.14618208340738,0.300978414016627,0.128385032058432,5.22,NA,NA,"Archaeorhizomyces","Archaeorhizomycetaceae","Archaeorhizomycetes","Archaeorhizomycetales","Ascomycota"
47,-0.189486706125892,-0.0286240277562341,0.298815896578248,0.420759402554343,3.09,2.78,2.68,"Monodictys","Pleosporales_fam_Incertae_sedis","Dothideomycetes","Pleosporales","Ascomycota"
104,-0.264053994082104,0.0377993957098541,0.297913836406272,0.310556126985309,4.93,4.84,4.8,"Exophiala","Herpotrichiellaceae","Eurotiomycetes","Chaetothyriales","Ascomycota"
547,-0.0564287398669985,0.311224377437257,0.297232950233423,0.544772444767521,4.08,NA,2.7,"Slooffia","Chrysozymaceae","Microbotryomycetes","Microbotryomycetes_ord_Incertae_sedis","Basidiomycota"
76,-0.178378949872383,-0.00241302460393597,0.297214126446959,0.354463829874981,4.05,3.33,2.56,"Alatospora","Leotiaceae","Leotiomycetes","Helotiales","Ascomycota"
458,-0.272631819895596,-0.389253481041219,0.296522142001545,0.190526559462318,4.48,NA,6.3,"Archaeorhizomyces","Archaeorhizomycetaceae","Archaeorhizomycetes","Archaeorhizomycetales","Ascomycota"
210,-0.28625937773881,-0.302279492369333,0.295338495991147,0.375167161787429,5.87,5.28,4.36,"Leohumicola","Helotiales_fam_Incertae_sedis","Leotiomycetes","Helotiales","Ascomycota"
110,-0.136575033956536,0.0890889492304106,0.294611496390332,0.209539822623399,3.95,NA,4.43,NA,NA,NA,NA,NA
315,-0.0862456949697,0.280143130722426,0.292888224954946,0.282319639893626,3.19,2.96,2.78,NA,NA,"Eurotiomycetes","Chaetothyriales","Ascomycota"
195,-0.134350172039187,-0.0429497929271354,0.292221592597114,0.220872890170889,3.15,4.62,3.84,"Lachnum","Hyaloscyphaceae","Leotiomycetes","Helotiales","Ascomycota"
613,-0.408110721820595,-0.263956538932701,0.284327776837531,0.280369492866432,4.9,NA,NA,"Clavulinopsis","Clavariaceae","Agaricomycetes","Agaricales","Basidiomycota"
468,-0.261335293973148,-0.22973011940572,0.283771070839342,0.208898987823472,7.07,NA,8.19,"Archaeorhizomyces","Archaeorhizomycetaceae","Archaeorhizomycetes","Archaeorhizomycetales","Ascomycota"
575,-0.308973174501794,-0.180386617467155,0.281664907265377,0.394540700438003,3.44,NA,NA,"Clavulinopsis","Clavariaceae","Agaricomycetes","Agaricales","Basidiomycota"
228,-0.177313227478004,0.00613545772030199,0.279459830392306,0.531854111074133,2.17,NA,2.32,"Cryptosporiopsis","Dermateaceae","Leotiomycetes","Helotiales","Ascomycota"
494,-0.27343966807738,-0.188899000185994,0.271898413203848,0.357153513766579,4.82,3.65,4.14,"Dominikia","Glomeraceae","Glomeromycetes","Glomerales","Glomeromycota"
526,-0.264630418855227,-0.195979790609291,0.270507011963873,0.372317401050078,2.69,4.75,3.07,NA,NA,"Leotiomycetes",NA,"Ascomycota"
385,-0.0287786014940091,0.273675425786608,0.269650099257861,0.40715525127512,5.69,2.89,3.41,"Fusarium","Nectriaceae","Sordariomycetes","Hypocreales","Ascomycota"
85,-0.324359079160677,-0.256550859518812,0.267412100572374,0.373153873505048,3.65,NA,NA,"Phaeosphaeria","Phaeosphaeriaceae","Dothideomycetes","Pleosporales","Ascomycota"
274,-0.320104426183022,-0.313339823200922,0.266796423771027,0.131332709856416,3.11,2.2,2.24,"Barnettozyma","Phaffomycetaceae","Saccharomycetes","Saccharomycetales","Ascomycota"
219,-0.239601890692305,-0.0692715285001773,0.265612921423419,0.10831476069019,2.88,2.3,1.95,NA,NA,"Leotiomycetes","Helotiales","Ascomycota"
133,-0.367585610703374,-0.314498040384784,0.262172560962004,0.205733382926729,2.79,3.15,3.43,"Naganishia","Filobasidiaceae","Tremellomycetes","Filobasidiales","Basidiomycota"
221,-0.298501558370875,-0.193528980925392,0.259835409651489,0.356262290949565,3.04,NA,2.59,"Hymenoscyphus","Helotiaceae","Leotiomycetes","Helotiales","Ascomycota"
520,-0.0836132738778074,0.142814505326169,0.259141113505396,0.589893088542266,2.2,0.69,2.4,NA,NA,"Sordariomycetes",NA,"Ascomycota"
531,-0.289428996808076,-0.0813907387095315,0.257086738197715,0.411662896551481,3.82,NA,4.54,"Solicoccozyma","Piskurozymaceae","Tremellomycetes","Filobasidiales","Basidiomycota"
446,-0.202059518876029,-0.218158989827936,0.253580073067611,0.219699782745195,5.17,3.91,5.1,"Archaeorhizomyces","Archaeorhizomycetaceae","Archaeorhizomycetes","Archaeorhizomycetales","Ascomycota"
80,-0.201075621211136,-0.0857300553522851,0.252679660142482,0.243435098222655,3.25,4.22,NA,NA,NA,NA,NA,"Ascomycota"
409,-0.140854683954475,0.0467157422373799,0.252222261618407,0.155133953770215,1.9,NA,3.2,NA,NA,"Dothideomycetes","Pleosporales","Ascomycota"
445,-0.323900167598935,-0.170378196838105,0.251644449365818,-0.0017919971299854,4.6,NA,4.02,"Hygrocybe","Hygrophoraceae","Agaricomycetes","Agaricales","Basidiomycota"
533,-0.0782546842861539,0.171160242086487,0.248781234941677,0.38200851555913,4.23,3.98,4.5,"Solicoccozyma","Piskurozymaceae","Tremellomycetes","Filobasidiales","Basidiomycota"
378,-0.214547204258501,-0.101962836721771,0.24561775566656,0.146298171558907,2.5,2.08,2.69,"Monocillium","Hypocreaceae","Sordariomycetes","Hypocreales","Ascomycota"
325,-0.203426735237489,-0.182586531912875,0.245288822209425,0.272155837052251,4.95,NA,2.32,NA,"Herpotrichiellaceae","Eurotiomycetes","Chaetothyriales","Ascomycota"
239,-0.223193176755664,-0.0821025241154384,0.245094759620649,0.274759163280561,3.64,NA,NA,"Schizothecium","Lasiosphaeriaceae","Sordariomycetes","Sordariales","Ascomycota"
658,-0.121144205258639,0.19551017468569,0.244186622625246,0.552031974945867,3.33,2.2,3.87,"Mortierella","Mortierellaceae","Mortierellomycetes","Mortierellales","Mortierellomycota"
665,-0.162477612415057,-0.0675831169026569,0.24383024456359,0.345922089524023,5.85,5.72,4.55,"Mortierella","Mortierellaceae","Mortierellomycetes","Mortierellales","Mortierellomycota"
28,-0.0294786817737938,0.179430039128283,0.240703067173137,0.4133703812965,2.64,NA,2.64,"Ambispora","Ambisporaceae","Archaeosporomycetes","Archaeosporales","Glomeromycota"
532,-0.377690095215938,-0.234193680353931,0.239040632858242,0.0758406174119876,4.14,NA,NA,"Solicoccozyma","Piskurozymaceae","Tremellomycetes","Filobasidiales","Basidiomycota"
316,-0.130337513848327,-0.0268657265545485,0.238924127130367,0.373990778052387,2.29,2.45,2.62,"Striatibotrys","Stachybotryaceae","Sordariomycetes","Hypocreales","Ascomycota"
286,-0.241625953933942,-0.295921891153139,0.238424398694401,0.171630137354937,4.85,2.68,3.76,NA,NA,NA,NA,"Ascomycota"
328,-0.143785598330977,-0.12520840761155,0.234600004445274,0.2970419583414,5.48,5.74,4.48,NA,NA,"Eurotiomycetes","Chaetothyriales","Ascomycota"
364,-0.117958463615949,-0.0503175557466336,0.232764644500204,0.0913683245595636,3.73,4.63,NA,"Tetracladium","Helotiaceae","Leotiomycetes","Helotiales","Ascomycota"
558,-0.173608114782536,-0.205309306102925,0.232262106892853,0.0129701927372925,3.37,3.72,3.53,NA,NA,"Xylonomycetes","GS34","Ascomycota"
442,-0.233805810096406,-0.0252350479546352,0.228562211115058,0.284113898795953,1.7,NA,2.86,NA,NA,"Lecanoromycetes","Lecanorales","Ascomycota"
466,-0.211342058859107,-0.217789876666448,0.223267302146724,0.251485979418672,5.47,5.69,NA,"Archaeorhizomyces","Archaeorhizomycetaceae","Archaeorhizomycetes","Archaeorhizomycetales","Ascomycota"
305,-0.265254947466046,-0.232225207776738,0.22227512400161,NA,5.04,NA,NA,NA,"Extremaceae","Dothideomycetes","Capnodiales","Ascomycota"
519,-0.225022006436494,-0.100898121809844,0.221337837426074,0.0704656432689058,2.26,3,2.64,NA,NA,"Sordariomycetes",NA,"Ascomycota"
370,-0.313300993956528,-0.256705256790851,0.219826328144867,0.0156706855477821,3.82,NA,3.58,"Gliomastix","Bionectriaceae","Sordariomycetes","Hypocreales","Ascomycota"
481,-0.238128451347621,-0.0932306772386939,0.217614502271639,0.117403022349835,4.45,3.71,3.87,"Ramularia","Mycosphaerellaceae","Dothideomycetes","Capnodiales","Ascomycota"
264,-0.150402658791839,-0.00226095653872456,0.216610969200002,-0.148188424975498,3.86,3.22,NA,NA,"Helotiaceae","Leotiomycetes","Helotiales","Ascomycota"
214,-0.220116493834707,-0.0401245635809021,0.216127118324686,0.587277511146212,3.34,NA,4.38,"Gyoerffyella","Hyaloscyphaceae","Leotiomycetes","Helotiales","Ascomycota"
515,-0.301610900847135,-0.194960805113763,0.214668314608606,0.363952986743917,2.93,NA,NA,NA,NA,"Tremellomycetes","Tremellales","Basidiomycota"
213,-0.267172772993318,-0.237030736749059,0.210865343349681,-0.0975560383699679,3.48,NA,NA,"Fontanospora","Helotiaceae","Leotiomycetes","Helotiales","Ascomycota"
62,-0.273281383419592,-0.195354738362683,0.210116399894144,0.417515106793503,2.31,NA,NA,"Aureobasidium","Aureobasidiaceae","Dothideomycetes","Dothideales","Ascomycota"
193,-0.234427733888577,-0.0637011529417661,0.209756122820093,0.256451934527035,4,NA,NA,NA,"Hyaloscyphaceae","Leotiomycetes","Helotiales","Ascomycota"
329,-0.150217611083123,-0.123021460455746,0.209127447610683,0.285752368523278,3.61,3.93,2.48,NA,"Herpotrichiellaceae","Eurotiomycetes","Chaetothyriales","Ascomycota"
637,-0.106283141130466,-0.00776476330355543,0.203112160248977,-0.106326334539059,3.97,NA,NA,"Thanatephorus","Ceratobasidiaceae","Agaricomycetes","Cantharellales","Basidiomycota"
411,-0.207954321306106,-0.0835345715307838,0.202878844945741,0.286984622152136,4.14,4.07,4.4,NA,"Melanommataceae","Dothideomycetes","Pleosporales","Ascomycota"
530,-0.0832887183267493,0.121792261328444,0.202614846112757,0.476868487982269,2.96,2.55,2.95,"Udeniozyma","Chrysozymaceae","Microbotryomycetes","Microbotryomycetes_ord_Incertae_sedis","Basidiomycota"
263,-0.208614705608384,-0.283386980653695,0.20244072040541,0.271679591979364,4.31,2.48,2.48,"Crocicreas","Helotiaceae","Leotiomycetes","Helotiales","Ascomycota"
634,-0.0765755049698796,0.0740694403087431,0.20169834622911,0.384453739145044,2.83,NA,4.92,NA,NA,"Agaricomycetes",NA,"Basidiomycota"
404,-0.255883051761996,-0.122312727647557,0.199832615283949,0.331990268311391,2.56,NA,2.47,NA,"Melanommataceae","Dothideomycetes","Pleosporales","Ascomycota"
464,-0.301660137960743,-0.200930791497653,0.199816283366441,0.419996694311252,6.17,NA,NA,"Archaeorhizomyces","Archaeorhizomycetaceae","Archaeorhizomycetes","Archaeorhizomycetales","Ascomycota"
474,-0.158575312325774,-0.0625701304348296,0.199436587158741,0.118822670438221,4.31,4.17,3.6,NA,NA,"Leotiomycetes","Helotiales","Ascomycota"
452,-0.269316275115045,-0.132212327194426,0.198194142722198,-0.148188424975498,5.54,1.79,NA,NA,NA,NA,NA,NA
59,0.0192527269465286,0.17978200764399,0.196533422418581,0.398131480335856,2.11,2.44,2.27,"Leuconeurospora","Pseudeurotiaceae","Leotiomycetes","Thelebolales","Ascomycota"
585,-0.148377587285863,-0.201786174366536,0.196479528351432,0.229748184664327,4.59,2.14,NA,NA,NA,NA,NA,NA
516,-0.197267237665115,-0.134251175082534,0.194569324867228,0.214944330003676,4.39,NA,NA,"Archaeorhizomyces","Archaeorhizomycetaceae","Archaeorhizomycetes","Archaeorhizomycetales","Ascomycota"
209,-0.191303272551498,0.00261812047994032,0.193007637028035,0.190289990783507,4.96,NA,2.3,NA,"Helotiaceae","Leotiomycetes","Helotiales","Ascomycota"
5,-0.0461331724292715,0.170111888547517,0.190018612370138,0.33806499868858,2.89,NA,5.17,NA,"Orbiliaceae","Orbiliomycetes","Orbiliales","Ascomycota"
127,-0.299270304636744,-0.227116196549677,0.189497861226581,0.169323248951456,5.44,NA,4.57,NA,"Sebacinaceae","Agaricomycetes","Sebacinales","Basidiomycota"
666,-0.257774024872916,-0.403437918658803,0.188388982392263,0.0121802956822442,4.7,3.91,4.04,"Mortierella","Mortierellaceae","Mortierellomycetes","Mortierellales","Mortierellomycota"
426,-0.214744209951611,0.0163031136586724,0.186615009625061,0.224853743028296,1.99,2.81,2.23,"Paraphoma","Phaeosphaeriaceae","Dothideomycetes","Pleosporales","Ascomycota"
215,-0.220701489821324,-0.183168690929026,0.186290675630929,0.0265342910321497,3.13,4.52,3.3,"Cistella","Hyaloscyphaceae","Leotiomycetes","Helotiales","Ascomycota"
81,-0.118826644747169,-0.129785116138937,0.186105850196124,0.108992810467716,3.76,1.1,NA,NA,NA,NA,NA,"Ascomycota"
660,-0.0778410959285756,0.0333278742985579,0.182431892995847,0.414698289035924,3.99,3.64,5.43,"Mortierella","Mortierellaceae","Mortierellomycetes","Mortierellales","Mortierellomycota"
337,-0.211441295662773,-0.120850409753212,0.181499381930665,-0.148188424975498,3.28,3.47,NA,"Knufia","Trichomeriaceae","Eurotiomycetes","Chaetothyriales","Ascomycota"
212,-0.292258100858125,-0.259199752354557,0.177726797105047,-0.0151689584811023,5.26,NA,NA,"Leohumicola","Helotiales_fam_Incertae_sedis","Leotiomycetes","Helotiales","Ascomycota"
357,0.114847680469524,0.3297360547041,0.172418594871048,0.540588750554377,NA,NA,2.56,NA,NA,"Leotiomycetes","Helotiales","Ascomycota"
435,-0.205327277210736,-0.215999976971693,0.17174856016416,0.186623716802772,2.89,2.54,NA,NA,NA,NA,NA,"Ascomycota"
108,-0.0769114321690076,-0.0561678439163334,0.171711529581389,0.0796951763714719,2.98,3.19,NA,"Cladophialophora","Herpotrichiellaceae","Eurotiomycetes","Chaetothyriales","Ascomycota"
470,-0.272273702740768,-0.42318726671691,0.170715025789911,0.258440359445608,5.36,3.45,2.71,"Archaeorhizomyces","Archaeorhizomycetaceae","Archaeorhizomycetes","Archaeorhizomycetales","Ascomycota"
140,-0.131056147855407,-0.0106846350563277,0.169841773884222,0.316325180428543,3.34,2.55,3.59,"Minimedusa","Cantharellales_fam_Incertae_sedis","Agaricomycetes","Cantharellales","Basidiomycota"
593,-0.271167955849653,-0.139707510446814,0.169677428197846,0.294138218957999,3.97,NA,NA,NA,"Melanommataceae","Dothideomycetes","Pleosporales","Ascomycota"
397,-0.0165917603727329,0.171951736568875,0.165833691791885,0.264660425598251,3.71,0.69,2.58,"Rhizophagus","Glomeraceae","Glomeromycetes","Glomerales","Glomeromycota"
248,-0.214026490017912,0.0293567974791694,0.165500813057057,0.132739363072416,3.5,4.76,2.85,"Apodus","Lasiosphaeriaceae","Sordariomycetes","Sordariales","Ascomycota"
15,-0.198134287895727,-0.239852133258578,0.165050330673097,0.116294483192394,4.42,NA,3.71,"Archaeorhizomyces","Archaeorhizomycetaceae","Archaeorhizomycetes","Archaeorhizomycetales","Ascomycota"
313,-0.146453781668474,0.0207542565307899,0.162614204926031,0.0538931115578595,3.83,2.71,1.79,"Pectenia","Pannariaceae","Lecanoromycetes","Peltigerales","Ascomycota"
566,0.0436803412111089,0.0845496684642427,0.16215550597624,0.355162314003268,4.43,1.79,NA,NA,NA,"Orbiliomycetes","GS33","Ascomycota"
415,-0.0272477625736722,0.192079213605044,0.160714579964301,0.441188623586926,3.49,NA,2.81,"Didymella","Didymellaceae","Dothideomycetes","Pleosporales","Ascomycota"
21,-0.388400658068686,-0.362917342415147,0.160026196948373,0.172945234448162,3.01,1.39,NA,"Amphosoma","Orbiliaceae","Orbiliomycetes","Orbiliales","Ascomycota"
84,-0.238115085049082,-0.306677348022939,0.159924917865974,0.0362470020982154,5.16,3.89,2.2,"Phaeosphaeria","Phaeosphaeriaceae","Dothideomycetes","Pleosporales","Ascomycota"
449,-0.173491015489517,-0.0148662887298265,0.159150817504105,0.08971580420924,4.69,NA,NA,"Archaeorhizomyces","Archaeorhizomycetaceae","Archaeorhizomycetes","Archaeorhizomycetales","Ascomycota"
461,-0.219401104049417,-0.160688640477945,0.156029994039281,0.24119560895118,3.43,NA,NA,"Archaeorhizomyces","Archaeorhizomycetaceae","Archaeorhizomycetes","Archaeorhizomycetales","Ascomycota"
30,0.0326208996678791,0.268165233897375,0.155899792491052,0.280535329351758,3.34,3.15,4.4,NA,NA,"Sordariomycetes","Coniochaetales","Ascomycota"
71,-0.0790674173029526,-0.019487779552909,0.154295891558408,0.144258272798136,2.73,4.04,NA,NA,NA,"Sordariomycetes","Sordariales","Ascomycota"
564,-0.0671983539142576,-0.00279257116370145,0.153325885486323,0.286641224291711,3.69,NA,2.48,"Glomus","Glomeraceae","Glomeromycetes","Glomerales","Glomeromycota"
234,-0.27379888518875,-0.243741726151165,0.15261057615737,0.00507792173809253,4.53,2.44,1.61,"Podospora","Lasiosphaeriaceae","Sordariomycetes","Sordariales","Ascomycota"
294,-0.104017022994991,0.132384146983451,0.147596865651241,0.220065738248328,NA,NA,4.63,"Penicillium","Aspergillaceae","Eurotiomycetes","Eurotiales","Ascomycota"
373,0.145884942365442,0.181139843563726,0.144218758357605,0.199099462883286,2.54,3.14,2.87,"Paramyrothecium","Stachybotryaceae","Sordariomycetes","Hypocreales","Ascomycota"
31,0.0294950139418637,0.18184888918646,0.143384062544136,0.311746480312651,NA,3.33,4.48,NA,NA,"Sordariomycetes","Coniochaetales","Ascomycota"
167,-0.0107337610526343,0.19707170397677,0.14324807186092,0.205818032241777,2.83,3.46,3.42,"Chaetosphaeronema","Phaeosphaeriaceae","Dothideomycetes","Pleosporales","Ascomycota"
349,-0.0108974216642737,0.201356108418739,0.140961323334421,0.625407700723664,4.04,4,4.06,"Tetracladium","Helotiaceae","Leotiomycetes","Helotiales","Ascomycota"
247,-0.154018323245707,-0.174031324446639,0.140639208515688,0.247609728882788,4.32,4.31,1.1,"Apodus","Lasiosphaeriaceae","Sordariomycetes","Sordariales","Ascomycota"
617,-0.113170770273047,-0.230866555250114,0.137391906354998,0.212849204973378,5.95,3.4,5.66,NA,"Clavariaceae","Agaricomycetes","Agaricales","Basidiomycota"
89,-0.238378452197286,-0.173661108970334,0.136955639413593,0.239978806139748,3.33,4.93,NA,NA,NA,"Leotiomycetes","Helotiales","Ascomycota"
7,-0.217600868657779,-0.168692231714604,0.136361659178542,-0.148188424975498,5.05,3.14,NA,NA,NA,NA,NA,NA
304,-0.017167781806992,0.228532915494325,0.134904545554791,0.236664460982279,3.56,2.73,4.57,NA,"Extremaceae","Dothideomycetes","Capnodiales","Ascomycota"
518,-0.053037025345148,0.101454312787285,0.134113395468719,0.100833505071219,1.39,NA,3.53,NA,NA,"Sordariomycetes","Hypocreales","Ascomycota"
27,-0.0597706265556428,0.126732521527724,0.13200598783957,NA,3.22,NA,3.43,"Paraglomus","Paraglomeraceae","Paraglomeromycetes","Paraglomerales","Glomeromycota"
10,-0.147654792316443,-0.0334795706329127,0.131715473485799,0.210179454815232,2.95,4.03,2.56,NA,NA,NA,NA,NA
259,-0.0902295753397887,-0.0682474566556678,0.131585061790505,0.0913378044818836,3.08,1.94,2.86,NA,NA,NA,NA,"Ascomycota"
203,-0.308660700564982,-0.120843421382766,0.130421770318738,0.323564063433068,4.58,NA,4.7,"Fontanospora","Helotiaceae","Leotiomycetes","Helotiales","Ascomycota"
17,0.0760463661899477,0.191032671831433,0.129932735836357,0.193081497908666,3.22,4.31,3.58,NA,NA,"Leotiomycetes","Helotiales","Ascomycota"
512,-0.150074490596055,-0.0833641831169463,0.12989013114694,0.206562696734841,3.21,NA,NA,"Scutellospora","Gigasporaceae","Glomeromycetes","Gigasporales","Glomeromycota"
668,-0.0395033523647023,0.00536866509049712,0.129344562243012,0.442325787223768,NA,NA,2.71,"Mortierella","Mortierellaceae","Mortierellomycetes","Mortierellales","Mortierellomycota"
472,-0.154009222615922,-0.179552754360852,0.128016718253621,0.155133953770215,3.66,NA,6.5,"Hemimycena","Tricholomataceae","Agaricomycetes","Agaricales","Basidiomycota"
348,0.0973560384117967,0.330619040742641,0.127402466209837,0.366749076658704,NA,NA,NA,"Tetracladium","Helotiaceae","Leotiomycetes","Helotiales","Ascomycota"
367,-0.00143081592937517,NA,0.124404547824919,0.223165421104262,NA,NA,3.38,NA,NA,"Sordariomycetes","Hypocreales","Ascomycota"
113,0.0455372916328057,0.29311565578252,0.122702619196148,0.155133953770216,NA,NA,3.16,"Venturia","Venturiaceae","Dothideomycetes","Venturiales","Ascomycota"
309,-0.0909255299585607,NA,0.120746085064967,0.274415132748424,NA,NA,4.57,"Penicillium","Aspergillaceae","Eurotiomycetes","Eurotiales","Ascomycota"
680,0.0330943060518777,0.226291881078509,0.120229263726524,0.276010687906396,NA,NA,NA,"Mortierella","Mortierellaceae","Mortierellomycetes","Mortierellales","Mortierellomycota"
645,-0.179674183522039,-0.218155709832232,0.119070930481133,0.184734432685816,3.92,4.46,2.71,"Mortierella","Mortierellaceae","Mortierellomycetes","Mortierellales","Mortierellomycota"
620,-0.099471791278812,-0.199921343645979,0.117810532509619,0.0860554133316022,4.04,3.91,5.61,NA,"Clavariaceae","Agaricomycetes","Agaricales","Basidiomycota"
24,-0.0163315641605824,-0.119327398882093,0.117450576188207,-0.094522795841904,2.98,3.02,3.37,"Paraglomus","Paraglomeraceae","Paraglomeromycetes","Paraglomerales","Glomeromycota"
79,-0.147097427669595,-0.0771682648385608,0.116961206826261,0.118454984319207,4.42,2.94,NA,NA,NA,NA,NA,"Ascomycota"
324,0.0208870182760473,0.057033740281933,0.114820491189052,0.0835010568473266,6.27,4.98,3.95,NA,"Herpotrichiellaceae","Eurotiomycetes","Chaetothyriales","Ascomycota"
165,-0.149099546819997,-0.131035570846864,0.113504725382159,0.133647752625912,5.14,NA,NA,"Alternaria","Pleosporaceae","Dothideomycetes","Pleosporales","Ascomycota"
334,-0.126121756898294,-0.234369896891796,0.110528899900775,-0.0589645049942868,4.86,4.67,4.82,"Knufia","Trichomeriaceae","Eurotiomycetes","Chaetothyriales","Ascomycota"
225,-0.127197869734259,-0.11014227135173,0.110049259179483,0.23690867034196,3.14,NA,NA,NA,NA,"Leotiomycetes","Helotiales","Ascomycota"
231,-0.0529354067664377,-0.15140597122288,0.106657238534878,0.323933124630118,3.4,3.97,2.83,"Lachnum","Hyaloscyphaceae","Leotiomycetes","Helotiales","Ascomycota"
196,0.00746582112290861,0.0662041462931309,0.105984485949729,0.229926420340011,2.76,3.26,2.63,"Botrytis","Sclerotiniaceae","Leotiomycetes","Helotiales","Ascomycota"
73,-0.136611578991902,-0.204557802858455,0.10522574899006,-0.0863707790781688,3.03,2.29,2.83,NA,NA,"Sordariomycetes","Sordariales","Ascomycota"
199,-0.0229334895324103,0.115701435227519,0.103714752618354,0.0265137910513973,3.46,2.47,2.66,NA,NA,"Leotiomycetes","Helotiales","Ascomycota"
16,-0.0966392261905899,0.0880987116979982,0.103516811381426,-0.0511218525372881,3.5,NA,NA,NA,NA,"Leotiomycetes","Helotiales","Ascomycota"
269,0.0860180323214786,0.268699283807138,0.101002836448302,0.200531561197104,NA,NA,4.84,"Crocicreas","Helotiaceae","Leotiomycetes","Helotiales","Ascomycota"
332,-0.20497435356512,-0.150665859687922,0.100702646880846,0.386200772175155,3.22,NA,3.61,NA,"Herpotrichiellaceae","Eurotiomycetes","Chaetothyriales","Ascomycota"
521,-0.0267477787070229,0.0414402618259567,0.10028336441512,0.251521091398016,2.7,3.86,3.82,NA,NA,"Leotiomycetes","Helotiales","Ascomycota"
663,0.0464533255604752,0.318473653084515,0.0989489699065264,0.223470911888828,NA,NA,4.52,"Mortierella","Mortierellaceae","Mortierellomycetes","Mortierellales","Mortierellomycota"
279,-0.0223506831055875,-0.117768317030144,0.0987715580676651,0.290193919756596,2.91,2.19,NA,NA,"Glomeraceae","Glomeromycetes","Glomerales","Glomeromycota"
381,-0.0398165535942641,-0.00978731811866449,0.0980982737106117,0.338094758822667,2.72,2.7,1.95,"Fusarium","Nectriaceae","Sordariomycetes","Hypocreales","Ascomycota"
509,-0.0965780997886607,0.0381604857703927,0.0977950442417161,0.232721535152857,4.08,NA,3.61,"Dominikia","Glomeraceae","Glomeromycetes","Glomerales","Glomeromycota"
152,-0.0239654788915529,0.228116559423073,0.0967053548594271,0.431978362072066,NA,NA,3.09,"Venturia","Venturiaceae","Dothideomycetes","Venturiales","Ascomycota"
578,-0.210095341081294,-0.0974339347017197,0.0961968924595049,0.350997397403388,NA,NA,3.3,NA,NA,NA,NA,NA
495,-0.0353966829497252,-0.0415339640328289,0.0956185581869103,0.226932933872141,2.87,2.66,3.91,NA,"Glomeraceae","Glomeromycetes","Glomerales","Glomeromycota"
388,-0.124624799843221,-0.151747473445153,0.09115739222076,-0.0334654934427427,4.37,4.01,NA,"Dactylonectria","Nectriaceae","Sordariomycetes","Hypocreales","Ascomycota"
352,-0.118806349827076,-0.0227561850101739,0.0906215012066973,0.22212596360744,5.14,4.47,4.59,"Tetracladium","Helotiaceae","Leotiomycetes","Helotiales","Ascomycota"
443,-0.145040865699182,-0.0366138578407567,0.0897111478594125,0.124812745235138,3.82,1.78,NA,"Hygrocybe","Hygrophoraceae","Agaricomycetes","Agaricales","Basidiomycota"
576,-0.0549243768386981,-0.082558979299712,0.0876381000886518,-0.19732312372635,4.38,4.37,NA,"Clavulinopsis","Clavariaceae","Agaricomycetes","Agaricales","Basidiomycota"
109,0.0642425164046345,0.165792873843172,0.0853174367152443,0.363413821911281,4.21,3.21,4.36,"Cladophialophora","Herpotrichiellaceae","Eurotiomycetes","Chaetothyriales","Ascomycota"
401,-0.0880972348353964,-0.0594223192673323,0.0824594409664173,0.178155286309793,2.48,2.77,2.62,NA,"Glomeraceae","Glomeromycetes","Glomerales","Glomeromycota"
242,NA,NA,0.079893920962374,0.380949402908707,NA,NA,NA,"Podospora","Lasiosphaeriaceae","Sordariomycetes","Sordariales","Ascomycota"
600,-0.0670694189643366,0.0974172246408058,0.0796370422945819,0.105470574124177,NA,NA,1.84,"Pseudolophiotrema",NA,"Dothideomycetes","Pleosporales","Ascomycota"
322,-0.13441199490597,-0.330698388891588,0.078800680154707,0.0406431002986469,4.51,5.82,3.51,NA,"Herpotrichiellaceae","Eurotiomycetes","Chaetothyriales","Ascomycota"
35,-0.12724249467318,-0.151892556722056,0.0765353317032035,-0.0425820428108483,1.79,5.76,2.72,"Cheilymenia","Pyronemataceae","Pezizomycetes","Pezizales","Ascomycota"
583,-0.0906689077322313,-0.00849816566129679,0.0760038966285575,0.246139490240265,3.24,2.89,3.47,NA,NA,NA,NA,NA
624,-0.0385900098146303,0.0758115934908625,0.075599153321743,-0.0308391293996067,5.09,4.65,NA,"Glomus","Glomeraceae","Glomeromycetes","Glomerales","Glomeromycota"
580,-0.296677782168383,-0.274658558900227,0.0742640571456505,-0.0511218525372881,8.31,NA,NA,"Aphanobasidium","Pterulaceae","Agaricomycetes","Agaricales","Basidiomycota"
42,-0.112662164521587,0.0654382556621998,0.0730672564154016,-0.023884465135226,3.21,NA,NA,NA,"Pyronemataceae","Pezizomycetes","Pezizales","Ascomycota"
619,-0.313170164149442,-0.335881951267446,0.0727445122436157,0.00539059120730563,3.18,NA,NA,NA,"Clavariaceae","Agaricomycetes","Agaricales","Basidiomycota"
418,-0.052486425955546,0.0865507122596587,0.0721540034692409,0.296504426488719,1.79,NA,2.56,"Ascochyta","Didymellaceae","Dothideomycetes","Pleosporales","Ascomycota"
280,-0.00468457333767504,0.0217891342052459,0.0718254810301684,0.291970032924697,NA,NA,3.74,"Rhizophagus","Glomeraceae","Glomeromycetes","Glomerales","Glomeromycota"
549,0.0636009312301963,0.164248604035306,0.0711277010452332,0.369402831086192,1.99,2.19,2.25,"Apiotrichum","Trichosporonaceae","Tremellomycetes","Trichosporonales","Basidiomycota"
83,-0.162215709610205,-0.0739701818988906,0.0691678416235175,0.289343429124271,NA,NA,NA,"Phaeosphaeria","Phaeosphaeriaceae","Dothideomycetes","Pleosporales","Ascomycota"
318,0.0598714345069129,-0.132910902785958,0.069000097212259,-0.301453786097817,4.44,2.51,NA,NA,"Geoglossaceae","Geoglossomycetes","Geoglossales","Ascomycota"
243,0.0563781204999094,0.232652931754537,0.0649305813252577,0.381450702834679,NA,2.4,3.93,"Podospora","Lasiosphaeriaceae","Sordariomycetes","Sordariales","Ascomycota"
217,0.0470491224979611,0.170403511791929,0.0645022082481244,0.0578358026462656,3,2.3,1.61,NA,NA,"Leotiomycetes","Helotiales","Ascomycota"
166,0.140976986870683,0.186653527919088,0.062256923355882,0.330476266622452,NA,3.1,3.01,"Alternaria","Pleosporaceae","Dothideomycetes","Pleosporales","Ascomycota"
360,-0.129898338463533,-0.277093719941302,0.0618380446084697,0.161180469726637,4.69,NA,6.18,"Tetracladium","Helotiaceae","Leotiomycetes","Helotiales","Ascomycota"
206,-0.00957638739992552,0.104067653519027,0.0594963784550092,0.173016120585098,NA,NA,3.14,"Clarireedia","Sclerotiniaceae","Leotiomycetes","Helotiales","Ascomycota"
554,-0.129925125308231,-0.104180688205883,0.0592781534960981,0.0125955285863304,4.09,5.37,3.93,NA,NA,NA,NA,NA
377,0.0577863449170368,0.235872936540271,0.0588471374348242,-0.03543462981047,5.08,2.8,3.28,"Mariannaea","Nectriaceae","Sordariomycetes","Hypocreales","Ascomycota"
181,-0.133102087191612,-0.176287441126253,0.0587390318898146,0.0989261618265499,3.9,3.73,2.68,NA,NA,"Leotiomycetes","Helotiales","Ascomycota"
669,0.0230323163066096,0.180193269468966,0.0579246168820413,0.14398038046869,3.69,3.09,3.4,"Mortierella","Mortierellaceae","Mortierellomycetes","Mortierellales","Mortierellomycota"
422,-0.189273344735467,-0.0974339347017198,0.0554597904080792,0.276734487919501,NA,NA,NA,"Phoma","Didymellaceae","Dothideomycetes","Pleosporales","Ascomycota"
52,-0.138557797879231,-0.0984229736679632,0.0525845070322964,0.347990083987076,1.79,NA,NA,NA,NA,"Pucciniomycetes","Platygloeales","Basidiomycota"
246,-0.0457891870828887,0.174828628359123,0.0524883514767925,0.145543930185689,6.51,1.76,3.67,NA,"Lasiosphaeriaceae","Sordariomycetes","Sordariales","Ascomycota"
129,-0.0763196419444049,-0.121156645820298,0.0492016288277794,0.153657180498651,3.76,4.26,NA,NA,NA,"Agaricomycetes","Sebacinales","Basidiomycota"
416,0.0147101479073483,0.112798212793644,0.0490487593227351,0.00993451426975229,5.76,4.87,4.38,NA,"Didymellaceae","Dothideomycetes","Pleosporales","Ascomycota"
13,-0.0894678738337141,0.0411577548021163,0.0488155596820697,0.259962875361351,3.26,NA,3.18,"Scutellospora","Gigasporaceae","Glomeromycetes","Gigasporales","Glomeromycota"
635,0.0654416653154725,0.247419966651897,0.0479689145467261,-0.032130043129785,NA,3.76,4.4,NA,NA,NA,NA,NA
560,-0.209935155099253,-0.14545633293941,0.0467737670461449,0.128934732301757,3.89,3.05,2.21,NA,NA,"Sordariomycetes","Xylariales","Ascomycota"
103,-0.0115312209112611,0.0705775038459592,0.0442408353470479,0.179759386513871,NA,NA,4.13,"Antennariella","Capnodiaceae","Dothideomycetes","Capnodiales","Ascomycota"
276,0.0589474872659742,0.108987387413496,0.0437247957516675,0.309650340608331,2.89,3.04,NA,NA,NA,"Dothideomycetes","Capnodiales","Ascomycota"
539,-0.00100928952044158,0.227481302332935,0.0434553197681591,0.243854537313279,6.09,6.05,5.69,"Solicoccozyma","Piskurozymaceae","Tremellomycetes","Filobasidiales","Basidiomycota"
34,0.0985685487470088,0.184827304369873,0.0423130091731065,0.213568330222046,1.1,2.94,1.79,"Cryptodiscus","Stictidaceae","Lecanoromycetes","Ostropales","Ascomycota"
176,-0.0995437058255949,-0.0745940840475562,0.0412501101148317,0.109220853277948,4.51,5.74,3.7,"Gremmenia","Phacidiaceae","Leotiomycetes","Phacidiales","Ascomycota"
308,-0.00279086201122514,-0.2168254776933,0.0394120240223515,0.121414099440263,3.61,5.16,NA,"Penicillium","Aspergillaceae","Eurotiomycetes","Eurotiales","Ascomycota"
432,-0.0243001330527297,0.00790450901669017,0.0363223530013822,0.105047310924901,NA,2.25,4.3,"Myrmecridium","Myrmecridiaceae","Sordariomycetes","Myrmecridiales","Ascomycota"
542,-0.210649906939436,-0.059551692427708,0.0341135370350369,0.250855169241088,1.7,NA,2.71,NA,NA,NA,NA,"Basidiomycota"
398,0.0517437808960238,-0.0079316016325081,0.0319664997619302,0.0884526381802059,4.3,3.83,NA,"Rhizophagus","Glomeraceae","Glomeromycetes","Glomerales","Glomeromycota"
682,0.0556754199805641,0.14908259397522,0.030357411823891,0.162965262145309,1.79,3.1,3.17,"Mortierella","Mortierellaceae","Mortierellomycetes","Mortierellales","Mortierellomycota"
303,0.203868819904798,0.308015377865894,0.0286778027914948,0.213973512258072,NA,3.67,4.04,NA,"Extremaceae","Dothideomycetes","Capnodiales","Ascomycota"
106,0.0431778096039181,0.191721491466366,0.0265983043085774,0.106890650697593,2.67,2.8,2.44,"Cladophialophora","Herpotrichiellaceae","Eurotiomycetes","Chaetothyriales","Ascomycota"
473,0.0309726914029565,0.0968637726575248,0.0250326536476294,0.0554720858875064,2.89,3.32,1.1,NA,NA,"Leotiomycetes","Helotiales","Ascomycota"
204,-0.00943981236839569,0.197918348251952,0.0247116522912604,0.0337643011124774,4.77,5.03,5,"Clarireedia","Sclerotiniaceae","Leotiomycetes","Helotiales","Ascomycota"
157,0.140086553875717,0.124564966120046,0.0239981464635211,0.232412554809175,1.39,4.45,1.39,"Juncaceicola","Phaeosphaeriaceae","Dothideomycetes","Pleosporales","Ascomycota"
232,0.132790153870949,0.0665950589335759,0.0185379692079349,0.117909853054221,2.22,4.06,3.5,"Albotricha","Hyaloscyphaceae","Leotiomycetes","Helotiales","Ascomycota"
618,-0.0450372621704211,-0.174176260753259,0.0180447047811194,0.098016135504042,4.42,4.74,2.64,"Clavulinopsis","Clavariaceae","Agaricomycetes","Agaricales","Basidiomycota"
60,0.00300916949848916,-0.0967370206496645,0.0161412312743151,-0.0322156847249898,3.28,4.65,2.71,NA,"Thelebolaceae","Leotiomycetes","Thelebolales","Ascomycota"
101,-0.0180823803553739,0.0171138558894607,0.0151507714689969,0.258005296919331,NA,NA,NA,"Antennariella","Capnodiaceae","Dothideomycetes","Capnodiales","Ascomycota"
207,0.0476685902255257,-0.130307476910154,0.012929267635092,-0.0504602377429891,3.4,5.16,2.35,"Clarireedia","Sclerotiniaceae","Leotiomycetes","Helotiales","Ascomycota"
362,-0.0870143004594501,-0.0974339347017198,0.0122992986026988,0.0193952859655507,NA,NA,5.12,"Tetracladium","Helotiaceae","Leotiomycetes","Helotiales","Ascomycota"
447,-0.179307296810861,-0.0807096798845775,0.0118029384852227,-0.0849106948672654,3.79,4.61,NA,"Archaeorhizomyces","Archaeorhizomycetaceae","Archaeorhizomycetes","Archaeorhizomycetales","Ascomycota"
240,-0.0341756293211674,0.0217891342052458,0.0106066967114595,0.228193713807119,NA,NA,2.4,"Schizothecium","Lasiosphaeriaceae","Sordariomycetes","Sordariales","Ascomycota"
63,-0.0951269952749596,-0.122229914418737,0.00862968279134367,0.0948316267608764,2.77,4.17,3.71,"Alatospora","Leotiaceae","Leotiomycetes","Helotiales","Ascomycota"
517,-0.0559071514769112,0.0945411222282691,0.00860100125458941,0.342630848578066,NA,NA,NA,NA,NA,NA,NA,NA
545,-0.141189792027959,0.113912985518705,0.00811060809949943,0.221334780339444,NA,NA,2.08,"Slooffia","Chrysozymaceae","Microbotryomycetes","Microbotryomycetes_ord_Incertae_sedis","Basidiomycota"
45,-0.0142328185259834,0.153306460438508,0.00688476076189242,0.120319364810327,2.36,2.57,1.57,NA,"Gigasporaceae","Glomeromycetes","Gigasporales","Glomeromycota"
538,0.0765567121644442,0.0857104707031763,0.0059014481268019,0.286825061926562,1.61,1.95,3.47,"Phenoliferia","Kriegeriaceae","Microbotryomycetes","Kriegeriales","Basidiomycota"
614,-0.0893946629758993,-0.00123104197855538,0.00554780780001916,-0.184956680994375,4.33,3.81,NA,NA,"Clavariaceae","Agaricomycetes","Agaricales","Basidiomycota"
115,-0.0430637183307878,-0.0628179564023592,0.00402545307635261,0.0910204600401693,5.27,1.55,2.85,NA,"Sporormiaceae","Dothideomycetes","Pleosporales","Ascomycota"
410,-0.0271297775141967,0.0504703714661311,0.00395260357278635,0.0385642782684303,NA,2.89,4.51,"Herpotrichia","Melanommataceae","Dothideomycetes","Pleosporales","Ascomycota"
537,0.0321975674291636,0.276885564281928,0.00380389038133514,0.190321510741451,NA,NA,4.91,"Solicoccozyma","Piskurozymaceae","Tremellomycetes","Filobasidiales","Basidiomycota"
505,0.0660022373949535,0.00117424002169286,0.00373346866723213,-0.0769914767045873,2.72,3.17,NA,NA,"Glomeraceae","Glomeromycetes","Glomerales","Glomeromycota"
489,-0.0973493308997384,-0.0256125427157455,0.00346821383065586,-0.0330012796942039,3.54,3.53,4.5,NA,"Herpotrichiellaceae","Eurotiomycetes","Chaetothyriales","Ascomycota"
677,-0.108571028571344,-0.0657150741560073,0.00265345839791851,0.300006161380141,2.56,3.82,3.45,"Mortierella","Mortierellaceae","Mortierellomycetes","Mortierellales","Mortierellomycota"
562,-0.231643750645787,-0.216174094371185,0.00139910442368174,0.161089156936708,3.2,2.59,3.18,NA,"Amphisphaeriaceae","Sordariomycetes","Xylariales","Ascomycota"
482,-0.106892102251014,-0.0581627636957754,-0.000315332443370069,0.123955848225214,2.34,1.61,NA,"Septoria","Mycosphaerellaceae","Dothideomycetes","Capnodiales","Ascomycota"
491,0.174851454448463,0.336624576396656,-0.00109669086094495,-0.0725846754621306,1.61,3.37,3.03,"Cistella","Hyaloscyphaceae","Leotiomycetes","Helotiales","Ascomycota"
506,0.077280898506148,0.132384146983451,-0.00137251066909526,0.222509690432673,NA,NA,3.58,"Glomus","Glomeraceae","Glomeromycetes","Glomerales","Glomeromycota"
501,-0.0632803836250083,0.0739324433631781,-0.00141235170042823,0.302725291605371,NA,2.08,1.95,"Dominikia","Glomeraceae","Glomeromycetes","Glomerales","Glomeromycota"
586,-0.023876441840801,-0.0168893030537523,-0.00246164470105982,0.0176076207468714,3.13,3.09,3.33,NA,NA,"Eurotiomycetes",NA,"Ascomycota"
107,0.0365520452005143,0.337147335998097,-0.00286669252561418,-0.0374439995281307,3.04,NA,2.83,"Cladophialophora","Herpotrichiellaceae","Eurotiomycetes","Chaetothyriales","Ascomycota"
300,0.172859302177805,0.21521672723397,-0.00402685608809206,0.115460020772249,NA,2.48,3.06,NA,NA,"Eurotiomycetes","Chaetothyriales","Ascomycota"
3,0.0200206241185924,-0.048024357767377,-0.0060800080982836,0.0966922272143757,4.96,2.68,2.06,"Tausonia","Mrakiaceae","Tremellomycetes","Cystofilobasidiales","Basidiomycota"
302,0.00286660103084919,0.159120486946075,-0.00741367987817319,0.16367899026072,3.33,4.82,2.49,"Ramularia","Mycosphaerellaceae","Dothideomycetes","Capnodiales","Ascomycota"
244,-0.21101239489648,-0.0291471797549453,-0.00814565046430087,0.354282936748287,5.15,NA,2.82,"Schizothecium","Lasiosphaeriaceae","Sordariomycetes","Sordariales","Ascomycota"
662,-0.0751475596837266,-0.244578265767974,-0.0106062971867013,-0.0849606748241569,5.13,5.72,NA,"Mortierella","Mortierellaceae","Mortierellomycetes","Mortierellales","Mortierellomycota"
326,0.10062403061484,0.172223230586768,-0.0108298324588226,0.0747665892242824,2.76,3.39,3.19,NA,"Herpotrichiellaceae","Eurotiomycetes","Chaetothyriales","Ascomycota"
125,0.00486379763194986,-0.0716378905907175,-0.0117442989862079,0.390100457482369,3.04,2.72,2.01,"Vishniacozyma","Bulleribasidiaceae","Tremellomycetes","Tremellales","Basidiomycota"
484,0.108166677719177,0.182819794815439,-0.0123854091744564,0.084449484907497,2.92,3.43,4.14,NA,NA,NA,NA,NA
507,0.0494264019994535,0.123564977412756,-0.012564004719046,0.170850720387982,NA,NA,3.3,"Glomus","Glomeraceae","Glomeromycetes","Glomerales","Glomeromycota"
459,0.0218424004308538,-0.277093719941302,-0.0127317832016872,-0.0740220823805296,5.84,4.67,NA,"Archaeorhizomyces","Archaeorhizomycetaceae","Archaeorhizomycetes","Archaeorhizomycetales","Ascomycota"
487,0.0140335166826797,0.164111888748187,-0.0140190417627312,0.0362822293531274,NA,1.39,7.25,"Hemileucoglossum","Geoglossaceae","Geoglossomycetes","Geoglossales","Ascomycota"
205,0.1286418543395,0.132384146983451,-0.0163754985853346,-0.148188424975498,NA,6.36,8.42,"Clarireedia","Sclerotiniaceae","Leotiomycetes","Helotiales","Ascomycota"
456,0.012264793965183,0.0667482847784051,-0.0191330966265548,0.196203227232479,NA,5.6,NA,"Archaeorhizomyces","Archaeorhizomycetaceae","Archaeorhizomycetes","Archaeorhizomycetales","Ascomycota"
128,0.117046372427819,0.231226761644189,-0.0198608654021484,0.13605198662776,NA,4.43,2.83,"Serendipita","Serendipitaceae","Agaricomycetes","Sebacinales","Basidiomycota"
678,0.0404774924267098,0.00651422426621531,-0.0248806439852305,0.201317342389209,4.77,5.11,4.93,"Mortierella","Mortierellaceae","Mortierellomycetes","Mortierellales","Mortierellomycota"
297,0.00294109937006384,0.192746026783111,-0.0268873330030315,0.148618976552583,2.1,1.92,2.92,"Verticillium","Plectosphaerellaceae","Sordariomycetes","Glomerellales","Ascomycota"
563,0.0968448739171153,-0.0366704164329916,-0.0282150708642496,-0.157205009763966,3.02,3.15,NA,NA,"Glomeraceae","Glomeromycetes","Glomerales","Glomeromycota"
182,-0.0385048520870914,0.0217891342052458,-0.0321713497689764,0.254585392926618,NA,NA,NA,NA,"Helotiaceae","Leotiomycetes","Helotiales","Ascomycota"
486,-0.00158666032273461,-0.182586531912875,-0.0328683043874029,0.00319024396539743,3.81,3.47,3.12,NA,NA,NA,NA,NA
561,-0.163280769340098,-0.0102687696289668,-0.0345471717204592,0.120051416877667,4,3.04,NA,NA,NA,"Sordariomycetes","Xylariales","Ascomycota"
82,-0.181187603149558,-0.203178119758848,-0.0360016370319221,0.0154248570709152,3.41,2.09,NA,"Candida","Saccharomycetales_fam_Incertae_sedis","Saccharomycetes","Saccharomycetales","Ascomycota"
1,-0.127764418179305,-0.148048916252787,-0.0372467899338456,0.0701747549611536,3.79,3.21,1.79,"Mrakia","Mrakiaceae","Tremellomycetes","Cystofilobasidiales","Basidiomycota"
90,-0.0859031237830568,0.0380886177868977,-0.0412921164002385,0.155502864084582,NA,4.64,NA,NA,NA,"Leotiomycetes","Helotiales","Ascomycota"
211,-0.0089984161852889,0.173083855300836,-0.0413116199911604,0.225014673099877,6.73,4.19,4.55,"Leohumicola","Helotiales_fam_Incertae_sedis","Leotiomycetes","Helotiales","Ascomycota"
462,-0.0909255299585608,NA,-0.0413261630184936,0.190152543068335,NA,NA,2.48,"Archaeorhizomyces","Archaeorhizomycetaceae","Archaeorhizomycetes","Archaeorhizomycetales","Ascomycota"
536,0.0173342906979135,-0.0203440034794689,-0.0415469197585443,0.089401700508339,6.25,6.47,6.16,"Solicoccozyma","Piskurozymaceae","Tremellomycetes","Filobasidiales","Basidiomycota"
424,0.044166317079832,-0.02837221219457,-0.0441205210906535,0.152955830886577,3.22,2.3,NA,"Darksidea","Lentitheciaceae","Dothideomycetes","Pleosporales","Ascomycota"
525,0.0973110975968058,0.171182591931089,-0.0444587692571098,-0.00676340508967756,4.23,3.3,2.71,NA,NA,"Leotiomycetes","Helotiales","Ascomycota"
66,0.012776374876278,0.108834809442815,-0.0460191972135389,-0.00617363957443288,4.14,2.8,3.92,"Cladophialophora","Herpotrichiellaceae","Eurotiomycetes","Chaetothyriales","Ascomycota"
383,0.000912028501261633,-0.130579092955933,-0.0464426077859493,0.0372427012151163,6.94,7.02,5.69,"Ilyonectria","Nectriaceae","Sordariomycetes","Hypocreales","Ascomycota"
463,-0.0144350426036457,0.0119413433894035,-0.0470422360157441,-0.156347272685943,3.26,7.31,4.32,"Archaeorhizomyces","Archaeorhizomycetaceae","Archaeorhizomycetes","Archaeorhizomycetales","Ascomycota"
97,0.158260962778852,0.204796596989681,-0.0473495242983121,0.320880182177739,4.06,5.5,4.49,"Archaeorhizomyces","Archaeorhizomycetaceae","Archaeorhizomycetes","Archaeorhizomycetales","Ascomycota"
343,0.191219942542476,0.198258897781084,-0.0474533866121157,-0.145846501855884,2.47,3.7,3.61,"Metapochonia","Clavicipitaceae","Sordariomycetes","Hypocreales","Ascomycota"
122,0.154049636154315,0.0217891342052458,-0.0488530619335868,-0.170069521819722,NA,3.25,5.08,"Oculimacula","Dermateaceae","Leotiomycetes","Helotiales","Ascomycota"
241,0.116919565779632,0.297400218811411,-0.0488619251911131,0.186500671214653,3,3.66,3.74,"Podospora","Lasiosphaeriaceae","Sordariomycetes","Sordariales","Ascomycota"
358,-0.00187677177164811,NA,-0.0534962622985173,0.0837883299633229,NA,NA,5.21,"Laetinaevia","Dermateaceae","Leotiomycetes","Helotiales","Ascomycota"
92,0.00237628863569757,-0.107143018373468,-0.0536669610855618,0.0501171778861242,4.3,3.84,NA,NA,NA,NA,NA,"Ascomycota"
189,0.0396368684176611,0.155158203993271,-0.0557998394027954,0.15677286144106,NA,NA,NA,NA,NA,"Sordariomycetes",NA,"Ascomycota"
250,0.0581715284703255,0.17751031155256,-0.0561400086267315,0.17705714369248,NA,3.14,NA,"Apodus","Lasiosphaeriaceae","Sordariomycetes","Sordariales","Ascomycota"
500,-0.00588537074976375,0.0353104585997348,-0.0599128306835117,0.0287606168189425,2.56,3.75,2.73,NA,"Glomeraceae","Glomeromycetes","Glomerales","Glomeromycota"
371,-0.0372924876617054,0.116769461572353,-0.0621593340034817,0.0614854960294011,2.94,3.55,3.55,"Gliomastix","Bionectriaceae","Sordariomycetes","Hypocreales","Ascomycota"
37,0.17325700453972,0.274616957578378,-0.0632303280793483,-0.0276331980368387,3.14,2.03,1.61,"Byssonectria","Pyronemataceae","Pezizomycetes","Pezizales","Ascomycota"
631,-0.0616344865726421,-0.245685355590829,-0.064217777648484,-0.212830751972725,9.48,2.31,NA,NA,"Ceratobasidiaceae","Agaricomycetes","Cantharellales","Basidiomycota"
74,0.0555472309160349,0.230541306729736,-0.0645396504644946,0.288992456115682,1.61,1.79,3.76,NA,NA,"Sordariomycetes","Sordariales","Ascomycota"
616,0.0388402524704228,-0.0597475234637743,-0.0679880300055753,0.151958208368026,NA,3.85,NA,"Clavulinopsis","Clavariaceae","Agaricomycetes","Agaricales","Basidiomycota"
293,0.124721349971738,0.261317582318622,-0.0692566736057674,0.107035410643629,2.13,3.99,4.98,"Penicillium","Aspergillaceae","Eurotiomycetes","Eurotiales","Ascomycota"
256,0.0327759606877344,0.1825901098393,-0.0696818364502545,0.117896506451148,NA,NA,NA,"Botryotrichum","Chaetomiaceae","Sordariomycetes","Sordariales","Ascomycota"
589,0.0624310225074442,0.254432470364717,-0.0701515560314639,0.044366720095876,NA,NA,NA,"Preussia","Sporormiaceae","Dothideomycetes","Pleosporales","Ascomycota"
553,0.0502348034231979,0.161689392045962,-0.0718102353792606,0.221162521886185,4.43,4.99,4.82,NA,NA,NA,NA,"Ascomycota"
493,0.212683970971744,0.220024839271221,-0.0740610527462954,0.0220396562149971,3.76,4.57,4.02,"Microdochium","Microdochiaceae","Sordariomycetes","Xylariales","Ascomycota"
408,-0.0524148465999626,0.153749096268395,-0.0746147432411409,0.126655524001601,NA,NA,3.89,NA,"Melanommataceae","Dothideomycetes","Pleosporales","Ascomycota"
65,0.156224884148804,0.257284112803342,-0.0759364743424664,0.153516929917153,3,3.73,3.87,"Cladophialophora","Herpotrichiellaceae","Eurotiomycetes","Chaetothyriales","Ascomycota"
162,0.0379332373740868,-0.0394944115729941,-0.0765348666028996,-0.0314405269515172,2.85,3.51,3.23,"Cladosporium","Cladosporiaceae","Dothideomycetes","Capnodiales","Ascomycota"
577,-0.238422894554764,-0.0670110090652473,-0.0770054301383427,-0.00841116889017142,2.64,0.69,NA,NA,"Ceratobasidiaceae","Agaricomycetes","Cantharellales","Basidiomycota"
177,0.121203551955633,0.113366437048594,-0.0788938684480337,-0.0260044862110692,4.25,3.85,NA,"Gremmenia","Phacidiaceae","Leotiomycetes","Phacidiales","Ascomycota"
139,-0.138931450024951,-0.0701266272444378,-0.0815045666313882,0.050895678570375,3.04,3.5,2.37,"Minimedusa","Cantharellales_fam_Incertae_sedis","Agaricomycetes","Cantharellales","Basidiomycota"
379,0.240526269418827,0.26645715488158,-0.0843035279010319,0.146484655400674,2.56,2.6,3.03,"Monocillium","Hypocreaceae","Sordariomycetes","Hypocreales","Ascomycota"
48,0.0515188229062411,0.150347233762507,-0.0852552483291058,0.0898883161186804,3.87,3.45,3.03,"Paraleptosphaeria","Leptosphaeriaceae","Dothideomycetes","Pleosporales","Ascomycota"
147,NA,NA,-0.086546071350553,0.107633936341648,NA,NA,NA,NA,NA,"Agaricomycetes",NA,"Basidiomycota"
672,-0.12307096247123,-0.198745147105592,-0.0901384317377524,-0.048589361396094,3.69,3.72,NA,"Mortierella","Mortierellaceae","Mortierellomycetes","Mortierellales","Mortierellomycota"
444,0.14381558901483,0.191903639309817,-0.090138563447558,0.0535150416962843,NA,3.01,4.84,"Hygrocybe","Hygrophoraceae","Agaricomycetes","Agaricales","Basidiomycota"
123,0.0521699087725823,-0.131173226849588,-0.0904292906126248,-0.0435746948781668,6.07,2.57,2.33,"Volucrispora","Helotiales_fam_Incertae_sedis","Leotiomycetes","Helotiales","Ascomycota"
642,0.17081795622566,0.0479133574278585,-0.0910096703715484,0.0705855061751589,2.99,3,3.91,"Clavaria","Clavariaceae","Agaricomycetes","Agaricales","Basidiomycota"
441,-0.0420488182754803,-0.130829178551431,-0.0927742796651195,-0.19638454678161,2.98,4.02,NA,"Cadophora","Helotiales_fam_Incertae_sedis","Leotiomycetes","Helotiales","Ascomycota"
100,0.0784240380512666,0.0383180001981271,-0.094376210086223,0.0849683475281774,2.75,2.33,1.96,"Pseudeurotium","Pseudeurotiaceae","Leotiomycetes","Thelebolales","Ascomycota"
684,0.149990570712274,0.102055723379827,-0.0947698847834591,-0.0499869779848247,2.77,3.58,2.83,"Mortierella","Mortierellaceae","Mortierellomycetes","Mortierellales","Mortierellomycota"
99,0.120854601416139,0.1631508560592,-0.0948864927650844,0.297910740722598,6.9,4.48,3.64,NA,NA,NA,NA,"Ascomycota"
477,0.22581739706555,0.222508122848625,-0.096069382762616,0.0340656940605288,NA,2.93,3.9,NA,NA,"Agaricomycetes","Polyporales","Basidiomycota"
218,NA,NA,-0.0977741385668127,0.220329154921133,NA,NA,NA,"Cistella","Hyaloscyphaceae","Leotiomycetes","Helotiales","Ascomycota"
287,0.1133420788526,0.209517786482783,-0.0979853820135729,0.0080909461542099,4.5,2.99,2.53,"Archaeorhizomyces","Archaeorhizomycetaceae","Archaeorhizomycetes","Archaeorhizomycetales","Ascomycota"
11,-0.0706812181779707,-0.038104920783499,-0.0996758626488249,0.0378886053065602,4.65,5.89,3.66,NA,NA,NA,NA,NA
330,0.205391191743691,NA,-0.0998214054421149,0.0602008919562227,NA,3.88,NA,NA,"Herpotrichiellaceae","Eurotiomycetes","Chaetothyriales","Ascomycota"
23,-0.0728146580790652,-0.182586531912875,-0.100659573806321,-0.069773497120756,3.91,4.08,NA,"Paraglomus","Paraglomeraceae","Paraglomeromycetes","Paraglomerales","Glomeromycota"
43,0.147099371884126,0.339121093426784,-0.102354039189804,-0.00467675861925428,NA,NA,NA,"Paraglomus","Paraglomeraceae","Paraglomeromycetes","Paraglomerales","Glomeromycota"
673,-0.0192196542233672,0.0430431932041614,-0.103809892527732,0.00931633882049794,NA,NA,NA,"Mortierella","Mortierellaceae","Mortierellomycetes","Mortierellales","Mortierellomycota"
174,0.151774076996439,0.0800264220806336,-0.104787695878985,-0.109377262619715,2.33,4.21,NA,"Gremmenia","Phacidiaceae","Leotiomycetes","Phacidiales","Ascomycota"
638,0.199993127606241,0.129485823773611,-0.105602143716261,0.0917587235053625,2.56,3.79,NA,"Clavaria","Clavariaceae","Agaricomycetes","Agaricales","Basidiomycota"
119,0.0543914838759538,0.218171490714511,-0.105742740484508,0.138263319879186,2.08,1.87,3.73,"Hyaloscypha","Hyaloscyphaceae","Leotiomycetes","Helotiales","Ascomycota"
608,0.282285028604873,NA,-0.106229894391229,0.32827491334859,NA,4.03,1.39,"Athelopsis","Atheliaceae","Agaricomycetes","Atheliales","Basidiomycota"
626,0.138179418935092,0.103937783522326,-0.10828438139821,0.0307399752905885,1.63,3.12,2.48,"Glomus","Glomeraceae","Glomeromycetes","Glomerales","Glomeromycota"
153,0.0772504322672676,-0.0923995531033742,-0.109048029653225,0.167877237152813,3.82,3.83,2.88,"Venturia","Venturiaceae","Dothideomycetes","Venturiales","Ascomycota"
675,0.083461638010097,-0.0547924745584624,-0.109303415165678,-0.0312544624719968,1.95,3.58,2.69,"Mortierella","Mortierellaceae","Mortierellomycetes","Mortierellales","Mortierellomycota"
508,0.0653881801946086,0.0608713131668258,-0.110057423645079,0.156250528449954,5.65,4.06,4.79,"Dominikia","Glomeraceae","Glomeromycetes","Glomerales","Glomeromycota"
650,0.00988858727058394,-0.0153123094750448,-0.111122441128021,-0.0348361088109286,3.36,3.55,3.38,"Mortierella","Mortierellaceae","Mortierellomycetes","Mortierellales","Mortierellomycota"
143,0.109448745627338,0.174550367328688,-0.112156719623683,0.037196189773463,3.82,4.65,3.42,"Naganishia","Filobasidiaceae","Tremellomycetes","Filobasidiales","Basidiomycota"
391,0.155131682181818,0.26426404472621,-0.112571526077358,-0.0158572674813961,NA,4.25,NA,"Metarhizium","Clavicipitaceae","Sordariomycetes","Hypocreales","Ascomycota"
344,0.0535796470576221,0.151370024048215,-0.112708733166313,0.0635064353615633,NA,NA,NA,"Tetracladium","Helotiaceae","Leotiomycetes","Helotiales","Ascomycota"
335,0.0585469322153839,0.151159879245407,-0.113039219412424,-0.00633237219298732,NA,4.92,NA,"Knufia","Trichomeriaceae","Eurotiomycetes","Chaetothyriales","Ascomycota"
132,0.215352462503022,0.302581928585834,-0.115662884826952,0.047118717776973,3.23,4.61,3.69,"Naganishia","Filobasidiaceae","Tremellomycetes","Filobasidiales","Basidiomycota"
399,-0.101957600956838,-0.0149165562980727,-0.116233533965518,-0.00309797901633813,2.83,NA,2.43,NA,"Glomeraceae","Glomeromycetes","Glomerales","Glomeromycota"
513,-0.0843494731705411,-0.0353214820252067,-0.116581788368185,0.0455319945949808,NA,3.47,2.2,"Scutellospora","Gigasporaceae","Glomeromycetes","Gigasporales","Glomeromycota"
423,0.237115099405013,0.352503704151246,-0.116847345705018,-0.0536073009937346,NA,3.31,3.83,"Ascochyta","Didymellaceae","Dothideomycetes","Pleosporales","Ascomycota"
26,-0.00704746746583291,-0.0271317984223138,-0.117661576984106,0.173118021944157,NA,3.95,4.3,"Paraglomus","Paraglomeraceae","Paraglomeromycetes","Paraglomerales","Glomeromycota"
670,0.218356701977236,0.236494211781918,-0.118952200158609,0.0422455460769493,NA,6.28,4.3,"Mortierella","Mortierellaceae","Mortierellomycetes","Mortierellales","Mortierellomycota"
283,0.101348792582555,0.0736442941755675,-0.120253909772313,-0.0631874527403884,NA,3.31,3.24,"Articulospora","Helotiaceae","Leotiomycetes","Helotiales","Ascomycota"
643,0.149354614302947,0.335970121172672,-0.120408471377464,0.089127731567912,NA,NA,NA,"Lophiostoma","Lophiostomataceae","Dothideomycetes","Pleosporales","Ascomycota"
664,-0.0055191331776323,0.0662668312719744,-0.121049441470414,-0.0746080083614618,4.26,3.71,4.06,"Mortierella","Mortierellaceae","Mortierellomycetes","Mortierellales","Mortierellomycota"
202,0.105213429753865,0.28298973999065,-0.12252896090381,-0.0071655860509952,5.09,4.61,4.45,"Fontanospora","Helotiaceae","Leotiomycetes","Helotiales","Ascomycota"
22,0.0362491185009819,0.163371550042708,-0.12312376877133,0.0997354057704227,2.08,1.39,1.98,NA,"Gigasporaceae","Glomeromycetes","Gigasporales","Glomeromycota"
661,-0.00123800765354477,-0.118138488213815,-0.123202865144069,-0.161857844837836,3.74,4.01,2.89,"Mortierella","Mortierellaceae","Mortierellomycetes","Mortierellales","Mortierellomycota"
540,0.0999662405965978,0.193891558831263,-0.123510127623904,-0.0367020694029727,NA,4.65,NA,"Solicoccozyma","Piskurozymaceae","Tremellomycetes","Filobasidiales","Basidiomycota"
245,-0.0482599681197183,-0.122472317032734,-0.123890442457199,-0.0439171011246989,4.74,5.24,NA,"Cercophora","Lasiosphaeriaceae","Sordariomycetes","Sordariales","Ascomycota"
236,0.183199591538061,0.335828594726477,-0.124443878979908,0.0615757990991341,NA,NA,NA,NA,"Lasiosphaeriaceae","Sordariomycetes","Sordariales","Ascomycota"
54,0.107895562533322,0.260347116885529,-0.125316245267896,0.00393116391302455,NA,1.95,2.58,"Cryptosporiopsis","Dermateaceae","Leotiomycetes","Helotiales","Ascomycota"
413,0.0026703789085752,0.0462638004555282,-0.126504519850851,-0.112677418486737,3.62,4.69,3.47,"Petrakia","Melanommataceae","Dothideomycetes","Pleosporales","Ascomycota"
265,0.29724048883214,NA,-0.127446125574528,0.0440650426507672,NA,3.09,NA,"Crocicreas","Helotiaceae","Leotiomycetes","Helotiales","Ascomycota"
534,0.140961204910536,0.325115871070052,-0.13002636632585,0.023633196377283,5.72,6.05,5.67,"Solicoccozyma","Piskurozymaceae","Tremellomycetes","Filobasidiales","Basidiomycota"
151,0.207601994113897,0.223734325974194,-0.130927703250433,-0.116372341397488,3,3.81,3.04,"Venturia","Venturiaceae","Dothideomycetes","Venturiales","Ascomycota"
142,0.117068545210599,0.203756000824491,-0.13180480960239,0.0811516233428592,3.28,2.91,2.56,"Naganishia","Filobasidiaceae","Tremellomycetes","Filobasidiales","Basidiomycota"
321,0.130034637552904,-0.112802661747603,-0.131871176463649,-0.0161441916170444,4.53,5.11,6.57,NA,"Herpotrichiellaceae","Eurotiomycetes","Chaetothyriales","Ascomycota"
510,0.0202897127589946,0.169202575223142,-0.133566545180419,0.0305250454943271,NA,NA,NA,NA,NA,"Dothideomycetes","Pleosporales","Ascomycota"
374,0.130132964531924,0.101765491299966,-0.135687864433814,0.176547985794777,2.69,2.65,2.54,"Trichoderma","Hypocreaceae","Sordariomycetes","Hypocreales","Ascomycota"
465,0.0427385862234106,0.0629360178273428,-0.136105444052989,0.0903398993967686,NA,7.04,3.85,"Archaeorhizomyces","Archaeorhizomycetaceae","Archaeorhizomycetes","Archaeorhizomycetales","Ascomycota"
345,0.123265226027864,NA,-0.137102045388345,-0.00996545150358004,NA,5.64,6.45,"Tetracladium","Helotiaceae","Leotiomycetes","Helotiales","Ascomycota"
615,-0.0884749186653033,-0.105853368926183,-0.137682096985185,0.00846236339781732,NA,3.67,NA,"Clavulinopsis","Clavariaceae","Agaricomycetes","Agaricales","Basidiomycota"
251,0.0961152644605197,0.234565620626337,-0.137973558171662,0.0653077831911296,NA,2.54,3.26,"Chaetomium","Chaetomiaceae","Sordariomycetes","Sordariales","Ascomycota"
33,0.18395212375923,0.373659754944157,-0.13849229760962,0.0276572313263915,NA,2.6,2.42,NA,"Coniochaetaceae","Sordariomycetes","Coniochaetales","Ascomycota"
171,0.117079288240991,0.0217891342052458,-0.138725397216283,-0.00862205106664583,NA,3.7,3.66,NA,NA,"Leotiomycetes","Helotiales","Ascomycota"
121,0.240049058880655,0.238717722019791,-0.138788281796623,0.155257422628241,2.2,3,1.1,"Vishniacozyma","Bulleribasidiaceae","Tremellomycetes","Tremellales","Basidiomycota"
9,0.0406974263923371,-0.0784599237666851,-0.140145681320764,0.0484345360408774,1.39,3.16,1.61,"Archaeospora","Archaeosporaceae","Archaeosporomycetes","Archaeosporales","Glomeromycota"
541,0.127235458834748,0.325321230357492,-0.140880706126025,-0.0420608031343828,4.84,5.3,4.74,"Holtermanniella","Holtermanniales_fam_Incertae_sedis","Tremellomycetes","Holtermanniales","Basidiomycota"
270,-0.243110904920597,-0.161308993511826,-0.14278322330229,0.0955866519337334,1.1,2.77,NA,"Comoclathris","Pleosporaceae","Dothideomycetes","Pleosporales","Ascomycota"
224,0.160618062385398,-0.0916814630525196,-0.143482418129309,-0.0583561807354852,2.92,5.1,7.08,"Lachnum","Hyaloscyphaceae","Leotiomycetes","Helotiales","Ascomycota"
511,0.099625251483126,0.188346615639685,-0.144728552853043,0.095311615531696,NA,2.48,NA,NA,NA,NA,NA,NA
229,0.27966898882336,0.308747876774629,-0.14548857864589,-0.0950183034449259,2.2,3.32,4.2,"Lachnum","Hyaloscyphaceae","Leotiomycetes","Helotiales","Ascomycota"
311,0.212724020562309,0.382804443468782,-0.145602864043505,0.145079421650763,3.2,3.66,3.86,"Pectenia","Pannariaceae","Lecanoromycetes","Peltigerales","Ascomycota"
291,-0.031031489346986,0.0217891342052459,-0.148080384775742,0.063129261871103,NA,NA,1.1,"Laburnicola","Didymosphaeriaceae","Dothideomycetes","Pleosporales","Ascomycota"
353,0.114404641199535,0.0622203283211838,-0.149038821177257,0.00682711508932028,5.16,5.79,4.49,"Tetracladium","Helotiaceae","Leotiomycetes","Helotiales","Ascomycota"
50,0.25982857313043,0.307099993079417,-0.149366400291853,0.124178477809599,1.39,3.55,3.53,"Rachicladosporium","Cladosporiaceae","Dothideomycetes","Capnodiales","Ascomycota"
428,0.113902380529109,0.181443416147719,-0.15182478817788,0.152847188066481,1.84,3.31,NA,"Paraphoma","Phaeosphaeriaceae","Dothideomycetes","Pleosporales","Ascomycota"
271,0.121794614766179,-0.0610890310158845,-0.152002570960239,-0.00372230838728215,2.3,2.78,NA,"Comoclathris","Pleosporaceae","Dothideomycetes","Pleosporales","Ascomycota"
237,0.322618793162616,0.378643703478173,-0.156207937964428,-0.011362226956758,2.57,3.88,3.45,NA,"Lasiosphaeriaceae","Sordariomycetes","Sordariales","Ascomycota"
284,0.154173402345552,0.198930882537605,-0.157486347293383,-0.157516156799394,2.64,2.47,2.3,"Cephalotrichum","Microascaceae","Sordariomycetes","Microascales","Ascomycota"
402,0.29724048883214,NA,-0.157737541114917,-0.0299688475996283,NA,4.3,NA,"Rhizophagus","Glomeraceae","Glomeromycetes","Glomerales","Glomeromycota"
130,0.0888065057048282,0.0935356911668592,-0.158392140150509,0.0699513811791776,NA,1.59,NA,"Clitopilus","Entolomataceae","Agaricomycetes","Agaricales","Basidiomycota"
448,-0.099828869058135,-0.090819455045014,-0.161396101033154,-0.148188424975498,NA,5.12,NA,"Archaeorhizomyces","Archaeorhizomycetaceae","Archaeorhizomycetes","Archaeorhizomycetales","Ascomycota"
690,0.0396605685730965,0.0430627996446855,-0.161785500423715,0.12450611442038,NA,3.07,3.89,"Tubulicium","Hydnodontaceae","Agaricomycetes","Trechisporales","Basidiomycota"
111,0.289063131933473,-0.062925867287294,-0.161913496375492,-0.118217974937384,3.22,3.39,4.26,NA,NA,NA,NA,NA
39,0.210022579938559,NA,-0.164437970931435,-0.0957269883904363,NA,5.43,5.48,NA,"Hyaloscyphaceae","Leotiomycetes","Helotiales","Ascomycota"
253,0.0441384423694316,0.118289448784306,-0.164536198321925,-0.0126274566838927,NA,NA,NA,"Myceliophthora","Chaetomiaceae","Sordariomycetes","Sordariales","Ascomycota"
366,0.118716930517297,0.0229604816992529,-0.165170591945706,-0.0246693248410246,4.13,1.78,NA,"Neonectria","Nectriaceae","Sordariomycetes","Hypocreales","Ascomycota"
91,0.192306024640612,0.292019871536215,-0.167882131223541,-0.0701381767683922,NA,3.44,2.94,"Pulvinata","Loramycetaceae","Leotiomycetes","Helotiales","Ascomycota"
126,0.0715917286222001,0.212447555990672,-0.171273396549662,0.0209024541376185,NA,1.39,1.39,NA,"Glomeraceae","Glomeromycetes","Glomerales","Glomeromycota"
588,0.300625518942106,0.389183705519672,-0.171544262549186,0.290712303703679,3.5,3.43,2.57,"Sporormiella","Sporormiaceae","Dothideomycetes","Pleosporales","Ascomycota"
249,0.123820496388831,NA,-0.171770792294866,-0.0462904281748122,NA,2.77,NA,"Apodus","Lasiosphaeriaceae","Sordariomycetes","Sordariales","Ascomycota"
630,0.198720578245434,0.132384146983451,-0.173396377459939,-0.104417672003607,NA,3,3.27,NA,"Ceratobasidiaceae","Agaricomycetes","Cantharellales","Basidiomycota"
565,0.151861365539349,0.112272891266592,-0.175059366361114,-0.0466406297595758,1.61,3.48,3.33,"Glomus","Glomeraceae","Glomeromycetes","Glomerales","Glomeromycota"
323,0.171433738056652,0.103688152546756,-0.176583856889999,0.111656993111269,NA,3.09,NA,NA,"Herpotrichiellaceae","Eurotiomycetes","Chaetothyriales","Ascomycota"
688,0.152077369542072,-0.13555415834933,-0.177091809507739,-0.0218747216264752,3.5,4.88,2.83,"Mortierella","Mortierellaceae","Mortierellomycetes","Mortierellales","Mortierellomycota"
390,0.266437349012053,0.152253414477517,-0.179131377325103,-0.264037462074983,NA,3.54,3.35,"Fusarium","Nectriaceae","Sordariomycetes","Hypocreales","Ascomycota"
187,0.284192049690779,0.0303450009510288,-0.180047151674571,-0.22137371189356,2.51,3.35,NA,NA,NA,NA,NA,NA
644,0.0608213369890974,0.00662345373897586,-0.181467062183485,-0.0168813861061999,NA,6.49,NA,NA,"Pleomassariaceae","Dothideomycetes","Pleosporales","Ascomycota"
173,0.45789375504012,NA,-0.182339810103005,-0.0673846900071719,NA,5.17,NA,"Gremmenia","Phacidiaceae","Leotiomycetes","Phacidiales","Ascomycota"
158,0.264501801616306,0.183427798178079,-0.183850729578426,-0.201810883065458,2.05,2.63,2.36,NA,NA,NA,NA,"Rozellomycota"
136,-0.0125808370232522,-0.0144344440897454,-0.18436525968747,-0.0507466643720082,NA,NA,NA,"Clitopilus","Entolomataceae","Agaricomycetes","Agaricales","Basidiomycota"
485,0.0501746275624705,0.0781488601026525,-0.184650994533393,-0.0471926680145633,2.61,3.87,3.3,NA,NA,NA,NA,NA
476,0.168452897927938,0.0264977244325918,-0.184718998511289,-0.104714872560379,NA,3.3,2.98,NA,NA,NA,NA,NA
114,0.185920401660068,0.145534949328396,-0.184727010351092,-0.0404591078525985,1.61,4.44,NA,NA,"Sporormiaceae","Dothideomycetes","Pleosporales","Ascomycota"
414,0.216274353388446,-0.0322575668384278,-0.185578046556957,-0.0138314317029259,NA,4.51,3.84,"Petrakia","Melanommataceae","Dothideomycetes","Pleosporales","Ascomycota"
436,0.227724339726378,0.161397284658297,-0.18628275459064,-0.0557267294420535,2.24,3.54,NA,"Collembolispora","Helotiales_fam_Incertae_sedis","Leotiomycetes","Helotiales","Ascomycota"
622,0.0243243158275968,0.120314034141541,-0.190852628509558,-0.0469729772670991,NA,NA,NA,"Clavulinopsis","Clavariaceae","Agaricomycetes","Agaricales","Basidiomycota"
496,0.09965473083055,0.0779820240488705,-0.190992287887576,-0.108743239255216,2.4,2.45,2.05,NA,"Glomeraceae","Glomeromycetes","Glomerales","Glomeromycota"
19,0.123820496388831,NA,-0.191544474678545,-0.0568139808644783,NA,5.15,NA,NA,NA,"Leotiomycetes","Helotiales","Ascomycota"
164,0.283266136703736,0.117325479963935,-0.193979673062701,-0.0272163303947354,NA,2.32,3.45,"Loratospora","Phaeosphaeriaceae","Dothideomycetes","Pleosporales","Ascomycota"
610,0.155167241514634,0.132384146983451,-0.195810528251541,-0.0542238847882291,NA,3.53,NA,"Athelopsis","Atheliaceae","Agaricomycetes","Atheliales","Basidiomycota"
51,0.0441159341816726,-0.131711989982876,-0.198309507687642,-0.125050213093227,1.24,2.65,NA,"Karstenia","Rhytismatales_fam_Incertae_sedis","Leotiomycetes","Rhytismatales","Ascomycota"
49,0.21701960434957,0.185340117675045,-0.19849790486598,-0.227517267196356,NA,4.74,5.04,"Rachicladosporium","Cladosporiaceae","Dothideomycetes","Capnodiales","Ascomycota"
671,0.1840985000403,0.152268545383713,-0.200371196559488,-0.0180770130294777,5.72,6.64,6.13,"Mortierella","Mortierellaceae","Mortierellomycetes","Mortierellales","Mortierellomycota"
61,0.0352459319466997,0.168704850127108,-0.200651701732569,-0.190592042834351,2.89,2.34,NA,NA,NA,NA,NA,"Ascomycota"
504,0.15075403292095,0.239164421830255,-0.205088637997244,-0.0715032030429165,NA,5.12,NA,"Pseudocoleophoma","Dictyosporiaceae","Dothideomycetes","Pleosporales","Ascomycota"
535,0.242415802105092,0.239149522051398,-0.205976416172027,0.000849761162207362,NA,4.24,NA,"Solicoccozyma","Piskurozymaceae","Tremellomycetes","Filobasidiales","Basidiomycota"
483,0.341562500573889,0.347862608443449,-0.206058762654491,0.19369308545233,NA,1.78,NA,NA,NA,"Sordariomycetes",NA,"Ascomycota"
522,0.256427234956736,0.148368647631594,-0.206589421689126,-0.0773222151379636,NA,3.64,NA,NA,NA,"Leotiomycetes",NA,"Ascomycota"
596,0.24039630837284,0.518816955556528,-0.208990599100082,0.247683566260224,NA,2.21,NA,"Preussia","Sporormiaceae","Dothideomycetes","Pleosporales","Ascomycota"
478,0.178588990196223,0.114664582150184,-0.2099255863727,-0.0878203845411834,NA,5.17,3.04,NA,NA,NA,NA,NA
58,0.279497390705149,0.186814399774903,-0.210432097516731,-0.0522811185042249,3.13,5.79,2.33,NA,"Thelebolaceae","Leotiomycetes","Thelebolales","Ascomycota"
233,0.22180660237011,0.387269994511064,-0.210506174260164,-0.153812781723514,NA,1.59,1.1,"Oidiodendron","Myxotrichaceae","Leotiomycetes","Helotiales","Ascomycota"
438,0.151329465873998,0.180333702965921,-0.212476741807517,-0.0311001079779254,4.52,5.27,4.67,"Cadophora","Helotiales_fam_Incertae_sedis","Leotiomycetes","Helotiales","Ascomycota"
163,0.32560649983529,0.136410219302996,-0.212807246494379,-0.00068747607815223,NA,4.15,4.04,"Cladosporium","Cladosporiaceae","Dothideomycetes","Capnodiales","Ascomycota"
601,0.229709144725331,0.183908044590904,-0.214120054271769,-0.15641301851415,NA,4.52,NA,"Preussia","Sporormiaceae","Dothideomycetes","Pleosporales","Ascomycota"
430,0.219140951842912,0.243191274715217,-0.216087210508565,-0.124937037946793,NA,6.34,NA,NA,"Halosphaeriaceae","Sordariomycetes","Microascales","Ascomycota"
556,0.308633656087575,0.228890905855643,-0.216339490010817,-0.190137980279093,2.48,4.82,5.79,NA,NA,NA,NA,NA
144,0.269956211675603,0.373898104373136,-0.217969824968834,-0.261172831910015,NA,4.2,2.64,"Naganishia","Filobasidiaceae","Tremellomycetes","Filobasidiales","Basidiomycota"
557,0.165280793444663,0.186384603184955,-0.21909877674713,0.0226541379958824,5.61,3.48,2.71,NA,"Platygloeaceae","Pucciniomycetes","Platygloeales","Basidiomycota"
621,0.174157763840782,-0.192498248262819,-0.219902881424073,-0.29092858532695,3.77,4.06,2.71,NA,"Clavariaceae","Agaricomycetes","Agaricales","Basidiomycota"
190,0.194838262354315,0.290796713442589,-0.221181386826993,-0.219502111710792,NA,3.26,3.47,NA,NA,NA,NA,NA
550,0.227123697831658,0.242743659156418,-0.222116196751699,0.0381558611230068,2.22,2.23,NA,"Apiotrichum","Trichosporonaceae","Tremellomycetes","Trichosporonales","Basidiomycota"
342,0.167817965837635,0.227171050999155,-0.222919846229356,-0.206753060031409,NA,5.09,NA,"Metarhizium","Clavicipitaceae","Sordariomycetes","Hypocreales","Ascomycota"
138,0.315166777214249,0.24749796837028,-0.223465188481118,-0.0454727868998086,NA,4.98,NA,"Sistotrema","Cantharellales_fam_Incertae_sedis","Agaricomycetes","Cantharellales","Basidiomycota"
180,0.236999930931665,0.348147795218937,-0.223827707269076,-0.0572860250148831,NA,3.13,3.22,"Gremmenia","Phacidiaceae","Leotiomycetes","Phacidiales","Ascomycota"
652,0.119713943001192,0.0638611307552109,-0.224566530051843,0.0881560757790936,2.89,3.1,3.65,"Mortierella","Mortierellaceae","Mortierellomycetes","Mortierellales","Mortierellomycota"
266,0.262677078545921,0.422430591294517,-0.224856083310749,0.211754644278332,1.52,3.01,3.18,NA,"Helotiaceae","Leotiomycetes","Helotiales","Ascomycota"
338,0.248535094619352,0.294453293907397,-0.225957522851916,-0.0759524301386918,3.14,3.48,3.75,"Knufia","Trichomeriaceae","Eurotiomycetes","Chaetothyriales","Ascomycota"
393,0.106139839632984,0.187069987217782,-0.226034101078643,-0.0805266364663087,NA,5.55,2.48,"Metarhizium","Clavicipitaceae","Sordariomycetes","Hypocreales","Ascomycota"
156,0.285156851728272,0.202176295363974,-0.227091802953097,-0.144744351137183,1.84,2.85,NA,NA,"Phaeosphaeriaceae","Dothideomycetes","Pleosporales","Ascomycota"
320,0.0839201395676301,-0.047008280597995,-0.229910178547407,-0.22098062221157,2.92,3.82,NA,NA,"Herpotrichiellaceae","Eurotiomycetes","Chaetothyriales","Ascomycota"
53,0.0946085030031082,0.000362486457307552,-0.232079153382019,0.0239712206866819,5.65,4.73,NA,NA,"Platygloeaceae","Pucciniomycetes","Platygloeales","Basidiomycota"
72,0.0485007616341333,0.0435805558246163,-0.235473695356794,-0.158513318469059,NA,4.8,NA,NA,"Lasiosphaeriaceae","Sordariomycetes","Sordariales","Ascomycota"
230,0.01578915817776,0.0798605362459903,-0.236874617467979,-0.259297241569906,4.35,4.1,5.32,"Lachnum","Hyaloscyphaceae","Leotiomycetes","Helotiales","Ascomycota"
310,0.239320677875221,0.123218443637358,-0.237013067657387,-0.120606788274237,NA,3.14,NA,"Penicillium","Aspergillaceae","Eurotiomycetes","Eurotiales","Ascomycota"
168,0.196135566766756,0.275790756413718,-0.237080075140452,-0.101338228010257,NA,1.43,NA,"Helminthosporium","Massarinaceae","Dothideomycetes","Pleosporales","Ascomycota"
41,0.2922619022039,0.288690852871735,-0.237404809911118,-0.143162194840828,2.4,3.58,NA,NA,"Pyronemataceae","Pezizomycetes","Pezizales","Ascomycota"
653,0.322257405017538,NA,-0.237535221465994,-0.225029871670581,NA,2.59,1.45,"Mortierella","Mortierellaceae","Mortierellomycetes","Mortierellales","Mortierellomycota"
191,0.281803451654577,0.127533127091164,-0.238165613316024,0.169442046699783,NA,2.59,2.39,NA,NA,"Sordariomycetes",NA,"Ascomycota"
595,0.170828418980752,0.217744393902695,-0.238261852301789,0.0567966764586648,NA,5.34,NA,"Preussia","Sporormiaceae","Dothideomycetes","Pleosporales","Ascomycota"
350,0.218692732454545,0.125698421236858,-0.239437033231607,-0.0908472289957676,5.08,5.37,4,"Tetracladium","Helotiaceae","Leotiomycetes","Helotiales","Ascomycota"
25,0.109885000025691,0.207221402717439,-0.2399712896412,-0.0153128368650009,NA,2.77,NA,"Paraglomus","Paraglomeraceae","Paraglomeromycetes","Paraglomerales","Glomeromycota"
421,0.362539322384207,NA,-0.242446654449637,-0.00817737654253658,NA,4.8,NA,NA,"Didymellaceae","Dothideomycetes","Pleosporales","Ascomycota"
687,0.268837804332937,0.339274186486046,-0.24478261210603,-0.112845029086857,4.01,4.75,NA,"Mortierella","Mortierellaceae","Mortierellomycetes","Mortierellales","Mortierellomycota"
412,0.290707190735283,0.111519236060527,-0.245001905853193,-0.0724140924905511,NA,5.13,NA,"Petrakia","Melanommataceae","Dothideomycetes","Pleosporales","Ascomycota"
488,0.33152174673515,0.315167900330537,-0.246213014667331,-0.100640934618632,2.08,3.37,2.09,NA,NA,"Eurotiomycetes","Chaetothyriales","Ascomycota"
590,0.182514647169935,0.242129149822498,-0.246289501219183,-0.00419288338500733,NA,3.27,NA,"Clavulinopsis","Clavariaceae","Agaricomycetes","Agaricales","Basidiomycota"
490,0.138638555707036,0.0217891342052459,-0.246774556068887,-0.138126167700136,NA,3.37,NA,"Cistella","Hyaloscyphaceae","Leotiomycetes","Helotiales","Ascomycota"
354,0.23580251037559,0.225263010777464,-0.247491916084572,-0.133132702561572,6.85,4.24,NA,"Tetracladium","Helotiaceae","Leotiomycetes","Helotiales","Ascomycota"
160,0.190190167033061,0.00242443265259481,-0.248271276216027,0.167543043008504,4.59,6.15,4.46,"Mycosphaerella","Mycosphaerellaceae","Dothideomycetes","Capnodiales","Ascomycota"
594,0.277069081782534,0.344032726177146,-0.248508691559474,-0.00954255125489012,1.5,3.07,NA,"Preussia","Sporormiaceae","Dothideomycetes","Pleosporales","Ascomycota"
131,0.308578485832274,0.322336808473722,-0.250749188914063,-0.0507763393447123,2.54,2.54,1.52,"Filobasidium","Filobasidiaceae","Tremellomycetes","Filobasidiales","Basidiomycota"
333,0.121103766601905,0.101171613466809,-0.251609040494451,-0.113124148138976,NA,2.63,2.87,NA,NA,"Eurotiomycetes","Chaetothyriales","Ascomycota"
292,0.238185770273414,0.0362691730145585,-0.252149687183233,0.102034710584413,2.79,5.05,3.07,"Neoascochyta","Didymellaceae","Dothideomycetes","Pleosporales","Ascomycota"
551,0.127769318420118,0.278489021763476,-0.25261891061397,-0.135061642339934,NA,NA,NA,"Olpidium","Olpidiaceae","Olpidiomycetes","Olpidiales","Olpidiomycota"
389,0.289804945501337,0.398233958571427,-0.252877749161202,-0.0308071438085552,6.15,7.01,6.44,"Fusarium","Nectriaceae","Sordariomycetes","Hypocreales","Ascomycota"
29,0.167160504886558,0.124439790216663,-0.25533340482163,-0.25069029429656,1.39,2.79,NA,"Ambispora","Ambisporaceae","Archaeosporomycetes","Archaeosporales","Glomeromycota"
599,0.181356952210828,0.0886638599602422,-0.257104064465649,-0.168030396708265,NA,4.62,NA,"Preussia","Sporormiaceae","Dothideomycetes","Pleosporales","Ascomycota"
651,0.234454984921222,0.0432092691771925,-0.258463539326743,-0.164458779324216,4.94,5.78,4.38,"Mortierella","Mortierellaceae","Mortierellomycetes","Mortierellales","Mortierellomycota"
216,0.244186224001384,0.218394668601004,-0.261769454066896,0.119489058554123,NA,3.68,NA,NA,NA,"Leotiomycetes","Helotiales","Ascomycota"
70,0.126368309740038,0.201271740874941,-0.26570036118209,-0.20248034342503,NA,4.17,NA,"Humicola","Chaetomiaceae","Sordariomycetes","Sordariales","Ascomycota"
497,0.166002909266685,0.0977241313406758,-0.268181483396471,-0.232091940172242,NA,3.84,NA,NA,"Glomeraceae","Glomeromycetes","Glomerales","Glomeromycota"
254,0.253707015673491,0.218222221622392,-0.270313660531418,-0.0853307068368729,2.6,3.78,2.9,"Myceliophthora","Chaetomiaceae","Sordariomycetes","Sordariales","Ascomycota"
676,0.408869676614064,0.0421369604178949,-0.270771218274043,-0.0247563231160029,2.08,4.87,2.12,"Mortierella","Mortierellaceae","Mortierellomycetes","Mortierellales","Mortierellomycota"
40,0.259284144294856,0.117656509285202,-0.272887216473538,-0.217778260941089,NA,4.3,3.18,NA,"Pyronemataceae","Pezizomycetes","Pezizales","Ascomycota"
20,0.315737565182016,0.347279808557128,-0.273602979690182,-0.238684530352989,NA,3.02,NA,"Coleophoma","Helotiales_fam_Incertae_sedis","Leotiomycetes","Helotiales","Ascomycota"
592,0.384475595962131,0.132384146983451,-0.273952046060486,-0.15515658730951,NA,2.31,NA,NA,"Melanommataceae","Dothideomycetes","Pleosporales","Ascomycota"
440,0.319290526029895,0.0985249333927905,-0.275140152874352,-0.13666083562725,NA,2.96,2.77,"Collembolispora","Helotiales_fam_Incertae_sedis","Leotiomycetes","Helotiales","Ascomycota"
55,0.314910356529607,0.132384146983451,-0.275517588072136,-0.157114748867693,NA,3.73,NA,"Cryptosporiopsis","Dermateaceae","Leotiomycetes","Helotiales","Ascomycota"
78,0.20460603006259,0.0273685368858654,-0.277732892207958,-0.22218622490012,2.5,4.18,1.33,"Cryptococcus","Tremellaceae","Tremellomycetes","Tremellales","Basidiomycota"
611,0.123820496388831,NA,-0.278351176378135,-0.146161042224146,NA,3.76,NA,"Mycenella","Tricholomataceae","Agaricomycetes","Agaricales","Basidiomycota"
693,0.347309516217096,0.310382684099415,-0.278756414425774,-0.123940723617185,NA,2.72,NA,NA,NA,NA,NA,"Ascomycota"
288,0.334367617165831,0.245678293903376,-0.282388019748799,-0.0784202168248827,3.06,3.3,2.88,NA,NA,"Lecanoromycetes",NA,"Ascomycota"
238,0.337608743388562,0.354408629211969,-0.284214974680556,-0.128551356475968,NA,5.61,3.61,"Schizothecium","Lasiosphaeriaceae","Sordariomycetes","Sordariales","Ascomycota"
159,0.297195516899207,0.204499295176527,-0.284841991814938,-0.114510948434758,NA,4.22,NA,"Glomus","Glomeraceae","Glomeromycetes","Glomerales","Glomeromycota"
603,0.399590164715004,0.394832261297526,-0.286412818625111,-0.149491616858248,1.15,4.14,3.03,"Sclerostagonospora","Phaeosphaeriaceae","Dothideomycetes","Pleosporales","Ascomycota"
268,0.29724048883214,NA,-0.286611853372685,-0.0841736262515563,NA,4.58,NA,"Crocicreas","Helotiaceae","Leotiomycetes","Helotiales","Ascomycota"
683,0.123820496388831,NA,-0.286997475328307,-0.181363877872094,NA,4.94,NA,"Mortierella","Mortierellaceae","Mortierellomycetes","Mortierellales","Mortierellomycota"
365,0.215565639423939,0.318864437057424,-0.288830109224093,-0.0497488312698283,4.06,4.08,2.64,"Tetracladium","Helotiaceae","Leotiomycetes","Helotiales","Ascomycota"
407,0.355282936351051,0.324483859571388,-0.289421750427482,-0.240074684744213,NA,3.96,NA,NA,"Melanommataceae","Dothideomycetes","Pleosporales","Ascomycota"
632,0.346356662546311,0.139715250077815,-0.290074213168025,-0.18966364738447,NA,3.38,NA,"Archaeorhizomyces","Archaeorhizomycetaceae","Archaeorhizomycetes","Archaeorhizomycetales","Ascomycota"
257,0.101687908867881,0.179729264130202,-0.290955718998523,-0.202162751172407,NA,2.89,NA,"Phialemonium","Cephalothecaceae","Sordariomycetes","Sordariales","Ascomycota"
200,0.22620734399138,0.06486414021264,-0.292397740155338,-0.209885871065844,NA,4,NA,"Leohumicola","Helotiales_fam_Incertae_sedis","Leotiomycetes","Helotiales","Ascomycota"
258,0.275468402986616,0.209329928299272,-0.29278116740097,-0.0749410931862351,NA,7.46,NA,NA,NA,NA,NA,NA
609,0.261917351076675,0.168114256418244,-0.293080794005449,-0.26617817204671,4.11,3.61,2.83,"Athelopsis","Atheliaceae","Agaricomycetes","Atheliales","Basidiomycota"
185,0.421065740296952,0.131815768017883,-0.294599642283725,-0.0610919868942263,1.39,2.57,NA,"Lasionectria","Nectriaceae","Sordariomycetes","Hypocreales","Ascomycota"
434,0.10086616083421,0.125774911015039,-0.295314182499551,-0.156278189861986,NA,2.08,NA,NA,"Helotiales_fam_Incertae_sedis","Leotiomycetes","Helotiales","Ascomycota"
555,0.407497266211377,0.222567622278341,-0.298789139851814,-0.0654988968490277,NA,4.65,NA,NA,NA,NA,NA,NA
689,0.330703289999874,0.211227503012057,-0.300626942856028,-0.00476666837666518,3.18,4.86,3.52,"Mortierella","Mortierellaceae","Mortierellomycetes","Mortierellales","Mortierellomycota"
639,0.321629850383399,0.212327760518511,-0.301376808417664,-0.0543597672199484,NA,4.21,1.61,"Clavaria","Clavariaceae","Agaricomycetes","Agaricales","Basidiomycota"
120,0.356868801990878,0.291302038316038,-0.305198884966078,-0.030137238913685,1.44,2.43,1.78,"Dioszegia","Bulleribasidiaceae","Tremellomycetes","Tremellales","Basidiomycota"
394,0.27136412758084,0.257287258084154,-0.308571437964218,-0.0220798307673637,2.96,3.73,2.71,"Metapochonia","Clavicipitaceae","Sordariomycetes","Hypocreales","Ascomycota"
656,0.301384934749217,0.333392890315196,-0.309665208998889,0.167636550298375,2.73,3.77,2.58,"Mortierella","Mortierellaceae","Mortierellomycetes","Mortierellales","Mortierellomycota"
275,0.319504466346112,0.181373659504124,-0.309825666918892,-0.225342727878668,NA,2.93,NA,"Umbelopsis","Umbelopsidaceae","Umbelopsidomycetes","Umbelopsidales","Mucoromycota"
46,0.423829731169406,0.32736496325455,-0.309832598707482,-0.0549998166314517,NA,2.53,NA,NA,NA,"Dothideomycetes","Pleosporales","Ascomycota"
657,0.244605500292291,-0.0165890675940725,-0.312865824433454,-0.180616451631021,2.33,4.71,2.85,"Mortierella","Mortierellaceae","Mortierellomycetes","Mortierellales","Mortierellomycota"
186,0.326511664222053,0.21398702086405,-0.31289062372089,-0.0527021058781104,NA,2.2,NA,"Podospora","Lasiosphaeriaceae","Sordariomycetes","Sordariales","Ascomycota"
12,0.211129316031041,0.141748239255292,-0.313627508615934,-0.280682231027038,3.12,3.93,3.02,"Scutellospora","Gigasporaceae","Glomeromycetes","Gigasporales","Glomeromycota"
170,0.281123314824129,0.15091553911402,-0.313851330621645,-0.137930002506449,NA,5.1,NA,"Chalara","Helotiales_fam_Incertae_sedis","Leotiomycetes","Helotiales","Ascomycota"
331,0.296673624066455,0.148841910291427,-0.317314860712523,-0.235679785341043,NA,4.66,NA,NA,"Herpotrichiellaceae","Eurotiomycetes","Chaetothyriales","Ascomycota"
95,0.275589674730004,0.150768816421203,-0.317531919816979,-0.125446781695445,NA,4.44,NA,"Archaeorhizomyces","Archaeorhizomycetaceae","Archaeorhizomycetes","Archaeorhizomycetales","Ascomycota"
400,0.270574445838279,NA,-0.319205171173444,-0.0644327527628951,NA,1.73,NA,NA,"Glomeraceae","Glomeromycetes","Glomerales","Glomeromycota"
282,0.319454517125605,0.265005224136476,-0.31931809251754,-0.184039349070796,NA,4.59,NA,NA,NA,NA,NA,NA
6,0.257167484434382,0.18038582329351,-0.320974229741133,-0.0927849937492503,NA,2.89,3.53,NA,NA,NA,NA,"Ascomycota"
602,0.257039062556394,0.240367699527138,-0.323042262470156,-0.174704795430153,NA,2.76,NA,"Paraconiothyrium","Didymosphaeriaceae","Dothideomycetes","Pleosporales","Ascomycota"
289,0.234395116341468,0.309057101107622,-0.325122350181906,-0.181789864133862,2.61,4.42,2.84,NA,NA,"Dothideomycetes","Pleosporales","Ascomycota"
36,0.507140757305171,0.377520962718993,-0.326542008462347,-0.142475188612681,NA,3.28,3.22,"Cheilymenia","Pyronemataceae","Pezizomycetes","Pezizales","Ascomycota"
502,0.183324100452414,0.0514266258378776,-0.326957070718302,-0.302406355672546,NA,2.37,NA,NA,NA,"Dothideomycetes","Pleosporales","Ascomycota"
137,0.242234844708912,0.0778470244764125,-0.32706735141454,-0.164786636785589,NA,3.52,NA,"Clitopilus","Entolomataceae","Agaricomycetes","Agaricales","Basidiomycota"
369,0.410709237246412,0.299765601500328,-0.332809103195712,-0.00473242992280865,NA,4.18,NA,"Gliomastix","Bionectriaceae","Sordariomycetes","Hypocreales","Ascomycota"
395,0.387658254756981,0.411365340125713,-0.336351176643559,-0.207425259876673,NA,3.27,4.47,"Pochonia","Clavicipitaceae","Sordariomycetes","Hypocreales","Ascomycota"
295,0.331313348395065,0.234899635225805,-0.342111862484066,-0.259703301565486,NA,2.49,NA,"Capnobotryella","Teratosphaeriaceae","Dothideomycetes","Capnodiales","Ascomycota"
387,0.335901641488229,0.347906304861803,-0.342218153460984,0.00484592930553304,4.31,5.67,5.27,"Fusicolla","Nectriaceae","Sordariomycetes","Hypocreales","Ascomycota"
648,0.275491865756131,-0.0144344440897454,-0.342398155009137,-0.30036590980764,NA,3.5,NA,"Mortierella","Mortierellaceae","Mortierellomycetes","Mortierellales","Mortierellomycota"
425,0.333421612019984,0.209976940113821,-0.342662536596584,-0.0745776588193236,NA,4.43,NA,NA,NA,"Dothideomycetes","Pleosporales","Ascomycota"
154,0.286888170497843,0.278768871006045,-0.343724871010607,-0.215970070144206,5.09,6.38,4.75,"Trichocladium","Chaetomiaceae","Sordariomycetes","Sordariales","Ascomycota"
514,0.312409496077616,0.249719028166367,-0.34478699871511,-0.154050110250923,NA,4.14,NA,"Acaulospora","Acaulosporaceae","Glomeromycetes","Diversisporales","Glomeromycota"
627,0.297132963821935,0.115954707070395,-0.350423679228775,-0.17381633388999,NA,3.94,NA,NA,"Ceratobasidiaceae","Agaricomycetes","Cantharellales","Basidiomycota"
116,0.215666478419615,-0.0452166152864195,-0.351294110998116,-0.397485222343949,4.45,3.97,NA,NA,"Olpidiaceae","Olpidiomycetes","Olpidiales","Olpidiomycota"
262,0.277911271803757,0.200459942370021,-0.351908787945698,-0.167206404909396,NA,2.97,NA,"Gloeotinia","Clavicipitaceae","Sordariomycetes","Hypocreales","Ascomycota"
433,0.37773842422117,0.0217891342052459,-0.352429456824396,-0.12930936880697,NA,4.87,NA,"Rhexocercosporidium","Helotiales_fam_Incertae_sedis","Leotiomycetes","Helotiales","Ascomycota"
226,0.258534138232004,0.293935284251939,-0.352533300231869,-0.155414878371228,NA,2.59,NA,"Cistella","Hyaloscyphaceae","Leotiomycetes","Helotiales","Ascomycota"
220,0.427809713722172,0.285590355912236,-0.353864604948242,-0.137151546860774,NA,4.35,NA,NA,NA,"Leotiomycetes","Helotiales","Ascomycota"
431,0.288427030752035,0.296473064758395,-0.35742065933196,-0.251093964131241,NA,2.85,NA,"Myrmecridium","Myrmecridiaceae","Sordariomycetes","Myrmecridiales","Ascomycota"
56,0.359958513186701,0.210608900228986,-0.358574831661553,-0.103221257108585,NA,3.85,NA,NA,NA,"Leotiomycetes","Helotiales","Ascomycota"
98,0.263533609455795,0.0867045889940254,-0.359734462935686,-0.112302790461233,1.79,3.3,NA,"Archaeorhizomyces","Archaeorhizomycetaceae","Archaeorhizomycetes","Archaeorhizomycetales","Ascomycota"
272,0.341833336656243,0.185340117675045,-0.361730702262524,-0.113764288202292,NA,3.35,NA,"Phaeosphaeria","Phaeosphaeriaceae","Dothideomycetes","Pleosporales","Ascomycota"
559,0.268386397249299,0.177762539274302,-0.361851868564685,-0.258182279314759,NA,4.22,2.14,"Fusidium","Xylariales_fam_Incertae_sedis","Sordariomycetes","Xylariales","Ascomycota"
296,0.29970048580608,0.237385951507879,-0.364602293992306,0.0198676112947191,3.01,3.77,3.55,"Acremonium","Hypocreales_fam_Incertae_sedis","Sordariomycetes","Hypocreales","Ascomycota"
18,0.265963873947643,0.30244689308469,-0.367215197300478,-0.153271214343886,NA,3.01,2.89,NA,NA,"Leotiomycetes","Helotiales","Ascomycota"
255,0.410389205066635,0.242783235318181,-0.36880155872637,-0.065812520472038,3.65,3.37,3.29,"Chaetomium","Chaetomiaceae","Sordariomycetes","Sordariales","Ascomycota"
169,0.302906087278721,0.285401315217655,-0.369009724310563,-0.230884556036526,NA,3.42,NA,NA,NA,"Xylonomycetes","GS34","Ascomycota"
192,0.284875598951066,0.0916414841596653,-0.370197857360608,-0.215669051703506,2.95,3.58,2.62,"Truncatella","Bartaliniaceae","Sordariomycetes","Xylariales","Ascomycota"
598,0.378098318681048,0.313620426274,-0.372954691180966,-0.0080178654766444,NA,4.02,NA,"Preussia","Sporormiaceae","Dothideomycetes","Pleosporales","Ascomycota"
161,0.508655647453945,0.684813143792532,-0.374151843993603,0.103595875236207,2.14,3.71,2.66,"Coniochaeta","Coniochaetaceae","Sordariomycetes","Coniochaetales","Ascomycota"
647,0.422934777462739,0.254998503698718,-0.37443530590313,-0.297598577427442,NA,2.98,1.95,"Mortierella","Mortierellaceae","Mortierellomycetes","Mortierellales","Mortierellomycota"
87,0.374782447042995,0.218344683356571,-0.374591851750371,-0.174546335443256,NA,3.76,NA,NA,NA,NA,NA,NA
178,0.329116290221706,0.0430431932041613,-0.375479048189333,-0.200140870153825,NA,4.77,1.95,NA,NA,"Leotiomycetes","Helotiales","Ascomycota"
396,0.185286810951953,0.140570740586174,-0.375711097867354,-0.384324045269492,2.82,3.69,3.14,"Pochonia","Clavicipitaceae","Sordariomycetes","Hypocreales","Ascomycota"
44,0.468230526468327,0.299537975891381,-0.375818285200231,-0.21525761700509,NA,3.74,NA,NA,NA,NA,NA,NA
375,0.41534518315499,0.437288177376986,-0.376262597470383,-0.234900079893107,NA,2.73,1.66,"Trichoderma","Hypocreaceae","Sordariomycetes","Hypocreales","Ascomycota"
674,0.432451379958115,0.477661720972671,-0.379590419545062,-0.253322482854389,NA,1.9,NA,NA,NA,"Mortierellomycetes","Mortierellales","Mortierellomycota"
273,0.440816064066424,0.46538243575532,-0.383399636417397,-0.221970322710595,NA,3.19,2.2,"Neosetophoma","Phaeosphaeriaceae","Dothideomycetes","Pleosporales","Ascomycota"
194,0.385412081730964,0.481206183057238,-0.386444798901093,-0.0544256429001287,NA,4.18,3.58,"Lachnum","Hyaloscyphaceae","Leotiomycetes","Helotiales","Ascomycota"
607,0.367661188575022,0.201360098526787,-0.388433256436029,-0.295866702301529,NA,4.44,3.17,NA,"Hydnodontaceae","Agaricomycetes","Trechisporales","Basidiomycota"
175,0.354753333266464,0.305084183761176,-0.395591333300229,-0.373588823396989,2.71,4.95,4.94,"Gremmenia","Phacidiaceae","Leotiomycetes","Phacidiales","Ascomycota"
124,0.23218944911775,0.0489395301259878,-0.396171953544605,-0.195221218505701,2.2,3.07,NA,NA,NA,NA,NA,NA
686,0.278215274636385,0.173374440111133,-0.40243245646679,-0.284717434937025,NA,3.78,NA,"Mortierella","Mortierellaceae","Mortierellomycetes","Mortierellales","Mortierellomycota"
368,0.473462085149424,0.402185975350433,-0.404844219925048,-0.245889546229558,NA,2.86,NA,"Schizothecium","Lasiosphaeriaceae","Sordariomycetes","Sordariales","Ascomycota"
314,0.389654726707713,0.307773890472585,-0.405749564920737,-0.291669943861287,NA,2.71,NA,"Oleoguttula","Teratosphaeriaceae","Dothideomycetes","Capnodiales","Ascomycota"
179,0.480035861927826,0.307371282126323,-0.407542615339022,-0.234160881975308,NA,4.05,NA,NA,NA,"Leotiomycetes","Helotiales","Ascomycota"
544,0.45931605448087,0.375638811828776,-0.408077742711791,-0.287347079572074,NA,3.78,NA,"Udeniozyma","Chrysozymaceae","Microbotryomycetes","Microbotryomycetes_ord_Incertae_sedis","Basidiomycota"
88,0.376884518982623,0.341166254329661,-0.427496986766913,-0.101718707054063,3.01,4.42,2.35,NA,NA,"Leotiomycetes","Helotiales","Ascomycota"
552,0.369885943324982,0.194279262204061,-0.43019254545559,-0.249320084234527,NA,4.47,NA,NA,NA,NA,NA,"Ascomycota"
146,0.46757066910677,0.560277553460429,-0.43064549091227,-0.164148735703691,NA,3.42,3.05,"Naganishia","Filobasidiaceae","Tremellomycetes","Filobasidiales","Basidiomycota"
548,0.374288658920652,0.375525317876556,-0.432838490791758,-0.245542446026179,2.83,2.87,1.39,NA,NA,"Microbotryomycetes","Sporidiobolales","Basidiomycota"
654,0.46775793223049,0.328420048185097,-0.440766482078862,-0.153509839295159,2.83,3.66,2.45,"Mortierella","Mortierellaceae","Mortierellomycetes","Mortierellales","Mortierellomycota"
301,0.39232086960254,0.248030817834541,-0.442030302798334,-0.211532762111687,NA,3.27,NA,"Metapochonia","Clavicipitaceae","Sordariomycetes","Hypocreales","Ascomycota"
392,0.365043174706299,0.0948768511283196,-0.443375326121222,-0.332592309600674,NA,3.45,NA,"Metarhizium","Clavicipitaceae","Sordariomycetes","Hypocreales","Ascomycota"
546,0.403521216318151,0.299827987691845,-0.445927756905296,-0.239043263720981,NA,3.58,NA,"Slooffia","Chrysozymaceae","Microbotryomycetes","Microbotryomycetes_ord_Incertae_sedis","Basidiomycota"
372,0.366271509196341,0.34395808366859,-0.446639009103644,-0.14826370160375,NA,2.36,NA,NA,NA,NA,NA,"Ascomycota"
543,0.384468125686048,0.232649268954753,-0.446957818889932,-0.34680903265312,NA,3.65,1.39,"Udeniozyma","Chrysozymaceae","Microbotryomycetes","Microbotryomycetes_ord_Incertae_sedis","Basidiomycota"
307,0.385790248210296,0.211471418280723,-0.449448031165972,-0.298341649526391,NA,3.67,NA,"Extremus","Extremaceae","Dothideomycetes","Capnodiales","Ascomycota"
260,0.479573001069635,0.344270045645042,-0.456722577486727,-0.213777770135397,3.65,6.14,4.37,"Pseudogymnoascus","Pseudeurotiaceae","Leotiomycetes","Thelebolales","Ascomycota"
629,0.436335298061532,0.195354083787071,-0.460104325982151,-0.424318025237319,NA,3.74,3.15,NA,"Ceratobasidiaceae","Agaricomycetes","Cantharellales","Basidiomycota"
429,0.361991248806451,0.415966198673792,-0.464086255573016,-0.17580377481802,1.61,3.51,2.52,NA,NA,"Dothideomycetes","Pleosporales","Ascomycota"
528,0.44549705949849,0.530672303507405,-0.465229227790861,-0.121626988902149,2.83,4.46,3.31,NA,NA,"Tremellomycetes",NA,"Basidiomycota"
118,0.303519626115489,0.315438208177596,-0.468171098516602,-0.320693591715435,NA,3.05,NA,NA,"Olpidiaceae","Olpidiomycetes","Olpidiales","Olpidiomycota"
567,0.478638565982318,0.311707290837535,-0.469373818278879,-0.307020918796721,NA,4.4,3.58,"Paraphaeosphaeria","Didymosphaeriaceae","Dothideomycetes","Pleosporales","Ascomycota"
492,0.474260284166873,NA,-0.470109066526631,-0.407426585597444,NA,4.33,NA,"Microdochium","Microdochiaceae","Sordariomycetes","Xylariales","Ascomycota"
69,0.430503533252214,0.254110498134718,-0.471560958174248,-0.227470680744209,2.71,5,3.36,"Humicola","Chaetomiaceae","Sordariomycetes","Sordariales","Ascomycota"
386,0.335176552463316,0.275480966046079,-0.471788034964858,-0.280082032182787,4.68,5.76,4.06,"Neonectria","Nectriaceae","Sordariomycetes","Hypocreales","Ascomycota"
667,0.423343767863547,0.425287406425159,-0.476594067268807,-0.239784447346628,NA,3.81,NA,"Mortierella","Mortierellaceae","Mortierellomycetes","Mortierellales","Mortierellomycota"
376,0.47809999099702,0.429841065530299,-0.477844003861228,-0.321613438703397,3.16,3.97,2.31,"Clonostachys","Bionectriaceae","Sordariomycetes","Hypocreales","Ascomycota"
628,0.400534056921178,0.344618263326445,-0.482807686114888,-0.334588988947801,NA,3.79,2.6,NA,"Ceratobasidiaceae","Agaricomycetes","Cantharellales","Basidiomycota"
223,0.372653786976641,NA,-0.48346575029875,-0.402171798979241,NA,4.4,NA,NA,NA,"Leotiomycetes","Helotiales","Ascomycota"
427,0.433900332312851,0.435598871656344,-0.499357870884505,-0.0650344875655254,2.83,4.16,3.2,"Paraphoma","Phaeosphaeriaceae","Dothideomycetes","Pleosporales","Ascomycota"
38,0.44749587977254,0.316393299153327,-0.499687893404626,-0.407517191806109,NA,3.21,NA,"Acephala","Helotiales_fam_Incertae_sedis","Leotiomycetes","Helotiales","Ascomycota"
340,0.396198112415084,0.230365664849482,-0.517234313651144,-0.343260940216626,NA,2.93,NA,"Tolypocladium","Ophiocordycipitaceae","Sordariomycetes","Hypocreales","Ascomycota"
503,0.518952038604473,0.310267770899549,-0.522352935540804,-0.487542305526535,NA,3.69,NA,"Pseudocoleophoma","Dictyosporiaceae","Dothideomycetes","Pleosporales","Ascomycota"
222,0.477030243737151,0.554088817394264,-0.527171329311677,-0.128897197286816,6.83,5.59,4.08,NA,NA,"Leotiomycetes","Helotiales","Ascomycota"
105,0.486746305212708,0.301547559929519,-0.534294233272279,-0.305789253089853,NA,4.41,5.28,"Exophiala","Herpotrichiellaceae","Eurotiomycetes","Chaetothyriales","Ascomycota"
646,0.480106649861406,0.468273650221088,-0.536038493658112,-0.339099484826369,NA,3.86,1.1,"Mortierella","Mortierellaceae","Mortierellomycetes","Mortierellales","Mortierellomycota"
437,0.275541651255323,0.290963443772933,-0.536423469243075,-0.353504332683203,NA,4.07,NA,"Cadophora","Helotiales_fam_Incertae_sedis","Leotiomycetes","Helotiales","Ascomycota"
102,0.530609794233407,0.53143550524758,-0.562359319844674,-0.131201417885189,2.24,5.35,4.4,"Antennariella","Capnodiaceae","Dothideomycetes","Capnodiales","Ascomycota"
480,0.619669088395004,0.333961667303403,-0.562738898274022,-0.377101041113637,NA,3.17,NA,"Acremonium","Hypocreales_fam_Incertae_sedis","Sordariomycetes","Hypocreales","Ascomycota"
568,0.51197088765996,0.526069953548375,-0.565339216292347,-0.334655249285145,2.78,4.57,3.41,"Paraphaeosphaeria","Didymosphaeriaceae","Dothideomycetes","Pleosporales","Ascomycota"
68,0.524842340754923,0.403309759947931,-0.589255472876894,-0.38764330818341,3.09,5.56,3.13,"Humicola","Chaetomiaceae","Sordariomycetes","Sordariales","Ascomycota"
261,0.51947602267608,0.28564569735207,-0.590065633938427,-0.488331222321681,NA,3.42,NA,"Pseudogymnoascus","Pseudeurotiaceae","Leotiomycetes","Thelebolales","Ascomycota"
420,0.594511502531304,0.50664734669656,-0.60316740030663,-0.312625827112099,2.64,5.84,4.47,"Ascochyta","Didymellaceae","Dothideomycetes","Pleosporales","Ascomycota"
403,0.491137348032187,0.355672356856447,-0.604958481830203,-0.342612880591934,NA,3.36,1.24,NA,NA,NA,NA,"Ascomycota"
479,0.593553620991145,0.455049808597513,-0.60686018495583,-0.516438708976104,1.61,3.3,2.01,NA,NA,NA,NA,NA
527,0.476940232458712,0.366671569112717,-0.609760996544937,-0.451791870824438,1.58,4.58,4.09,"Saitozyma","Trimorphomycetaceae","Tremellomycetes","Tremellales","Basidiomycota"
591,0.580994017179733,0.518221217814665,-0.622162586291503,-0.438046974360086,NA,3.83,NA,"Westerdykella","Sporormiaceae","Dothideomycetes","Pleosporales","Ascomycota"
312,0.6972248793822,0.539004868867031,-0.633572178619792,-0.334177906598152,NA,4.66,2.48,"Elasticomyces","Teratosphaeriaceae","Dothideomycetes","Capnodiales","Ascomycota"
655,0.585689376689605,0.453953297721501,-0.681470693239511,-0.447003745186301,1.59,5.69,4.14,"Mortierella","Mortierellaceae","Mortierellomycetes","Mortierellales","Mortierellomycota"
380,0.61306353215537,0.463884353661111,-0.683292284719377,-0.381755953956536,NA,4.09,2.33,"Metarhizium","Clavicipitaceae","Sordariomycetes","Hypocreales","Ascomycota"
32,0.590384831485025,0.533724515730766,-0.687523609443923,-0.504616315203809,NA,3.79,NA,"Coniochaeta","Coniochaetaceae","Sordariomycetes","Coniochaetales","Ascomycota"
681,0.663141033672841,0.50657530361484,-0.732457952993665,-0.591462153784957,NA,5.91,4.03,"Mortierella","Mortierellaceae","Mortierellomycetes","Mortierellales","Mortierellomycota"
529,0.567280453804184,0.343996202275488,-0.761186594169091,-0.567911239260877,NA,3.32,NA,"Leucosporidium","Leucosporidiaceae","Microbotryomycetes","Leucosporidiales","Basidiomycota"
