"turfID","year","destinationSite","treatmentOriginGroup","species","scaled"
"um1-2_w2_mo1-5",2019,"Upper Montane","High W2","Agoseris glauca",0.0769230769230769
"um1-2_w2_mo1-5",2019,"Upper Montane","High W2","Bromus carinatus",0.615384615384615
"um1-2_w2_mo1-5",2019,"Upper Montane","High W2","Hymenoxys hoopesii",0.307692307692308
"um1-2_w2_mo1-5",2019,"Upper Montane","High W2","Lathyrus lanszwertii",0.230769230769231
"um1-2_w2_mo1-5",2019,"Upper Montane","High W2","Ligusticum porteri",0.769230769230769
"um1-2_w2_mo1-5",2019,"Upper Montane","High W2","Poa pratensis",0.0769230769230769
"um1-2_w2_mo1-5",2019,"Upper Montane","High W2","Poa reflexa",1
"um1-2_w2_mo1-5",2019,"Upper Montane","High W2","Senecio crassulus",0.153846153846154
"um1-2_w2_mo1-5",2019,"Upper Montane","High W2","Viola nuttallii",0.230769230769231
"um1-2_w2_mo1-5",2019,"Upper Montane","High W2","Noccaea fendleri",0.0769230769230769
"um1-2_w2_mo1-5",2019,"Upper Montane","High W2","Atriplex argentea",0.0769230769230769
"um1-2_w2_mo1-5",2019,"Upper Montane","High W2","Delphinium nuttallianum",0.0769230769230769
"um1-2_w2_mo1-5",2019,"Upper Montane","High W2","Heliomeris multiflora",0.0769230769230769
"um1-2_w2_mo1-5",2019,"Upper Montane","High W2","Polygonum douglasii",0.0769230769230769
"um1-2_w2_mo1-5",2019,"Upper Montane","High W2","Galium coloradoense",0.0769230769230769
"um1-2_w2_mo1-5",2019,"Upper Montane","High W2","Collomia linearis",0.0769230769230769
"um1-3_u_um1-3",2019,"Upper Montane","Low Control","Achillea millefolium",0.133333333333333
"um1-3_u_um1-3",2019,"Upper Montane","Low Control","Carex sp.",0.0333333333333333
"um1-3_u_um1-3",2019,"Upper Montane","Low Control","Elymus repens",0.0333333333333333
"um1-3_u_um1-3",2019,"Upper Montane","Low Control","Lathyrus lanszwertii",0.0666666666666667
"um1-3_u_um1-3",2019,"Upper Montane","Low Control","Melica spectabilis",0.0666666666666667
"um1-3_u_um1-3",2019,"Upper Montane","Low Control","Mertensia fusiformis",0.0333333333333333
"um1-3_u_um1-3",2019,"Upper Montane","Low Control","Poa pratensis",0.0333333333333333
"um1-3_u_um1-3",2019,"Upper Montane","Low Control","Potentilla pulcherrima",0.133333333333333
"um1-3_u_um1-3",2019,"Upper Montane","Low Control","Stipa nelsonii",0.1
"um1-3_u_um1-3",2019,"Upper Montane","Low Control","Tragopogon dubius",0.0333333333333333
"um1-3_u_um1-3",2019,"Upper Montane","Low Control","Viola nuttallii",1
"um1-3_u_um1-3",2019,"Upper Montane","Low Control","Vicia americana",0.0333333333333333
"um1-3_u_um1-3",2019,"Upper Montane","Low Control","Delphinium nuttallianum",0.0333333333333333
"um1-3_u_um1-3",2019,"Upper Montane","Low Control","Polygonum douglasii",0.0333333333333333
"um1-3_u_um1-3",2019,"Upper Montane","Low Control","Collomia linearis",0.0333333333333333
"um1-3_u_um1-3",2019,"Upper Montane","Low Control","Helianthella quinquenervis",0.0333333333333333
"um1-3_u_um1-3",2019,"Upper Montane","Low Control","Senecio integerrimus",0.133333333333333
"um1-3_u_um1-3",2019,"Upper Montane","Low Control","Atriplex argentea",0.0333333333333333
"um1-4_ws_um1-1",2019,"Upper Montane","Low Control","Achillea millefolium",0.0625
"um1-4_ws_um1-1",2019,"Upper Montane","Low Control","Bromus carinatus",0.0625
"um1-4_ws_um1-1",2019,"Upper Montane","Low Control","Erigeron speciosus",0.25
"um1-4_ws_um1-1",2019,"Upper Montane","Low Control","Helianthella quinquenervis",0.3125
"um1-4_ws_um1-1",2019,"Upper Montane","Low Control","Heliomeris multiflora",0.0625
"um1-4_ws_um1-1",2019,"Upper Montane","Low Control","Lathyrus lanszwertii",0.0625
"um1-4_ws_um1-1",2019,"Upper Montane","Low Control","Melica spectabilis",0.25
"um1-4_ws_um1-1",2019,"Upper Montane","Low Control","Poa pratensis",0.125
"um1-4_ws_um1-1",2019,"Upper Montane","Low Control","Potentilla pulcherrima",0.3125
"um1-4_ws_um1-1",2019,"Upper Montane","Low Control","Stipa nelsonii",0.0625
"um1-4_ws_um1-1",2019,"Upper Montane","Low Control","Taraxacum officinale",0.625
"um1-4_ws_um1-1",2019,"Upper Montane","Low Control","Tragopogon dubius",0.0625
"um1-4_ws_um1-1",2019,"Upper Montane","Low Control","Vicia americana",0.0625
"um1-4_ws_um1-1",2019,"Upper Montane","Low Control","Viola nuttallii",1
"um1-4_ws_um1-1",2019,"Upper Montane","Low Control","Senecio integerrimus",0.25
"um1-4_ws_um1-1",2019,"Upper Montane","Low Control","Lithophragma glabrum",0.0625
"um1-4_ws_um1-1",2019,"Upper Montane","Low Control","Delphinium nuttallianum",0.25
"um1-4_ws_um1-1",2019,"Upper Montane","Low Control","Claytonia lanceolata",0.0625
"um1-4_ws_um1-1",2019,"Upper Montane","Low Control","Atriplex argentea",0.0625
"um1-4_ws_um1-1",2019,"Upper Montane","Low Control","Galium bifolium",0.0625
"um1-4_ws_um1-1",2019,"Upper Montane","Low Control","Polygonum douglasii",0.0625
"um1-5_w1_pf1-4",2019,"Upper Montane","Mid W1","Agoseris glauca",0.0714285714285714
"um1-5_w1_pf1-4",2019,"Upper Montane","Mid W1","Bromus carinatus",0.142857142857143
"um1-5_w1_pf1-4",2019,"Upper Montane","Mid W1","Elymus repens",0.0714285714285714
"um1-5_w1_pf1-4",2019,"Upper Montane","Mid W1","Erigeron speciosus",0.428571428571429
"um1-5_w1_pf1-4",2019,"Upper Montane","Mid W1","Heliomeris multiflora",1
"um1-5_w1_pf1-4",2019,"Upper Montane","Mid W1","Lathyrus lanszwertii",0.285714285714286
"um1-5_w1_pf1-4",2019,"Upper Montane","Mid W1","Ligusticum porteri",0.0714285714285714
"um1-5_w1_pf1-4",2019,"Upper Montane","Mid W1","Melica spectabilis",0.0714285714285714
"um1-5_w1_pf1-4",2019,"Upper Montane","Mid W1","Mertensia fusiformis",0.0714285714285714
"um1-5_w1_pf1-4",2019,"Upper Montane","Mid W1","Poa reflexa",0.785714285714286
"um1-5_w1_pf1-4",2019,"Upper Montane","Mid W1","Potentilla pulcherrima",0.285714285714286
"um1-5_w1_pf1-4",2019,"Upper Montane","Mid W1","Atriplex argentea",0.0714285714285714
"um1-5_w1_pf1-4",2019,"Upper Montane","Mid W1","Senecio crassulus",0.0714285714285714
"um1-5_w1_pf1-4",2019,"Upper Montane","Mid W1","Taraxacum officinale",0.0714285714285714
"um1-5_w1_pf1-4",2019,"Upper Montane","Mid W1","Viola nuttallii",0.285714285714286
"um1-5_w1_pf1-4",2019,"Upper Montane","Mid W1","Helianthella quinquenervis",0.0714285714285714
"um1-5_w1_pf1-4",2019,"Upper Montane","Mid W1","Polygonum douglasii",0.0714285714285714
"um1-5_w1_pf1-4",2019,"Upper Montane","Mid W1","Senecio integerrimus",0.142857142857143
"um1-5_w1_pf1-4",2019,"Upper Montane","Mid W1","Claytonia lanceolata",0.0714285714285714
"um1-5_w1_pf1-4",2019,"Upper Montane","Mid W1","Boechera stricta",0.0714285714285714
"um1-5_w1_pf1-4",2019,"Upper Montane","Mid W1","Delphinium nuttallianum",0.0714285714285714
"um1-5_w1_pf1-4",2019,"Upper Montane","Mid W1","Androsace septentrionalis",0.0714285714285714
"um1-5_w1_pf1-4",2019,"Upper Montane","Mid W1","Poa pratensis",0.0714285714285714
"um1-5_w1_pf1-4",2019,"Upper Montane","Mid W1","Achillea millefolium",0.0714285714285714
"um2-1_w1_pf2-5",2019,"Upper Montane","Mid W1","Achillea millefolium",0.1
"um2-1_w1_pf2-5",2019,"Upper Montane","Mid W1","Bromus carinatus",0.1
"um2-1_w1_pf2-5",2019,"Upper Montane","Mid W1","Elymus repens",0.1
"um2-1_w1_pf2-5",2019,"Upper Montane","Mid W1","Helianthella quinquenervis",0.1
"um2-1_w1_pf2-5",2019,"Upper Montane","Mid W1","Heliomeris multiflora",0.4
"um2-1_w1_pf2-5",2019,"Upper Montane","Mid W1","Ligusticum porteri",0.1
"um2-1_w1_pf2-5",2019,"Upper Montane","Mid W1","Poa reflexa",0.4
"um2-1_w1_pf2-5",2019,"Upper Montane","Mid W1","Potentilla pulcherrima",1
"um2-1_w1_pf2-5",2019,"Upper Montane","Mid W1","Senecio crassulus",0.2
"um2-1_w1_pf2-5",2019,"Upper Montane","Mid W1","Vicia americana",0.1
"um2-1_w1_pf2-5",2019,"Upper Montane","Mid W1","Viola nuttallii",0.4
"um2-1_w1_pf2-5",2019,"Upper Montane","Mid W1","Melica spectabilis",0.1
"um2-1_w1_pf2-5",2019,"Upper Montane","Mid W1","Polygonum douglasii",0.1
"um2-1_w1_pf2-5",2019,"Upper Montane","Mid W1","Poa pratensis",0.1
"um2-1_w1_pf2-5",2019,"Upper Montane","Mid W1","Erythronium grandiflorum",0.2
"um2-1_w1_pf2-5",2019,"Upper Montane","Mid W1","Noccaea fendleri",0.1
"um2-2_u_um2-2",2019,"Upper Montane","Low Control","Achillea millefolium",0.25
"um2-2_u_um2-2",2019,"Upper Montane","Low Control","Agoseris aurantiaca",0.05
"um2-2_u_um2-2",2019,"Upper Montane","Low Control","Carex sp.",0.05
"um2-2_u_um2-2",2019,"Upper Montane","Low Control","Draba spectabilis",0.05
"um2-2_u_um2-2",2019,"Upper Montane","Low Control","Bromus carinatus",0.15
"um2-2_u_um2-2",2019,"Upper Montane","Low Control","Elymus repens",0.05
"um2-2_u_um2-2",2019,"Upper Montane","Low Control","Hymenoxys hoopesii",0.05
"um2-2_u_um2-2",2019,"Upper Montane","Low Control","Lathyrus lanszwertii",0.4
"um2-2_u_um2-2",2019,"Upper Montane","Low Control","Mertensia fusiformis",0.05
"um2-2_u_um2-2",2019,"Upper Montane","Low Control","Poa pratensis",0.75
"um2-2_u_um2-2",2019,"Upper Montane","Low Control","Potentilla pulcherrima",1
"um2-2_u_um2-2",2019,"Upper Montane","Low Control","Stipa nelsonii",0.1
"um2-2_u_um2-2",2019,"Upper Montane","Low Control","Taraxacum officinale",0.05
"um2-2_u_um2-2",2019,"Upper Montane","Low Control","Valeriana occidentalis",0.05
"um2-2_u_um2-2",2019,"Upper Montane","Low Control","Vicia americana",0.05
"um2-2_u_um2-2",2019,"Upper Montane","Low Control","Polygonum douglasii",0.05
"um2-2_u_um2-2",2019,"Upper Montane","Low Control","Atriplex argentea",0.05
"um2-2_u_um2-2",2019,"Upper Montane","Low Control","Erigeron speciosus",0.05
"um2-2_u_um2-2",2019,"Upper Montane","Low Control","Delphinium nuttallianum",0.05
"um2-2_u_um2-2",2019,"Upper Montane","Low Control","Viola nuttallii",0.5
"um2-2_u_um2-2",2019,"Upper Montane","Low Control","Melica spectabilis",0.05
"um2-2_u_um2-2",2019,"Upper Montane","Low Control","Galium bifolium",0.05
"um2-3_w2_mo2-1",2019,"Upper Montane","High W2","Agoseris glauca",0.0333333333333333
"um2-3_w2_mo2-1",2019,"Upper Montane","High W2","Bromus carinatus",0.0333333333333333
"um2-3_w2_mo2-1",2019,"Upper Montane","High W2","Elymus repens",0.0333333333333333
"um2-3_w2_mo2-1",2019,"Upper Montane","High W2","Fragaria virginiana",0.0333333333333333
"um2-3_w2_mo2-1",2019,"Upper Montane","High W2","Heterotheca pumila",1
"um2-3_w2_mo2-1",2019,"Upper Montane","High W2","Hymenoxys hoopesii",0.133333333333333
"um2-3_w2_mo2-1",2019,"Upper Montane","High W2","Poa reflexa",0.433333333333333
"um2-3_w2_mo2-1",2019,"Upper Montane","High W2","Potentilla pulcherrima",0.333333333333333
"um2-3_w2_mo2-1",2019,"Upper Montane","High W2","Senecio crassulus",0.0333333333333333
"um2-3_w2_mo2-1",2019,"Upper Montane","High W2","Noccaea fendleri",0.0333333333333333
"um2-3_w2_mo2-1",2019,"Upper Montane","High W2","Atriplex argentea",0.0333333333333333
"um2-3_w2_mo2-1",2019,"Upper Montane","High W2","Polygonum douglasii",0.0333333333333333
"um2-3_w2_mo2-1",2019,"Upper Montane","High W2","Frasera speciosa",0.0333333333333333
"um2-3_w2_mo2-1",2019,"Upper Montane","High W2","Viola nuttallii",0.0333333333333333
"um2-3_w2_mo2-1",2019,"Upper Montane","High W2","Lathyrus lanszwertii",0.0333333333333333
"um2-4_nu_um2-4",2019,"Upper Montane","Low Control","Achillea millefolium",0.428571428571429
"um2-4_nu_um2-4",2019,"Upper Montane","Low Control","Bromus carinatus",0.0714285714285714
"um2-4_nu_um2-4",2019,"Upper Montane","Low Control","Draba spectabilis",0.0714285714285714
"um2-4_nu_um2-4",2019,"Upper Montane","Low Control","Lathyrus lanszwertii",0.285714285714286
"um2-4_nu_um2-4",2019,"Upper Montane","Low Control","Melica spectabilis",0.0714285714285714
"um2-4_nu_um2-4",2019,"Upper Montane","Low Control","Poa pratensis",0.285714285714286
"um2-4_nu_um2-4",2019,"Upper Montane","Low Control","Potentilla pulcherrima",0.357142857142857
"um2-4_nu_um2-4",2019,"Upper Montane","Low Control","Stipa nelsonii",0.285714285714286
"um2-4_nu_um2-4",2019,"Upper Montane","Low Control","Taraxacum officinale",0.285714285714286
"um2-4_nu_um2-4",2019,"Upper Montane","Low Control","Valeriana occidentalis",1
"um2-4_nu_um2-4",2019,"Upper Montane","Low Control","Galium bifolium",0.0714285714285714
"um2-4_nu_um2-4",2019,"Upper Montane","Low Control","Delphinium nuttallianum",0.0714285714285714
"um2-4_nu_um2-4",2019,"Upper Montane","Low Control","Viola nuttallii",0.214285714285714
"um2-4_nu_um2-4",2019,"Upper Montane","Low Control","Polygonum douglasii",0.0714285714285714
"um2-4_nu_um2-4",2019,"Upper Montane","Low Control","Ranunculus inamoenus",0.0714285714285714
"um2-4_nu_um2-4",2019,"Upper Montane","Low Control","Atriplex argentea",0.0714285714285714
"um2-4_nu_um2-4",2019,"Upper Montane","Low Control","Agoseris glauca",0.0714285714285714
"um2-5_ws_um2-5",2019,"Upper Montane","Low Control","Achillea millefolium",1
"um2-5_ws_um2-5",2019,"Upper Montane","Low Control","Bromus carinatus",0.125
"um2-5_ws_um2-5",2019,"Upper Montane","Low Control","Elymus repens",0.125
"um2-5_ws_um2-5",2019,"Upper Montane","Low Control","Erigeron sp.",0.125
"um2-5_ws_um2-5",2019,"Upper Montane","Low Control","Lathyrus lanszwertii",0.125
"um2-5_ws_um2-5",2019,"Upper Montane","Low Control","Melica spectabilis",0.125
"um2-5_ws_um2-5",2019,"Upper Montane","Low Control","Mertensia fusiformis",0.125
"um2-5_ws_um2-5",2019,"Upper Montane","Low Control","Poa pratensis",0.125
"um2-5_ws_um2-5",2019,"Upper Montane","Low Control","Potentilla pulcherrima",0.5
"um2-5_ws_um2-5",2019,"Upper Montane","Low Control","Stipa nelsonii",0.75
"um2-5_ws_um2-5",2019,"Upper Montane","Low Control","Viola nuttallii",0.125
"um2-5_ws_um2-5",2019,"Upper Montane","Low Control","Delphinium nuttallianum",0.25
"um2-5_ws_um2-5",2019,"Upper Montane","Low Control","Thalictrum fendleri",0.125
"um2-5_ws_um2-5",2019,"Upper Montane","Low Control","Helianthella quinquenervis",0.5
"um2-5_ws_um2-5",2019,"Upper Montane","Low Control","Heliomeris multiflora",0.125
"um2-5_ws_um2-5",2019,"Upper Montane","Low Control","Atriplex argentea",0.125
"um2-5_ws_um2-5",2019,"Upper Montane","Low Control","Polygonum douglasii",0.125
"um2-5_ws_um2-5",2019,"Upper Montane","Low Control","Galium bifolium",0.125
"um3-1_u_um3-1",2019,"Upper Montane","Low Control","Achillea millefolium",0.15
"um3-1_u_um3-1",2019,"Upper Montane","Low Control","Carex sp.",0.45
"um3-1_u_um3-1",2019,"Upper Montane","Low Control","Erigeron speciosus",0.3
"um3-1_u_um3-1",2019,"Upper Montane","Low Control","Hymenoxys hoopesii",0.15
"um3-1_u_um3-1",2019,"Upper Montane","Low Control","Linum lewisii",0.05
"um3-1_u_um3-1",2019,"Upper Montane","Low Control","Poa pratensis",0.2
"um3-1_u_um3-1",2019,"Upper Montane","Low Control","Potentilla pulcherrima",1
"um3-1_u_um3-1",2019,"Upper Montane","Low Control","Stipa nelsonii",0.05
"um3-1_u_um3-1",2019,"Upper Montane","Low Control","Taraxacum officinale",0.05
"um3-1_u_um3-1",2019,"Upper Montane","Low Control","Vicia americana",0.05
"um3-1_u_um3-1",2019,"Upper Montane","Low Control","Elymus repens",0.05
"um3-1_u_um3-1",2019,"Upper Montane","Low Control","Melica spectabilis",0.05
"um3-1_u_um3-1",2019,"Upper Montane","Low Control","Delphinium nuttallianum",0.1
"um3-1_u_um3-1",2019,"Upper Montane","Low Control","Viola nuttallii",0.3
"um3-1_u_um3-1",2019,"Upper Montane","Low Control","Mertensia fusiformis",0.05
"um3-1_u_um3-1",2019,"Upper Montane","Low Control","Senecio crassulus",0.05
"um3-1_u_um3-1",2019,"Upper Montane","Low Control","Lathyrus lanszwertii",0.05
"um3-1_u_um3-1",2019,"Upper Montane","Low Control","Polygonum douglasii",0.05
"um3-1_u_um3-1",2019,"Upper Montane","Low Control","Boechera stricta",0.05
"um3-2_w2_mo3-3",2019,"Upper Montane","High W2","Agoseris glauca",0.0222222222222222
"um3-2_w2_mo3-3",2019,"Upper Montane","High W2","Castilleja sulphurea",0.0222222222222222
"um3-2_w2_mo3-3",2019,"Upper Montane","High W2","Heterotheca pumila",1
"um3-2_w2_mo3-3",2019,"Upper Montane","High W2","Hymenoxys hoopesii",0.0222222222222222
"um3-2_w2_mo3-3",2019,"Upper Montane","High W2","Ligusticum porteri",0.0666666666666667
"um3-2_w2_mo3-3",2019,"Upper Montane","High W2","Poa reflexa",0.111111111111111
"um3-2_w2_mo3-3",2019,"Upper Montane","High W2","Atriplex argentea",0.0222222222222222
"um3-2_w2_mo3-3",2019,"Upper Montane","High W2","Noccaea fendleri",0.0222222222222222
"um3-2_w2_mo3-3",2019,"Upper Montane","High W2","Erythronium grandiflorum",0.0222222222222222
"um3-2_w2_mo3-3",2019,"Upper Montane","High W2","Helianthella quinquenervis",0.0444444444444444
"um3-2_w2_mo3-3",2019,"Upper Montane","High W2","Hydrophyllum capitatum",0.0222222222222222
"um3-2_w2_mo3-3",2019,"Upper Montane","High W2","Boechera stricta",0.0222222222222222
"um3-4_w1_pf3-2",2019,"Upper Montane","Mid W1","Agoseris glauca",0.04
"um3-4_w1_pf3-2",2019,"Upper Montane","Mid W1","Bromus carinatus",0.24
"um3-4_w1_pf3-2",2019,"Upper Montane","Mid W1","Elymus repens",0.04
"um3-4_w1_pf3-2",2019,"Upper Montane","Mid W1","Carex sp.",0.28
"um3-4_w1_pf3-2",2019,"Upper Montane","Mid W1","Heliomeris multiflora",1
"um3-4_w1_pf3-2",2019,"Upper Montane","Mid W1","Ligusticum porteri",0.12
"um3-4_w1_pf3-2",2019,"Upper Montane","Mid W1","Mertensia fusiformis",0.04
"um3-4_w1_pf3-2",2019,"Upper Montane","Mid W1","Poa reflexa",0.6
"um3-4_w1_pf3-2",2019,"Upper Montane","Mid W1","Potentilla pulcherrima",0.04
"um3-4_w1_pf3-2",2019,"Upper Montane","Mid W1","Atriplex argentea",0.04
"um3-4_w1_pf3-2",2019,"Upper Montane","Mid W1","Thalictrum fendleri",0.04
"um3-4_w1_pf3-2",2019,"Upper Montane","Mid W1","Viola nuttallii",0.08
"um3-4_w1_pf3-2",2019,"Upper Montane","Mid W1","Polygonum douglasii",0.04
"um3-4_w1_pf3-2",2019,"Upper Montane","Mid W1","Erythronium grandiflorum",0.04
"um3-4_w1_pf3-2",2019,"Upper Montane","Mid W1","Boechera stricta",0.04
"um3-4_w1_pf3-2",2019,"Upper Montane","Mid W1","Poa pratensis",0.04
"um3-5_nu_um3-5",2019,"Upper Montane","Low Control","Achillea millefolium",0.0571428571428571
"um3-5_nu_um3-5",2019,"Upper Montane","Low Control","Agoseris aurantiaca",0.0285714285714286
"um3-5_nu_um3-5",2019,"Upper Montane","Low Control","Bromus carinatus",0.0285714285714286
"um3-5_nu_um3-5",2019,"Upper Montane","Low Control","Elymus repens",0.0285714285714286
"um3-5_nu_um3-5",2019,"Upper Montane","Low Control","Festuca thurberi",0.228571428571429
"um3-5_nu_um3-5",2019,"Upper Montane","Low Control","Lathyrus lanszwertii",0.0571428571428571
"um3-5_nu_um3-5",2019,"Upper Montane","Low Control","Melica spectabilis",0.0285714285714286
"um3-5_nu_um3-5",2019,"Upper Montane","Low Control","Poa pratensis",0.0285714285714286
"um3-5_nu_um3-5",2019,"Upper Montane","Low Control","Potentilla pulcherrima",1
"um3-5_nu_um3-5",2019,"Upper Montane","Low Control","Atriplex argentea",0.0285714285714286
"um3-5_nu_um3-5",2019,"Upper Montane","Low Control","Stipa nelsonii",0.285714285714286
"um3-5_nu_um3-5",2019,"Upper Montane","Low Control","Vicia americana",0.0285714285714286
"um3-5_nu_um3-5",2019,"Upper Montane","Low Control","Viola nuttallii",0.0571428571428571
"um3-5_nu_um3-5",2019,"Upper Montane","Low Control","Mertensia fusiformis",0.0285714285714286
"um3-5_nu_um3-5",2019,"Upper Montane","Low Control","Delphinium nuttallianum",0.0285714285714286
"um3-5_nu_um3-5",2019,"Upper Montane","Low Control","Polygonum douglasii",0.0285714285714286
"um3-5_nu_um3-5",2019,"Upper Montane","Low Control","Senecio integerrimus",0.114285714285714
"um3-5_nu_um3-5",2019,"Upper Montane","Low Control","Erigeron speciosus",0.0285714285714286
"um4-1_w1_pf4-2",2019,"Upper Montane","Mid W1","Elymus repens",0.214285714285714
"um4-1_w1_pf4-2",2019,"Upper Montane","Mid W1","Erigeron elatior",0.0714285714285714
"um4-1_w1_pf4-2",2019,"Upper Montane","Mid W1","Helianthella quinquenervis",0.214285714285714
"um4-1_w1_pf4-2",2019,"Upper Montane","Mid W1","Heliomeris multiflora",1
"um4-1_w1_pf4-2",2019,"Upper Montane","Mid W1","Hymenoxys hoopesii",0.214285714285714
"um4-1_w1_pf4-2",2019,"Upper Montane","Mid W1","Lathyrus lanszwertii",0.0714285714285714
"um4-1_w1_pf4-2",2019,"Upper Montane","Mid W1","Poa reflexa",0.428571428571429
"um4-1_w1_pf4-2",2019,"Upper Montane","Mid W1","Potentilla pulcherrima",0.571428571428571
"um4-1_w1_pf4-2",2019,"Upper Montane","Mid W1","Senecio crassulus",0.428571428571429
"um4-1_w1_pf4-2",2019,"Upper Montane","Mid W1","Thalictrum fendleri",1
"um4-1_w1_pf4-2",2019,"Upper Montane","Mid W1","Viola nuttallii",0.0714285714285714
"um4-1_w1_pf4-2",2019,"Upper Montane","Mid W1","Polygonum douglasii",0.0714285714285714
"um4-1_w1_pf4-2",2019,"Upper Montane","Mid W1","Noccaea fendleri",0.0714285714285714
"um4-1_w1_pf4-2",2019,"Upper Montane","Mid W1","Melica spectabilis",0.0714285714285714
"um4-1_w1_pf4-2",2019,"Upper Montane","Mid W1","Veratrum californicum",0.0714285714285714
"um4-1_w1_pf4-2",2019,"Upper Montane","Mid W1","Erythronium grandiflorum",0.0714285714285714
"um4-1_w1_pf4-2",2019,"Upper Montane","Mid W1","Achillea millefolium",0.0714285714285714
"um4-1_w1_pf4-2",2019,"Upper Montane","Mid W1","Bromus carinatus",0.0714285714285714
"um4-1_w1_pf4-2",2019,"Upper Montane","Mid W1","Poa pratensis",0.0714285714285714
"um4-2_w2_mo4-3",2019,"Upper Montane","High W2","Agoseris glauca",0.0833333333333333
"um4-2_w2_mo4-3",2019,"Upper Montane","High W2","Bromus carinatus",0.25
"um4-2_w2_mo4-3",2019,"Upper Montane","High W2","Carex sp.",0.0833333333333333
"um4-2_w2_mo4-3",2019,"Upper Montane","High W2","Fragaria virginiana",0.416666666666667
"um4-2_w2_mo4-3",2019,"Upper Montane","High W2","Helianthella quinquenervis",1
"um4-2_w2_mo4-3",2019,"Upper Montane","High W2","Ligusticum porteri",0.0833333333333333
"um4-2_w2_mo4-3",2019,"Upper Montane","High W2","Poa reflexa",1
"um4-2_w2_mo4-3",2019,"Upper Montane","High W2","Potentilla pulcherrima",0.0833333333333333
"um4-2_w2_mo4-3",2019,"Upper Montane","High W2","Atriplex argentea",0.0833333333333333
"um4-2_w2_mo4-3",2019,"Upper Montane","High W2","Rhodiola integrifolia",0.166666666666667
"um4-2_w2_mo4-3",2019,"Upper Montane","High W2","Vicia americana",0.0833333333333333
"um4-2_w2_mo4-3",2019,"Upper Montane","High W2","Noccaea fendleri",0.0833333333333333
"um4-2_w2_mo4-3",2019,"Upper Montane","High W2","Taraxacum officinale",0.166666666666667
"um4-2_w2_mo4-3",2019,"Upper Montane","High W2","Mertensia fusiformis",0.0833333333333333
"um4-2_w2_mo4-3",2019,"Upper Montane","High W2","Polygonum douglasii",0.0833333333333333
"um4-2_w2_mo4-3",2019,"Upper Montane","High W2","Erythronium grandiflorum",0.0833333333333333
"um4-3_nu_um4-3",2019,"Upper Montane","Low Control","Achillea millefolium",0.0181818181818182
"um4-3_nu_um4-3",2019,"Upper Montane","Low Control","Agoseris aurantiaca",0.0181818181818182
"um4-3_nu_um4-3",2019,"Upper Montane","Low Control","Carex sp.",0.0181818181818182
"um4-3_nu_um4-3",2019,"Upper Montane","Low Control","Draba spectabilis",0.0181818181818182
"um4-3_nu_um4-3",2019,"Upper Montane","Low Control","Hymenoxys hoopesii",0.272727272727273
"um4-3_nu_um4-3",2019,"Upper Montane","Low Control","Lathyrus lanszwertii",0.109090909090909
"um4-3_nu_um4-3",2019,"Upper Montane","Low Control","Poa pratensis",0.0727272727272727
"um4-3_nu_um4-3",2019,"Upper Montane","Low Control","Potentilla pulcherrima",0.327272727272727
"um4-3_nu_um4-3",2019,"Upper Montane","Low Control","Valeriana occidentalis",1
"um4-3_nu_um4-3",2019,"Upper Montane","Low Control","Vicia americana",0.0181818181818182
"um4-3_nu_um4-3",2019,"Upper Montane","Low Control","Viola nuttallii",0.0545454545454545
"um4-3_nu_um4-3",2019,"Upper Montane","Low Control","Aphyllon fasciculatum",0.0181818181818182
"um4-3_nu_um4-3",2019,"Upper Montane","Low Control","Elymus repens",0.0181818181818182
"um4-3_nu_um4-3",2019,"Upper Montane","Low Control","Delphinium nuttallianum",0.0181818181818182
"um4-3_nu_um4-3",2019,"Upper Montane","Low Control","Mertensia fusiformis",0.0181818181818182
"um4-4_u_um4-4",2019,"Upper Montane","Low Control","Achillea millefolium",0.333333333333333
"um4-4_u_um4-4",2019,"Upper Montane","Low Control","Bromus carinatus",0.0333333333333333
"um4-4_u_um4-4",2019,"Upper Montane","Low Control","Carex sp.",0.0333333333333333
"um4-4_u_um4-4",2019,"Upper Montane","Low Control","Draba spectabilis",0.0333333333333333
"um4-4_u_um4-4",2019,"Upper Montane","Low Control","Hymenoxys hoopesii",0.166666666666667
"um4-4_u_um4-4",2019,"Upper Montane","Low Control","Lathyrus lanszwertii",0.266666666666667
"um4-4_u_um4-4",2019,"Upper Montane","Low Control","Mertensia fusiformis",0.0333333333333333
"um4-4_u_um4-4",2019,"Upper Montane","Low Control","Poa pratensis",0.2
"um4-4_u_um4-4",2019,"Upper Montane","Low Control","Potentilla pulcherrima",1
"um4-4_u_um4-4",2019,"Upper Montane","Low Control","Valeriana occidentalis",0.833333333333333
"um4-4_u_um4-4",2019,"Upper Montane","Low Control","Vicia americana",0.0333333333333333
"um4-4_u_um4-4",2019,"Upper Montane","Low Control","Viola nuttallii",0.0333333333333333
"um4-4_u_um4-4",2019,"Upper Montane","Low Control","Agoseris aurantiaca",0.0333333333333333
"um4-4_u_um4-4",2019,"Upper Montane","Low Control","Melica spectabilis",0.0333333333333333
"um4-4_u_um4-4",2019,"Upper Montane","Low Control","Boechera stricta",0.0333333333333333
"um4-4_u_um4-4",2019,"Upper Montane","Low Control","Senecio integerrimus",0.0333333333333333
"um4-4_u_um4-4",2019,"Upper Montane","Low Control","Polygonum douglasii",0.0333333333333333
"um4-4_u_um4-4",2019,"Upper Montane","Low Control","Delphinium nuttallianum",0.0333333333333333
"um4-5_ws_um4-5",2019,"Upper Montane","Low Control","Achillea millefolium",1
"um4-5_ws_um4-5",2019,"Upper Montane","Low Control","Elymus repens",0.166666666666667
"um4-5_ws_um4-5",2019,"Upper Montane","Low Control","Ligusticum porteri",0.166666666666667
"um4-5_ws_um4-5",2019,"Upper Montane","Low Control","Poa pratensis",0.333333333333333
"um4-5_ws_um4-5",2019,"Upper Montane","Low Control","Potentilla pulcherrima",0.666666666666667
"um4-5_ws_um4-5",2019,"Upper Montane","Low Control","Taraxacum officinale",0.166666666666667
"um4-5_ws_um4-5",2019,"Upper Montane","Low Control","Vicia americana",0.166666666666667
"um4-5_ws_um4-5",2019,"Upper Montane","Low Control","Senecio integerrimus",1
"um4-5_ws_um4-5",2019,"Upper Montane","Low Control","Melica spectabilis",0.166666666666667
"um4-5_ws_um4-5",2019,"Upper Montane","Low Control","Agoseris aurantiaca",0.5
"um4-5_ws_um4-5",2019,"Upper Montane","Low Control","Polygonum douglasii",0.166666666666667
"um4-5_ws_um4-5",2019,"Upper Montane","Low Control","Mertensia fusiformis",0.166666666666667
"um4-5_ws_um4-5",2019,"Upper Montane","Low Control","Delphinium nuttallianum",0.166666666666667
"um4-5_ws_um4-5",2019,"Upper Montane","Low Control","Erythronium grandiflorum",0.166666666666667
"um4-5_ws_um4-5",2019,"Upper Montane","Low Control","Draba spectabilis",0.166666666666667
"um4-5_ws_um4-5",2019,"Upper Montane","Low Control","Viola nuttallii",0.166666666666667
"um4-5_ws_um4-5",2019,"Upper Montane","Low Control","Aphyllon fasciculatum",0.166666666666667
"um4-5_ws_um4-5",2019,"Upper Montane","Low Control","Boechera stricta",0.166666666666667
"um5-2_nu_um5-2",2019,"Upper Montane","Low Control","Achillea millefolium",0.16
"um5-2_nu_um5-2",2019,"Upper Montane","Low Control","Agoseris aurantiaca",0.04
"um5-2_nu_um5-2",2019,"Upper Montane","Low Control","Lathyrus lanszwertii",0.32
"um5-2_nu_um5-2",2019,"Upper Montane","Low Control","Mertensia fusiformis",0.04
"um5-2_nu_um5-2",2019,"Upper Montane","Low Control","Poa pratensis",0.2
"um5-2_nu_um5-2",2019,"Upper Montane","Low Control","Potentilla pulcherrima",1
"um5-2_nu_um5-2",2019,"Upper Montane","Low Control","Taraxacum officinale",0.16
"um5-2_nu_um5-2",2019,"Upper Montane","Low Control","Valeriana occidentalis",0.04
"um5-2_nu_um5-2",2019,"Upper Montane","Low Control","Viola nuttallii",0.8
"um5-2_nu_um5-2",2019,"Upper Montane","Low Control","Galium coloradoense",0.6
"um5-2_nu_um5-2",2019,"Upper Montane","Low Control","Melica spectabilis",0.04
"um5-2_nu_um5-2",2019,"Upper Montane","Low Control","Senecio integerrimus",0.24
"um5-2_nu_um5-2",2019,"Upper Montane","Low Control","Stipa nelsonii",0.04
"um5-2_nu_um5-2",2019,"Upper Montane","Low Control","Carex sp.",0.08
"um5-2_nu_um5-2",2019,"Upper Montane","Low Control","Delphinium nuttallianum",0.04
"um5-2_nu_um5-2",2019,"Upper Montane","Low Control","Galium bifolium",0.04
"um5-2_nu_um5-2",2019,"Upper Montane","Low Control","Festuca thurberi",0.32
"um5-2_nu_um5-2",2019,"Upper Montane","Low Control","Aphyllon fasciculatum",0.04
"um5-2_nu_um5-2",2019,"Upper Montane","Low Control","Draba albertina",0.04
"um5-1_ws_um5-1",2019,"Upper Montane","Low Control","Achillea millefolium",1
"um5-1_ws_um5-1",2019,"Upper Montane","Low Control","Agoseris aurantiaca",0.0833333333333333
"um5-1_ws_um5-1",2019,"Upper Montane","Low Control","Poa pratensis",0.166666666666667
"um5-1_ws_um5-1",2019,"Upper Montane","Low Control","Potentilla pulcherrima",0.25
"um5-1_ws_um5-1",2019,"Upper Montane","Low Control","Stipa nelsonii",0.0833333333333333
"um5-1_ws_um5-1",2019,"Upper Montane","Low Control","Taraxacum officinale",0.166666666666667
"um5-1_ws_um5-1",2019,"Upper Montane","Low Control","Mertensia fusiformis",0.166666666666667
"um5-1_ws_um5-1",2019,"Upper Montane","Low Control","Castilleja sulphurea",0.0833333333333333
"um5-1_ws_um5-1",2019,"Upper Montane","Low Control","Viola nuttallii",0.166666666666667
"um5-1_ws_um5-1",2019,"Upper Montane","Low Control","Melica spectabilis",0.0833333333333333
"um5-1_ws_um5-1",2019,"Upper Montane","Low Control","Elymus repens",0.0833333333333333
"um5-1_ws_um5-1",2019,"Upper Montane","Low Control","Bromus carinatus",0.0833333333333333
"um5-1_ws_um5-1",2019,"Upper Montane","Low Control","Polygonum douglasii",0.0833333333333333
"um5-1_ws_um5-1",2019,"Upper Montane","Low Control","Galium bifolium",0.0833333333333333
"um5-1_ws_um5-1",2019,"Upper Montane","Low Control","Vicia americana",0.0833333333333333
"um5-1_ws_um5-1",2019,"Upper Montane","Low Control","Atriplex argentea",0.0833333333333333
"um5-3_u_um5-3",2019,"Upper Montane","Low Control","Achillea millefolium",0.16
"um5-3_u_um5-3",2019,"Upper Montane","Low Control","Agoseris aurantiaca",0.04
"um5-3_u_um5-3",2019,"Upper Montane","Low Control","Bromus carinatus",0.02
"um5-3_u_um5-3",2019,"Upper Montane","Low Control","Carex sp.",0.36
"um5-3_u_um5-3",2019,"Upper Montane","Low Control","Hymenoxys hoopesii",0.08
"um5-3_u_um5-3",2019,"Upper Montane","Low Control","Poa pratensis",0.08
"um5-3_u_um5-3",2019,"Upper Montane","Low Control","Potentilla pulcherrima",0.16
"um5-3_u_um5-3",2019,"Upper Montane","Low Control","Stipa nelsonii",0.1
"um5-3_u_um5-3",2019,"Upper Montane","Low Control","Taraxacum officinale",0.04
"um5-3_u_um5-3",2019,"Upper Montane","Low Control","Valeriana occidentalis",1
"um5-3_u_um5-3",2019,"Upper Montane","Low Control","Viola nuttallii",0.04
"um5-3_u_um5-3",2019,"Upper Montane","Low Control","Delphinium nuttallianum",0.02
"um5-3_u_um5-3",2019,"Upper Montane","Low Control","Melica spectabilis",0.02
"um5-3_u_um5-3",2019,"Upper Montane","Low Control","Lathyrus lanszwertii",0.02
"um5-3_u_um5-3",2019,"Upper Montane","Low Control","Senecio integerrimus",0.02
"um5-4_w1_pf5-3",2019,"Upper Montane","Mid W1","Achillea millefolium",0.0714285714285714
"um5-4_w1_pf5-3",2019,"Upper Montane","Mid W1","Agoseris glauca",0.0714285714285714
"um5-4_w1_pf5-3",2019,"Upper Montane","Mid W1","Elymus repens",0.285714285714286
"um5-4_w1_pf5-3",2019,"Upper Montane","Mid W1","Elymus bakeri",0.0714285714285714
"um5-4_w1_pf5-3",2019,"Upper Montane","Mid W1","Fragaria virginiana",1
"um5-4_w1_pf5-3",2019,"Upper Montane","Mid W1","Festuca rubra",0.214285714285714
"um5-4_w1_pf5-3",2019,"Upper Montane","Mid W1","Helianthella quinquenervis",0.0714285714285714
"um5-4_w1_pf5-3",2019,"Upper Montane","Mid W1","Heliomeris multiflora",0.428571428571429
"um5-4_w1_pf5-3",2019,"Upper Montane","Mid W1","Ligusticum porteri",0.857142857142857
"um5-4_w1_pf5-3",2019,"Upper Montane","Mid W1","Potentilla pulcherrima",1
"um5-4_w1_pf5-3",2019,"Upper Montane","Mid W1","Senecio crassulus",0.0714285714285714
"um5-4_w1_pf5-3",2019,"Upper Montane","Mid W1","Vicia americana",0.0714285714285714
"um5-4_w1_pf5-3",2019,"Upper Montane","Mid W1","Lathyrus lanszwertii",0.0714285714285714
"um5-4_w1_pf5-3",2019,"Upper Montane","Mid W1","Melica spectabilis",0.0714285714285714
"um5-4_w1_pf5-3",2019,"Upper Montane","Mid W1","Poa pratensis",0.0714285714285714
"um5-4_w1_pf5-3",2019,"Upper Montane","Mid W1","Carex sp.",0.0714285714285714
"um5-4_w1_pf5-3",2019,"Upper Montane","Mid W1","Polygonum douglasii",0.0714285714285714
"um5-4_w1_pf5-3",2019,"Upper Montane","Mid W1","Viola nuttallii",0.0714285714285714
"um5-4_w1_pf5-3",2019,"Upper Montane","Mid W1","Veratrum californicum",0.0714285714285714
"um5-5_w2_mo5-2",2019,"Upper Montane","High W2","Agoseris glauca",0.0526315789473684
"um5-5_w2_mo5-2",2019,"Upper Montane","High W2","Aquilegia caerulea",0.210526315789474
"um5-5_w2_mo5-2",2019,"Upper Montane","High W2","Castilleja sulphurea",0.210526315789474
"um5-5_w2_mo5-2",2019,"Upper Montane","High W2","Symphyotrichum ascendens",0.157894736842105
"um5-5_w2_mo5-2",2019,"Upper Montane","High W2","Helianthella quinquenervis",0.263157894736842
"um5-5_w2_mo5-2",2019,"Upper Montane","High W2","Hymenoxys hoopesii",0.105263157894737
"um5-5_w2_mo5-2",2019,"Upper Montane","High W2","Ligusticum porteri",1
"um5-5_w2_mo5-2",2019,"Upper Montane","High W2","Poa pratensis",0.0526315789473684
"um5-5_w2_mo5-2",2019,"Upper Montane","High W2","Poa reflexa",0.842105263157895
"um5-5_w2_mo5-2",2019,"Upper Montane","High W2","Potentilla pulcherrima",0.315789473684211
"um5-5_w2_mo5-2",2019,"Upper Montane","High W2","Ranunculus inamoenus",0.0526315789473684
"um5-5_w2_mo5-2",2019,"Upper Montane","High W2","Senecio crassulus",0.0526315789473684
"um5-5_w2_mo5-2",2019,"Upper Montane","High W2","Noccaea fendleri",0.0526315789473684
"um5-5_w2_mo5-2",2019,"Upper Montane","High W2","Erythronium grandiflorum",0.0526315789473684
"um5-5_w2_mo5-2",2019,"Upper Montane","High W2","Elymus bakeri",0.0526315789473684
"um5-5_w2_mo5-2",2019,"Upper Montane","High W2","Achillea millefolium",0.0526315789473684
"um5-5_w2_mo5-2",2019,"Upper Montane","High W2","Lathyrus lanszwertii",0.0526315789473684
"um5-5_w2_mo5-2",2019,"Upper Montane","High W2","Polygonum douglasii",0.0526315789473684
"pf1-1_nu_pf1-1",2019,"Pfeiler","Mid Control","Agoseris glauca",0.04
"pf1-1_nu_pf1-1",2019,"Pfeiler","Mid Control","Festuca rubra",1
"pf1-1_nu_pf1-1",2019,"Pfeiler","Mid Control","Heliomeris multiflora",0.32
"pf1-1_nu_pf1-1",2019,"Pfeiler","Mid Control","Lathyrus lanszwertii",0.16
"pf1-1_nu_pf1-1",2019,"Pfeiler","Mid Control","Melica spectabilis",0.04
"pf1-1_nu_pf1-1",2019,"Pfeiler","Mid Control","Mertensia fusiformis",0.04
"pf1-1_nu_pf1-1",2019,"Pfeiler","Mid Control","Poa reflexa",0.2
"pf1-1_nu_pf1-1",2019,"Pfeiler","Mid Control","Potentilla pulcherrima",1
"pf1-1_nu_pf1-1",2019,"Pfeiler","Mid Control","Senecio crassulus",0.4
"pf1-1_nu_pf1-1",2019,"Pfeiler","Mid Control","Viola nuttallii",0.16
"pf1-1_nu_pf1-1",2019,"Pfeiler","Mid Control","Boechera stricta",0.04
"pf1-1_nu_pf1-1",2019,"Pfeiler","Mid Control","Bromus carinatus",0.08
"pf1-1_nu_pf1-1",2019,"Pfeiler","Mid Control","Erythronium grandiflorum",0.04
"pf1-2_u_pf1-2",2019,"Pfeiler","Mid Control","Bromus carinatus",0.08
"pf1-2_u_pf1-2",2019,"Pfeiler","Mid Control","Castilleja sulphurea",0.2
"pf1-2_u_pf1-2",2019,"Pfeiler","Mid Control","Festuca rubra",1
"pf1-2_u_pf1-2",2019,"Pfeiler","Mid Control","Heliomeris multiflora",0.2
"pf1-2_u_pf1-2",2019,"Pfeiler","Mid Control","Lathyrus lanszwertii",0.2
"pf1-2_u_pf1-2",2019,"Pfeiler","Mid Control","Ligusticum porteri",0.04
"pf1-2_u_pf1-2",2019,"Pfeiler","Mid Control","Mertensia fusiformis",0.04
"pf1-2_u_pf1-2",2019,"Pfeiler","Mid Control","Poa reflexa",0.2
"pf1-2_u_pf1-2",2019,"Pfeiler","Mid Control","Potentilla pulcherrima",0.4
"pf1-2_u_pf1-2",2019,"Pfeiler","Mid Control","Senecio crassulus",0.08
"pf1-2_u_pf1-2",2019,"Pfeiler","Mid Control","Thalictrum fendleri",0.48
"pf1-2_u_pf1-2",2019,"Pfeiler","Mid Control","Viola nuttallii",0.2
"pf1-2_u_pf1-2",2019,"Pfeiler","Mid Control","Melica spectabilis",0.04
"pf1-2_u_pf1-2",2019,"Pfeiler","Mid Control","Boechera stricta",0.04
"pf1-3_ws_pf1-5",2019,"Pfeiler","Mid Control","Erigeron speciosus",0.8
"pf1-3_ws_pf1-5",2019,"Pfeiler","Mid Control","Festuca rubra",0.05
"pf1-3_ws_pf1-5",2019,"Pfeiler","Mid Control","Helianthella quinquenervis",0.1
"pf1-3_ws_pf1-5",2019,"Pfeiler","Mid Control","Heliomeris multiflora",1
"pf1-3_ws_pf1-5",2019,"Pfeiler","Mid Control","Melica spectabilis",0.05
"pf1-3_ws_pf1-5",2019,"Pfeiler","Mid Control","Poa reflexa",0.45
"pf1-3_ws_pf1-5",2019,"Pfeiler","Mid Control","Potentilla pulcherrima",0.2
"pf1-3_ws_pf1-5",2019,"Pfeiler","Mid Control","Ranunculus inamoenus",0.05
"pf1-3_ws_pf1-5",2019,"Pfeiler","Mid Control","Senecio crassulus",0.4
"pf1-3_ws_pf1-5",2019,"Pfeiler","Mid Control","Viola nuttallii",0.05
"pf1-3_ws_pf1-5",2019,"Pfeiler","Mid Control","Elymus repens",0.25
"pf1-3_ws_pf1-5",2019,"Pfeiler","Mid Control","Bromus carinatus",0.05
"pf1-3_ws_pf1-5",2019,"Pfeiler","Mid Control","Lupinus sp.",0.05
"pf1-3_ws_pf1-5",2019,"Pfeiler","Mid Control","Boechera stricta",0.05
"pf1-4_c1_um1-5",2019,"Pfeiler","Low C1","Heliomeris multiflora",0.5
"pf1-4_c1_um1-5",2019,"Pfeiler","Low C1","Polygonum douglasii",0.5
"pf1-4_c1_um1-5",2019,"Pfeiler","Low C1","Atriplex argentea",0.5
"pf1-4_c1_um1-5",2019,"Pfeiler","Low C1","Viola nuttallii",0.5
"pf1-4_c1_um1-5",2019,"Pfeiler","Low C1","Poa pratensis",0.5
"pf1-4_c1_um1-5",2019,"Pfeiler","Low C1","Galium bifolium",0.5
"pf1-4_c1_um1-5",2019,"Pfeiler","Low C1","Delphinium nuttallianum",0.5
"pf1-4_c1_um1-5",2019,"Pfeiler","Low C1","Potentilla pulcherrima",1
"pf1-4_c1_um1-5",2019,"Pfeiler","Low C1","Erythronium grandiflorum",0.5
"pf1-5_w1_mo1-1",2019,"Pfeiler","High W1","Agoseris glauca",0.0666666666666667
"pf1-5_w1_mo1-1",2019,"Pfeiler","High W1","Aquilegia caerulea",0.8
"pf1-5_w1_mo1-1",2019,"Pfeiler","High W1","Castilleja sulphurea",0.0666666666666667
"pf1-5_w1_mo1-1",2019,"Pfeiler","High W1","Fragaria virginiana",0.8
"pf1-5_w1_mo1-1",2019,"Pfeiler","High W1","Gentiana parryi",0.0666666666666667
"pf1-5_w1_mo1-1",2019,"Pfeiler","High W1","Hymenoxys hoopesii",0.133333333333333
"pf1-5_w1_mo1-1",2019,"Pfeiler","High W1","Ligusticum porteri",0.266666666666667
"pf1-5_w1_mo1-1",2019,"Pfeiler","High W1","Lupinus sp.",0.6
"pf1-5_w1_mo1-1",2019,"Pfeiler","High W1","Poa reflexa",1
"pf1-5_w1_mo1-1",2019,"Pfeiler","High W1","Potentilla pulcherrima",0.133333333333333
"pf1-5_w1_mo1-1",2019,"Pfeiler","High W1","Ranunculus inamoenus",0.0666666666666667
"pf1-5_w1_mo1-1",2019,"Pfeiler","High W1","Senecio crassulus",0.2
"pf1-5_w1_mo1-1",2019,"Pfeiler","High W1","Noccaea fendleri",0.0666666666666667
"pf1-5_w1_mo1-1",2019,"Pfeiler","High W1","Hydrophyllum capitatum",0.0666666666666667
"pf1-5_w1_mo1-1",2019,"Pfeiler","High W1","Erythronium grandiflorum",0.0666666666666667
"pf1-5_w1_mo1-1",2019,"Pfeiler","High W1","Viola nuttallii",0.0666666666666667
"pf1-5_w1_mo1-1",2019,"Pfeiler","High W1","Bromus carinatus",0.0666666666666667
"pf2-1_nu_pf2-1",2019,"Pfeiler","Mid Control","Agoseris glauca",0.266666666666667
"pf2-1_nu_pf2-1",2019,"Pfeiler","Mid Control","Bromus carinatus",0.266666666666667
"pf2-1_nu_pf2-1",2019,"Pfeiler","Mid Control","Elymus repens",0.0666666666666667
"pf2-1_nu_pf2-1",2019,"Pfeiler","Mid Control","Festuca rubra",0.6
"pf2-1_nu_pf2-1",2019,"Pfeiler","Mid Control","Heliomeris multiflora",1
"pf2-1_nu_pf2-1",2019,"Pfeiler","Mid Control","Lathyrus lanszwertii",0.733333333333333
"pf2-1_nu_pf2-1",2019,"Pfeiler","Mid Control","Poa reflexa",0.533333333333333
"pf2-1_nu_pf2-1",2019,"Pfeiler","Mid Control","Potentilla pulcherrima",0.4
"pf2-1_nu_pf2-1",2019,"Pfeiler","Mid Control","Senecio crassulus",0.6
"pf2-1_nu_pf2-1",2019,"Pfeiler","Mid Control","Taraxacum officinale",0.533333333333333
"pf2-1_nu_pf2-1",2019,"Pfeiler","Mid Control","Vicia americana",0.0666666666666667
"pf2-1_nu_pf2-1",2019,"Pfeiler","Mid Control","Melica spectabilis",0.0666666666666667
"pf2-1_nu_pf2-1",2019,"Pfeiler","Mid Control","Viola nuttallii",0.333333333333333
"pf2-2_c1_um2-1",2019,"Pfeiler","Low C1","Agoseris aurantiaca",0.166666666666667
"pf2-2_c1_um2-1",2019,"Pfeiler","Low C1","Bromus carinatus",0.0555555555555556
"pf2-2_c1_um2-1",2019,"Pfeiler","Low C1","Draba spectabilis",0.0555555555555556
"pf2-2_c1_um2-1",2019,"Pfeiler","Low C1","Heliomeris multiflora",0.0555555555555556
"pf2-2_c1_um2-1",2019,"Pfeiler","Low C1","Hymenoxys hoopesii",0.277777777777778
"pf2-2_c1_um2-1",2019,"Pfeiler","Low C1","Lathyrus lanszwertii",0.0555555555555556
"pf2-2_c1_um2-1",2019,"Pfeiler","Low C1","Ligusticum porteri",0.0555555555555556
"pf2-2_c1_um2-1",2019,"Pfeiler","Low C1","Poa pratensis",0.111111111111111
"pf2-2_c1_um2-1",2019,"Pfeiler","Low C1","Potentilla pulcherrima",1
"pf2-2_c1_um2-1",2019,"Pfeiler","Low C1","Stipa nelsonii",0.111111111111111
"pf2-2_c1_um2-1",2019,"Pfeiler","Low C1","Tragopogon dubius",0.0555555555555556
"pf2-2_c1_um2-1",2019,"Pfeiler","Low C1","Viola nuttallii",0.388888888888889
"pf2-2_c1_um2-1",2019,"Pfeiler","Low C1","Senecio integerrimus",0.222222222222222
"pf2-2_c1_um2-1",2019,"Pfeiler","Low C1","Melica spectabilis",0.0555555555555556
"pf2-2_c1_um2-1",2019,"Pfeiler","Low C1","Delphinium nuttallianum",0.0555555555555556
"pf2-3_w1_mo2-5",2019,"Pfeiler","High W1","Elymus repens",0.0588235294117647
"pf2-3_w1_mo2-5",2019,"Pfeiler","High W1","Heterotheca pumila",1
"pf2-3_w1_mo2-5",2019,"Pfeiler","High W1","Poa reflexa",0.705882352941177
"pf2-3_w1_mo2-5",2019,"Pfeiler","High W1","Potentilla pulcherrima",0.0588235294117647
"pf2-3_w1_mo2-5",2019,"Pfeiler","High W1","Senecio crassulus",0.0588235294117647
"pf2-3_w1_mo2-5",2019,"Pfeiler","High W1","Viola nuttallii",0.0588235294117647
"pf2-3_w1_mo2-5",2019,"Pfeiler","High W1","Noccaea fendleri",0.0588235294117647
"pf2-3_w1_mo2-5",2019,"Pfeiler","High W1","Erythronium grandiflorum",0.0588235294117647
"pf2-3_w1_mo2-5",2019,"Pfeiler","High W1","Heliomeris multiflora",0.0588235294117647
"pf2-3_w1_mo2-5",2019,"Pfeiler","High W1","Polygonum douglasii",0.0588235294117647
"pf2-4_u_pf2-4",2019,"Pfeiler","Mid Control","Agoseris glauca",0.0333333333333333
"pf2-4_u_pf2-4",2019,"Pfeiler","Mid Control","Bromus carinatus",0.133333333333333
"pf2-4_u_pf2-4",2019,"Pfeiler","Mid Control","Castilleja sulphurea",0.0333333333333333
"pf2-4_u_pf2-4",2019,"Pfeiler","Mid Control","Fragaria virginiana",0.233333333333333
"pf2-4_u_pf2-4",2019,"Pfeiler","Mid Control","Festuca rubra",1
"pf2-4_u_pf2-4",2019,"Pfeiler","Mid Control","Helianthella quinquenervis",0.2
"pf2-4_u_pf2-4",2019,"Pfeiler","Mid Control","Heliomeris multiflora",0.0333333333333333
"pf2-4_u_pf2-4",2019,"Pfeiler","Mid Control","Melica spectabilis",0.0333333333333333
"pf2-4_u_pf2-4",2019,"Pfeiler","Mid Control","Poa reflexa",0.166666666666667
"pf2-4_u_pf2-4",2019,"Pfeiler","Mid Control","Potentilla pulcherrima",0.2
"pf2-4_u_pf2-4",2019,"Pfeiler","Mid Control","Ranunculus inamoenus",0.0333333333333333
"pf2-4_u_pf2-4",2019,"Pfeiler","Mid Control","Senecio crassulus",0.4
"pf2-4_u_pf2-4",2019,"Pfeiler","Mid Control","Vicia americana",0.0333333333333333
"pf2-4_u_pf2-4",2019,"Pfeiler","Mid Control","Viola nuttallii",0.0333333333333333
"pf2-4_u_pf2-4",2019,"Pfeiler","Mid Control","Lathyrus lanszwertii",0.0333333333333333
"pf2-4_u_pf2-4",2019,"Pfeiler","Mid Control","Mertensia fusiformis",0.0333333333333333
"pf2-5_ws_pf2-2",2019,"Pfeiler","Mid Control","Agoseris glauca",0.0555555555555556
"pf2-5_ws_pf2-2",2019,"Pfeiler","Mid Control","Bromus carinatus",0.333333333333333
"pf2-5_ws_pf2-2",2019,"Pfeiler","Mid Control","Castilleja sulphurea",0.111111111111111
"pf2-5_ws_pf2-2",2019,"Pfeiler","Mid Control","Elymus repens",0.111111111111111
"pf2-5_ws_pf2-2",2019,"Pfeiler","Mid Control","Festuca rubra",1
"pf2-5_ws_pf2-2",2019,"Pfeiler","Mid Control","Heliomeris multiflora",0.222222222222222
"pf2-5_ws_pf2-2",2019,"Pfeiler","Mid Control","Ligusticum porteri",0.444444444444444
"pf2-5_ws_pf2-2",2019,"Pfeiler","Mid Control","Melica spectabilis",0.0555555555555556
"pf2-5_ws_pf2-2",2019,"Pfeiler","Mid Control","Mertensia fusiformis",0.0555555555555556
"pf2-5_ws_pf2-2",2019,"Pfeiler","Mid Control","Potentilla pulcherrima",0.166666666666667
"pf2-5_ws_pf2-2",2019,"Pfeiler","Mid Control","Senecio crassulus",0.277777777777778
"pf2-5_ws_pf2-2",2019,"Pfeiler","Mid Control","Vicia americana",0.0555555555555556
"pf2-5_ws_pf2-2",2019,"Pfeiler","Mid Control","Viola nuttallii",0.166666666666667
"pf2-5_ws_pf2-2",2019,"Pfeiler","Mid Control","Carex sp.",0.0555555555555556
"pf3-1_nu_pf3-1",2019,"Pfeiler","Mid Control","Agoseris glauca",0.0666666666666667
"pf3-1_nu_pf3-1",2019,"Pfeiler","Mid Control","Bromus carinatus",0.0666666666666667
"pf3-1_nu_pf3-1",2019,"Pfeiler","Mid Control","Castilleja sulphurea",0.2
"pf3-1_nu_pf3-1",2019,"Pfeiler","Mid Control","Elymus repens",0.2
"pf3-1_nu_pf3-1",2019,"Pfeiler","Mid Control","Erigeron elatior",0.266666666666667
"pf3-1_nu_pf3-1",2019,"Pfeiler","Mid Control","Erigeron speciosus",0.2
"pf3-1_nu_pf3-1",2019,"Pfeiler","Mid Control","Fragaria virginiana",0.0666666666666667
"pf3-1_nu_pf3-1",2019,"Pfeiler","Mid Control","Festuca rubra",0.533333333333333
"pf3-1_nu_pf3-1",2019,"Pfeiler","Mid Control","Helianthella quinquenervis",0.0666666666666667
"pf3-1_nu_pf3-1",2019,"Pfeiler","Mid Control","Heliomeris multiflora",0.266666666666667
"pf3-1_nu_pf3-1",2019,"Pfeiler","Mid Control","Lathyrus lanszwertii",0.266666666666667
"pf3-1_nu_pf3-1",2019,"Pfeiler","Mid Control","Lupinus sp.",0.133333333333333
"pf3-1_nu_pf3-1",2019,"Pfeiler","Mid Control","Melica spectabilis",0.0666666666666667
"pf3-1_nu_pf3-1",2019,"Pfeiler","Mid Control","Poa reflexa",1
"pf3-1_nu_pf3-1",2019,"Pfeiler","Mid Control","Potentilla pulcherrima",0.533333333333333
"pf3-1_nu_pf3-1",2019,"Pfeiler","Mid Control","Senecio crassulus",1
"pf3-1_nu_pf3-1",2019,"Pfeiler","Mid Control","Viola nuttallii",0.0666666666666667
"pf3-1_nu_pf3-1",2019,"Pfeiler","Mid Control","Erythronium grandiflorum",0.0666666666666667
"pf3-1_nu_pf3-1",2019,"Pfeiler","Mid Control","Boechera stricta",0.0666666666666667
"pf3-1_nu_pf3-1",2019,"Pfeiler","Mid Control","Mertensia fusiformis",0.0666666666666667
"pf3-2_ws_pf3-3",2019,"Pfeiler","Mid Control","Agoseris glauca",0.0769230769230769
"pf3-2_ws_pf3-3",2019,"Pfeiler","Mid Control","Elymus repens",0.153846153846154
"pf3-2_ws_pf3-3",2019,"Pfeiler","Mid Control","Festuca rubra",0.923076923076923
"pf3-2_ws_pf3-3",2019,"Pfeiler","Mid Control","Heliomeris multiflora",0.0769230769230769
"pf3-2_ws_pf3-3",2019,"Pfeiler","Mid Control","Lathyrus lanszwertii",0.0769230769230769
"pf3-2_ws_pf3-3",2019,"Pfeiler","Mid Control","Ligusticum porteri",0.230769230769231
"pf3-2_ws_pf3-3",2019,"Pfeiler","Mid Control","Linum lewisii",0.0769230769230769
"pf3-2_ws_pf3-3",2019,"Pfeiler","Mid Control","Mertensia fusiformis",0.0769230769230769
"pf3-2_ws_pf3-3",2019,"Pfeiler","Mid Control","Poa reflexa",0.307692307692308
"pf3-2_ws_pf3-3",2019,"Pfeiler","Mid Control","Potentilla pulcherrima",1
"pf3-2_ws_pf3-3",2019,"Pfeiler","Mid Control","Senecio crassulus",0.307692307692308
"pf3-2_ws_pf3-3",2019,"Pfeiler","Mid Control","Vicia americana",0.0769230769230769
"pf3-2_ws_pf3-3",2019,"Pfeiler","Mid Control","Boechera stricta",0.0769230769230769
"pf3-2_ws_pf3-3",2019,"Pfeiler","Mid Control","Melica spectabilis",0.153846153846154
"pf3-2_ws_pf3-3",2019,"Pfeiler","Mid Control","Bromus carinatus",0.153846153846154
"pf3-2_ws_pf3-3",2019,"Pfeiler","Mid Control","Viola nuttallii",0.0769230769230769
"pf3-3_c1_um3-4",2019,"Pfeiler","Low C1","Achillea millefolium",0.5
"pf3-3_c1_um3-4",2019,"Pfeiler","Low C1","Bromus carinatus",0.5
"pf3-3_c1_um3-4",2019,"Pfeiler","Low C1","Delphinium nuttallianum",0.5
"pf3-3_c1_um3-4",2019,"Pfeiler","Low C1","Lathyrus lanszwertii",0.5
"pf3-3_c1_um3-4",2019,"Pfeiler","Low C1","Mertensia fusiformis",0.5
"pf3-3_c1_um3-4",2019,"Pfeiler","Low C1","Poa pratensis",0.5
"pf3-3_c1_um3-4",2019,"Pfeiler","Low C1","Potentilla pulcherrima",0.5
"pf3-3_c1_um3-4",2019,"Pfeiler","Low C1","Vicia americana",0.5
"pf3-3_c1_um3-4",2019,"Pfeiler","Low C1","Viola nuttallii",0.5
"pf3-3_c1_um3-4",2019,"Pfeiler","Low C1","Polygonum douglasii",1
"pf3-3_c1_um3-4",2019,"Pfeiler","Low C1","Heliomeris multiflora",1
"pf3-3_c1_um3-4",2019,"Pfeiler","Low C1","Erythronium grandiflorum",0.5
"pf3-3_c1_um3-4",2019,"Pfeiler","Low C1","Collomia linearis",1
"pf3-4_u_pf3-4",2019,"Pfeiler","Mid Control","Agoseris glauca",0.0333333333333333
"pf3-4_u_pf3-4",2019,"Pfeiler","Mid Control","Elymus repens",0.0333333333333333
"pf3-4_u_pf3-4",2019,"Pfeiler","Mid Control","Erigeron speciosus",1
"pf3-4_u_pf3-4",2019,"Pfeiler","Mid Control","Festuca rubra",0.5
"pf3-4_u_pf3-4",2019,"Pfeiler","Mid Control","Heliomeris multiflora",0.133333333333333
"pf3-4_u_pf3-4",2019,"Pfeiler","Mid Control","Lathyrus lanszwertii",0.166666666666667
"pf3-4_u_pf3-4",2019,"Pfeiler","Mid Control","Ligusticum porteri",0.133333333333333
"pf3-4_u_pf3-4",2019,"Pfeiler","Mid Control","Linum lewisii",0.0666666666666667
"pf3-4_u_pf3-4",2019,"Pfeiler","Mid Control","Melica spectabilis",0.0333333333333333
"pf3-4_u_pf3-4",2019,"Pfeiler","Mid Control","Potentilla pulcherrima",0.133333333333333
"pf3-4_u_pf3-4",2019,"Pfeiler","Mid Control","Senecio crassulus",1
"pf3-4_u_pf3-4",2019,"Pfeiler","Mid Control","Viola nuttallii",0.133333333333333
"pf3-5_w1_mo3-2",2019,"Pfeiler","High W1","Agoseris glauca",0.125
"pf3-5_w1_mo3-2",2019,"Pfeiler","High W1","Erythronium grandiflorum",0.125
"pf3-5_w1_mo3-2",2019,"Pfeiler","High W1","Frasera speciosa",0.125
"pf3-5_w1_mo3-2",2019,"Pfeiler","High W1","Helianthella quinquenervis",0.125
"pf3-5_w1_mo3-2",2019,"Pfeiler","High W1","Heterotheca pumila",0.5
"pf3-5_w1_mo3-2",2019,"Pfeiler","High W1","Hymenoxys hoopesii",0.125
"pf3-5_w1_mo3-2",2019,"Pfeiler","High W1","Ligusticum porteri",0.75
"pf3-5_w1_mo3-2",2019,"Pfeiler","High W1","Poa reflexa",1
"pf3-5_w1_mo3-2",2019,"Pfeiler","High W1","Senecio crassulus",0.125
"pf3-5_w1_mo3-2",2019,"Pfeiler","High W1","Noccaea fendleri",0.125
"pf3-5_w1_mo3-2",2019,"Pfeiler","High W1","Polygonum douglasii",0.125
"pf3-5_w1_mo3-2",2019,"Pfeiler","High W1","Symphyotrichum ascendens",0.125
"pf3-5_w1_mo3-2",2019,"Pfeiler","High W1","Heliomeris multiflora",0.125
"pf4-1_nu_pf4-1",2019,"Pfeiler","Mid Control","Agoseris glauca",0.04
"pf4-1_nu_pf4-1",2019,"Pfeiler","Mid Control","Androsace septentrionalis",0.04
"pf4-1_nu_pf4-1",2019,"Pfeiler","Mid Control","Elymus repens",0.2
"pf4-1_nu_pf4-1",2019,"Pfeiler","Mid Control","Castilleja sulphurea",1
"pf4-1_nu_pf4-1",2019,"Pfeiler","Mid Control","Erigeron speciosus",1
"pf4-1_nu_pf4-1",2019,"Pfeiler","Mid Control","Helianthella quinquenervis",0.6
"pf4-1_nu_pf4-1",2019,"Pfeiler","Mid Control","Heliomeris multiflora",0.4
"pf4-1_nu_pf4-1",2019,"Pfeiler","Mid Control","Lathyrus lanszwertii",0.4
"pf4-1_nu_pf4-1",2019,"Pfeiler","Mid Control","Ligusticum porteri",0.2
"pf4-1_nu_pf4-1",2019,"Pfeiler","Mid Control","Osmorhiza occidentalis",0.04
"pf4-1_nu_pf4-1",2019,"Pfeiler","Mid Control","Poa reflexa",0.6
"pf4-1_nu_pf4-1",2019,"Pfeiler","Mid Control","Potentilla pulcherrima",0.04
"pf4-1_nu_pf4-1",2019,"Pfeiler","Mid Control","Senecio crassulus",0.6
"pf4-1_nu_pf4-1",2019,"Pfeiler","Mid Control","Melica spectabilis",0.04
"pf4-1_nu_pf4-1",2019,"Pfeiler","Mid Control","Viola nuttallii",0.04
"pf4-2_ws_pf4-3",2019,"Pfeiler","Mid Control","Agoseris glauca",0.0333333333333333
"pf4-2_ws_pf4-3",2019,"Pfeiler","Mid Control","Bromus carinatus",0.0333333333333333
"pf4-2_ws_pf4-3",2019,"Pfeiler","Mid Control","Castilleja sulphurea",0.0333333333333333
"pf4-2_ws_pf4-3",2019,"Pfeiler","Mid Control","Festuca rubra",1
"pf4-2_ws_pf4-3",2019,"Pfeiler","Mid Control","Helianthella quinquenervis",0.0333333333333333
"pf4-2_ws_pf4-3",2019,"Pfeiler","Mid Control","Heliomeris multiflora",0.5
"pf4-2_ws_pf4-3",2019,"Pfeiler","Mid Control","Ligusticum porteri",0.0333333333333333
"pf4-2_ws_pf4-3",2019,"Pfeiler","Mid Control","Poa reflexa",0.133333333333333
"pf4-2_ws_pf4-3",2019,"Pfeiler","Mid Control","Potentilla pulcherrima",0.0333333333333333
"pf4-2_ws_pf4-3",2019,"Pfeiler","Mid Control","Senecio crassulus",0.0333333333333333
"pf4-2_ws_pf4-3",2019,"Pfeiler","Mid Control","Thalictrum fendleri",0.6
"pf4-2_ws_pf4-3",2019,"Pfeiler","Mid Control","Melica spectabilis",0.0333333333333333
"pf4-2_ws_pf4-3",2019,"Pfeiler","Mid Control","Hymenoxys hoopesii",0.0333333333333333
"pf4-3_c1_um4-1",2019,"Pfeiler","Low C1","Achillea millefolium",0.133333333333333
"pf4-3_c1_um4-1",2019,"Pfeiler","Low C1","Agoseris aurantiaca",0.0666666666666667
"pf4-3_c1_um4-1",2019,"Pfeiler","Low C1","Bromus carinatus",0.0666666666666667
"pf4-3_c1_um4-1",2019,"Pfeiler","Low C1","Carex sp.",0.2
"pf4-3_c1_um4-1",2019,"Pfeiler","Low C1","Heliomeris multiflora",0.0666666666666667
"pf4-3_c1_um4-1",2019,"Pfeiler","Low C1","Hymenoxys hoopesii",0.0666666666666667
"pf4-3_c1_um4-1",2019,"Pfeiler","Low C1","Melica spectabilis",0.0666666666666667
"pf4-3_c1_um4-1",2019,"Pfeiler","Low C1","Poa pratensis",0.0666666666666667
"pf4-3_c1_um4-1",2019,"Pfeiler","Low C1","Potentilla pulcherrima",0.0666666666666667
"pf4-3_c1_um4-1",2019,"Pfeiler","Low C1","Valeriana occidentalis",1
"pf4-3_c1_um4-1",2019,"Pfeiler","Low C1","Collomia linearis",0.0666666666666667
"pf4-3_c1_um4-1",2019,"Pfeiler","Low C1","Delphinium nuttallianum",0.0666666666666667
"pf4-3_c1_um4-1",2019,"Pfeiler","Low C1","Polygonum douglasii",0.0666666666666667
"pf4-3_c1_um4-1",2019,"Pfeiler","Low C1","Viola nuttallii",0.0666666666666667
"pf4-3_c1_um4-1",2019,"Pfeiler","Low C1","Taraxacum officinale",0.0666666666666667
"pf4-4_u_pf4-4",2019,"Pfeiler","Mid Control","Bromus carinatus",0.1
"pf4-4_u_pf4-4",2019,"Pfeiler","Mid Control","Castilleja sulphurea",0.6
"pf4-4_u_pf4-4",2019,"Pfeiler","Mid Control","Elymus repens",0.1
"pf4-4_u_pf4-4",2019,"Pfeiler","Mid Control","Festuca rubra",1
"pf4-4_u_pf4-4",2019,"Pfeiler","Mid Control","Helianthella quinquenervis",0.5
"pf4-4_u_pf4-4",2019,"Pfeiler","Mid Control","Heliomeris multiflora",0.15
"pf4-4_u_pf4-4",2019,"Pfeiler","Mid Control","Hymenoxys hoopesii",0.05
"pf4-4_u_pf4-4",2019,"Pfeiler","Mid Control","Lathyrus lanszwertii",0.25
"pf4-4_u_pf4-4",2019,"Pfeiler","Mid Control","Ligusticum porteri",0.3
"pf4-4_u_pf4-4",2019,"Pfeiler","Mid Control","Potentilla pulcherrima",0.15
"pf4-4_u_pf4-4",2019,"Pfeiler","Mid Control","Senecio crassulus",0.2
"pf4-4_u_pf4-4",2019,"Pfeiler","Mid Control","Thalictrum fendleri",0.5
"pf4-4_u_pf4-4",2019,"Pfeiler","Mid Control","Viola nuttallii",0.1
"pf4-4_u_pf4-4",2019,"Pfeiler","Mid Control","Erigeron speciosus",0.05
"pf4-4_u_pf4-4",2019,"Pfeiler","Mid Control","Poa reflexa",0.1
"pf4-4_u_pf4-4",2019,"Pfeiler","Mid Control","Melica spectabilis",0.05
"pf4-5_w1_mo4-5",2019,"Pfeiler","High W1","Agoseris glauca",0.0555555555555556
"pf4-5_w1_mo4-5",2019,"Pfeiler","High W1","Fragaria virginiana",1
"pf4-5_w1_mo4-5",2019,"Pfeiler","High W1","Helianthella quinquenervis",0.0555555555555556
"pf4-5_w1_mo4-5",2019,"Pfeiler","High W1","Hymenoxys hoopesii",0.0555555555555556
"pf4-5_w1_mo4-5",2019,"Pfeiler","High W1","Poa reflexa",0.833333333333333
"pf4-5_w1_mo4-5",2019,"Pfeiler","High W1","Rhodiola integrifolia",0.277777777777778
"pf4-5_w1_mo4-5",2019,"Pfeiler","High W1","Senecio crassulus",0.0555555555555556
"pf4-5_w1_mo4-5",2019,"Pfeiler","High W1","Viola nuttallii",0.0555555555555556
"pf4-5_w1_mo4-5",2019,"Pfeiler","High W1","Boechera stricta",0.0555555555555556
"pf4-5_w1_mo4-5",2019,"Pfeiler","High W1","Draba spectabilis",0.0555555555555556
"pf4-5_w1_mo4-5",2019,"Pfeiler","High W1","Bromus carinatus",0.0555555555555556
"pf4-5_w1_mo4-5",2019,"Pfeiler","High W1","Lathyrus lanszwertii",0.0555555555555556
"pf4-5_w1_mo4-5",2019,"Pfeiler","High W1","Hydrophyllum capitatum",0.0555555555555556
"pf5-1_u_pf5-1",2019,"Pfeiler","Mid Control","Agoseris glauca",0.0142857142857143
"pf5-1_u_pf5-1",2019,"Pfeiler","Mid Control","Bromus carinatus",0.0142857142857143
"pf5-1_u_pf5-1",2019,"Pfeiler","Mid Control","Fragaria virginiana",0.357142857142857
"pf5-1_u_pf5-1",2019,"Pfeiler","Mid Control","Festuca rubra",0.0714285714285714
"pf5-1_u_pf5-1",2019,"Pfeiler","Mid Control","Ligusticum porteri",1
"pf5-1_u_pf5-1",2019,"Pfeiler","Mid Control","Poa reflexa",0.0285714285714286
"pf5-1_u_pf5-1",2019,"Pfeiler","Mid Control","Potentilla pulcherrima",0.0571428571428571
"pf5-1_u_pf5-1",2019,"Pfeiler","Mid Control","Senecio crassulus",0.0428571428571429
"pf5-1_u_pf5-1",2019,"Pfeiler","Mid Control","Viola nuttallii",0.0428571428571429
"pf5-1_u_pf5-1",2019,"Pfeiler","Mid Control","Erythronium grandiflorum",0.0142857142857143
"pf5-1_u_pf5-1",2019,"Pfeiler","Mid Control","Ranunculus inamoenus",0.0142857142857143
"pf5-1_u_pf5-1",2019,"Pfeiler","Mid Control","Boechera stricta",0.0142857142857143
"pf5-1_u_pf5-1",2019,"Pfeiler","Mid Control","Hymenoxys hoopesii",0.0142857142857143
"pf5-1_u_pf5-1",2019,"Pfeiler","Mid Control","Vicia americana",0.0142857142857143
"pf5-2_w1_mo5-3",2019,"Pfeiler","High W1","Achillea millefolium",0.0833333333333333
"pf5-2_w1_mo5-3",2019,"Pfeiler","High W1","Bromus carinatus",0.0833333333333333
"pf5-2_w1_mo5-3",2019,"Pfeiler","High W1","Castilleja sulphurea",0.0833333333333333
"pf5-2_w1_mo5-3",2019,"Pfeiler","High W1","Frasera speciosa",0.0833333333333333
"pf5-2_w1_mo5-3",2019,"Pfeiler","High W1","Geranium richardsonii",0.0833333333333333
"pf5-2_w1_mo5-3",2019,"Pfeiler","High W1","Helianthella quinquenervis",0.0833333333333333
"pf5-2_w1_mo5-3",2019,"Pfeiler","High W1","Hymenoxys hoopesii",0.666666666666667
"pf5-2_w1_mo5-3",2019,"Pfeiler","High W1","Ligusticum porteri",0.833333333333333
"pf5-2_w1_mo5-3",2019,"Pfeiler","High W1","Poa reflexa",1
"pf5-2_w1_mo5-3",2019,"Pfeiler","High W1","Potentilla pulcherrima",0.25
"pf5-2_w1_mo5-3",2019,"Pfeiler","High W1","Senecio crassulus",0.25
"pf5-2_w1_mo5-3",2019,"Pfeiler","High W1","Noccaea fendleri",0.0833333333333333
"pf5-2_w1_mo5-3",2019,"Pfeiler","High W1","Hydrophyllum capitatum",0.0833333333333333
"pf5-2_w1_mo5-3",2019,"Pfeiler","High W1","Erythronium grandiflorum",0.0833333333333333
"pf5-3_ws_pf5-4",2019,"Pfeiler","Mid Control","Elymus repens",0.0333333333333333
"pf5-3_ws_pf5-4",2019,"Pfeiler","Mid Control","Bromus carinatus",0.0666666666666667
"pf5-3_ws_pf5-4",2019,"Pfeiler","Mid Control","Fragaria virginiana",1
"pf5-3_ws_pf5-4",2019,"Pfeiler","Mid Control","Festuca rubra",0.333333333333333
"pf5-3_ws_pf5-4",2019,"Pfeiler","Mid Control","Helianthella quinquenervis",0.266666666666667
"pf5-3_ws_pf5-4",2019,"Pfeiler","Mid Control","Heliomeris multiflora",0.0333333333333333
"pf5-3_ws_pf5-4",2019,"Pfeiler","Mid Control","Ligusticum porteri",0.0333333333333333
"pf5-3_ws_pf5-4",2019,"Pfeiler","Mid Control","Poa reflexa",0.0666666666666667
"pf5-3_ws_pf5-4",2019,"Pfeiler","Mid Control","Potentilla pulcherrima",0.4
"pf5-3_ws_pf5-4",2019,"Pfeiler","Mid Control","Senecio crassulus",0.333333333333333
"pf5-3_ws_pf5-4",2019,"Pfeiler","Mid Control","Viola nuttallii",0.0333333333333333
"pf5-3_ws_pf5-4",2019,"Pfeiler","Mid Control","Melica spectabilis",0.0333333333333333
"pf5-3_ws_pf5-4",2019,"Pfeiler","Mid Control","Boechera stricta",0.0333333333333333
"pf5-4_c1_um5-4",2019,"Pfeiler","Low C1","Achillea millefolium",0.0833333333333333
"pf5-4_c1_um5-4",2019,"Pfeiler","Low C1","Agoseris aurantiaca",0.0833333333333333
"pf5-4_c1_um5-4",2019,"Pfeiler","Low C1","Draba spectabilis",0.166666666666667
"pf5-4_c1_um5-4",2019,"Pfeiler","Low C1","Lathyrus lanszwertii",0.0833333333333333
"pf5-4_c1_um5-4",2019,"Pfeiler","Low C1","Ligusticum porteri",0.0833333333333333
"pf5-4_c1_um5-4",2019,"Pfeiler","Low C1","Melica spectabilis",0.0833333333333333
"pf5-4_c1_um5-4",2019,"Pfeiler","Low C1","Poa pratensis",0.166666666666667
"pf5-4_c1_um5-4",2019,"Pfeiler","Low C1","Potentilla pulcherrima",1
"pf5-4_c1_um5-4",2019,"Pfeiler","Low C1","Stipa nelsonii",0.0833333333333333
"pf5-4_c1_um5-4",2019,"Pfeiler","Low C1","Valeriana occidentalis",0.5
"pf5-4_c1_um5-4",2019,"Pfeiler","Low C1","Viola nuttallii",0.0833333333333333
"pf5-4_c1_um5-4",2019,"Pfeiler","Low C1","Polygonum douglasii",0.0833333333333333
"pf5-4_c1_um5-4",2019,"Pfeiler","Low C1","Delphinium nuttallianum",0.0833333333333333
"pf5-5_nu_pf5-5",2019,"Pfeiler","Mid Control","Bromus carinatus",0.0444444444444444
"pf5-5_nu_pf5-5",2019,"Pfeiler","Mid Control","Castilleja sulphurea",0.0666666666666667
"pf5-5_nu_pf5-5",2019,"Pfeiler","Mid Control","Erythronium grandiflorum",0.0888888888888889
"pf5-5_nu_pf5-5",2019,"Pfeiler","Mid Control","Festuca rubra",0.133333333333333
"pf5-5_nu_pf5-5",2019,"Pfeiler","Mid Control","Helianthella quinquenervis",1
"pf5-5_nu_pf5-5",2019,"Pfeiler","Mid Control","Heliomeris multiflora",0.0444444444444444
"pf5-5_nu_pf5-5",2019,"Pfeiler","Mid Control","Ligusticum porteri",0.0222222222222222
"pf5-5_nu_pf5-5",2019,"Pfeiler","Mid Control","Lupinus sp.",0.0222222222222222
"pf5-5_nu_pf5-5",2019,"Pfeiler","Mid Control","Poa reflexa",0.111111111111111
"pf5-5_nu_pf5-5",2019,"Pfeiler","Mid Control","Potentilla pulcherrima",0.4
"pf5-5_nu_pf5-5",2019,"Pfeiler","Mid Control","Senecio crassulus",0.133333333333333
"pf5-5_nu_pf5-5",2019,"Pfeiler","Mid Control","Viola nuttallii",0.0222222222222222
"mo1-1_c1_pf1-3",2019,"Monument","Mid C1","Agoseris glauca",0.111111111111111
"mo1-1_c1_pf1-3",2019,"Monument","Mid C1","Bromus carinatus",0.222222222222222
"mo1-1_c1_pf1-3",2019,"Monument","Mid C1","Polygonum douglasii",0.111111111111111
"mo1-1_c1_pf1-3",2019,"Monument","Mid C1","Fragaria virginiana",0.111111111111111
"mo1-1_c1_pf1-3",2019,"Monument","Mid C1","Festuca rubra",1
"mo1-1_c1_pf1-3",2019,"Monument","Mid C1","Helianthella quinquenervis",0.222222222222222
"mo1-1_c1_pf1-3",2019,"Monument","Mid C1","Heliomeris multiflora",0.111111111111111
"mo1-1_c1_pf1-3",2019,"Monument","Mid C1","Mertensia fusiformis",0.111111111111111
"mo1-1_c1_pf1-3",2019,"Monument","Mid C1","Poa reflexa",0.111111111111111
"mo1-1_c1_pf1-3",2019,"Monument","Mid C1","Potentilla pulcherrima",0.666666666666667
"mo1-1_c1_pf1-3",2019,"Monument","Mid C1","Senecio crassulus",0.444444444444444
"mo1-1_c1_pf1-3",2019,"Monument","Mid C1","Vicia americana",0.111111111111111
"mo1-1_c1_pf1-3",2019,"Monument","Mid C1","Viola nuttallii",0.444444444444444
"mo1-1_c1_pf1-3",2019,"Monument","Mid C1","Frasera speciosa",0.111111111111111
"mo1-2_c2_um1-2",2019,"Monument","Low C2","Collomia linearis",0.428571428571429
"mo1-2_c2_um1-2",2019,"Monument","Low C2","Delphinium nuttallianum",0.142857142857143
"mo1-2_c2_um1-2",2019,"Monument","Low C2","Erigeron speciosus",0.857142857142857
"mo1-2_c2_um1-2",2019,"Monument","Low C2","Heliomeris multiflora",0.142857142857143
"mo1-2_c2_um1-2",2019,"Monument","Low C2","Melica spectabilis",0.142857142857143
"mo1-2_c2_um1-2",2019,"Monument","Low C2","Mertensia fusiformis",0.142857142857143
"mo1-2_c2_um1-2",2019,"Monument","Low C2","Poa pratensis",0.142857142857143
"mo1-2_c2_um1-2",2019,"Monument","Low C2","Potentilla pulcherrima",1
"mo1-2_c2_um1-2",2019,"Monument","Low C2","Vicia americana",0.142857142857143
"mo1-2_c2_um1-2",2019,"Monument","Low C2","Viola nuttallii",0.285714285714286
"mo1-2_c2_um1-2",2019,"Monument","Low C2","Polygonum douglasii",0.142857142857143
"mo1-3_nu_mo1-3",2019,"Monument","High Control","Agoseris glauca",0.0181818181818182
"mo1-3_nu_mo1-3",2019,"Monument","High Control","Bromus carinatus",0.0363636363636364
"mo1-3_nu_mo1-3",2019,"Monument","High Control","Elymus bakeri",0.0363636363636364
"mo1-3_nu_mo1-3",2019,"Monument","High Control","Fragaria virginiana",0.127272727272727
"mo1-3_nu_mo1-3",2019,"Monument","High Control","Geranium richardsonii",0.0727272727272727
"mo1-3_nu_mo1-3",2019,"Monument","High Control","Helianthella quinquenervis",0.290909090909091
"mo1-3_nu_mo1-3",2019,"Monument","High Control","Hymenoxys hoopesii",0.0181818181818182
"mo1-3_nu_mo1-3",2019,"Monument","High Control","Ligusticum porteri",1
"mo1-3_nu_mo1-3",2019,"Monument","High Control","Lupinus sp.",0.0181818181818182
"mo1-3_nu_mo1-3",2019,"Monument","High Control","Poa reflexa",0.0181818181818182
"mo1-3_nu_mo1-3",2019,"Monument","High Control","Senecio crassulus",0.218181818181818
"mo1-3_nu_mo1-3",2019,"Monument","High Control","Viola nuttallii",0.0181818181818182
"mo1-3_nu_mo1-3",2019,"Monument","High Control","Noccaea fendleri",0.0181818181818182
"mo1-3_nu_mo1-3",2019,"Monument","High Control","Frasera speciosa",0.0181818181818182
"mo1-4_u_mo1-4",2019,"Monument","High Control","Elymus bakeri",0.130434782608696
"mo1-4_u_mo1-4",2019,"Monument","High Control","Helianthella quinquenervis",0.869565217391304
"mo1-4_u_mo1-4",2019,"Monument","High Control","Hymenoxys hoopesii",0.695652173913043
"mo1-4_u_mo1-4",2019,"Monument","High Control","Ligusticum porteri",0.173913043478261
"mo1-4_u_mo1-4",2019,"Monument","High Control","Lupinus sp.",0.0434782608695652
"mo1-4_u_mo1-4",2019,"Monument","High Control","Poa reflexa",0.304347826086957
"mo1-4_u_mo1-4",2019,"Monument","High Control","Potentilla pulcherrima",0.173913043478261
"mo1-4_u_mo1-4",2019,"Monument","High Control","Valeriana edulis",1
"mo1-4_u_mo1-4",2019,"Monument","High Control","Noccaea fendleri",0.0434782608695652
"mo1-5_ws_mo1-2",2019,"Monument","High Control","Agoseris glauca",0.05
"mo1-5_ws_mo1-2",2019,"Monument","High Control","Aquilegia caerulea",0.15
"mo1-5_ws_mo1-2",2019,"Monument","High Control","Bromus carinatus",0.4
"mo1-5_ws_mo1-2",2019,"Monument","High Control","Elymus bakeri",0.45
"mo1-5_ws_mo1-2",2019,"Monument","High Control","Frasera speciosa",0.2
"mo1-5_ws_mo1-2",2019,"Monument","High Control","Helianthella quinquenervis",0.75
"mo1-5_ws_mo1-2",2019,"Monument","High Control","Hymenoxys hoopesii",0.25
"mo1-5_ws_mo1-2",2019,"Monument","High Control","Ligusticum porteri",0.7
"mo1-5_ws_mo1-2",2019,"Monument","High Control","Lupinus sp.",0.05
"mo1-5_ws_mo1-2",2019,"Monument","High Control","Poa reflexa",1
"mo1-5_ws_mo1-2",2019,"Monument","High Control","Potentilla pulcherrima",0.65
"mo1-5_ws_mo1-2",2019,"Monument","High Control","Senecio crassulus",0.2
"mo1-5_ws_mo1-2",2019,"Monument","High Control","Viola nuttallii",0.05
"mo1-5_ws_mo1-2",2019,"Monument","High Control","Erythronium grandiflorum",0.05
"mo1-5_ws_mo1-2",2019,"Monument","High Control","Hydrophyllum capitatum",0.05
"mo2-1_ws_mo2-3",2019,"Monument","High Control","Castilleja sulphurea",0.03125
"mo2-1_ws_mo2-3",2019,"Monument","High Control","Fragaria virginiana",0.28125
"mo2-1_ws_mo2-3",2019,"Monument","High Control","Heterotheca pumila",1
"mo2-1_ws_mo2-3",2019,"Monument","High Control","Hymenoxys hoopesii",0.1875
"mo2-1_ws_mo2-3",2019,"Monument","High Control","Ligusticum porteri",0.1875
"mo2-1_ws_mo2-3",2019,"Monument","High Control","Poa reflexa",0.09375
"mo2-1_ws_mo2-3",2019,"Monument","High Control","Ranunculus inamoenus",0.03125
"mo2-1_ws_mo2-3",2019,"Monument","High Control","Senecio crassulus",0.0625
"mo2-1_ws_mo2-3",2019,"Monument","High Control","Helianthella quinquenervis",0.03125
"mo2-1_ws_mo2-3",2019,"Monument","High Control","Hydrophyllum capitatum",0.03125
"mo2-1_ws_mo2-3",2019,"Monument","High Control","Noccaea fendleri",0.03125
"mo2-1_ws_mo2-3",2019,"Monument","High Control","Agoseris glauca",0.03125
"mo2-2_u_mo2-2",2019,"Monument","High Control","Aquilegia caerulea",0.16
"mo2-2_u_mo2-2",2019,"Monument","High Control","Castilleja sulphurea",0.04
"mo2-2_u_mo2-2",2019,"Monument","High Control","Elymus bakeri",0.12
"mo2-2_u_mo2-2",2019,"Monument","High Control","Erythronium grandiflorum",0.04
"mo2-2_u_mo2-2",2019,"Monument","High Control","Fragaria virginiana",0.6
"mo2-2_u_mo2-2",2019,"Monument","High Control","Frasera speciosa",0.04
"mo2-2_u_mo2-2",2019,"Monument","High Control","Helianthella quinquenervis",1
"mo2-2_u_mo2-2",2019,"Monument","High Control","Heterotheca pumila",0.8
"mo2-2_u_mo2-2",2019,"Monument","High Control","Hymenoxys hoopesii",0.04
"mo2-2_u_mo2-2",2019,"Monument","High Control","Poa reflexa",0.2
"mo2-2_u_mo2-2",2019,"Monument","High Control","Noccaea fendleri",0.04
"mo2-3_c2_um2-3",2019,"Monument","Low C2","Bromus carinatus",0.25
"mo2-3_c2_um2-3",2019,"Monument","Low C2","Collomia linearis",1
"mo2-3_c2_um2-3",2019,"Monument","Low C2","Fragaria virginiana",1
"mo2-3_c2_um2-3",2019,"Monument","Low C2","Lathyrus lanszwertii",0.75
"mo2-3_c2_um2-3",2019,"Monument","Low C2","Poa pratensis",0.25
"mo2-3_c2_um2-3",2019,"Monument","Low C2","Potentilla pulcherrima",0.5
"mo2-3_c2_um2-3",2019,"Monument","Low C2","Galium bifolium",0.25
"mo2-3_c2_um2-3",2019,"Monument","Low C2","Valeriana occidentalis",0.75
"mo2-3_c2_um2-3",2019,"Monument","Low C2","Polygonum douglasii",0.25
"mo2-3_c2_um2-3",2019,"Monument","Low C2","Atriplex argentea",0.25
"mo2-3_c2_um2-3",2019,"Monument","Low C2","Heliomeris multiflora",0.25
"mo2-4_nu_mo2-4",2019,"Monument","High Control","Bromus carinatus",0.03125
"mo2-4_nu_mo2-4",2019,"Monument","High Control","Castilleja sulphurea",0.03125
"mo2-4_nu_mo2-4",2019,"Monument","High Control","Fragaria virginiana",1
"mo2-4_nu_mo2-4",2019,"Monument","High Control","Heterotheca pumila",0.3125
"mo2-4_nu_mo2-4",2019,"Monument","High Control","Hymenoxys hoopesii",0.125
"mo2-4_nu_mo2-4",2019,"Monument","High Control","Ligusticum porteri",0.09375
"mo2-4_nu_mo2-4",2019,"Monument","High Control","Lupinus sp.",0.03125
"mo2-4_nu_mo2-4",2019,"Monument","High Control","Poa reflexa",0.1875
"mo2-4_nu_mo2-4",2019,"Monument","High Control","Potentilla pulcherrima",0.21875
"mo2-4_nu_mo2-4",2019,"Monument","High Control","Senecio crassulus",0.0625
"mo2-4_nu_mo2-4",2019,"Monument","High Control","Viola nuttallii",0.03125
"mo2-4_nu_mo2-4",2019,"Monument","High Control","Noccaea fendleri",0.03125
"mo2-4_nu_mo2-4",2019,"Monument","High Control","Erythronium grandiflorum",0.03125
"mo2-4_nu_mo2-4",2019,"Monument","High Control","Hydrophyllum capitatum",0.03125
"mo2-4_nu_mo2-4",2019,"Monument","High Control","Androsace septentrionalis",0.03125
"mo2-5_c1_pf2-3",2019,"Monument","Mid C1","Bromus carinatus",0.0666666666666667
"mo2-5_c1_pf2-3",2019,"Monument","Mid C1","Carex sp.",1
"mo2-5_c1_pf2-3",2019,"Monument","Mid C1","Erigeron speciosus",0.0666666666666667
"mo2-5_c1_pf2-3",2019,"Monument","Mid C1","Erythronium grandiflorum",0.0666666666666667
"mo2-5_c1_pf2-3",2019,"Monument","Mid C1","Festuca rubra",0.8
"mo2-5_c1_pf2-3",2019,"Monument","Mid C1","Helianthella quinquenervis",0.2
"mo2-5_c1_pf2-3",2019,"Monument","Mid C1","Heliomeris multiflora",0.4
"mo2-5_c1_pf2-3",2019,"Monument","Mid C1","Melica spectabilis",0.0666666666666667
"mo2-5_c1_pf2-3",2019,"Monument","Mid C1","Poa reflexa",0.466666666666667
"mo2-5_c1_pf2-3",2019,"Monument","Mid C1","Potentilla pulcherrima",0.0666666666666667
"mo2-5_c1_pf2-3",2019,"Monument","Mid C1","Senecio crassulus",0.133333333333333
"mo2-5_c1_pf2-3",2019,"Monument","Mid C1","Thalictrum fendleri",0.6
"mo2-5_c1_pf2-3",2019,"Monument","Mid C1","Vicia americana",0.0666666666666667
"mo2-5_c1_pf2-3",2019,"Monument","Mid C1","Viola nuttallii",0.8
"mo2-5_c1_pf2-3",2019,"Monument","Mid C1","Ligusticum porteri",0.0666666666666667
"mo2-5_c1_pf2-3",2019,"Monument","Mid C1","Agoseris glauca",0.0666666666666667
"mo3-1_u_mo3-1",2019,"Monument","High Control","Agoseris glauca",0.0181818181818182
"mo3-1_u_mo3-1",2019,"Monument","High Control","Castilleja sulphurea",0.0545454545454545
"mo3-1_u_mo3-1",2019,"Monument","High Control","Elymus bakeri",0.0363636363636364
"mo3-1_u_mo3-1",2019,"Monument","High Control","Polygonum douglasii",0.0181818181818182
"mo3-1_u_mo3-1",2019,"Monument","High Control","Helianthella quinquenervis",0.127272727272727
"mo3-1_u_mo3-1",2019,"Monument","High Control","Hymenoxys hoopesii",0.254545454545455
"mo3-1_u_mo3-1",2019,"Monument","High Control","Ligusticum porteri",1
"mo3-1_u_mo3-1",2019,"Monument","High Control","Poa reflexa",0.145454545454545
"mo3-1_u_mo3-1",2019,"Monument","High Control","Ranunculus inamoenus",0.0181818181818182
"mo3-1_u_mo3-1",2019,"Monument","High Control","Senecio crassulus",0.0545454545454545
"mo3-1_u_mo3-1",2019,"Monument","High Control","Symphyotrichum ascendens",0.0181818181818182
"mo3-1_u_mo3-1",2019,"Monument","High Control","Noccaea fendleri",0.0363636363636364
"mo3-1_u_mo3-1",2019,"Monument","High Control","Frasera speciosa",0.0181818181818182
"mo3-1_u_mo3-1",2019,"Monument","High Control","Viola nuttallii",0.0181818181818182
"mo3-1_u_mo3-1",2019,"Monument","High Control","Erythronium grandiflorum",0.0181818181818182
"mo3-1_u_mo3-1",2019,"Monument","High Control","Boechera stricta",0.0181818181818182
"mo3-2_c1_pf3-5",2019,"Monument","Mid C1","Elymus repens",0.0833333333333333
"mo3-2_c1_pf3-5",2019,"Monument","Mid C1","Festuca rubra",0.25
"mo3-2_c1_pf3-5",2019,"Monument","Mid C1","Heliomeris multiflora",0.833333333333333
"mo3-2_c1_pf3-5",2019,"Monument","Mid C1","Lathyrus lanszwertii",0.416666666666667
"mo3-2_c1_pf3-5",2019,"Monument","Mid C1","Ligusticum porteri",0.75
"mo3-2_c1_pf3-5",2019,"Monument","Mid C1","Linum lewisii",0.5
"mo3-2_c1_pf3-5",2019,"Monument","Mid C1","Mertensia fusiformis",0.25
"mo3-2_c1_pf3-5",2019,"Monument","Mid C1","Poa reflexa",1
"mo3-2_c1_pf3-5",2019,"Monument","Mid C1","Potentilla pulcherrima",0.166666666666667
"mo3-2_c1_pf3-5",2019,"Monument","Mid C1","Senecio crassulus",0.416666666666667
"mo3-2_c1_pf3-5",2019,"Monument","Mid C1","Viola nuttallii",0.166666666666667
"mo3-2_c1_pf3-5",2019,"Monument","Mid C1","Polygonum douglasii",0.0833333333333333
"mo3-2_c1_pf3-5",2019,"Monument","Mid C1","Frasera speciosa",0.0833333333333333
"mo3-3_c2_um3-2",2019,"Monument","Low C2","Achillea millefolium",0.05
"mo3-3_c2_um3-2",2019,"Monument","Low C2","Delphinium nuttallianum",0.05
"mo3-3_c2_um3-2",2019,"Monument","Low C2","Erigeron speciosus",0.15
"mo3-3_c2_um3-2",2019,"Monument","Low C2","Hymenoxys hoopesii",0.5
"mo3-3_c2_um3-2",2019,"Monument","Low C2","Lathyrus lanszwertii",0.05
"mo3-3_c2_um3-2",2019,"Monument","Low C2","Linum lewisii",0.1
"mo3-3_c2_um3-2",2019,"Monument","Low C2","Mertensia fusiformis",0.05
"mo3-3_c2_um3-2",2019,"Monument","Low C2","Poa pratensis",0.05
"mo3-3_c2_um3-2",2019,"Monument","Low C2","Potentilla pulcherrima",1
"mo3-3_c2_um3-2",2019,"Monument","Low C2","Stipa nelsonii",0.35
"mo3-3_c2_um3-2",2019,"Monument","Low C2","Valeriana occidentalis",0.05
"mo3-3_c2_um3-2",2019,"Monument","Low C2","Viola nuttallii",0.25
"mo3-3_c2_um3-2",2019,"Monument","Low C2","Collomia linearis",0.05
"mo3-3_c2_um3-2",2019,"Monument","Low C2","Melica spectabilis",0.05
"mo3-3_c2_um3-2",2019,"Monument","Low C2","Polygonum douglasii",0.05
"mo3-3_c2_um3-2",2019,"Monument","Low C2","Atriplex argentea",0.05
"mo3-4_nu_mo3-4",2019,"Monument","High Control","Agoseris glauca",0.0181818181818182
"mo3-4_nu_mo3-4",2019,"Monument","High Control","Castilleja sulphurea",0.109090909090909
"mo3-4_nu_mo3-4",2019,"Monument","High Control","Elymus repens",0.0181818181818182
"mo3-4_nu_mo3-4",2019,"Monument","High Control","Polygonum douglasii",0.0181818181818182
"mo3-4_nu_mo3-4",2019,"Monument","High Control","Fragaria virginiana",0.145454545454545
"mo3-4_nu_mo3-4",2019,"Monument","High Control","Frasera speciosa",0.0545454545454545
"mo3-4_nu_mo3-4",2019,"Monument","High Control","Helianthella quinquenervis",0.0181818181818182
"mo3-4_nu_mo3-4",2019,"Monument","High Control","Hymenoxys hoopesii",0.109090909090909
"mo3-4_nu_mo3-4",2019,"Monument","High Control","Ligusticum porteri",1
"mo3-4_nu_mo3-4",2019,"Monument","High Control","Poa reflexa",0.127272727272727
"mo3-4_nu_mo3-4",2019,"Monument","High Control","Senecio crassulus",0.0363636363636364
"mo3-4_nu_mo3-4",2019,"Monument","High Control","Noccaea fendleri",0.0363636363636364
"mo3-4_nu_mo3-4",2019,"Monument","High Control","Aquilegia caerulea",0.0727272727272727
"mo3-4_nu_mo3-4",2019,"Monument","High Control","Hydrophyllum capitatum",0.0181818181818182
"mo3-5_ws_mo3-5",2019,"Monument","High Control","Agoseris glauca",0.04
"mo3-5_ws_mo3-5",2019,"Monument","High Control","Androsace septentrionalis",0.04
"mo3-5_ws_mo3-5",2019,"Monument","High Control","Castilleja sulphurea",0.04
"mo3-5_ws_mo3-5",2019,"Monument","High Control","Polygonum douglasii",0.04
"mo3-5_ws_mo3-5",2019,"Monument","High Control","Fragaria virginiana",1
"mo3-5_ws_mo3-5",2019,"Monument","High Control","Helianthella quinquenervis",0.08
"mo3-5_ws_mo3-5",2019,"Monument","High Control","Hymenoxys hoopesii",0.4
"mo3-5_ws_mo3-5",2019,"Monument","High Control","Ligusticum porteri",0.8
"mo3-5_ws_mo3-5",2019,"Monument","High Control","Poa reflexa",0.6
"mo3-5_ws_mo3-5",2019,"Monument","High Control","Senecio crassulus",0.04
"mo3-5_ws_mo3-5",2019,"Monument","High Control","Noccaea fendleri",0.04
"mo3-5_ws_mo3-5",2019,"Monument","High Control","Frasera speciosa",0.04
"mo4-1_c1_pf4-5",2019,"Monument","Mid C1","Bromus carinatus",0.05
"mo4-1_c1_pf4-5",2019,"Monument","Mid C1","Elymus repens",0.05
"mo4-1_c1_pf4-5",2019,"Monument","Mid C1","Festuca rubra",0.4
"mo4-1_c1_pf4-5",2019,"Monument","Mid C1","Helianthella quinquenervis",1
"mo4-1_c1_pf4-5",2019,"Monument","Mid C1","Heliomeris multiflora",0.25
"mo4-1_c1_pf4-5",2019,"Monument","Mid C1","Hymenoxys hoopesii",0.05
"mo4-1_c1_pf4-5",2019,"Monument","Mid C1","Lathyrus lanszwertii",0.25
"mo4-1_c1_pf4-5",2019,"Monument","Mid C1","Poa reflexa",0.05
"mo4-1_c1_pf4-5",2019,"Monument","Mid C1","Potentilla pulcherrima",0.75
"mo4-1_c1_pf4-5",2019,"Monument","Mid C1","Senecio crassulus",0.1
"mo4-1_c1_pf4-5",2019,"Monument","Mid C1","Viola nuttallii",0.05
"mo4-1_c1_pf4-5",2019,"Monument","Mid C1","Agoseris glauca",0.05
"mo4-2_nu_mo4-2",2019,"Monument","High Control","Bromus carinatus",0.0571428571428571
"mo4-2_nu_mo4-2",2019,"Monument","High Control","Castilleja sulphurea",0.0571428571428571
"mo4-2_nu_mo4-2",2019,"Monument","High Control","Elymus bakeri",0.114285714285714
"mo4-2_nu_mo4-2",2019,"Monument","High Control","Erythronium grandiflorum",0.0285714285714286
"mo4-2_nu_mo4-2",2019,"Monument","High Control","Fragaria virginiana",0.0571428571428571
"mo4-2_nu_mo4-2",2019,"Monument","High Control","Frasera speciosa",0.228571428571429
"mo4-2_nu_mo4-2",2019,"Monument","High Control","Helianthella quinquenervis",1
"mo4-2_nu_mo4-2",2019,"Monument","High Control","Hymenoxys hoopesii",0.0571428571428571
"mo4-2_nu_mo4-2",2019,"Monument","High Control","Ligusticum porteri",0.0285714285714286
"mo4-2_nu_mo4-2",2019,"Monument","High Control","Lupinus sp.",0.257142857142857
"mo4-2_nu_mo4-2",2019,"Monument","High Control","Poa reflexa",0.0857142857142857
"mo4-2_nu_mo4-2",2019,"Monument","High Control","Senecio crassulus",0.0571428571428571
"mo4-2_nu_mo4-2",2019,"Monument","High Control","Viola nuttallii",0.0571428571428571
"mo4-2_nu_mo4-2",2019,"Monument","High Control","Ranunculus inamoenus",0.0285714285714286
"mo4-2_nu_mo4-2",2019,"Monument","High Control","Polygonum douglasii",0.0285714285714286
"mo4-3_c2_um4-2",2019,"Monument","Low C2","Achillea millefolium",0.05
"mo4-3_c2_um4-2",2019,"Monument","Low C2","Elymus repens",0.025
"mo4-3_c2_um4-2",2019,"Monument","Low C2","Carex sp.",0.075
"mo4-3_c2_um4-2",2019,"Monument","Low C2","Festuca thurberi",0.4
"mo4-3_c2_um4-2",2019,"Monument","Low C2","Fragaria virginiana",0.025
"mo4-3_c2_um4-2",2019,"Monument","Low C2","Hymenoxys hoopesii",0.1
"mo4-3_c2_um4-2",2019,"Monument","Low C2","Lathyrus lanszwertii",0.025
"mo4-3_c2_um4-2",2019,"Monument","Low C2","Lupinus sp.",0.025
"mo4-3_c2_um4-2",2019,"Monument","Low C2","Poa pratensis",0.025
"mo4-3_c2_um4-2",2019,"Monument","Low C2","Potentilla pulcherrima",0.3
"mo4-3_c2_um4-2",2019,"Monument","Low C2","Ranunculus inamoenus",0.025
"mo4-3_c2_um4-2",2019,"Monument","Low C2","Valeriana occidentalis",1
"mo4-3_c2_um4-2",2019,"Monument","Low C2","Vicia americana",0.05
"mo4-3_c2_um4-2",2019,"Monument","Low C2","Viola nuttallii",0.025
"mo4-3_c2_um4-2",2019,"Monument","Low C2","Boechera stricta",0.025
"mo4-4_u_mo4-4",2019,"Monument","High Control","Agoseris glauca",0.0555555555555556
"mo4-4_u_mo4-4",2019,"Monument","High Control","Boechera stricta",0.0555555555555556
"mo4-4_u_mo4-4",2019,"Monument","High Control","Castilleja sulphurea",0.111111111111111
"mo4-4_u_mo4-4",2019,"Monument","High Control","Erigeron coulteri",0.0555555555555556
"mo4-4_u_mo4-4",2019,"Monument","High Control","Fragaria virginiana",0.444444444444444
"mo4-4_u_mo4-4",2019,"Monument","High Control","Frasera speciosa",0.111111111111111
"mo4-4_u_mo4-4",2019,"Monument","High Control","Helianthella quinquenervis",0.0555555555555556
"mo4-4_u_mo4-4",2019,"Monument","High Control","Ligusticum porteri",0.0555555555555556
"mo4-4_u_mo4-4",2019,"Monument","High Control","Lupinus sp.",1
"mo4-4_u_mo4-4",2019,"Monument","High Control","Poa reflexa",0.166666666666667
"mo4-4_u_mo4-4",2019,"Monument","High Control","Rhodiola integrifolia",0.0555555555555556
"mo4-4_u_mo4-4",2019,"Monument","High Control","Senecio crassulus",0.444444444444444
"mo4-4_u_mo4-4",2019,"Monument","High Control","Noccaea fendleri",0.0555555555555556
"mo4-4_u_mo4-4",2019,"Monument","High Control","Hydrophyllum capitatum",0.0555555555555556
"mo4-4_u_mo4-4",2019,"Monument","High Control","Polygonum douglasii",0.0555555555555556
"mo4-4_u_mo4-4",2019,"Monument","High Control","Taraxacum officinale",0.0555555555555556
"mo4-5_ws_mo4-1",2019,"Monument","High Control","Bromus carinatus",0.0666666666666667
"mo4-5_ws_mo4-1",2019,"Monument","High Control","Symphyotrichum ascendens",0.0666666666666667
"mo4-5_ws_mo4-1",2019,"Monument","High Control","Geranium richardsonii",0.0666666666666667
"mo4-5_ws_mo4-1",2019,"Monument","High Control","Helianthella quinquenervis",1
"mo4-5_ws_mo4-1",2019,"Monument","High Control","Hymenoxys hoopesii",0.666666666666667
"mo4-5_ws_mo4-1",2019,"Monument","High Control","Ligusticum porteri",0.0666666666666667
"mo4-5_ws_mo4-1",2019,"Monument","High Control","Poa reflexa",0.333333333333333
"mo4-5_ws_mo4-1",2019,"Monument","High Control","Ranunculus inamoenus",0.0666666666666667
"mo4-5_ws_mo4-1",2019,"Monument","High Control","Noccaea fendleri",0.0666666666666667
"mo4-5_ws_mo4-1",2019,"Monument","High Control","Hydrophyllum capitatum",0.0666666666666667
"mo4-5_ws_mo4-1",2019,"Monument","High Control","Polygonum douglasii",0.0666666666666667
"mo5-1_u_mo5-1",2019,"Monument","High Control","Agoseris glauca",0.04
"mo5-1_u_mo5-1",2019,"Monument","High Control","Castilleja sulphurea",0.04
"mo5-1_u_mo5-1",2019,"Monument","High Control","Frasera speciosa",0.04
"mo5-1_u_mo5-1",2019,"Monument","High Control","Helianthella quinquenervis",1
"mo5-1_u_mo5-1",2019,"Monument","High Control","Lupinus sp.",0.4
"mo5-1_u_mo5-1",2019,"Monument","High Control","Poa reflexa",0.32
"mo5-1_u_mo5-1",2019,"Monument","High Control","Rhodiola integrifolia",0.32
"mo5-1_u_mo5-1",2019,"Monument","High Control","Senecio crassulus",0.04
"mo5-1_u_mo5-1",2019,"Monument","High Control","Symphyotrichum ascendens",0.16
"mo5-1_u_mo5-1",2019,"Monument","High Control","Viola nuttallii",0.04
"mo5-1_u_mo5-1",2019,"Monument","High Control","Chamaenerion angustifolium",0.08
"mo5-1_u_mo5-1",2019,"Monument","High Control","Polygonum douglasii",0.04
"mo5-1_u_mo5-1",2019,"Monument","High Control","Hydrophyllum capitatum",0.08
"mo5-2_c2_um5-5",2019,"Monument","Low C2","Achillea millefolium",0.25
"mo5-2_c2_um5-5",2019,"Monument","Low C2","Bromus carinatus",0.025
"mo5-2_c2_um5-5",2019,"Monument","Low C2","Carex sp.",0.15
"mo5-2_c2_um5-5",2019,"Monument","Low C2","Polygonum douglasii",0.025
"mo5-2_c2_um5-5",2019,"Monument","Low C2","Hymenoxys hoopesii",0.375
"mo5-2_c2_um5-5",2019,"Monument","Low C2","Lathyrus lanszwertii",0.075
"mo5-2_c2_um5-5",2019,"Monument","Low C2","Mertensia fusiformis",0.025
"mo5-2_c2_um5-5",2019,"Monument","Low C2","Poa pratensis",0.025
"mo5-2_c2_um5-5",2019,"Monument","Low C2","Potentilla pulcherrima",1
"mo5-2_c2_um5-5",2019,"Monument","Low C2","Taraxacum officinale",0.05
"mo5-2_c2_um5-5",2019,"Monument","Low C2","Valeriana occidentalis",0.025
"mo5-3_ws_mo5-4",2019,"Monument","High Control","Aquilegia caerulea",0.56
"mo5-3_ws_mo5-4",2019,"Monument","High Control","Fragaria virginiana",0.08
"mo5-3_ws_mo5-4",2019,"Monument","High Control","Frasera speciosa",0.04
"mo5-3_ws_mo5-4",2019,"Monument","High Control","Helianthella quinquenervis",1
"mo5-3_ws_mo5-4",2019,"Monument","High Control","Hymenoxys hoopesii",0.16
"mo5-3_ws_mo5-4",2019,"Monument","High Control","Poa reflexa",0.32
"mo5-3_ws_mo5-4",2019,"Monument","High Control","Rhodiola integrifolia",0.24
"mo5-3_ws_mo5-4",2019,"Monument","High Control","Senecio crassulus",0.32
"mo5-3_ws_mo5-4",2019,"Monument","High Control","Viola nuttallii",0.04
"mo5-3_ws_mo5-4",2019,"Monument","High Control","Symphyotrichum ascendens",0.04
"mo5-3_ws_mo5-4",2019,"Monument","High Control","Hydrophyllum capitatum",0.04
"mo5-3_ws_mo5-4",2019,"Monument","High Control","Noccaea fendleri",0.04
"mo5-4_c1_pf5-2",2019,"Monument","Mid C1","Achillea millefolium",0.05
"mo5-4_c1_pf5-2",2019,"Monument","Mid C1","Elymus bakeri",0.05
"mo5-4_c1_pf5-2",2019,"Monument","Mid C1","Fragaria virginiana",0.6
"mo5-4_c1_pf5-2",2019,"Monument","Mid C1","Festuca rubra",1
"mo5-4_c1_pf5-2",2019,"Monument","Mid C1","Helianthella quinquenervis",0.05
"mo5-4_c1_pf5-2",2019,"Monument","Mid C1","Heliomeris multiflora",0.15
"mo5-4_c1_pf5-2",2019,"Monument","Mid C1","Hymenoxys hoopesii",0.4
"mo5-4_c1_pf5-2",2019,"Monument","Mid C1","Ligusticum porteri",0.3
"mo5-4_c1_pf5-2",2019,"Monument","Mid C1","Potentilla pulcherrima",0.9
"mo5-4_c1_pf5-2",2019,"Monument","Mid C1","Senecio crassulus",0.3
"mo5-4_c1_pf5-2",2019,"Monument","Mid C1","Viola nuttallii",0.15
"mo5-4_c1_pf5-2",2019,"Monument","Mid C1","Melica spectabilis",0.05
"mo5-4_c1_pf5-2",2019,"Monument","Mid C1","Frasera speciosa",0.05
"mo5-5_nu_mo5-5",2019,"Monument","High Control","Geranium richardsonii",0.06
"mo5-5_nu_mo5-5",2019,"Monument","High Control","Helianthella quinquenervis",0.4
"mo5-5_nu_mo5-5",2019,"Monument","High Control","Hydrophyllum capitatum",0.02
"mo5-5_nu_mo5-5",2019,"Monument","High Control","Hymenoxys hoopesii",0.04
"mo5-5_nu_mo5-5",2019,"Monument","High Control","Poa reflexa",0.08
"mo5-5_nu_mo5-5",2019,"Monument","High Control","Senecio crassulus",0.06
"mo5-5_nu_mo5-5",2019,"Monument","High Control","Valeriana edulis",1
"mo5-5_nu_mo5-5",2019,"Monument","High Control","Noccaea fendleri",0.02
"mo5-5_nu_mo5-5",2019,"Monument","High Control","Lupinus sp.",0.02
"mo1-1_c1_pf1-3",2018,"Monument","Mid C1","Androsace septentrionalis",0.025
"mo1-1_c1_pf1-3",2018,"Monument","Mid C1","Castilleja sulphurea",0.025
"mo1-1_c1_pf1-3",2018,"Monument","Mid C1","Bromus carinatus",0.1
"mo1-1_c1_pf1-3",2018,"Monument","Mid C1","Erythronium grandiflorum",0.025
"mo1-1_c1_pf1-3",2018,"Monument","Mid C1","Festuca rubra",1
"mo1-1_c1_pf1-3",2018,"Monument","Mid C1","Heliomeris multiflora",0.1
"mo1-1_c1_pf1-3",2018,"Monument","Mid C1","Ligusticum porteri",0.025
"mo1-1_c1_pf1-3",2018,"Monument","Mid C1","Mertensia fusiformis",0.025
"mo1-1_c1_pf1-3",2018,"Monument","Mid C1","Potentilla pulcherrima",0.125
"mo1-1_c1_pf1-3",2018,"Monument","Mid C1","Senecio crassulus",0.2
"mo1-1_c1_pf1-3",2018,"Monument","Mid C1","Agoseris glauca",0.025
"mo1-1_c1_pf1-3",2018,"Monument","Mid C1","Vicia americana",0.025
"mo1-1_c1_pf1-3",2018,"Monument","Mid C1","Viola nuttallii",0.025
"mo1-1_c1_pf1-3",2018,"Monument","Mid C1","Poa reflexa",0.025
"mo1-1_c1_pf1-3",2018,"Monument","Mid C1","Ranunculus inamoenus",0.025
"mo1-1_c1_pf1-3",2018,"Monument","Mid C1","Fragaria virginiana",0.025
"mo1-1_c1_pf1-3",2018,"Monument","Mid C1","Epilobium sp.",0.025
"mo1-1_c1_pf1-3",2018,"Monument","Mid C1","Helianthella quinquenervis",0.075
"mo1-1_c1_pf1-3",2018,"Monument","Mid C1","Lupinus sp.",0.025
"mo1-2_c2_um1-2",2018,"Monument","Low C2","Achillea millefolium",0.666666666666667
"mo1-2_c2_um1-2",2018,"Monument","Low C2","Collomia linearis",0.0833333333333333
"mo1-2_c2_um1-2",2018,"Monument","Low C2","Delphinium nuttallianum",0.0833333333333333
"mo1-2_c2_um1-2",2018,"Monument","Low C2","Erigeron speciosus",0.333333333333333
"mo1-2_c2_um1-2",2018,"Monument","Low C2","Poa pratensis",0.833333333333333
"mo1-2_c2_um1-2",2018,"Monument","Low C2","Lathyrus lanszwertii",0.25
"mo1-2_c2_um1-2",2018,"Monument","Low C2","Stipa nelsonii",0.666666666666667
"mo1-2_c2_um1-2",2018,"Monument","Low C2","Mertensia fusiformis",0.0833333333333333
"mo1-2_c2_um1-2",2018,"Monument","Low C2","Potentilla pulcherrima",1
"mo1-2_c2_um1-2",2018,"Monument","Low C2","Heliomeris multiflora",0.166666666666667
"mo1-2_c2_um1-2",2018,"Monument","Low C2","Vicia americana",0.0833333333333333
"mo1-2_c2_um1-2",2018,"Monument","Low C2","Viola nuttallii",0.0833333333333333
"mo1-2_c2_um1-2",2018,"Monument","Low C2","Melica spectabilis",0.0833333333333333
"mo1-2_c2_um1-2",2018,"Monument","Low C2","Taraxacum officinale",0.166666666666667
"mo1-3_nu_mo1-3",2018,"Monument","High Control","Bromus carinatus",0.0142857142857143
"mo1-3_nu_mo1-3",2018,"Monument","High Control","Fragaria virginiana",0.142857142857143
"mo1-3_nu_mo1-3",2018,"Monument","High Control","Geranium richardsonii",0.214285714285714
"mo1-3_nu_mo1-3",2018,"Monument","High Control","Helianthella quinquenervis",0.357142857142857
"mo1-3_nu_mo1-3",2018,"Monument","High Control","Ligusticum porteri",1
"mo1-3_nu_mo1-3",2018,"Monument","High Control","Lupinus sp.",0.0142857142857143
"mo1-3_nu_mo1-3",2018,"Monument","High Control","Poa reflexa",0.0142857142857143
"mo1-3_nu_mo1-3",2018,"Monument","High Control","Rhodiola integrifolia",0.0142857142857143
"mo1-3_nu_mo1-3",2018,"Monument","High Control","Senecio crassulus",0.114285714285714
"mo1-3_nu_mo1-3",2018,"Monument","High Control","Agoseris glauca",0.0142857142857143
"mo1-3_nu_mo1-3",2018,"Monument","High Control","Viola nuttallii",0.0142857142857143
"mo1-3_nu_mo1-3",2018,"Monument","High Control","Noccaea fendleri",0.0142857142857143
"mo1-3_nu_mo1-3",2018,"Monument","High Control","Symphyotrichum ascendens",0.0142857142857143
"mo1-3_nu_mo1-3",2018,"Monument","High Control","Potentilla pulcherrima",0.0142857142857143
"mo1-3_nu_mo1-3",2018,"Monument","High Control","Hymenoxys hoopesii",0.0285714285714286
"mo1-3_nu_mo1-3",2018,"Monument","High Control","Epilobium sp.",0.0142857142857143
"mo1-4_u_mo1-4",2018,"Monument","High Control","Androsace septentrionalis",0.0454545454545455
"mo1-4_u_mo1-4",2018,"Monument","High Control","Helianthella quinquenervis",1
"mo1-4_u_mo1-4",2018,"Monument","High Control","Hymenoxys hoopesii",1
"mo1-4_u_mo1-4",2018,"Monument","High Control","Ligusticum porteri",0.272727272727273
"mo1-4_u_mo1-4",2018,"Monument","High Control","Lupinus sp.",0.227272727272727
"mo1-4_u_mo1-4",2018,"Monument","High Control","Poa reflexa",0.454545454545455
"mo1-4_u_mo1-4",2018,"Monument","High Control","Potentilla pulcherrima",0.272727272727273
"mo1-4_u_mo1-4",2018,"Monument","High Control","Senecio crassulus",0.0909090909090909
"mo1-4_u_mo1-4",2018,"Monument","High Control","Valeriana edulis",0.5
"mo1-4_u_mo1-4",2018,"Monument","High Control","Noccaea fendleri",0.0454545454545455
"mo1-4_u_mo1-4",2018,"Monument","High Control","Frasera speciosa",0.181818181818182
"mo1-4_u_mo1-4",2018,"Monument","High Control","Fragaria virginiana",0.0454545454545455
"mo1-4_u_mo1-4",2018,"Monument","High Control","Elymus bakeri",0.0909090909090909
"mo1-5_ws_mo1-2",2018,"Monument","High Control","Aquilegia caerulea",0.285714285714286
"mo1-5_ws_mo1-2",2018,"Monument","High Control","Castilleja sulphurea",0.142857142857143
"mo1-5_ws_mo1-2",2018,"Monument","High Control","Bromus carinatus",0.0714285714285714
"mo1-5_ws_mo1-2",2018,"Monument","High Control","Frasera speciosa",0.285714285714286
"mo1-5_ws_mo1-2",2018,"Monument","High Control","Helianthella quinquenervis",0.714285714285714
"mo1-5_ws_mo1-2",2018,"Monument","High Control","Hymenoxys hoopesii",0.428571428571429
"mo1-5_ws_mo1-2",2018,"Monument","High Control","Ligusticum porteri",0.214285714285714
"mo1-5_ws_mo1-2",2018,"Monument","High Control","Lupinus sp.",0.0714285714285714
"mo1-5_ws_mo1-2",2018,"Monument","High Control","Poa reflexa",0.857142857142857
"mo1-5_ws_mo1-2",2018,"Monument","High Control","Potentilla pulcherrima",0.357142857142857
"mo1-5_ws_mo1-2",2018,"Monument","High Control","Senecio crassulus",0.285714285714286
"mo1-5_ws_mo1-2",2018,"Monument","High Control","Elymus bakeri",1
"mo1-5_ws_mo1-2",2018,"Monument","High Control","Agoseris glauca",0.0714285714285714
"mo1-5_ws_mo1-2",2018,"Monument","High Control","Epilobium sp.",0.0714285714285714
"mo2-1_ws_mo2-3",2018,"Monument","High Control","Castilleja sulphurea",0.0454545454545455
"mo2-1_ws_mo2-3",2018,"Monument","High Control","Fragaria virginiana",0.272727272727273
"mo2-1_ws_mo2-3",2018,"Monument","High Control","Heterotheca pumila",1
"mo2-1_ws_mo2-3",2018,"Monument","High Control","Hymenoxys hoopesii",0.227272727272727
"mo2-1_ws_mo2-3",2018,"Monument","High Control","Ligusticum porteri",0.181818181818182
"mo2-1_ws_mo2-3",2018,"Monument","High Control","Poa reflexa",0.0454545454545455
"mo2-1_ws_mo2-3",2018,"Monument","High Control","Senecio crassulus",0.0454545454545455
"mo2-1_ws_mo2-3",2018,"Monument","High Control","Bromus carinatus",0.0454545454545455
"mo2-1_ws_mo2-3",2018,"Monument","High Control","Ranunculus inamoenus",0.0454545454545455
"mo2-2_u_mo2-2",2018,"Monument","High Control","Aquilegia caerulea",0.09375
"mo2-2_u_mo2-2",2018,"Monument","High Control","Castilleja sulphurea",0.03125
"mo2-2_u_mo2-2",2018,"Monument","High Control","Erythronium grandiflorum",0.03125
"mo2-2_u_mo2-2",2018,"Monument","High Control","Fragaria virginiana",0.3125
"mo2-2_u_mo2-2",2018,"Monument","High Control","Frasera speciosa",0.03125
"mo2-2_u_mo2-2",2018,"Monument","High Control","Helianthella quinquenervis",0.875
"mo2-2_u_mo2-2",2018,"Monument","High Control","Heterotheca pumila",1
"mo2-2_u_mo2-2",2018,"Monument","High Control","Hymenoxys hoopesii",0.03125
"mo2-2_u_mo2-2",2018,"Monument","High Control","Poa reflexa",0.03125
"mo2-2_u_mo2-2",2018,"Monument","High Control","Elymus bakeri",0.0625
"mo2-2_u_mo2-2",2018,"Monument","High Control","Noccaea fendleri",0.03125
"mo2-3_c2_um2-3",2018,"Monument","Low C2","Achillea millefolium",0.4
"mo2-3_c2_um2-3",2018,"Monument","Low C2","Bromus carinatus",0.2
"mo2-3_c2_um2-3",2018,"Monument","Low C2","Collomia linearis",0.2
"mo2-3_c2_um2-3",2018,"Monument","Low C2","Delphinium nuttallianum",0.2
"mo2-3_c2_um2-3",2018,"Monument","Low C2","Poa pratensis",0.2
"mo2-3_c2_um2-3",2018,"Monument","Low C2","Lathyrus lanszwertii",0.2
"mo2-3_c2_um2-3",2018,"Monument","Low C2","Mertensia fusiformis",0.2
"mo2-3_c2_um2-3",2018,"Monument","Low C2","Potentilla pulcherrima",0.2
"mo2-3_c2_um2-3",2018,"Monument","Low C2","Valeriana occidentalis",1
"mo2-3_c2_um2-3",2018,"Monument","Low C2","Viola nuttallii",0.2
"mo2-3_c2_um2-3",2018,"Monument","Low C2","Fragaria virginiana",0.2
"mo2-3_c2_um2-3",2018,"Monument","Low C2","Taraxacum officinale",0.2
"mo2-3_c2_um2-3",2018,"Monument","Low C2","Agoseris aurantiaca",0.2
"mo2-3_c2_um2-3",2018,"Monument","Low C2","Galium bifolium",0.2
"mo2-4_nu_mo2-4",2018,"Monument","High Control","Castilleja sulphurea",0.0357142857142857
"mo2-4_nu_mo2-4",2018,"Monument","High Control","Fragaria virginiana",1
"mo2-4_nu_mo2-4",2018,"Monument","High Control","Frasera speciosa",0.0357142857142857
"mo2-4_nu_mo2-4",2018,"Monument","High Control","Heterotheca pumila",0.25
"mo2-4_nu_mo2-4",2018,"Monument","High Control","Hymenoxys hoopesii",0.285714285714286
"mo2-4_nu_mo2-4",2018,"Monument","High Control","Ligusticum porteri",0.142857142857143
"mo2-4_nu_mo2-4",2018,"Monument","High Control","Lupinus sp.",0.357142857142857
"mo2-4_nu_mo2-4",2018,"Monument","High Control","Poa reflexa",0.0357142857142857
"mo2-4_nu_mo2-4",2018,"Monument","High Control","Potentilla pulcherrima",0.142857142857143
"mo2-4_nu_mo2-4",2018,"Monument","High Control","Senecio crassulus",0.0357142857142857
"mo2-4_nu_mo2-4",2018,"Monument","High Control","Aquilegia caerulea",0.0357142857142857
"mo2-4_nu_mo2-4",2018,"Monument","High Control","Bromus carinatus",0.0357142857142857
"mo2-4_nu_mo2-4",2018,"Monument","High Control","Viola nuttallii",0.0357142857142857
"mo2-4_nu_mo2-4",2018,"Monument","High Control","Noccaea fendleri",0.0357142857142857
"mo2-4_nu_mo2-4",2018,"Monument","High Control","Agoseris glauca",0.0357142857142857
"mo2-4_nu_mo2-4",2018,"Monument","High Control","Ranunculus inamoenus",0.0357142857142857
"mo2-5_c1_pf2-3",2018,"Monument","Mid C1","Melica spectabilis",0.0833333333333333
"mo2-5_c1_pf2-3",2018,"Monument","Mid C1","Carex sp.",1
"mo2-5_c1_pf2-3",2018,"Monument","Mid C1","Bromus carinatus",0.166666666666667
"mo2-5_c1_pf2-3",2018,"Monument","Mid C1","Erigeron speciosus",0.0833333333333333
"mo2-5_c1_pf2-3",2018,"Monument","Mid C1","Erythronium grandiflorum",0.0833333333333333
"mo2-5_c1_pf2-3",2018,"Monument","Mid C1","Festuca rubra",1
"mo2-5_c1_pf2-3",2018,"Monument","Mid C1","Helianthella quinquenervis",0.166666666666667
"mo2-5_c1_pf2-3",2018,"Monument","Mid C1","Heliomeris multiflora",0.166666666666667
"mo2-5_c1_pf2-3",2018,"Monument","Mid C1","Poa reflexa",0.0833333333333333
"mo2-5_c1_pf2-3",2018,"Monument","Mid C1","Potentilla pulcherrima",0.0833333333333333
"mo2-5_c1_pf2-3",2018,"Monument","Mid C1","Senecio crassulus",0.25
"mo2-5_c1_pf2-3",2018,"Monument","Mid C1","Thalictrum fendleri",0.666666666666667
"mo2-5_c1_pf2-3",2018,"Monument","Mid C1","Vicia americana",0.0833333333333333
"mo2-5_c1_pf2-3",2018,"Monument","Mid C1","Viola nuttallii",0.0833333333333333
"mo2-5_c1_pf2-3",2018,"Monument","Mid C1","Boechera stricta",0.0833333333333333
"mo2-5_c1_pf2-3",2018,"Monument","Mid C1","Taraxacum officinale",0.0833333333333333
"mo2-5_c1_pf2-3",2018,"Monument","Mid C1","Epilobium sp.",0.0833333333333333
"mo3-1_u_mo3-1",2018,"Monument","High Control","Castilleja sulphurea",0.0166666666666667
"mo3-1_u_mo3-1",2018,"Monument","High Control","Symphyotrichum ascendens",0.0166666666666667
"mo3-1_u_mo3-1",2018,"Monument","High Control","Helianthella quinquenervis",0.166666666666667
"mo3-1_u_mo3-1",2018,"Monument","High Control","Hymenoxys hoopesii",0.216666666666667
"mo3-1_u_mo3-1",2018,"Monument","High Control","Ligusticum porteri",1
"mo3-1_u_mo3-1",2018,"Monument","High Control","Poa reflexa",0.0166666666666667
"mo3-1_u_mo3-1",2018,"Monument","High Control","Senecio crassulus",0.0166666666666667
"mo3-1_u_mo3-1",2018,"Monument","High Control","Noccaea fendleri",0.0166666666666667
"mo3-1_u_mo3-1",2018,"Monument","High Control","Elymus bakeri",0.0166666666666667
"mo3-1_u_mo3-1",2018,"Monument","High Control","Epilobium sp.",0.0166666666666667
"mo3-1_u_mo3-1",2018,"Monument","High Control","Agoseris glauca",0.0166666666666667
"mo3-1_u_mo3-1",2018,"Monument","High Control","Ranunculus inamoenus",0.0166666666666667
"mo3-2_c1_pf3-5",2018,"Monument","Mid C1","Bromus carinatus",0.266666666666667
"mo3-2_c1_pf3-5",2018,"Monument","Mid C1","Erythronium grandiflorum",0.0666666666666667
"mo3-2_c1_pf3-5",2018,"Monument","Mid C1","Festuca rubra",0.2
"mo3-2_c1_pf3-5",2018,"Monument","Mid C1","Heliomeris multiflora",1
"mo3-2_c1_pf3-5",2018,"Monument","Mid C1","Lathyrus lanszwertii",0.0666666666666667
"mo3-2_c1_pf3-5",2018,"Monument","Mid C1","Ligusticum porteri",0.2
"mo3-2_c1_pf3-5",2018,"Monument","Mid C1","Linum lewisii",0.8
"mo3-2_c1_pf3-5",2018,"Monument","Mid C1","Mertensia fusiformis",0.0666666666666667
"mo3-2_c1_pf3-5",2018,"Monument","Mid C1","Poa reflexa",0.133333333333333
"mo3-2_c1_pf3-5",2018,"Monument","Mid C1","Potentilla pulcherrima",0.133333333333333
"mo3-2_c1_pf3-5",2018,"Monument","Mid C1","Senecio crassulus",0.133333333333333
"mo3-3_c2_um3-2",2018,"Monument","Low C2","Achillea millefolium",0.2
"mo3-3_c2_um3-2",2018,"Monument","Low C2","Bromus carinatus",0.0666666666666667
"mo3-3_c2_um3-2",2018,"Monument","Low C2","Delphinium nuttallianum",0.0666666666666667
"mo3-3_c2_um3-2",2018,"Monument","Low C2","Erigeron speciosus",0.2
"mo3-3_c2_um3-2",2018,"Monument","Low C2","Poa pratensis",0.333333333333333
"mo3-3_c2_um3-2",2018,"Monument","Low C2","Hymenoxys hoopesii",0.666666666666667
"mo3-3_c2_um3-2",2018,"Monument","Low C2","Lathyrus lanszwertii",0.0666666666666667
"mo3-3_c2_um3-2",2018,"Monument","Low C2","Linum lewisii",0.0666666666666667
"mo3-3_c2_um3-2",2018,"Monument","Low C2","Mertensia fusiformis",0.0666666666666667
"mo3-3_c2_um3-2",2018,"Monument","Low C2","Potentilla pulcherrima",0.533333333333333
"mo3-3_c2_um3-2",2018,"Monument","Low C2","Taraxacum officinale",0.0666666666666667
"mo3-3_c2_um3-2",2018,"Monument","Low C2","Stipa nelsonii",1
"mo3-3_c2_um3-2",2018,"Monument","Low C2","Valeriana occidentalis",0.266666666666667
"mo3-4_nu_mo3-4",2018,"Monument","High Control","Castilleja sulphurea",0.0444444444444444
"mo3-4_nu_mo3-4",2018,"Monument","High Control","Fragaria virginiana",0.2
"mo3-4_nu_mo3-4",2018,"Monument","High Control","Frasera speciosa",0.0222222222222222
"mo3-4_nu_mo3-4",2018,"Monument","High Control","Hymenoxys hoopesii",0.0444444444444444
"mo3-4_nu_mo3-4",2018,"Monument","High Control","Ligusticum porteri",1
"mo3-4_nu_mo3-4",2018,"Monument","High Control","Poa reflexa",0.0666666666666667
"mo3-4_nu_mo3-4",2018,"Monument","High Control","Senecio crassulus",0.0222222222222222
"mo3-4_nu_mo3-4",2018,"Monument","High Control","Agoseris glauca",0.0222222222222222
"mo3-4_nu_mo3-4",2018,"Monument","High Control","Noccaea fendleri",0.0222222222222222
"mo3-4_nu_mo3-4",2018,"Monument","High Control","Helianthella quinquenervis",0.0222222222222222
"mo3-4_nu_mo3-4",2018,"Monument","High Control","Epilobium sp.",0.0222222222222222
"mo3-4_nu_mo3-4",2018,"Monument","High Control","Ranunculus inamoenus",0.0222222222222222
"mo3-4_nu_mo3-4",2018,"Monument","High Control","Elymus repens",0.0222222222222222
"mo3-5_ws_mo3-5",2018,"Monument","High Control","Androsace septentrionalis",0.0714285714285714
"mo3-5_ws_mo3-5",2018,"Monument","High Control","Castilleja sulphurea",0.0714285714285714
"mo3-5_ws_mo3-5",2018,"Monument","High Control","Fragaria virginiana",0.714285714285714
"mo3-5_ws_mo3-5",2018,"Monument","High Control","Helianthella quinquenervis",0.0714285714285714
"mo3-5_ws_mo3-5",2018,"Monument","High Control","Hymenoxys hoopesii",1
"mo3-5_ws_mo3-5",2018,"Monument","High Control","Ligusticum porteri",0.785714285714286
"mo3-5_ws_mo3-5",2018,"Monument","High Control","Ranunculus inamoenus",0.0714285714285714
"mo3-5_ws_mo3-5",2018,"Monument","High Control","Agoseris glauca",0.0714285714285714
"mo3-5_ws_mo3-5",2018,"Monument","High Control","Noccaea fendleri",0.0714285714285714
"mo3-5_ws_mo3-5",2018,"Monument","High Control","Poa reflexa",0.142857142857143
"mo3-5_ws_mo3-5",2018,"Monument","High Control","Bromus carinatus",0.0714285714285714
"mo3-5_ws_mo3-5",2018,"Monument","High Control","Epilobium sp.",0.0714285714285714
"mo3-5_ws_mo3-5",2018,"Monument","High Control","Senecio crassulus",0.0714285714285714
"mo4-1_c1_pf4-5",2018,"Monument","Mid C1","Erythronium grandiflorum",0.0833333333333333
"mo4-1_c1_pf4-5",2018,"Monument","Mid C1","Festuca rubra",0.833333333333333
"mo4-1_c1_pf4-5",2018,"Monument","Mid C1","Helianthella quinquenervis",1
"mo4-1_c1_pf4-5",2018,"Monument","Mid C1","Heliomeris multiflora",0.0833333333333333
"mo4-1_c1_pf4-5",2018,"Monument","Mid C1","Hymenoxys hoopesii",0.0833333333333333
"mo4-1_c1_pf4-5",2018,"Monument","Mid C1","Lathyrus lanszwertii",0.333333333333333
"mo4-1_c1_pf4-5",2018,"Monument","Mid C1","Poa reflexa",0.333333333333333
"mo4-1_c1_pf4-5",2018,"Monument","Mid C1","Potentilla pulcherrima",0.5
"mo4-1_c1_pf4-5",2018,"Monument","Mid C1","Senecio crassulus",0.166666666666667
"mo4-1_c1_pf4-5",2018,"Monument","Mid C1","Viola nuttallii",0.0833333333333333
"mo4-1_c1_pf4-5",2018,"Monument","Mid C1","Ligusticum porteri",0.0833333333333333
"mo4-1_c1_pf4-5",2018,"Monument","Mid C1","Noccaea fendleri",0.0833333333333333
"mo4-1_c1_pf4-5",2018,"Monument","Mid C1","Bromus carinatus",0.0833333333333333
"mo4-1_c1_pf4-5",2018,"Monument","Mid C1","Elymus repens",0.0833333333333333
"mo4-1_c1_pf4-5",2018,"Monument","Mid C1","Epilobium sp.",0.0833333333333333
"mo4-2_nu_mo4-2",2018,"Monument","High Control","Castilleja sulphurea",0.1
"mo4-2_nu_mo4-2",2018,"Monument","High Control","Bromus carinatus",0.15
"mo4-2_nu_mo4-2",2018,"Monument","High Control","Erythronium grandiflorum",0.05
"mo4-2_nu_mo4-2",2018,"Monument","High Control","Fragaria virginiana",0.1
"mo4-2_nu_mo4-2",2018,"Monument","High Control","Frasera speciosa",0.15
"mo4-2_nu_mo4-2",2018,"Monument","High Control","Helianthella quinquenervis",1
"mo4-2_nu_mo4-2",2018,"Monument","High Control","Hymenoxys hoopesii",0.6
"mo4-2_nu_mo4-2",2018,"Monument","High Control","Ligusticum porteri",0.05
"mo4-2_nu_mo4-2",2018,"Monument","High Control","Lupinus sp.",0.65
"mo4-2_nu_mo4-2",2018,"Monument","High Control","Poa reflexa",0.2
"mo4-2_nu_mo4-2",2018,"Monument","High Control","Senecio crassulus",0.15
"mo4-2_nu_mo4-2",2018,"Monument","High Control","Viola nuttallii",0.1
"mo4-2_nu_mo4-2",2018,"Monument","High Control","Elymus bakeri",0.15
"mo4-2_nu_mo4-2",2018,"Monument","High Control","Epilobium sp.",0.05
"mo4-3_c2_um4-2",2018,"Monument","Low C2","Achillea millefolium",0.233333333333333
"mo4-3_c2_um4-2",2018,"Monument","Low C2","Elymus repens",0.0333333333333333
"mo4-3_c2_um4-2",2018,"Monument","Low C2","Carex sp.",0.0666666666666667
"mo4-3_c2_um4-2",2018,"Monument","Low C2","Poa pratensis",0.166666666666667
"mo4-3_c2_um4-2",2018,"Monument","Low C2","Hymenoxys hoopesii",0.2
"mo4-3_c2_um4-2",2018,"Monument","Low C2","Lathyrus lanszwertii",0.0333333333333333
"mo4-3_c2_um4-2",2018,"Monument","Low C2","Potentilla pulcherrima",0.0666666666666667
"mo4-3_c2_um4-2",2018,"Monument","Low C2","Taraxacum officinale",0.1
"mo4-3_c2_um4-2",2018,"Monument","Low C2","Valeriana occidentalis",1
"mo4-3_c2_um4-2",2018,"Monument","Low C2","Vicia americana",0.1
"mo4-3_c2_um4-2",2018,"Monument","Low C2","Ranunculus inamoenus",0.0333333333333333
"mo4-3_c2_um4-2",2018,"Monument","Low C2","Festuca thurberi",0.666666666666667
"mo4-3_c2_um4-2",2018,"Monument","Low C2","Lupinus sp.",0.0333333333333333
"mo4-3_c2_um4-2",2018,"Monument","Low C2","Fragaria virginiana",0.0333333333333333
"mo4-3_c2_um4-2",2018,"Monument","Low C2","Helianthella quinquenervis",0.0333333333333333
"mo4-3_c2_um4-2",2018,"Monument","Low C2","Agoseris aurantiaca",0.0333333333333333
"mo4-4_u_mo4-4",2018,"Monument","High Control","Androsace septentrionalis",0.0333333333333333
"mo4-4_u_mo4-4",2018,"Monument","High Control","Castilleja sulphurea",0.0333333333333333
"mo4-4_u_mo4-4",2018,"Monument","High Control","Fragaria virginiana",0.266666666666667
"mo4-4_u_mo4-4",2018,"Monument","High Control","Ligusticum porteri",0.0333333333333333
"mo4-4_u_mo4-4",2018,"Monument","High Control","Lupinus sp.",1
"mo4-4_u_mo4-4",2018,"Monument","High Control","Poa reflexa",0.333333333333333
"mo4-4_u_mo4-4",2018,"Monument","High Control","Rhodiola integrifolia",0.0333333333333333
"mo4-4_u_mo4-4",2018,"Monument","High Control","Senecio crassulus",0.1
"mo4-4_u_mo4-4",2018,"Monument","High Control","Noccaea fendleri",0.0333333333333333
"mo4-4_u_mo4-4",2018,"Monument","High Control","Agoseris glauca",0.0333333333333333
"mo4-4_u_mo4-4",2018,"Monument","High Control","Viola nuttallii",0.0666666666666667
"mo4-4_u_mo4-4",2018,"Monument","High Control","Gentianella campestris",0.0333333333333333
"mo4-4_u_mo4-4",2018,"Monument","High Control","Epilobium sp.",0.0333333333333333
"mo4-4_u_mo4-4",2018,"Monument","High Control","Taraxacum officinale",0.0333333333333333
"mo4-4_u_mo4-4",2018,"Monument","High Control","Helianthella quinquenervis",0.1
"mo4-4_u_mo4-4",2018,"Monument","High Control","Erigeron sp.",0.0333333333333333
"mo4-4_u_mo4-4",2018,"Monument","High Control","Hymenoxys hoopesii",0.0666666666666667
"mo4-4_u_mo4-4",2018,"Monument","High Control","Frasera speciosa",0.0333333333333333
"mo4-4_u_mo4-4",2018,"Monument","High Control","Boechera stricta",0.0333333333333333
"mo4-5_ws_mo4-1",2018,"Monument","High Control","Frasera speciosa",0.0769230769230769
"mo4-5_ws_mo4-1",2018,"Monument","High Control","Castilleja sulphurea",0.0769230769230769
"mo4-5_ws_mo4-1",2018,"Monument","High Control","Bromus carinatus",0.0769230769230769
"mo4-5_ws_mo4-1",2018,"Monument","High Control","Helianthella quinquenervis",0.846153846153846
"mo4-5_ws_mo4-1",2018,"Monument","High Control","Hymenoxys hoopesii",1
"mo4-5_ws_mo4-1",2018,"Monument","High Control","Ligusticum porteri",0.0769230769230769
"mo4-5_ws_mo4-1",2018,"Monument","High Control","Lupinus sp.",0.153846153846154
"mo4-5_ws_mo4-1",2018,"Monument","High Control","Poa reflexa",0.384615384615385
"mo4-5_ws_mo4-1",2018,"Monument","High Control","Viola nuttallii",0.0769230769230769
"mo4-5_ws_mo4-1",2018,"Monument","High Control","Noccaea fendleri",0.0769230769230769
"mo4-5_ws_mo4-1",2018,"Monument","High Control","Fragaria virginiana",0.0769230769230769
"mo4-5_ws_mo4-1",2018,"Monument","High Control","Epilobium sp.",0.0769230769230769
"mo4-5_ws_mo4-1",2018,"Monument","High Control","Geranium richardsonii",0.0769230769230769
"mo4-5_ws_mo4-1",2018,"Monument","High Control","Ranunculus inamoenus",0.0769230769230769
"mo4-5_ws_mo4-1",2018,"Monument","High Control","Erigeron coulteri",0.0769230769230769
"mo5-1_u_mo5-1",2018,"Monument","High Control","Castilleja sulphurea",0.05
"mo5-1_u_mo5-1",2018,"Monument","High Control","Frasera speciosa",0.05
"mo5-1_u_mo5-1",2018,"Monument","High Control","Helianthella quinquenervis",1
"mo5-1_u_mo5-1",2018,"Monument","High Control","Lupinus sp.",0.2
"mo5-1_u_mo5-1",2018,"Monument","High Control","Poa reflexa",0.15
"mo5-1_u_mo5-1",2018,"Monument","High Control","Ranunculus inamoenus",0.05
"mo5-1_u_mo5-1",2018,"Monument","High Control","Rhodiola integrifolia",0.35
"mo5-1_u_mo5-1",2018,"Monument","High Control","Senecio crassulus",0.15
"mo5-1_u_mo5-1",2018,"Monument","High Control","Agoseris glauca",0.05
"mo5-1_u_mo5-1",2018,"Monument","High Control","Symphyotrichum ascendens",0.2
"mo5-1_u_mo5-1",2018,"Monument","High Control","Epilobium sp.",0.05
"mo5-1_u_mo5-1",2018,"Monument","High Control","Viola nuttallii",0.05
"mo5-2_c2_um5-5",2018,"Monument","Low C2","Achillea millefolium",0.1
"mo5-2_c2_um5-5",2018,"Monument","Low C2","Bromus carinatus",0.1
"mo5-2_c2_um5-5",2018,"Monument","Low C2","Carex sp.",0.6
"mo5-2_c2_um5-5",2018,"Monument","Low C2","Hymenoxys hoopesii",0.7
"mo5-2_c2_um5-5",2018,"Monument","Low C2","Lathyrus lanszwertii",0.3
"mo5-2_c2_um5-5",2018,"Monument","Low C2","Stipa nelsonii",0.1
"mo5-2_c2_um5-5",2018,"Monument","Low C2","Potentilla pulcherrima",1
"mo5-2_c2_um5-5",2018,"Monument","Low C2","Viola nuttallii",0.1
"mo5-2_c2_um5-5",2018,"Monument","Low C2","Epilobium sp.",0.1
"mo5-2_c2_um5-5",2018,"Monument","Low C2","Mertensia fusiformis",0.1
"mo5-2_c2_um5-5",2018,"Monument","Low C2","Poa pratensis",0.1
"mo5-2_c2_um5-5",2018,"Monument","Low C2","Taraxacum officinale",0.1
"mo5-3_ws_mo5-4",2018,"Monument","High Control","Aquilegia caerulea",0.333333333333333
"mo5-3_ws_mo5-4",2018,"Monument","High Control","Fragaria virginiana",0.133333333333333
"mo5-3_ws_mo5-4",2018,"Monument","High Control","Frasera speciosa",0.0333333333333333
"mo5-3_ws_mo5-4",2018,"Monument","High Control","Geranium richardsonii",0.0333333333333333
"mo5-3_ws_mo5-4",2018,"Monument","High Control","Helianthella quinquenervis",1
"mo5-3_ws_mo5-4",2018,"Monument","High Control","Poa reflexa",0.2
"mo5-3_ws_mo5-4",2018,"Monument","High Control","Rhodiola integrifolia",0.0333333333333333
"mo5-3_ws_mo5-4",2018,"Monument","High Control","Senecio crassulus",0.0666666666666667
"mo5-3_ws_mo5-4",2018,"Monument","High Control","Epilobium sp.",0.0333333333333333
"mo5-3_ws_mo5-4",2018,"Monument","High Control","Hymenoxys hoopesii",0.0666666666666667
"mo5-3_ws_mo5-4",2018,"Monument","High Control","Viola nuttallii",0.0333333333333333
"mo5-3_ws_mo5-4",2018,"Monument","High Control","Mertensia fusiformis",0.0333333333333333
"mo5-3_ws_mo5-4",2018,"Monument","High Control","Erigeron sp.",0.0333333333333333
"mo5-4_c1_pf5-2",2018,"Monument","Mid C1","Elymus bakeri",0.2
"mo5-4_c1_pf5-2",2018,"Monument","Mid C1","Erythronium grandiflorum",0.0666666666666667
"mo5-4_c1_pf5-2",2018,"Monument","Mid C1","Fragaria virginiana",1
"mo5-4_c1_pf5-2",2018,"Monument","Mid C1","Heliomeris multiflora",0.8
"mo5-4_c1_pf5-2",2018,"Monument","Mid C1","Hymenoxys hoopesii",0.266666666666667
"mo5-4_c1_pf5-2",2018,"Monument","Mid C1","Ligusticum porteri",0.4
"mo5-4_c1_pf5-2",2018,"Monument","Mid C1","Potentilla pulcherrima",0.6
"mo5-4_c1_pf5-2",2018,"Monument","Mid C1","Senecio crassulus",0.2
"mo5-4_c1_pf5-2",2018,"Monument","Mid C1","Viola nuttallii",0.0666666666666667
"mo5-4_c1_pf5-2",2018,"Monument","Mid C1","Festuca rubra",0.333333333333333
"mo5-4_c1_pf5-2",2018,"Monument","Mid C1","Achillea millefolium",0.0666666666666667
"mo5-4_c1_pf5-2",2018,"Monument","Mid C1","Noccaea fendleri",0.0666666666666667
"mo5-4_c1_pf5-2",2018,"Monument","Mid C1","Helianthella quinquenervis",0.0666666666666667
"mo5-5_nu_mo5-5",2018,"Monument","High Control","Erythronium grandiflorum",0.04
"mo5-5_nu_mo5-5",2018,"Monument","High Control","Geranium richardsonii",0.2
"mo5-5_nu_mo5-5",2018,"Monument","High Control","Helianthella quinquenervis",0.92
"mo5-5_nu_mo5-5",2018,"Monument","High Control","Hydrophyllum capitatum",0.04
"mo5-5_nu_mo5-5",2018,"Monument","High Control","Hymenoxys hoopesii",0.24
"mo5-5_nu_mo5-5",2018,"Monument","High Control","Poa reflexa",0.08
"mo5-5_nu_mo5-5",2018,"Monument","High Control","Ranunculus inamoenus",0.04
"mo5-5_nu_mo5-5",2018,"Monument","High Control","Senecio crassulus",0.12
"mo5-5_nu_mo5-5",2018,"Monument","High Control","Valeriana edulis",1
"mo5-5_nu_mo5-5",2018,"Monument","High Control","Agoseris glauca",0.04
"mo5-5_nu_mo5-5",2018,"Monument","High Control","Rhodiola integrifolia",0.04
"mo5-5_nu_mo5-5",2018,"Monument","High Control","Epilobium sp.",0.04
"mo5-5_nu_mo5-5",2018,"Monument","High Control","Noccaea fendleri",0.04
"um1-2_w2_mo1-5",2018,"Upper Montane","High W2","Ligusticum porteri",0.0666666666666667
"um1-2_w2_mo1-5",2018,"Upper Montane","High W2","Senecio crassulus",0.0222222222222222
"um1-2_w2_mo1-5",2018,"Upper Montane","High W2","Hymenoxys hoopesii",0.177777777777778
"um1-2_w2_mo1-5",2018,"Upper Montane","High W2","Lupinus sp.",0.0888888888888889
"um1-2_w2_mo1-5",2018,"Upper Montane","High W2","Valeriana edulis",0.0666666666666667
"um1-2_w2_mo1-5",2018,"Upper Montane","High W2","Poa reflexa",0.644444444444444
"um1-2_w2_mo1-5",2018,"Upper Montane","High W2","Bromus carinatus",0.288888888888889
"um1-2_w2_mo1-5",2018,"Upper Montane","High W2","Aquilegia caerulea",0.244444444444444
"um1-2_w2_mo1-5",2018,"Upper Montane","High W2","Viola nuttallii",0.0444444444444444
"um1-2_w2_mo1-5",2018,"Upper Montane","High W2","Poa pratensis",1
"um1-2_w2_mo1-5",2018,"Upper Montane","High W2","Lathyrus lanszwertii",0.0666666666666667
"um1-2_w2_mo1-5",2018,"Upper Montane","High W2","Atriplex argentea",0.0222222222222222
"um1-2_w2_mo1-5",2018,"Upper Montane","High W2","Agoseris glauca",0.0222222222222222
"um1-2_w2_mo1-5",2018,"Upper Montane","High W2","Noccaea fendleri",0.0222222222222222
"um1-3_u_um1-3",2018,"Upper Montane","Low Control","Lathyrus lanszwertii",0.6
"um1-3_u_um1-3",2018,"Upper Montane","Low Control","Potentilla pulcherrima",0.36
"um1-3_u_um1-3",2018,"Upper Montane","Low Control","Elymus repens",0.16
"um1-3_u_um1-3",2018,"Upper Montane","Low Control","Poa pratensis",1
"um1-3_u_um1-3",2018,"Upper Montane","Low Control","Stipa nelsonii",0.48
"um1-3_u_um1-3",2018,"Upper Montane","Low Control","Mertensia fusiformis",0.04
"um1-3_u_um1-3",2018,"Upper Montane","Low Control","Viola nuttallii",0.36
"um1-3_u_um1-3",2018,"Upper Montane","Low Control","Carex sp.",0.04
"um1-3_u_um1-3",2018,"Upper Montane","Low Control","Tragopogon dubius",0.08
"um1-3_u_um1-3",2018,"Upper Montane","Low Control","Linum lewisii",0.04
"um1-3_u_um1-3",2018,"Upper Montane","Low Control","Achillea millefolium",0.32
"um1-3_u_um1-3",2018,"Upper Montane","Low Control","Melica spectabilis",0.04
"um1-3_u_um1-3",2018,"Upper Montane","Low Control","Hymenoxys hoopesii",0.04
"um1-4_ws_um1-1",2018,"Upper Montane","Low Control","Lathyrus lanszwertii",0.114285714285714
"um1-4_ws_um1-1",2018,"Upper Montane","Low Control","Stipa nelsonii",0.114285714285714
"um1-4_ws_um1-1",2018,"Upper Montane","Low Control","Potentilla pulcherrima",0.0428571428571429
"um1-4_ws_um1-1",2018,"Upper Montane","Low Control","Bromus carinatus",0.0285714285714286
"um1-4_ws_um1-1",2018,"Upper Montane","Low Control","Hymenoxys hoopesii",0.0142857142857143
"um1-4_ws_um1-1",2018,"Upper Montane","Low Control","Viola nuttallii",0.0428571428571429
"um1-4_ws_um1-1",2018,"Upper Montane","Low Control","Vicia americana",0.0142857142857143
"um1-4_ws_um1-1",2018,"Upper Montane","Low Control","Linum lewisii",0.0142857142857143
"um1-4_ws_um1-1",2018,"Upper Montane","Low Control","Erigeron speciosus",0.0285714285714286
"um1-4_ws_um1-1",2018,"Upper Montane","Low Control","Helianthella quinquenervis",0.0142857142857143
"um1-4_ws_um1-1",2018,"Upper Montane","Low Control","Heliomeris multiflora",0.0285714285714286
"um1-4_ws_um1-1",2018,"Upper Montane","Low Control","Taraxacum officinale",0.0285714285714286
"um1-4_ws_um1-1",2018,"Upper Montane","Low Control","Poa pratensis",1
"um1-4_ws_um1-1",2018,"Upper Montane","Low Control","Tragopogon dubius",0.0142857142857143
"um1-4_ws_um1-1",2018,"Upper Montane","Low Control","Achillea millefolium",0.0428571428571429
"um1-4_ws_um1-1",2018,"Upper Montane","Low Control","Mertensia fusiformis",0.0142857142857143
"um1-4_ws_um1-1",2018,"Upper Montane","Low Control","Campanula rotundifolia",0.0142857142857143
"um1-4_ws_um1-1",2018,"Upper Montane","Low Control","Melica spectabilis",0.0142857142857143
"um1-5_w1_pf1-4",2018,"Upper Montane","Mid W1","Viola nuttallii",0.0333333333333333
"um1-5_w1_pf1-4",2018,"Upper Montane","Mid W1","Poa reflexa",1
"um1-5_w1_pf1-4",2018,"Upper Montane","Mid W1","Melica spectabilis",0.0333333333333333
"um1-5_w1_pf1-4",2018,"Upper Montane","Mid W1","Erigeron speciosus",0.0333333333333333
"um1-5_w1_pf1-4",2018,"Upper Montane","Mid W1","Potentilla pulcherrima",0.0666666666666667
"um1-5_w1_pf1-4",2018,"Upper Montane","Mid W1","Lathyrus lanszwertii",0.133333333333333
"um1-5_w1_pf1-4",2018,"Upper Montane","Mid W1","Bromus carinatus",0.0333333333333333
"um1-5_w1_pf1-4",2018,"Upper Montane","Mid W1","Ligusticum porteri",0.0333333333333333
"um1-5_w1_pf1-4",2018,"Upper Montane","Mid W1","Heliomeris multiflora",0.133333333333333
"um1-5_w1_pf1-4",2018,"Upper Montane","Mid W1","Agoseris glauca",0.0333333333333333
"um1-5_w1_pf1-4",2018,"Upper Montane","Mid W1","Atriplex argentea",0.133333333333333
"um1-5_w1_pf1-4",2018,"Upper Montane","Mid W1","Taraxacum officinale",0.0333333333333333
"um1-5_w1_pf1-4",2018,"Upper Montane","Mid W1","Mertensia fusiformis",0.0333333333333333
"um1-5_w1_pf1-4",2018,"Upper Montane","Mid W1","Senecio crassulus",0.0333333333333333
"um2-1_w1_pf2-5",2018,"Upper Montane","Mid W1","Viola nuttallii",0.142857142857143
"um2-1_w1_pf2-5",2018,"Upper Montane","Mid W1","Poa reflexa",0.428571428571429
"um2-1_w1_pf2-5",2018,"Upper Montane","Mid W1","Senecio crassulus",0.571428571428571
"um2-1_w1_pf2-5",2018,"Upper Montane","Mid W1","Potentilla pulcherrima",1
"um2-1_w1_pf2-5",2018,"Upper Montane","Mid W1","Festuca rubra",0.142857142857143
"um2-1_w1_pf2-5",2018,"Upper Montane","Mid W1","Ligusticum porteri",0.714285714285714
"um2-1_w1_pf2-5",2018,"Upper Montane","Mid W1","Heliomeris multiflora",0.571428571428571
"um2-1_w1_pf2-5",2018,"Upper Montane","Mid W1","Agoseris glauca",0.142857142857143
"um2-1_w1_pf2-5",2018,"Upper Montane","Mid W1","Vicia americana",0.142857142857143
"um2-1_w1_pf2-5",2018,"Upper Montane","Mid W1","Elymus repens",0.142857142857143
"um2-1_w1_pf2-5",2018,"Upper Montane","Mid W1","Helianthella quinquenervis",0.142857142857143
"um2-1_w1_pf2-5",2018,"Upper Montane","Mid W1","Achillea millefolium",0.142857142857143
"um2-2_u_um2-2",2018,"Upper Montane","Low Control","Lathyrus lanszwertii",0.75
"um2-2_u_um2-2",2018,"Upper Montane","Low Control","Potentilla pulcherrima",1
"um2-2_u_um2-2",2018,"Upper Montane","Low Control","Poa pratensis",0.5
"um2-2_u_um2-2",2018,"Upper Montane","Low Control","Elymus repens",0.0625
"um2-2_u_um2-2",2018,"Upper Montane","Low Control","Stipa nelsonii",0.3125
"um2-2_u_um2-2",2018,"Upper Montane","Low Control","Achillea millefolium",0.125
"um2-2_u_um2-2",2018,"Upper Montane","Low Control","Draba spectabilis",0.0625
"um2-2_u_um2-2",2018,"Upper Montane","Low Control","Viola nuttallii",0.875
"um2-2_u_um2-2",2018,"Upper Montane","Low Control","Hymenoxys hoopesii",0.25
"um2-2_u_um2-2",2018,"Upper Montane","Low Control","Vicia americana",0.125
"um2-2_u_um2-2",2018,"Upper Montane","Low Control","Agoseris aurantiaca",0.0625
"um2-2_u_um2-2",2018,"Upper Montane","Low Control","Mertensia fusiformis",0.0625
"um2-2_u_um2-2",2018,"Upper Montane","Low Control","Taraxacum officinale",0.0625
"um2-2_u_um2-2",2018,"Upper Montane","Low Control","Ranunculus inamoenus",0.0625
"um2-2_u_um2-2",2018,"Upper Montane","Low Control","Carex sp.",0.0625
"um2-3_w2_mo2-1",2018,"Upper Montane","High W2","Senecio crassulus",0.0454545454545455
"um2-3_w2_mo2-1",2018,"Upper Montane","High W2","Hymenoxys hoopesii",0.0909090909090909
"um2-3_w2_mo2-1",2018,"Upper Montane","High W2","Lupinus sp.",0.136363636363636
"um2-3_w2_mo2-1",2018,"Upper Montane","High W2","Poa reflexa",0.181818181818182
"um2-3_w2_mo2-1",2018,"Upper Montane","High W2","Potentilla pulcherrima",0.181818181818182
"um2-3_w2_mo2-1",2018,"Upper Montane","High W2","Castilleja sulphurea",0.0454545454545455
"um2-3_w2_mo2-1",2018,"Upper Montane","High W2","Heterotheca pumila",1
"um2-3_w2_mo2-1",2018,"Upper Montane","High W2","Elymus repens",0.0454545454545455
"um2-3_w2_mo2-1",2018,"Upper Montane","High W2","Fragaria virginiana",0.0454545454545455
"um2-3_w2_mo2-1",2018,"Upper Montane","High W2","Agoseris glauca",0.0454545454545455
"um2-3_w2_mo2-1",2018,"Upper Montane","High W2","Noccaea fendleri",0.0454545454545455
"um2-4_nu_um2-4",2018,"Upper Montane","Low Control","Lathyrus lanszwertii",0.117647058823529
"um2-4_nu_um2-4",2018,"Upper Montane","Low Control","Potentilla pulcherrima",0.235294117647059
"um2-4_nu_um2-4",2018,"Upper Montane","Low Control","Bromus carinatus",0.0588235294117647
"um2-4_nu_um2-4",2018,"Upper Montane","Low Control","Poa pratensis",1
"um2-4_nu_um2-4",2018,"Upper Montane","Low Control","Achillea millefolium",0.117647058823529
"um2-4_nu_um2-4",2018,"Upper Montane","Low Control","Draba spectabilis",0.0588235294117647
"um2-4_nu_um2-4",2018,"Upper Montane","Low Control","Valeriana occidentalis",0.529411764705882
"um2-4_nu_um2-4",2018,"Upper Montane","Low Control","Melica spectabilis",0.0588235294117647
"um2-4_nu_um2-4",2018,"Upper Montane","Low Control","Taraxacum officinale",0.0588235294117647
"um2-4_nu_um2-4",2018,"Upper Montane","Low Control","Stipa nelsonii",0.352941176470588
"um2-5_ws_um2-5",2018,"Upper Montane","Low Control","Lathyrus lanszwertii",0.166666666666667
"um2-5_ws_um2-5",2018,"Upper Montane","Low Control","Potentilla pulcherrima",0.166666666666667
"um2-5_ws_um2-5",2018,"Upper Montane","Low Control","Bromus carinatus",0.166666666666667
"um2-5_ws_um2-5",2018,"Upper Montane","Low Control","Stipa nelsonii",0.833333333333333
"um2-5_ws_um2-5",2018,"Upper Montane","Low Control","Helianthella quinquenervis",1
"um2-5_ws_um2-5",2018,"Upper Montane","Low Control","Achillea millefolium",0.5
"um2-5_ws_um2-5",2018,"Upper Montane","Low Control","Hymenoxys hoopesii",1
"um2-5_ws_um2-5",2018,"Upper Montane","Low Control","Poa pratensis",0.166666666666667
"um2-5_ws_um2-5",2018,"Upper Montane","Low Control","Androsace septentrionalis",0.166666666666667
"um2-5_ws_um2-5",2018,"Upper Montane","Low Control","Mertensia fusiformis",0.166666666666667
"um2-5_ws_um2-5",2018,"Upper Montane","Low Control","Melica spectabilis",0.166666666666667
"um2-5_ws_um2-5",2018,"Upper Montane","Low Control","Noccaea fendleri",0.166666666666667
"um2-5_ws_um2-5",2018,"Upper Montane","Low Control","Viola nuttallii",0.166666666666667
"um2-5_ws_um2-5",2018,"Upper Montane","Low Control","Tragopogon dubius",0.166666666666667
"um2-5_ws_um2-5",2018,"Upper Montane","Low Control","Festuca thurberi",0.166666666666667
"um3-1_u_um3-1",2018,"Upper Montane","Low Control","Potentilla pulcherrima",1
"um3-1_u_um3-1",2018,"Upper Montane","Low Control","Poa pratensis",0.6
"um3-1_u_um3-1",2018,"Upper Montane","Low Control","Stipa nelsonii",0.04
"um3-1_u_um3-1",2018,"Upper Montane","Low Control","Achillea millefolium",0.08
"um3-1_u_um3-1",2018,"Upper Montane","Low Control","Taraxacum officinale",0.04
"um3-1_u_um3-1",2018,"Upper Montane","Low Control","Vicia americana",0.04
"um3-1_u_um3-1",2018,"Upper Montane","Low Control","Carex sp.",0.08
"um3-1_u_um3-1",2018,"Upper Montane","Low Control","Viola nuttallii",0.16
"um3-1_u_um3-1",2018,"Upper Montane","Low Control","Ranunculus inamoenus",0.04
"um3-1_u_um3-1",2018,"Upper Montane","Low Control","Androsace septentrionalis",0.04
"um3-1_u_um3-1",2018,"Upper Montane","Low Control","Hymenoxys hoopesii",0.04
"um3-1_u_um3-1",2018,"Upper Montane","Low Control","Erigeron speciosus",0.08
"um3-1_u_um3-1",2018,"Upper Montane","Low Control","Linum lewisii",0.04
"um3-2_w2_mo3-3",2018,"Upper Montane","High W2","Ligusticum porteri",0.0444444444444444
"um3-2_w2_mo3-3",2018,"Upper Montane","High W2","Senecio crassulus",0.0222222222222222
"um3-2_w2_mo3-3",2018,"Upper Montane","High W2","Noccaea fendleri",0.0222222222222222
"um3-2_w2_mo3-3",2018,"Upper Montane","High W2","Poa reflexa",0.0888888888888889
"um3-2_w2_mo3-3",2018,"Upper Montane","High W2","Castilleja sulphurea",0.0222222222222222
"um3-2_w2_mo3-3",2018,"Upper Montane","High W2","Heterotheca pumila",1
"um3-2_w2_mo3-3",2018,"Upper Montane","High W2","Atriplex argentea",0.0222222222222222
"um3-2_w2_mo3-3",2018,"Upper Montane","High W2","Hymenoxys hoopesii",0.0222222222222222
"um3-2_w2_mo3-3",2018,"Upper Montane","High W2","Agoseris glauca",0.0222222222222222
"um3-2_w2_mo3-3",2018,"Upper Montane","High W2","Helianthella quinquenervis",0.0222222222222222
"um3-4_w1_pf3-2",2018,"Upper Montane","Mid W1","Viola nuttallii",0.0588235294117647
"um3-4_w1_pf3-2",2018,"Upper Montane","Mid W1","Poa reflexa",1
"um3-4_w1_pf3-2",2018,"Upper Montane","Mid W1","Senecio crassulus",0.176470588235294
"um3-4_w1_pf3-2",2018,"Upper Montane","Mid W1","Mertensia fusiformis",0.0588235294117647
"um3-4_w1_pf3-2",2018,"Upper Montane","Mid W1","Potentilla pulcherrima",0.0588235294117647
"um3-4_w1_pf3-2",2018,"Upper Montane","Mid W1","Lathyrus lanszwertii",0.0588235294117647
"um3-4_w1_pf3-2",2018,"Upper Montane","Mid W1","Carex sp.",0.0588235294117647
"um3-4_w1_pf3-2",2018,"Upper Montane","Mid W1","Thalictrum fendleri",0.0588235294117647
"um3-4_w1_pf3-2",2018,"Upper Montane","Mid W1","Linum lewisii",0.0588235294117647
"um3-4_w1_pf3-2",2018,"Upper Montane","Mid W1","Bromus carinatus",0.352941176470588
"um3-4_w1_pf3-2",2018,"Upper Montane","Mid W1","Ligusticum porteri",0.235294117647059
"um3-4_w1_pf3-2",2018,"Upper Montane","Mid W1","Heliomeris multiflora",0.705882352941177
"um3-4_w1_pf3-2",2018,"Upper Montane","Mid W1","Agoseris glauca",0.117647058823529
"um3-4_w1_pf3-2",2018,"Upper Montane","Mid W1","Atriplex argentea",0.0588235294117647
"um3-4_w1_pf3-2",2018,"Upper Montane","Mid W1","Hymenoxys hoopesii",0.0588235294117647
"um3-5_nu_um3-5",2018,"Upper Montane","Low Control","Lathyrus lanszwertii",0.02
"um3-5_nu_um3-5",2018,"Upper Montane","Low Control","Elymus repens",0.02
"um3-5_nu_um3-5",2018,"Upper Montane","Low Control","Potentilla pulcherrima",1
"um3-5_nu_um3-5",2018,"Upper Montane","Low Control","Bromus carinatus",0.06
"um3-5_nu_um3-5",2018,"Upper Montane","Low Control","Poa pratensis",0.02
"um3-5_nu_um3-5",2018,"Upper Montane","Low Control","Stipa nelsonii",0.36
"um3-5_nu_um3-5",2018,"Upper Montane","Low Control","Achillea millefolium",0.08
"um3-5_nu_um3-5",2018,"Upper Montane","Low Control","Viola nuttallii",0.02
"um3-5_nu_um3-5",2018,"Upper Montane","Low Control","Taraxacum officinale",0.02
"um3-5_nu_um3-5",2018,"Upper Montane","Low Control","Vicia americana",0.02
"um3-5_nu_um3-5",2018,"Upper Montane","Low Control","Melica spectabilis",0.02
"um3-5_nu_um3-5",2018,"Upper Montane","Low Control","Agoseris aurantiaca",0.02
"um3-5_nu_um3-5",2018,"Upper Montane","Low Control","Atriplex argentea",0.02
"um3-5_nu_um3-5",2018,"Upper Montane","Low Control","Hymenoxys hoopesii",0.08
"um3-5_nu_um3-5",2018,"Upper Montane","Low Control","Campanula rotundifolia",0.02
"um3-5_nu_um3-5",2018,"Upper Montane","Low Control","Festuca thurberi",0.02
"um4-1_w1_pf4-2",2018,"Upper Montane","Mid W1","Androsace septentrionalis",0.1
"um4-1_w1_pf4-2",2018,"Upper Montane","Mid W1","Viola nuttallii",0.1
"um4-1_w1_pf4-2",2018,"Upper Montane","Mid W1","Poa reflexa",0.5
"um4-1_w1_pf4-2",2018,"Upper Montane","Mid W1","Senecio crassulus",0.6
"um4-1_w1_pf4-2",2018,"Upper Montane","Mid W1","Potentilla pulcherrima",0.8
"um4-1_w1_pf4-2",2018,"Upper Montane","Mid W1","Lathyrus lanszwertii",0.1
"um4-1_w1_pf4-2",2018,"Upper Montane","Mid W1","Thalictrum fendleri",1
"um4-1_w1_pf4-2",2018,"Upper Montane","Mid W1","Elymus repens",0.1
"um4-1_w1_pf4-2",2018,"Upper Montane","Mid W1","Heliomeris multiflora",0.3
"um4-1_w1_pf4-2",2018,"Upper Montane","Mid W1","Helianthella quinquenervis",0.3
"um4-1_w1_pf4-2",2018,"Upper Montane","Mid W1","Erigeron elatior",0.4
"um4-1_w1_pf4-2",2018,"Upper Montane","Mid W1","Hymenoxys hoopesii",0.3
"um4-2_w2_mo4-3",2018,"Upper Montane","High W2","Ligusticum porteri",0.1
"um4-2_w2_mo4-3",2018,"Upper Montane","High W2","Fragaria virginiana",0.4
"um4-2_w2_mo4-3",2018,"Upper Montane","High W2","Poa reflexa",1
"um4-2_w2_mo4-3",2018,"Upper Montane","High W2","Bromus carinatus",0.4
"um4-2_w2_mo4-3",2018,"Upper Montane","High W2","Helianthella quinquenervis",0.5
"um4-2_w2_mo4-3",2018,"Upper Montane","High W2","Castilleja sulphurea",0.1
"um4-2_w2_mo4-3",2018,"Upper Montane","High W2","Geranium richardsonii",0.1
"um4-2_w2_mo4-3",2018,"Upper Montane","High W2","Rhodiola integrifolia",0.2
"um4-2_w2_mo4-3",2018,"Upper Montane","High W2","Poa pratensis",0.1
"um4-2_w2_mo4-3",2018,"Upper Montane","High W2","Carex sp.",0.1
"um4-2_w2_mo4-3",2018,"Upper Montane","High W2","Potentilla pulcherrima",0.1
"um4-2_w2_mo4-3",2018,"Upper Montane","High W2","Vicia americana",0.1
"um4-2_w2_mo4-3",2018,"Upper Montane","High W2","Agoseris glauca",0.1
"um4-2_w2_mo4-3",2018,"Upper Montane","High W2","Hymenoxys hoopesii",0.1
"um4-2_w2_mo4-3",2018,"Upper Montane","High W2","Atriplex argentea",0.1
"um4-2_w2_mo4-3",2018,"Upper Montane","High W2","Noccaea fendleri",0.1
"um4-4_u_um4-4",2018,"Upper Montane","Low Control","Lathyrus lanszwertii",0.114285714285714
"um4-4_u_um4-4",2018,"Upper Montane","Low Control","Potentilla pulcherrima",0.228571428571429
"um4-4_u_um4-4",2018,"Upper Montane","Low Control","Poa pratensis",0.0571428571428571
"um4-4_u_um4-4",2018,"Upper Montane","Low Control","Mertensia fusiformis",0.0285714285714286
"um4-4_u_um4-4",2018,"Upper Montane","Low Control","Achillea millefolium",0.0285714285714286
"um4-4_u_um4-4",2018,"Upper Montane","Low Control","Carex sp.",0.0285714285714286
"um4-4_u_um4-4",2018,"Upper Montane","Low Control","Draba spectabilis",0.0285714285714286
"um4-4_u_um4-4",2018,"Upper Montane","Low Control","Valeriana occidentalis",1
"um4-4_u_um4-4",2018,"Upper Montane","Low Control","Hymenoxys hoopesii",0.571428571428571
"um4-4_u_um4-4",2018,"Upper Montane","Low Control","Bromus carinatus",0.0285714285714286
"um4-4_u_um4-4",2018,"Upper Montane","Low Control","Stipa nelsonii",0.0285714285714286
"um4-4_u_um4-4",2018,"Upper Montane","Low Control","Vicia americana",0.0285714285714286
"um4-3_nu_um4-3",2018,"Upper Montane","Low Control","Lathyrus lanszwertii",0.333333333333333
"um4-3_nu_um4-3",2018,"Upper Montane","Low Control","Potentilla pulcherrima",1
"um4-3_nu_um4-3",2018,"Upper Montane","Low Control","Poa pratensis",0.333333333333333
"um4-3_nu_um4-3",2018,"Upper Montane","Low Control","Achillea millefolium",0.333333333333333
"um4-3_nu_um4-3",2018,"Upper Montane","Low Control","Valeriana occidentalis",0.433333333333333
"um4-3_nu_um4-3",2018,"Upper Montane","Low Control","Hymenoxys hoopesii",0.266666666666667
"um4-3_nu_um4-3",2018,"Upper Montane","Low Control","Vicia americana",0.0666666666666667
"um4-3_nu_um4-3",2018,"Upper Montane","Low Control","Agoseris aurantiaca",0.0333333333333333
"um4-3_nu_um4-3",2018,"Upper Montane","Low Control","Carex sp.",0.0333333333333333
"um4-3_nu_um4-3",2018,"Upper Montane","Low Control","Draba spectabilis",0.0333333333333333
"um4-5_ws_um4-5",2018,"Upper Montane","Low Control","Lathyrus lanszwertii",0.0666666666666667
"um4-5_ws_um4-5",2018,"Upper Montane","Low Control","Potentilla pulcherrima",0.333333333333333
"um4-5_ws_um4-5",2018,"Upper Montane","Low Control","Elymus repens",0.0666666666666667
"um4-5_ws_um4-5",2018,"Upper Montane","Low Control","Poa pratensis",1
"um4-5_ws_um4-5",2018,"Upper Montane","Low Control","Achillea millefolium",0.133333333333333
"um4-5_ws_um4-5",2018,"Upper Montane","Low Control","Viola nuttallii",0.133333333333333
"um4-5_ws_um4-5",2018,"Upper Montane","Low Control","Taraxacum officinale",0.133333333333333
"um4-5_ws_um4-5",2018,"Upper Montane","Low Control","Vicia americana",0.0666666666666667
"um4-5_ws_um4-5",2018,"Upper Montane","Low Control","Hymenoxys hoopesii",0.133333333333333
"um4-5_ws_um4-5",2018,"Upper Montane","Low Control","Linum lewisii",0.0666666666666667
"um4-5_ws_um4-5",2018,"Upper Montane","Low Control","Ranunculus inamoenus",0.0666666666666667
"um4-5_ws_um4-5",2018,"Upper Montane","Low Control","Ligusticum porteri",0.0666666666666667
"um4-5_ws_um4-5",2018,"Upper Montane","Low Control","Carex sp.",0.0666666666666667
"um4-5_ws_um4-5",2018,"Upper Montane","Low Control","Draba spectabilis",0.0666666666666667
"um5-1_ws_um5-1",2018,"Upper Montane","Low Control","Lathyrus lanszwertii",0.0333333333333333
"um5-1_ws_um5-1",2018,"Upper Montane","Low Control","Bromus carinatus",0.0333333333333333
"um5-1_ws_um5-1",2018,"Upper Montane","Low Control","Potentilla pulcherrima",0.133333333333333
"um5-1_ws_um5-1",2018,"Upper Montane","Low Control","Poa pratensis",1
"um5-1_ws_um5-1",2018,"Upper Montane","Low Control","Achillea millefolium",0.166666666666667
"um5-1_ws_um5-1",2018,"Upper Montane","Low Control","Viola nuttallii",0.133333333333333
"um5-1_ws_um5-1",2018,"Upper Montane","Low Control","Taraxacum officinale",0.133333333333333
"um5-1_ws_um5-1",2018,"Upper Montane","Low Control","Castilleja sulphurea",0.0333333333333333
"um5-1_ws_um5-1",2018,"Upper Montane","Low Control","Mertensia fusiformis",0.0333333333333333
"um5-1_ws_um5-1",2018,"Upper Montane","Low Control","Artemisia tridentata",0.0333333333333333
"um5-1_ws_um5-1",2018,"Upper Montane","Low Control","Agoseris aurantiaca",0.0333333333333333
"um5-1_ws_um5-1",2018,"Upper Montane","Low Control","Hymenoxys hoopesii",0.0333333333333333
"um5-1_ws_um5-1",2018,"Upper Montane","Low Control","Stipa nelsonii",0.0333333333333333
"um5-2_nu_um5-2",2018,"Upper Montane","Low Control","Lathyrus lanszwertii",0.666666666666667
"um5-2_nu_um5-2",2018,"Upper Montane","Low Control","Potentilla pulcherrima",0.666666666666667
"um5-2_nu_um5-2",2018,"Upper Montane","Low Control","Poa pratensis",0.833333333333333
"um5-2_nu_um5-2",2018,"Upper Montane","Low Control","Stipa nelsonii",0.0833333333333333
"um5-2_nu_um5-2",2018,"Upper Montane","Low Control","Achillea millefolium",0.0833333333333333
"um5-2_nu_um5-2",2018,"Upper Montane","Low Control","Taraxacum officinale",0.0833333333333333
"um5-2_nu_um5-2",2018,"Upper Montane","Low Control","Collomia linearis",1
"um5-2_nu_um5-2",2018,"Upper Montane","Low Control","Hymenoxys hoopesii",0.333333333333333
"um5-2_nu_um5-2",2018,"Upper Montane","Low Control","Carex sp.",0.0833333333333333
"um5-2_nu_um5-2",2018,"Upper Montane","Low Control","Viola nuttallii",0.5
"um5-2_nu_um5-2",2018,"Upper Montane","Low Control","Agoseris aurantiaca",0.0833333333333333
"um5-2_nu_um5-2",2018,"Upper Montane","Low Control","Draba spectabilis",0.0833333333333333
"um5-2_nu_um5-2",2018,"Upper Montane","Low Control","Festuca thurberi",0.75
"um5-3_u_um5-3",2018,"Upper Montane","Low Control","Potentilla pulcherrima",0.166666666666667
"um5-3_u_um5-3",2018,"Upper Montane","Low Control","Bromus carinatus",0.0333333333333333
"um5-3_u_um5-3",2018,"Upper Montane","Low Control","Poa pratensis",0.666666666666667
"um5-3_u_um5-3",2018,"Upper Montane","Low Control","Stipa nelsonii",0.266666666666667
"um5-3_u_um5-3",2018,"Upper Montane","Low Control","Achillea millefolium",0.0333333333333333
"um5-3_u_um5-3",2018,"Upper Montane","Low Control","Viola nuttallii",0.0333333333333333
"um5-3_u_um5-3",2018,"Upper Montane","Low Control","Valeriana occidentalis",1
"um5-3_u_um5-3",2018,"Upper Montane","Low Control","Hymenoxys hoopesii",0.166666666666667
"um5-3_u_um5-3",2018,"Upper Montane","Low Control","Vicia americana",0.0333333333333333
"um5-3_u_um5-3",2018,"Upper Montane","Low Control","Carex sp.",0.133333333333333
"um5-3_u_um5-3",2018,"Upper Montane","Low Control","Noccaea fendleri",0.0333333333333333
"um5-3_u_um5-3",2018,"Upper Montane","Low Control","Agoseris aurantiaca",0.0333333333333333
"um5-3_u_um5-3",2018,"Upper Montane","Low Control","Taraxacum officinale",0.0333333333333333
"um5-4_w1_pf5-3",2018,"Upper Montane","Mid W1","Senecio crassulus",0.1
"um5-4_w1_pf5-3",2018,"Upper Montane","Mid W1","Potentilla pulcherrima",0.35
"um5-4_w1_pf5-3",2018,"Upper Montane","Mid W1","Festuca rubra",1
"um5-4_w1_pf5-3",2018,"Upper Montane","Mid W1","Bromus carinatus",0.05
"um5-4_w1_pf5-3",2018,"Upper Montane","Mid W1","Ligusticum porteri",0.4
"um5-4_w1_pf5-3",2018,"Upper Montane","Mid W1","Fragaria virginiana",0.3
"um5-4_w1_pf5-3",2018,"Upper Montane","Mid W1","Heliomeris multiflora",0.1
"um5-4_w1_pf5-3",2018,"Upper Montane","Mid W1","Agoseris glauca",0.05
"um5-4_w1_pf5-3",2018,"Upper Montane","Mid W1","Vicia americana",0.05
"um5-4_w1_pf5-3",2018,"Upper Montane","Mid W1","Helianthella quinquenervis",0.05
"um5-4_w1_pf5-3",2018,"Upper Montane","Mid W1","Achillea millefolium",0.05
"um5-5_w2_mo5-2",2018,"Upper Montane","High W2","Ligusticum porteri",0.666666666666667
"um5-5_w2_mo5-2",2018,"Upper Montane","High W2","Senecio crassulus",0.0666666666666667
"um5-5_w2_mo5-2",2018,"Upper Montane","High W2","Hymenoxys hoopesii",0.0666666666666667
"um5-5_w2_mo5-2",2018,"Upper Montane","High W2","Noccaea fendleri",0.0666666666666667
"um5-5_w2_mo5-2",2018,"Upper Montane","High W2","Valeriana edulis",0.266666666666667
"um5-5_w2_mo5-2",2018,"Upper Montane","High W2","Ranunculus inamoenus",0.0666666666666667
"um5-5_w2_mo5-2",2018,"Upper Montane","High W2","Poa reflexa",1
"um5-5_w2_mo5-2",2018,"Upper Montane","High W2","Potentilla pulcherrima",0.0666666666666667
"um5-5_w2_mo5-2",2018,"Upper Montane","High W2","Helianthella quinquenervis",0.2
"um5-5_w2_mo5-2",2018,"Upper Montane","High W2","Castilleja sulphurea",0.0666666666666667
"um5-5_w2_mo5-2",2018,"Upper Montane","High W2","Aquilegia caerulea",0.2
"um5-5_w2_mo5-2",2018,"Upper Montane","High W2","Agoseris glauca",0.0666666666666667
"um5-5_w2_mo5-2",2018,"Upper Montane","High W2","Atriplex argentea",0.0666666666666667
"um5-5_w2_mo5-2",2018,"Upper Montane","High W2","Erigeron sp.",0.0666666666666667
"um5-5_w2_mo5-2",2018,"Upper Montane","High W2","Poa pratensis",0.0666666666666667
"pf1-1_nu_pf1-1",2018,"Pfeiler","Mid Control","Melica spectabilis",0.05
"pf1-1_nu_pf1-1",2018,"Pfeiler","Mid Control","Bromus carinatus",0.3
"pf1-1_nu_pf1-1",2018,"Pfeiler","Mid Control","Festuca rubra",0.6
"pf1-1_nu_pf1-1",2018,"Pfeiler","Mid Control","Heliomeris multiflora",0.6
"pf1-1_nu_pf1-1",2018,"Pfeiler","Mid Control","Lathyrus lanszwertii",0.3
"pf1-1_nu_pf1-1",2018,"Pfeiler","Mid Control","Mertensia fusiformis",0.05
"pf1-1_nu_pf1-1",2018,"Pfeiler","Mid Control","Potentilla pulcherrima",1
"pf1-1_nu_pf1-1",2018,"Pfeiler","Mid Control","Senecio crassulus",0.35
"pf1-1_nu_pf1-1",2018,"Pfeiler","Mid Control","Viola nuttallii",0.3
"pf1-1_nu_pf1-1",2018,"Pfeiler","Mid Control","Poa reflexa",0.2
"pf1-1_nu_pf1-1",2018,"Pfeiler","Mid Control","Agoseris glauca",0.05
"pf1-1_nu_pf1-1",2018,"Pfeiler","Mid Control","Androsace septentrionalis",0.05
"pf1-1_nu_pf1-1",2018,"Pfeiler","Mid Control","Ligusticum porteri",0.05
"pf1-2_u_pf1-2",2018,"Pfeiler","Mid Control","Castilleja sulphurea",0.166666666666667
"pf1-2_u_pf1-2",2018,"Pfeiler","Mid Control","Bromus carinatus",0.0333333333333333
"pf1-2_u_pf1-2",2018,"Pfeiler","Mid Control","Festuca rubra",1
"pf1-2_u_pf1-2",2018,"Pfeiler","Mid Control","Heliomeris multiflora",0.366666666666667
"pf1-2_u_pf1-2",2018,"Pfeiler","Mid Control","Lathyrus lanszwertii",0.1
"pf1-2_u_pf1-2",2018,"Pfeiler","Mid Control","Poa reflexa",0.2
"pf1-2_u_pf1-2",2018,"Pfeiler","Mid Control","Potentilla pulcherrima",0.2
"pf1-2_u_pf1-2",2018,"Pfeiler","Mid Control","Senecio crassulus",0.133333333333333
"pf1-2_u_pf1-2",2018,"Pfeiler","Mid Control","Thalictrum fendleri",0.266666666666667
"pf1-2_u_pf1-2",2018,"Pfeiler","Mid Control","Viola nuttallii",0.133333333333333
"pf1-2_u_pf1-2",2018,"Pfeiler","Mid Control","Agoseris glauca",0.0333333333333333
"pf1-2_u_pf1-2",2018,"Pfeiler","Mid Control","Mertensia fusiformis",0.0333333333333333
"pf1-2_u_pf1-2",2018,"Pfeiler","Mid Control","Ligusticum porteri",0.0333333333333333
"pf1-3_ws_pf1-5",2018,"Pfeiler","Mid Control","Melica spectabilis",0.0625
"pf1-3_ws_pf1-5",2018,"Pfeiler","Mid Control","Bromus carinatus",0.125
"pf1-3_ws_pf1-5",2018,"Pfeiler","Mid Control","Erigeron speciosus",0.3125
"pf1-3_ws_pf1-5",2018,"Pfeiler","Mid Control","Heliomeris multiflora",1
"pf1-3_ws_pf1-5",2018,"Pfeiler","Mid Control","Ligusticum porteri",0.0625
"pf1-3_ws_pf1-5",2018,"Pfeiler","Mid Control","Poa reflexa",0.3125
"pf1-3_ws_pf1-5",2018,"Pfeiler","Mid Control","Potentilla pulcherrima",0.1875
"pf1-3_ws_pf1-5",2018,"Pfeiler","Mid Control","Senecio crassulus",0.1875
"pf1-3_ws_pf1-5",2018,"Pfeiler","Mid Control","Viola nuttallii",0.0625
"pf1-3_ws_pf1-5",2018,"Pfeiler","Mid Control","Elymus repens",0.25
"pf1-3_ws_pf1-5",2018,"Pfeiler","Mid Control","Helianthella quinquenervis",0.125
"pf1-3_ws_pf1-5",2018,"Pfeiler","Mid Control","Ranunculus inamoenus",0.0625
"pf1-3_ws_pf1-5",2018,"Pfeiler","Mid Control","Festuca rubra",0.0625
"pf1-5_w1_mo1-1",2018,"Pfeiler","High W1","Aquilegia caerulea",1
"pf1-5_w1_mo1-1",2018,"Pfeiler","High W1","Fragaria virginiana",0.333333333333333
"pf1-5_w1_mo1-1",2018,"Pfeiler","High W1","Hymenoxys hoopesii",0.166666666666667
"pf1-5_w1_mo1-1",2018,"Pfeiler","High W1","Ligusticum porteri",0.166666666666667
"pf1-5_w1_mo1-1",2018,"Pfeiler","High W1","Lupinus sp.",0.833333333333333
"pf1-5_w1_mo1-1",2018,"Pfeiler","High W1","Poa reflexa",0.666666666666667
"pf1-5_w1_mo1-1",2018,"Pfeiler","High W1","Potentilla pulcherrima",0.333333333333333
"pf1-5_w1_mo1-1",2018,"Pfeiler","High W1","Senecio crassulus",0.333333333333333
"pf1-5_w1_mo1-1",2018,"Pfeiler","High W1","Noccaea fendleri",0.166666666666667
"pf1-5_w1_mo1-1",2018,"Pfeiler","High W1","Ranunculus inamoenus",0.166666666666667
"pf1-5_w1_mo1-1",2018,"Pfeiler","High W1","Castilleja sulphurea",0.166666666666667
"pf1-5_w1_mo1-1",2018,"Pfeiler","High W1","Gentiana parryi",0.166666666666667
"pf1-5_w1_mo1-1",2018,"Pfeiler","High W1","Agoseris glauca",0.166666666666667
"pf1-5_w1_mo1-1",2018,"Pfeiler","High W1","Helianthella quinquenervis",0.166666666666667
"pf1-5_w1_mo1-1",2018,"Pfeiler","High W1","Epilobium sp.",0.166666666666667
"pf1-5_w1_mo1-1",2018,"Pfeiler","High W1","Androsace septentrionalis",0.166666666666667
"pf2-1_nu_pf2-1",2018,"Pfeiler","Mid Control","Bromus carinatus",0.266666666666667
"pf2-1_nu_pf2-1",2018,"Pfeiler","Mid Control","Festuca rubra",0.5
"pf2-1_nu_pf2-1",2018,"Pfeiler","Mid Control","Heliomeris multiflora",1
"pf2-1_nu_pf2-1",2018,"Pfeiler","Mid Control","Lathyrus lanszwertii",0.133333333333333
"pf2-1_nu_pf2-1",2018,"Pfeiler","Mid Control","Poa reflexa",0.4
"pf2-1_nu_pf2-1",2018,"Pfeiler","Mid Control","Potentilla pulcherrima",0.1
"pf2-1_nu_pf2-1",2018,"Pfeiler","Mid Control","Senecio crassulus",0.166666666666667
"pf2-1_nu_pf2-1",2018,"Pfeiler","Mid Control","Vicia americana",0.0333333333333333
"pf2-1_nu_pf2-1",2018,"Pfeiler","Mid Control","Viola nuttallii",0.0333333333333333
"pf2-1_nu_pf2-1",2018,"Pfeiler","Mid Control","Agoseris glauca",0.0333333333333333
"pf2-1_nu_pf2-1",2018,"Pfeiler","Mid Control","Hymenoxys hoopesii",0.0333333333333333
"pf2-1_nu_pf2-1",2018,"Pfeiler","Mid Control","Castilleja sulphurea",0.0333333333333333
"pf2-1_nu_pf2-1",2018,"Pfeiler","Mid Control","Taraxacum officinale",0.1
"pf2-1_nu_pf2-1",2018,"Pfeiler","Mid Control","Ranunculus inamoenus",0.0333333333333333
"pf2-1_nu_pf2-1",2018,"Pfeiler","Mid Control","Carex sp.",0.0333333333333333
"pf2-1_nu_pf2-1",2018,"Pfeiler","Mid Control","Androsace septentrionalis",0.0333333333333333
"pf2-2_c1_um2-1",2018,"Pfeiler","Low C1","Androsace septentrionalis",0.05
"pf2-2_c1_um2-1",2018,"Pfeiler","Low C1","Bromus carinatus",0.05
"pf2-2_c1_um2-1",2018,"Pfeiler","Low C1","Poa pratensis",1
"pf2-2_c1_um2-1",2018,"Pfeiler","Low C1","Hymenoxys hoopesii",0.15
"pf2-2_c1_um2-1",2018,"Pfeiler","Low C1","Lathyrus lanszwertii",0.05
"pf2-2_c1_um2-1",2018,"Pfeiler","Low C1","Potentilla pulcherrima",0.5
"pf2-2_c1_um2-1",2018,"Pfeiler","Low C1","Senecio crassulus",0.05
"pf2-2_c1_um2-1",2018,"Pfeiler","Low C1","Stipa nelsonii",0.15
"pf2-2_c1_um2-1",2018,"Pfeiler","Low C1","Viola nuttallii",0.2
"pf2-2_c1_um2-1",2018,"Pfeiler","Low C1","Heliomeris multiflora",0.05
"pf2-2_c1_um2-1",2018,"Pfeiler","Low C1","Mertensia fusiformis",0.05
"pf2-2_c1_um2-1",2018,"Pfeiler","Low C1","Ligusticum porteri",0.05
"pf2-2_c1_um2-1",2018,"Pfeiler","Low C1","Tragopogon dubius",0.05
"pf2-2_c1_um2-1",2018,"Pfeiler","Low C1","Agoseris aurantiaca",0.05
"pf2-2_c1_um2-1",2018,"Pfeiler","Low C1","Draba spectabilis",0.05
"pf2-3_w1_mo2-5",2018,"Pfeiler","High W1","Castilleja sulphurea",0.0434782608695652
"pf2-3_w1_mo2-5",2018,"Pfeiler","High W1","Heterotheca pumila",1
"pf2-3_w1_mo2-5",2018,"Pfeiler","High W1","Hymenoxys hoopesii",0.173913043478261
"pf2-3_w1_mo2-5",2018,"Pfeiler","High W1","Poa reflexa",0.260869565217391
"pf2-3_w1_mo2-5",2018,"Pfeiler","High W1","Potentilla pulcherrima",0.0434782608695652
"pf2-3_w1_mo2-5",2018,"Pfeiler","High W1","Senecio crassulus",0.0869565217391304
"pf2-3_w1_mo2-5",2018,"Pfeiler","High W1","Epilobium sp.",0.0434782608695652
"pf2-3_w1_mo2-5",2018,"Pfeiler","High W1","Thalictrum fendleri",0.0869565217391304
"pf2-3_w1_mo2-5",2018,"Pfeiler","High W1","Elymus repens",0.0869565217391304
"pf2-3_w1_mo2-5",2018,"Pfeiler","High W1","Noccaea fendleri",0.0434782608695652
"pf2-3_w1_mo2-5",2018,"Pfeiler","High W1","Viola nuttallii",0.0434782608695652
"pf2-4_u_pf2-4",2018,"Pfeiler","Mid Control","Melica spectabilis",0.0166666666666667
"pf2-4_u_pf2-4",2018,"Pfeiler","Mid Control","Bromus carinatus",0.0666666666666667
"pf2-4_u_pf2-4",2018,"Pfeiler","Mid Control","Fragaria virginiana",0.1
"pf2-4_u_pf2-4",2018,"Pfeiler","Mid Control","Festuca rubra",1
"pf2-4_u_pf2-4",2018,"Pfeiler","Mid Control","Helianthella quinquenervis",0.0666666666666667
"pf2-4_u_pf2-4",2018,"Pfeiler","Mid Control","Heliomeris multiflora",0.0166666666666667
"pf2-4_u_pf2-4",2018,"Pfeiler","Mid Control","Poa reflexa",0.0166666666666667
"pf2-4_u_pf2-4",2018,"Pfeiler","Mid Control","Potentilla pulcherrima",0.0666666666666667
"pf2-4_u_pf2-4",2018,"Pfeiler","Mid Control","Senecio crassulus",0.0666666666666667
"pf2-4_u_pf2-4",2018,"Pfeiler","Mid Control","Vicia americana",0.0166666666666667
"pf2-4_u_pf2-4",2018,"Pfeiler","Mid Control","Viola nuttallii",0.0166666666666667
"pf2-4_u_pf2-4",2018,"Pfeiler","Mid Control","Achillea millefolium",0.0166666666666667
"pf2-4_u_pf2-4",2018,"Pfeiler","Mid Control","Ranunculus inamoenus",0.0166666666666667
"pf2-4_u_pf2-4",2018,"Pfeiler","Mid Control","Agoseris glauca",0.0166666666666667
"pf2-4_u_pf2-4",2018,"Pfeiler","Mid Control","Castilleja sulphurea",0.0166666666666667
"pf2-5_ws_pf2-2",2018,"Pfeiler","Mid Control","Melica spectabilis",0.0285714285714286
"pf2-5_ws_pf2-2",2018,"Pfeiler","Mid Control","Castilleja sulphurea",0.228571428571429
"pf2-5_ws_pf2-2",2018,"Pfeiler","Mid Control","Bromus carinatus",0.114285714285714
"pf2-5_ws_pf2-2",2018,"Pfeiler","Mid Control","Festuca rubra",1
"pf2-5_ws_pf2-2",2018,"Pfeiler","Mid Control","Heliomeris multiflora",0.114285714285714
"pf2-5_ws_pf2-2",2018,"Pfeiler","Mid Control","Lathyrus lanszwertii",0.0285714285714286
"pf2-5_ws_pf2-2",2018,"Pfeiler","Mid Control","Ligusticum porteri",0.142857142857143
"pf2-5_ws_pf2-2",2018,"Pfeiler","Mid Control","Potentilla pulcherrima",0.0571428571428571
"pf2-5_ws_pf2-2",2018,"Pfeiler","Mid Control","Senecio crassulus",0.114285714285714
"pf2-5_ws_pf2-2",2018,"Pfeiler","Mid Control","Vicia americana",0.0285714285714286
"pf2-5_ws_pf2-2",2018,"Pfeiler","Mid Control","Viola nuttallii",0.0857142857142857
"pf2-5_ws_pf2-2",2018,"Pfeiler","Mid Control","Agoseris glauca",0.0285714285714286
"pf2-5_ws_pf2-2",2018,"Pfeiler","Mid Control","Mertensia fusiformis",0.0285714285714286
"pf2-5_ws_pf2-2",2018,"Pfeiler","Mid Control","Elymus repens",0.0285714285714286
"pf3-1_nu_pf3-1",2018,"Pfeiler","Mid Control","Melica spectabilis",0.0333333333333333
"pf3-1_nu_pf3-1",2018,"Pfeiler","Mid Control","Bromus carinatus",0.0666666666666667
"pf3-1_nu_pf3-1",2018,"Pfeiler","Mid Control","Fragaria virginiana",0.0333333333333333
"pf3-1_nu_pf3-1",2018,"Pfeiler","Mid Control","Festuca rubra",1
"pf3-1_nu_pf3-1",2018,"Pfeiler","Mid Control","Heliomeris multiflora",0.133333333333333
"pf3-1_nu_pf3-1",2018,"Pfeiler","Mid Control","Lathyrus lanszwertii",0.1
"pf3-1_nu_pf3-1",2018,"Pfeiler","Mid Control","Lupinus sp.",0.4
"pf3-1_nu_pf3-1",2018,"Pfeiler","Mid Control","Poa reflexa",0.166666666666667
"pf3-1_nu_pf3-1",2018,"Pfeiler","Mid Control","Potentilla pulcherrima",0.133333333333333
"pf3-1_nu_pf3-1",2018,"Pfeiler","Mid Control","Senecio crassulus",0.233333333333333
"pf3-1_nu_pf3-1",2018,"Pfeiler","Mid Control","Vicia americana",0.0333333333333333
"pf3-1_nu_pf3-1",2018,"Pfeiler","Mid Control","Viola nuttallii",0.0333333333333333
"pf3-1_nu_pf3-1",2018,"Pfeiler","Mid Control","Erigeron elatior",0.1
"pf3-1_nu_pf3-1",2018,"Pfeiler","Mid Control","Agoseris glauca",0.0333333333333333
"pf3-1_nu_pf3-1",2018,"Pfeiler","Mid Control","Elymus repens",0.0333333333333333
"pf3-1_nu_pf3-1",2018,"Pfeiler","Mid Control","Helianthella quinquenervis",0.0333333333333333
"pf3-1_nu_pf3-1",2018,"Pfeiler","Mid Control","Castilleja sulphurea",0.0333333333333333
"pf3-1_nu_pf3-1",2018,"Pfeiler","Mid Control","Erigeron speciosus",0.1
"pf3-2_ws_pf3-3",2018,"Pfeiler","Mid Control","Elymus repens",0.16
"pf3-2_ws_pf3-3",2018,"Pfeiler","Mid Control","Festuca rubra",1
"pf3-2_ws_pf3-3",2018,"Pfeiler","Mid Control","Heliomeris multiflora",0.12
"pf3-2_ws_pf3-3",2018,"Pfeiler","Mid Control","Lathyrus lanszwertii",0.08
"pf3-2_ws_pf3-3",2018,"Pfeiler","Mid Control","Ligusticum porteri",0.04
"pf3-2_ws_pf3-3",2018,"Pfeiler","Mid Control","Linum lewisii",0.04
"pf3-2_ws_pf3-3",2018,"Pfeiler","Mid Control","Poa reflexa",0.04
"pf3-2_ws_pf3-3",2018,"Pfeiler","Mid Control","Potentilla pulcherrima",0.4
"pf3-2_ws_pf3-3",2018,"Pfeiler","Mid Control","Senecio crassulus",0.16
"pf3-2_ws_pf3-3",2018,"Pfeiler","Mid Control","Agoseris glauca",0.04
"pf3-2_ws_pf3-3",2018,"Pfeiler","Mid Control","Vicia americana",0.04
"pf3-2_ws_pf3-3",2018,"Pfeiler","Mid Control","Mertensia fusiformis",0.04
"pf3-3_c1_um3-4",2018,"Pfeiler","Low C1","Bromus carinatus",0.0666666666666667
"pf3-3_c1_um3-4",2018,"Pfeiler","Low C1","Delphinium nuttallianum",0.0666666666666667
"pf3-3_c1_um3-4",2018,"Pfeiler","Low C1","Poa pratensis",0.533333333333333
"pf3-3_c1_um3-4",2018,"Pfeiler","Low C1","Hymenoxys hoopesii",0.2
"pf3-3_c1_um3-4",2018,"Pfeiler","Low C1","Lathyrus lanszwertii",0.0666666666666667
"pf3-3_c1_um3-4",2018,"Pfeiler","Low C1","Linum lewisii",0.0666666666666667
"pf3-3_c1_um3-4",2018,"Pfeiler","Low C1","Stipa nelsonii",0.6
"pf3-3_c1_um3-4",2018,"Pfeiler","Low C1","Mertensia fusiformis",0.0666666666666667
"pf3-3_c1_um3-4",2018,"Pfeiler","Low C1","Potentilla pulcherrima",0.133333333333333
"pf3-3_c1_um3-4",2018,"Pfeiler","Low C1","Taraxacum officinale",0.2
"pf3-3_c1_um3-4",2018,"Pfeiler","Low C1","Vicia americana",0.0666666666666667
"pf3-3_c1_um3-4",2018,"Pfeiler","Low C1","Viola nuttallii",0.0666666666666667
"pf3-3_c1_um3-4",2018,"Pfeiler","Low C1","Achillea millefolium",1
"pf3-3_c1_um3-4",2018,"Pfeiler","Low C1","Agoseris aurantiaca",0.0666666666666667
"pf3-3_c1_um3-4",2018,"Pfeiler","Low C1","Epilobium sp.",0.0666666666666667
"pf3-3_c1_um3-4",2018,"Pfeiler","Low C1","Androsace septentrionalis",0.0666666666666667
"pf3-4_u_pf3-4",2018,"Pfeiler","Mid Control","Melica spectabilis",0.0285714285714286
"pf3-4_u_pf3-4",2018,"Pfeiler","Mid Control","Erigeron speciosus",0.285714285714286
"pf3-4_u_pf3-4",2018,"Pfeiler","Mid Control","Festuca rubra",0.571428571428571
"pf3-4_u_pf3-4",2018,"Pfeiler","Mid Control","Heliomeris multiflora",0.0857142857142857
"pf3-4_u_pf3-4",2018,"Pfeiler","Mid Control","Lathyrus lanszwertii",0.0571428571428571
"pf3-4_u_pf3-4",2018,"Pfeiler","Mid Control","Ligusticum porteri",0.257142857142857
"pf3-4_u_pf3-4",2018,"Pfeiler","Mid Control","Linum lewisii",0.0285714285714286
"pf3-4_u_pf3-4",2018,"Pfeiler","Mid Control","Mertensia fusiformis",0.0285714285714286
"pf3-4_u_pf3-4",2018,"Pfeiler","Mid Control","Potentilla pulcherrima",0.257142857142857
"pf3-4_u_pf3-4",2018,"Pfeiler","Mid Control","Senecio crassulus",1
"pf3-4_u_pf3-4",2018,"Pfeiler","Mid Control","Agoseris glauca",0.0285714285714286
"pf3-4_u_pf3-4",2018,"Pfeiler","Mid Control","Viola nuttallii",0.0285714285714286
"pf3-4_u_pf3-4",2018,"Pfeiler","Mid Control","Elymus repens",0.0571428571428571
"pf3-5_w1_mo3-2",2018,"Pfeiler","High W1","Castilleja sulphurea",0.285714285714286
"pf3-5_w1_mo3-2",2018,"Pfeiler","High W1","Erigeron speciosus",0.142857142857143
"pf3-5_w1_mo3-2",2018,"Pfeiler","High W1","Erythronium grandiflorum",0.142857142857143
"pf3-5_w1_mo3-2",2018,"Pfeiler","High W1","Helianthella quinquenervis",0.428571428571429
"pf3-5_w1_mo3-2",2018,"Pfeiler","High W1","Heterotheca pumila",0.857142857142857
"pf3-5_w1_mo3-2",2018,"Pfeiler","High W1","Hymenoxys hoopesii",1
"pf3-5_w1_mo3-2",2018,"Pfeiler","High W1","Ligusticum porteri",0.857142857142857
"pf3-5_w1_mo3-2",2018,"Pfeiler","High W1","Poa reflexa",0.285714285714286
"pf3-5_w1_mo3-2",2018,"Pfeiler","High W1","Noccaea fendleri",0.142857142857143
"pf3-5_w1_mo3-2",2018,"Pfeiler","High W1","Potentilla pulcherrima",0.142857142857143
"pf3-5_w1_mo3-2",2018,"Pfeiler","High W1","Agoseris glauca",0.142857142857143
"pf3-5_w1_mo3-2",2018,"Pfeiler","High W1","Bromus carinatus",0.142857142857143
"pf3-5_w1_mo3-2",2018,"Pfeiler","High W1","Senecio crassulus",0.142857142857143
"pf3-5_w1_mo3-2",2018,"Pfeiler","High W1","Frasera speciosa",0.142857142857143
"pf4-1_nu_pf4-1",2018,"Pfeiler","Mid Control","Androsace septentrionalis",0.0588235294117647
"pf4-1_nu_pf4-1",2018,"Pfeiler","Mid Control","Castilleja sulphurea",0.705882352941177
"pf4-1_nu_pf4-1",2018,"Pfeiler","Mid Control","Bromus carinatus",0.235294117647059
"pf4-1_nu_pf4-1",2018,"Pfeiler","Mid Control","Erigeron speciosus",0.529411764705882
"pf4-1_nu_pf4-1",2018,"Pfeiler","Mid Control","Helianthella quinquenervis",1
"pf4-1_nu_pf4-1",2018,"Pfeiler","Mid Control","Heliomeris multiflora",0.941176470588235
"pf4-1_nu_pf4-1",2018,"Pfeiler","Mid Control","Lathyrus lanszwertii",0.470588235294118
"pf4-1_nu_pf4-1",2018,"Pfeiler","Mid Control","Ligusticum porteri",0.352941176470588
"pf4-1_nu_pf4-1",2018,"Pfeiler","Mid Control","Poa reflexa",0.176470588235294
"pf4-1_nu_pf4-1",2018,"Pfeiler","Mid Control","Senecio crassulus",0.235294117647059
"pf4-1_nu_pf4-1",2018,"Pfeiler","Mid Control","Vicia americana",0.0588235294117647
"pf4-1_nu_pf4-1",2018,"Pfeiler","Mid Control","Festuca rubra",0.0588235294117647
"pf4-1_nu_pf4-1",2018,"Pfeiler","Mid Control","Agoseris glauca",0.0588235294117647
"pf4-1_nu_pf4-1",2018,"Pfeiler","Mid Control","Potentilla pulcherrima",0.0588235294117647
"pf4-1_nu_pf4-1",2018,"Pfeiler","Mid Control","Osmorhiza occidentalis",0.0588235294117647
"pf4-2_ws_pf4-3",2018,"Pfeiler","Mid Control","Androsace septentrionalis",0.0333333333333333
"pf4-2_ws_pf4-3",2018,"Pfeiler","Mid Control","Castilleja sulphurea",0.0333333333333333
"pf4-2_ws_pf4-3",2018,"Pfeiler","Mid Control","Bromus carinatus",0.0333333333333333
"pf4-2_ws_pf4-3",2018,"Pfeiler","Mid Control","Erythronium grandiflorum",0.0333333333333333
"pf4-2_ws_pf4-3",2018,"Pfeiler","Mid Control","Festuca rubra",1
"pf4-2_ws_pf4-3",2018,"Pfeiler","Mid Control","Heliomeris multiflora",0.4
"pf4-2_ws_pf4-3",2018,"Pfeiler","Mid Control","Ligusticum porteri",0.0333333333333333
"pf4-2_ws_pf4-3",2018,"Pfeiler","Mid Control","Poa reflexa",0.1
"pf4-2_ws_pf4-3",2018,"Pfeiler","Mid Control","Potentilla pulcherrima",0.0333333333333333
"pf4-2_ws_pf4-3",2018,"Pfeiler","Mid Control","Senecio crassulus",0.0333333333333333
"pf4-2_ws_pf4-3",2018,"Pfeiler","Mid Control","Thalictrum fendleri",0.5
"pf4-2_ws_pf4-3",2018,"Pfeiler","Mid Control","Agoseris glauca",0.0333333333333333
"pf4-2_ws_pf4-3",2018,"Pfeiler","Mid Control","Helianthella quinquenervis",0.0333333333333333
"pf4-3_c1_um4-1",2018,"Pfeiler","Low C1","Achillea millefolium",0.0666666666666667
"pf4-3_c1_um4-1",2018,"Pfeiler","Low C1","Bromus carinatus",0.0666666666666667
"pf4-3_c1_um4-1",2018,"Pfeiler","Low C1","Poa pratensis",0.8
"pf4-3_c1_um4-1",2018,"Pfeiler","Low C1","Hymenoxys hoopesii",0.133333333333333
"pf4-3_c1_um4-1",2018,"Pfeiler","Low C1","Stipa nelsonii",0.0666666666666667
"pf4-3_c1_um4-1",2018,"Pfeiler","Low C1","Potentilla pulcherrima",0.133333333333333
"pf4-3_c1_um4-1",2018,"Pfeiler","Low C1","Valeriana occidentalis",1
"pf4-3_c1_um4-1",2018,"Pfeiler","Low C1","Carex sp.",0.266666666666667
"pf4-3_c1_um4-1",2018,"Pfeiler","Low C1","Heliomeris multiflora",0.0666666666666667
"pf4-3_c1_um4-1",2018,"Pfeiler","Low C1","Agoseris aurantiaca",0.0666666666666667
"pf4-3_c1_um4-1",2018,"Pfeiler","Low C1","Ranunculus inamoenus",0.0666666666666667
"pf4-3_c1_um4-1",2018,"Pfeiler","Low C1","Melica spectabilis",0.0666666666666667
"pf4-4_u_pf4-4",2018,"Pfeiler","Mid Control","Androsace septentrionalis",0.0666666666666667
"pf4-4_u_pf4-4",2018,"Pfeiler","Mid Control","Castilleja sulphurea",0.4
"pf4-4_u_pf4-4",2018,"Pfeiler","Mid Control","Bromus carinatus",0.0666666666666667
"pf4-4_u_pf4-4",2018,"Pfeiler","Mid Control","Festuca rubra",1
"pf4-4_u_pf4-4",2018,"Pfeiler","Mid Control","Helianthella quinquenervis",0.0666666666666667
"pf4-4_u_pf4-4",2018,"Pfeiler","Mid Control","Heliomeris multiflora",0.0666666666666667
"pf4-4_u_pf4-4",2018,"Pfeiler","Mid Control","Lathyrus lanszwertii",0.2
"pf4-4_u_pf4-4",2018,"Pfeiler","Mid Control","Potentilla pulcherrima",0.0666666666666667
"pf4-4_u_pf4-4",2018,"Pfeiler","Mid Control","Senecio crassulus",0.333333333333333
"pf4-4_u_pf4-4",2018,"Pfeiler","Mid Control","Thalictrum fendleri",0.666666666666667
"pf4-4_u_pf4-4",2018,"Pfeiler","Mid Control","Viola nuttallii",0.0666666666666667
"pf4-4_u_pf4-4",2018,"Pfeiler","Mid Control","Epilobium sp.",0.0666666666666667
"pf4-4_u_pf4-4",2018,"Pfeiler","Mid Control","Hymenoxys hoopesii",0.0666666666666667
"pf4-4_u_pf4-4",2018,"Pfeiler","Mid Control","Ligusticum porteri",0.133333333333333
"pf4-4_u_pf4-4",2018,"Pfeiler","Mid Control","Agoseris glauca",0.0666666666666667
"pf4-4_u_pf4-4",2018,"Pfeiler","Mid Control","Elymus repens",0.0666666666666667
"pf4-5_w1_mo4-5",2018,"Pfeiler","High W1","Castilleja sulphurea",0.0833333333333333
"pf4-5_w1_mo4-5",2018,"Pfeiler","High W1","Fragaria virginiana",1
"pf4-5_w1_mo4-5",2018,"Pfeiler","High W1","Helianthella quinquenervis",0.0833333333333333
"pf4-5_w1_mo4-5",2018,"Pfeiler","High W1","Hymenoxys hoopesii",0.0833333333333333
"pf4-5_w1_mo4-5",2018,"Pfeiler","High W1","Ligusticum porteri",0.0833333333333333
"pf4-5_w1_mo4-5",2018,"Pfeiler","High W1","Poa reflexa",0.416666666666667
"pf4-5_w1_mo4-5",2018,"Pfeiler","High W1","Rhodiola integrifolia",0.166666666666667
"pf4-5_w1_mo4-5",2018,"Pfeiler","High W1","Viola nuttallii",0.0833333333333333
"pf4-5_w1_mo4-5",2018,"Pfeiler","High W1","Noccaea fendleri",0.0833333333333333
"pf4-5_w1_mo4-5",2018,"Pfeiler","High W1","Epilobium sp.",0.0833333333333333
"pf4-5_w1_mo4-5",2018,"Pfeiler","High W1","Senecio crassulus",0.0833333333333333
"pf4-5_w1_mo4-5",2018,"Pfeiler","High W1","Ranunculus inamoenus",0.0833333333333333
"pf4-5_w1_mo4-5",2018,"Pfeiler","High W1","Lupinus sp.",0.0833333333333333
"pf4-5_w1_mo4-5",2018,"Pfeiler","High W1","Erythronium grandiflorum",0.0833333333333333
"pf4-5_w1_mo4-5",2018,"Pfeiler","High W1","Agoseris glauca",0.0833333333333333
"pf5-1_u_pf5-1",2018,"Pfeiler","Mid Control","Bromus carinatus",0.0133333333333333
"pf5-1_u_pf5-1",2018,"Pfeiler","Mid Control","Fragaria virginiana",0.466666666666667
"pf5-1_u_pf5-1",2018,"Pfeiler","Mid Control","Festuca rubra",0.0666666666666667
"pf5-1_u_pf5-1",2018,"Pfeiler","Mid Control","Ligusticum porteri",1
"pf5-1_u_pf5-1",2018,"Pfeiler","Mid Control","Poa reflexa",0.04
"pf5-1_u_pf5-1",2018,"Pfeiler","Mid Control","Potentilla pulcherrima",0.0133333333333333
"pf5-1_u_pf5-1",2018,"Pfeiler","Mid Control","Senecio crassulus",0.0266666666666667
"pf5-1_u_pf5-1",2018,"Pfeiler","Mid Control","Viola nuttallii",0.0133333333333333
"pf5-1_u_pf5-1",2018,"Pfeiler","Mid Control","Agoseris glauca",0.0133333333333333
"pf5-1_u_pf5-1",2018,"Pfeiler","Mid Control","Campanula rotundifolia",0.0133333333333333
"pf5-1_u_pf5-1",2018,"Pfeiler","Mid Control","Melica spectabilis",0.0133333333333333
"pf5-2_w1_mo5-3",2018,"Pfeiler","High W1","Castilleja sulphurea",0.142857142857143
"pf5-2_w1_mo5-3",2018,"Pfeiler","High W1","Frasera speciosa",0.142857142857143
"pf5-2_w1_mo5-3",2018,"Pfeiler","High W1","Geranium richardsonii",0.142857142857143
"pf5-2_w1_mo5-3",2018,"Pfeiler","High W1","Helianthella quinquenervis",0.142857142857143
"pf5-2_w1_mo5-3",2018,"Pfeiler","High W1","Hymenoxys hoopesii",0.857142857142857
"pf5-2_w1_mo5-3",2018,"Pfeiler","High W1","Ligusticum porteri",0.714285714285714
"pf5-2_w1_mo5-3",2018,"Pfeiler","High W1","Poa reflexa",1
"pf5-2_w1_mo5-3",2018,"Pfeiler","High W1","Potentilla pulcherrima",0.285714285714286
"pf5-2_w1_mo5-3",2018,"Pfeiler","High W1","Senecio crassulus",0.285714285714286
"pf5-2_w1_mo5-3",2018,"Pfeiler","High W1","Noccaea fendleri",0.142857142857143
"pf5-2_w1_mo5-3",2018,"Pfeiler","High W1","Heliomeris multiflora",0.142857142857143
"pf5-2_w1_mo5-3",2018,"Pfeiler","High W1","Achillea millefolium",0.142857142857143
"pf5-2_w1_mo5-3",2018,"Pfeiler","High W1","Bromus carinatus",0.142857142857143
"pf5-2_w1_mo5-3",2018,"Pfeiler","High W1","Androsace septentrionalis",0.142857142857143
"pf5-3_ws_pf5-4",2018,"Pfeiler","Mid Control","Bromus carinatus",0.05
"pf5-3_ws_pf5-4",2018,"Pfeiler","Mid Control","Fragaria virginiana",0.75
"pf5-3_ws_pf5-4",2018,"Pfeiler","Mid Control","Festuca rubra",1
"pf5-3_ws_pf5-4",2018,"Pfeiler","Mid Control","Helianthella quinquenervis",0.15
"pf5-3_ws_pf5-4",2018,"Pfeiler","Mid Control","Heliomeris multiflora",0.05
"pf5-3_ws_pf5-4",2018,"Pfeiler","Mid Control","Ligusticum porteri",0.05
"pf5-3_ws_pf5-4",2018,"Pfeiler","Mid Control","Poa reflexa",0.05
"pf5-3_ws_pf5-4",2018,"Pfeiler","Mid Control","Potentilla pulcherrima",0.15
"pf5-3_ws_pf5-4",2018,"Pfeiler","Mid Control","Senecio crassulus",0.25
"pf5-3_ws_pf5-4",2018,"Pfeiler","Mid Control","Lathyrus lanszwertii",0.05
"pf5-4_c1_um5-4",2018,"Pfeiler","Low C1","Achillea millefolium",0.1
"pf5-4_c1_um5-4",2018,"Pfeiler","Low C1","Bromus carinatus",0.05
"pf5-4_c1_um5-4",2018,"Pfeiler","Low C1","Poa pratensis",1
"pf5-4_c1_um5-4",2018,"Pfeiler","Low C1","Hymenoxys hoopesii",0.05
"pf5-4_c1_um5-4",2018,"Pfeiler","Low C1","Lathyrus lanszwertii",0.05
"pf5-4_c1_um5-4",2018,"Pfeiler","Low C1","Stipa nelsonii",0.05
"pf5-4_c1_um5-4",2018,"Pfeiler","Low C1","Potentilla pulcherrima",0.3
"pf5-4_c1_um5-4",2018,"Pfeiler","Low C1","Taraxacum officinale",0.05
"pf5-4_c1_um5-4",2018,"Pfeiler","Low C1","Draba spectabilis",0.05
"pf5-4_c1_um5-4",2018,"Pfeiler","Low C1","Valeriana occidentalis",0.5
"pf5-4_c1_um5-4",2018,"Pfeiler","Low C1","Viola nuttallii",0.05
"pf5-4_c1_um5-4",2018,"Pfeiler","Low C1","Melica spectabilis",0.05
"pf5-4_c1_um5-4",2018,"Pfeiler","Low C1","Helianthella quinquenervis",0.05
"pf5-4_c1_um5-4",2018,"Pfeiler","Low C1","Ligusticum porteri",0.05
"pf5-4_c1_um5-4",2018,"Pfeiler","Low C1","Tragopogon dubius",0.05
"pf5-4_c1_um5-4",2018,"Pfeiler","Low C1","Agoseris aurantiaca",0.05
"pf5-5_nu_pf5-5",2018,"Pfeiler","Mid Control","Castilleja sulphurea",0.0333333333333333
"pf5-5_nu_pf5-5",2018,"Pfeiler","Mid Control","Bromus carinatus",0.0333333333333333
"pf5-5_nu_pf5-5",2018,"Pfeiler","Mid Control","Erythronium grandiflorum",0.0333333333333333
"pf5-5_nu_pf5-5",2018,"Pfeiler","Mid Control","Fragaria virginiana",0.0333333333333333
"pf5-5_nu_pf5-5",2018,"Pfeiler","Mid Control","Festuca rubra",0.333333333333333
"pf5-5_nu_pf5-5",2018,"Pfeiler","Mid Control","Helianthella quinquenervis",1
"pf5-5_nu_pf5-5",2018,"Pfeiler","Mid Control","Heliomeris multiflora",0.2
"pf5-5_nu_pf5-5",2018,"Pfeiler","Mid Control","Ligusticum porteri",0.0333333333333333
"pf5-5_nu_pf5-5",2018,"Pfeiler","Mid Control","Poa reflexa",0.0666666666666667
"pf5-5_nu_pf5-5",2018,"Pfeiler","Mid Control","Potentilla pulcherrima",0.333333333333333
"pf5-5_nu_pf5-5",2018,"Pfeiler","Mid Control","Senecio crassulus",0.1
"pf5-5_nu_pf5-5",2018,"Pfeiler","Mid Control","Agoseris glauca",0.0333333333333333
"pf5-5_nu_pf5-5",2018,"Pfeiler","Mid Control","Viola nuttallii",0.0333333333333333
"pf5-5_nu_pf5-5",2018,"Pfeiler","Mid Control","Lupinus sp.",0.0333333333333333
"um1-2_w2_mo1-5",2021,"Upper Montane","High W2","Viola nuttallii",1
"um1-2_w2_mo1-5",2021,"Upper Montane","High W2","Ligusticum porteri",0.9
"um1-2_w2_mo1-5",2021,"Upper Montane","High W2","Collomia linearis",0.6
"um1-2_w2_mo1-5",2021,"Upper Montane","High W2","Hymenoxys hoopesii",0.5
"um1-2_w2_mo1-5",2021,"Upper Montane","High W2","Heliomeris multiflora",0.4
"um1-2_w2_mo1-5",2021,"Upper Montane","High W2","Lathyrus lanszwertii",0.4
"um1-2_w2_mo1-5",2021,"Upper Montane","High W2","Polygonum douglasii",0.4
"um1-2_w2_mo1-5",2021,"Upper Montane","High W2","Poa pratensis",0.3
"um1-2_w2_mo1-5",2021,"Upper Montane","High W2","Bromus carinatus",0.25
"um1-2_w2_mo1-5",2021,"Upper Montane","High W2","Atriplex argentea",0.05
"um1-3_u_um1-3",2021,"Upper Montane","Low Control","Viola nuttallii",1
"um1-3_u_um1-3",2021,"Upper Montane","Low Control","Lathyrus lanszwertii",0.4
"um1-3_u_um1-3",2021,"Upper Montane","Low Control","Poa pratensis",0.4
"um1-3_u_um1-3",2021,"Upper Montane","Low Control","Senecio integerrimus",0.32
"um1-3_u_um1-3",2021,"Upper Montane","Low Control","Achillea millefolium",0.24
"um1-3_u_um1-3",2021,"Upper Montane","Low Control","Potentilla pulcherrima",0.24
"um1-3_u_um1-3",2021,"Upper Montane","Low Control","Delphinium nuttallianum",0.2
"um1-3_u_um1-3",2021,"Upper Montane","Low Control","Hymenoxys hoopesii",0.12
"um1-3_u_um1-3",2021,"Upper Montane","Low Control","Melica spectabilis",0.12
"um1-3_u_um1-3",2021,"Upper Montane","Low Control","Polygonum douglasii",0.12
"um1-3_u_um1-3",2021,"Upper Montane","Low Control","Elymus repens",0.08
"um1-3_u_um1-3",2021,"Upper Montane","Low Control","Mertensia fusiformis",0.04
"um1-3_u_um1-3",2021,"Upper Montane","Low Control","Carex sp.",0.04
"um1-3_u_um1-3",2021,"Upper Montane","Low Control","Tragopogon dubius",0.04
"um1-4_ws_um1-1",2021,"Upper Montane","Low Control","Senecio integerrimus",1
"um1-4_ws_um1-1",2021,"Upper Montane","Low Control","Taraxacum officinale",0.6
"um1-4_ws_um1-1",2021,"Upper Montane","Low Control","Delphinium nuttallianum",0.4
"um1-4_ws_um1-1",2021,"Upper Montane","Low Control","Viola nuttallii",0.4
"um1-4_ws_um1-1",2021,"Upper Montane","Low Control","Heliomeris multiflora",0.32
"um1-4_ws_um1-1",2021,"Upper Montane","Low Control","Lathyrus lanszwertii",0.2
"um1-4_ws_um1-1",2021,"Upper Montane","Low Control","Helianthella quinquenervis",0.16
"um1-4_ws_um1-1",2021,"Upper Montane","Low Control","Melica spectabilis",0.12
"um1-4_ws_um1-1",2021,"Upper Montane","Low Control","Mertensia fusiformis",0.12
"um1-4_ws_um1-1",2021,"Upper Montane","Low Control","Bromus carinatus",0.08
"um1-4_ws_um1-1",2021,"Upper Montane","Low Control","Potentilla pulcherrima",0.08
"um1-4_ws_um1-1",2021,"Upper Montane","Low Control","Stipa nelsonii",0.08
"um1-4_ws_um1-1",2021,"Upper Montane","Low Control","Poa pratensis",0.08
"um1-4_ws_um1-1",2021,"Upper Montane","Low Control","Erigeron speciosus",0.04
"um1-4_ws_um1-1",2021,"Upper Montane","Low Control","Atriplex argentea",0.04
"um1-4_ws_um1-1",2021,"Upper Montane","Low Control","Polygonum douglasii",0.04
"um1-5_w1_pf1-4",2021,"Upper Montane","Mid W1","Heliomeris multiflora",1
"um1-5_w1_pf1-4",2021,"Upper Montane","Mid W1","Lathyrus lanszwertii",0.555555555555556
"um1-5_w1_pf1-4",2021,"Upper Montane","Mid W1","Mertensia fusiformis",0.444444444444444
"um1-5_w1_pf1-4",2021,"Upper Montane","Mid W1","Potentilla pulcherrima",0.444444444444444
"um1-5_w1_pf1-4",2021,"Upper Montane","Mid W1","Delphinium nuttallianum",0.277777777777778
"um1-5_w1_pf1-4",2021,"Upper Montane","Mid W1","Viola nuttallii",0.166666666666667
"um1-5_w1_pf1-4",2021,"Upper Montane","Mid W1","Bromus carinatus",0.111111111111111
"um1-5_w1_pf1-4",2021,"Upper Montane","Mid W1","Elymus repens",0.111111111111111
"um1-5_w1_pf1-4",2021,"Upper Montane","Mid W1","Taraxacum officinale",0.111111111111111
"um1-5_w1_pf1-4",2021,"Upper Montane","Mid W1","Noccaea fendleri",0.111111111111111
"um1-5_w1_pf1-4",2021,"Upper Montane","Mid W1","Collomia linearis",0.0555555555555556
"um1-5_w1_pf1-4",2021,"Upper Montane","Mid W1","Ligusticum porteri",0.0555555555555556
"um1-5_w1_pf1-4",2021,"Upper Montane","Mid W1","Stipa nelsonii",0.0555555555555556
"um1-5_w1_pf1-4",2021,"Upper Montane","Mid W1","Poa reflexa",0.0555555555555556
"um1-5_w1_pf1-4",2021,"Upper Montane","Mid W1","Achillea millefolium",0.0555555555555556
"um1-5_w1_pf1-4",2021,"Upper Montane","Mid W1","Atriplex argentea",0.0555555555555556
"um1-5_w1_pf1-4",2021,"Upper Montane","Mid W1","Melica spectabilis",0.0555555555555556
"um1-5_w1_pf1-4",2021,"Upper Montane","Mid W1","Polygonum douglasii",0.0555555555555556
"um1-5_w1_pf1-4",2021,"Upper Montane","Mid W1","Senecio crassulus",0.0555555555555556
"um1-5_w1_pf1-4",2021,"Upper Montane","Mid W1","Agoseris glauca",0.0555555555555556
"um2-1_w1_pf2-5",2021,"Upper Montane","Mid W1","Viola nuttallii",1
"um2-1_w1_pf2-5",2021,"Upper Montane","Mid W1","Potentilla pulcherrima",0.666666666666667
"um2-1_w1_pf2-5",2021,"Upper Montane","Mid W1","Melica spectabilis",0.333333333333333
"um2-1_w1_pf2-5",2021,"Upper Montane","Mid W1","Poa reflexa",0.2
"um2-1_w1_pf2-5",2021,"Upper Montane","Mid W1","Helianthella quinquenervis",0.133333333333333
"um2-1_w1_pf2-5",2021,"Upper Montane","Mid W1","Ligusticum porteri",0.133333333333333
"um2-1_w1_pf2-5",2021,"Upper Montane","Mid W1","Senecio crassulus",0.133333333333333
"um2-1_w1_pf2-5",2021,"Upper Montane","Mid W1","Achillea millefolium",0.0666666666666667
"um2-1_w1_pf2-5",2021,"Upper Montane","Mid W1","Agoseris glauca",0.0666666666666667
"um2-1_w1_pf2-5",2021,"Upper Montane","Mid W1","Erythronium grandiflorum",0.0666666666666667
"um2-1_w1_pf2-5",2021,"Upper Montane","Mid W1","Polygonum douglasii",0.0666666666666667
"um2-1_w1_pf2-5",2021,"Upper Montane","Mid W1","Lithophragma glabrum",0.0666666666666667
"um2-1_w1_pf2-5",2021,"Upper Montane","Mid W1","Delphinium nuttallianum",0.0666666666666667
"um2-2_u_um2-2",2021,"Upper Montane","Low Control","Achillea millefolium",1
"um2-2_u_um2-2",2021,"Upper Montane","Low Control","Potentilla pulcherrima",0.8
"um2-2_u_um2-2",2021,"Upper Montane","Low Control","Lathyrus lanszwertii",0.5
"um2-2_u_um2-2",2021,"Upper Montane","Low Control","Poa pratensis",0.5
"um2-2_u_um2-2",2021,"Upper Montane","Low Control","Viola nuttallii",0.5
"um2-2_u_um2-2",2021,"Upper Montane","Low Control","Bromus carinatus",0.3
"um2-2_u_um2-2",2021,"Upper Montane","Low Control","Delphinium nuttallianum",0.1
"um2-2_u_um2-2",2021,"Upper Montane","Low Control","Hymenoxys hoopesii",0.1
"um2-2_u_um2-2",2021,"Upper Montane","Low Control","Mertensia fusiformis",0.1
"um2-2_u_um2-2",2021,"Upper Montane","Low Control","Polygonum douglasii",0.1
"um2-2_u_um2-2",2021,"Upper Montane","Low Control","Senecio crassulus",0.1
"um2-2_u_um2-2",2021,"Upper Montane","Low Control","Stipa nelsonii",0.1
"um2-2_u_um2-2",2021,"Upper Montane","Low Control","Elymus repens",0.1
"um2-2_u_um2-2",2021,"Upper Montane","Low Control","Taraxacum officinale",0.1
"um2-3_w2_mo2-1",2021,"Upper Montane","High W2","Heterotheca pumila",1
"um2-3_w2_mo2-1",2021,"Upper Montane","High W2","Elymus repens",0.266666666666667
"um2-3_w2_mo2-1",2021,"Upper Montane","High W2","Potentilla pulcherrima",0.166666666666667
"um2-3_w2_mo2-1",2021,"Upper Montane","High W2","Hymenoxys hoopesii",0.0666666666666667
"um2-3_w2_mo2-1",2021,"Upper Montane","High W2","Lathyrus lanszwertii",0.0666666666666667
"um2-3_w2_mo2-1",2021,"Upper Montane","High W2","Achillea millefolium",0.0333333333333333
"um2-3_w2_mo2-1",2021,"Upper Montane","High W2","Erythronium grandiflorum",0.0333333333333333
"um2-3_w2_mo2-1",2021,"Upper Montane","High W2","Heliomeris multiflora",0.0333333333333333
"um2-3_w2_mo2-1",2021,"Upper Montane","High W2","Polygonum douglasii",0.0333333333333333
"um2-3_w2_mo2-1",2021,"Upper Montane","High W2","Viola nuttallii",0.0333333333333333
"um2-3_w2_mo2-1",2021,"Upper Montane","High W2","Artemisia tridentata",0.0333333333333333
"um2-3_w2_mo2-1",2021,"Upper Montane","High W2","Noccaea fendleri",0.0333333333333333
"um2-4_nu_um2-4",2021,"Upper Montane","Low Control","Taraxacum officinale",1
"um2-4_nu_um2-4",2021,"Upper Montane","Low Control","Achillea millefolium",0.6
"um2-4_nu_um2-4",2021,"Upper Montane","Low Control","Viola nuttallii",0.32
"um2-4_nu_um2-4",2021,"Upper Montane","Low Control","Potentilla pulcherrima",0.16
"um2-4_nu_um2-4",2021,"Upper Montane","Low Control","Lathyrus lanszwertii",0.12
"um2-4_nu_um2-4",2021,"Upper Montane","Low Control","Poa pratensis",0.12
"um2-4_nu_um2-4",2021,"Upper Montane","Low Control","Melica spectabilis",0.08
"um2-4_nu_um2-4",2021,"Upper Montane","Low Control","Stipa nelsonii",0.08
"um2-4_nu_um2-4",2021,"Upper Montane","Low Control","Valeriana occidentalis",0.08
"um2-4_nu_um2-4",2021,"Upper Montane","Low Control","Delphinium nuttallianum",0.04
"um2-4_nu_um2-4",2021,"Upper Montane","Low Control","Heliomeris multiflora",0.04
"um2-4_nu_um2-4",2021,"Upper Montane","Low Control","Hymenoxys hoopesii",0.04
"um2-5_ws_um2-5",2021,"Upper Montane","Low Control","Stipa nelsonii",1
"um2-5_ws_um2-5",2021,"Upper Montane","Low Control","Thalictrum fendleri",0.444444444444444
"um2-5_ws_um2-5",2021,"Upper Montane","Low Control","Helianthella quinquenervis",0.444444444444444
"um2-5_ws_um2-5",2021,"Upper Montane","Low Control","Achillea millefolium",0.277777777777778
"um2-5_ws_um2-5",2021,"Upper Montane","Low Control","Bromus carinatus",0.277777777777778
"um2-5_ws_um2-5",2021,"Upper Montane","Low Control","Lathyrus lanszwertii",0.277777777777778
"um2-5_ws_um2-5",2021,"Upper Montane","Low Control","Melica spectabilis",0.277777777777778
"um2-5_ws_um2-5",2021,"Upper Montane","Low Control","Tragopogon dubius",0.166666666666667
"um2-5_ws_um2-5",2021,"Upper Montane","Low Control","Poa pratensis",0.111111111111111
"um2-5_ws_um2-5",2021,"Upper Montane","Low Control","Delphinium nuttallianum",0.0555555555555556
"um2-5_ws_um2-5",2021,"Upper Montane","Low Control","Polygonum douglasii",0.0555555555555556
"um2-5_ws_um2-5",2021,"Upper Montane","Low Control","Potentilla pulcherrima",0.0555555555555556
"um2-5_ws_um2-5",2021,"Upper Montane","Low Control","Atriplex argentea",0.0555555555555556
"um2-5_ws_um2-5",2021,"Upper Montane","Low Control","Viola nuttallii",0.0555555555555556
"um3-1_u_um3-1",2021,"Upper Montane","Low Control","Potentilla pulcherrima",1
"um3-1_u_um3-1",2021,"Upper Montane","Low Control","Carex sp.",0.8
"um3-1_u_um3-1",2021,"Upper Montane","Low Control","Erigeron speciosus",0.8
"um3-1_u_um3-1",2021,"Upper Montane","Low Control","Taraxacum officinale",0.5
"um3-1_u_um3-1",2021,"Upper Montane","Low Control","Viola nuttallii",0.5
"um3-1_u_um3-1",2021,"Upper Montane","Low Control","Lathyrus lanszwertii",0.4
"um3-1_u_um3-1",2021,"Upper Montane","Low Control","Hymenoxys hoopesii",0.3
"um3-1_u_um3-1",2021,"Upper Montane","Low Control","Delphinium nuttallianum",0.2
"um3-1_u_um3-1",2021,"Upper Montane","Low Control","Mertensia fusiformis",0.2
"um3-1_u_um3-1",2021,"Upper Montane","Low Control","Stipa nelsonii",0.2
"um3-1_u_um3-1",2021,"Upper Montane","Low Control","Melica spectabilis",0.1
"um3-1_u_um3-1",2021,"Upper Montane","Low Control","Senecio crassulus",0.1
"um3-1_u_um3-1",2021,"Upper Montane","Low Control","Achillea millefolium",0.1
"um3-1_u_um3-1",2021,"Upper Montane","Low Control","Elymus repens",0.1
"um3-2_w2_mo3-3",2021,"Upper Montane","High W2","Heterotheca pumila",1
"um3-2_w2_mo3-3",2021,"Upper Montane","High W2","Castilleja sulphurea",0.051948051948052
"um3-2_w2_mo3-3",2021,"Upper Montane","High W2","Hymenoxys hoopesii",0.051948051948052
"um3-2_w2_mo3-3",2021,"Upper Montane","High W2","Helianthella quinquenervis",0.038961038961039
"um3-2_w2_mo3-3",2021,"Upper Montane","High W2","Ligusticum porteri",0.038961038961039
"um3-2_w2_mo3-3",2021,"Upper Montane","High W2","Poa reflexa",0.025974025974026
"um3-2_w2_mo3-3",2021,"Upper Montane","High W2","Erythronium grandiflorum",0.012987012987013
"um3-2_w2_mo3-3",2021,"Upper Montane","High W2","Mertensia fusiformis",0.012987012987013
"um3-2_w2_mo3-3",2021,"Upper Montane","High W2","Stipa nelsonii",0.012987012987013
"um3-2_w2_mo3-3",2021,"Upper Montane","High W2","Artemisia tridentata",0.012987012987013
"um3-2_w2_mo3-3",2021,"Upper Montane","High W2","Potentilla pulcherrima",0.012987012987013
"um3-2_w2_mo3-3",2021,"Upper Montane","High W2","Viola nuttallii",0.012987012987013
"um3-2_w2_mo3-3",2021,"Upper Montane","High W2","Agoseris glauca",0.012987012987013
"um3-4_w1_pf3-2",2021,"Upper Montane","Mid W1","Heliomeris multiflora",1
"um3-4_w1_pf3-2",2021,"Upper Montane","Mid W1","Ligusticum porteri",0.666666666666667
"um3-4_w1_pf3-2",2021,"Upper Montane","Mid W1","Bromus carinatus",0.4
"um3-4_w1_pf3-2",2021,"Upper Montane","Mid W1","Carex sp.",0.333333333333333
"um3-4_w1_pf3-2",2021,"Upper Montane","Mid W1","Mertensia fusiformis",0.333333333333333
"um3-4_w1_pf3-2",2021,"Upper Montane","Mid W1","Potentilla pulcherrima",0.333333333333333
"um3-4_w1_pf3-2",2021,"Upper Montane","Mid W1","Thalictrum fendleri",0.333333333333333
"um3-4_w1_pf3-2",2021,"Upper Montane","Mid W1","Viola nuttallii",0.2
"um3-4_w1_pf3-2",2021,"Upper Montane","Mid W1","Campanula rotundifolia",0.133333333333333
"um3-4_w1_pf3-2",2021,"Upper Montane","Mid W1","Hymenoxys hoopesii",0.133333333333333
"um3-4_w1_pf3-2",2021,"Upper Montane","Mid W1","Artemisia tridentata",0.0666666666666667
"um3-4_w1_pf3-2",2021,"Upper Montane","Mid W1","Atriplex argentea",0.0666666666666667
"um3-4_w1_pf3-2",2021,"Upper Montane","Mid W1","Castilleja sulphurea",0.0666666666666667
"um3-4_w1_pf3-2",2021,"Upper Montane","Mid W1","Agoseris glauca",0.0666666666666667
"um3-4_w1_pf3-2",2021,"Upper Montane","Mid W1","Linum lewisii",0.0666666666666667
"um3-5_nu_um3-5",2021,"Upper Montane","Low Control","Potentilla pulcherrima",1
"um3-5_nu_um3-5",2021,"Upper Montane","Low Control","Stipa nelsonii",1
"um3-5_nu_um3-5",2021,"Upper Montane","Low Control","Senecio crassulus",0.32
"um3-5_nu_um3-5",2021,"Upper Montane","Low Control","Viola nuttallii",0.16
"um3-5_nu_um3-5",2021,"Upper Montane","Low Control","Achillea millefolium",0.12
"um3-5_nu_um3-5",2021,"Upper Montane","Low Control","Bromus carinatus",0.12
"um3-5_nu_um3-5",2021,"Upper Montane","Low Control","Lathyrus lanszwertii",0.08
"um3-5_nu_um3-5",2021,"Upper Montane","Low Control","Melica spectabilis",0.08
"um3-5_nu_um3-5",2021,"Upper Montane","Low Control","Poa pratensis",0.08
"um3-5_nu_um3-5",2021,"Upper Montane","Low Control","Agoseris aurantiaca",0.04
"um3-5_nu_um3-5",2021,"Upper Montane","Low Control","Campanula rotundifolia",0.04
"um4-1_w1_pf4-2",2021,"Upper Montane","Mid W1","Helianthella quinquenervis",1
"um4-1_w1_pf4-2",2021,"Upper Montane","Mid W1","Heliomeris multiflora",1
"um4-1_w1_pf4-2",2021,"Upper Montane","Mid W1","Poa reflexa",1
"um4-1_w1_pf4-2",2021,"Upper Montane","Mid W1","Potentilla pulcherrima",0.75
"um4-1_w1_pf4-2",2021,"Upper Montane","Mid W1","Hymenoxys hoopesii",0.625
"um4-1_w1_pf4-2",2021,"Upper Montane","Mid W1","Elymus repens",0.375
"um4-1_w1_pf4-2",2021,"Upper Montane","Mid W1","Thalictrum fendleri",0.375
"um4-1_w1_pf4-2",2021,"Upper Montane","Mid W1","Lathyrus lanszwertii",0.25
"um4-1_w1_pf4-2",2021,"Upper Montane","Mid W1","Stipa nelsonii",0.125
"um4-1_w1_pf4-2",2021,"Upper Montane","Mid W1","Viola nuttallii",0.125
"um4-2_w2_mo4-3",2021,"Upper Montane","High W2","Helianthella quinquenervis",1
"um4-2_w2_mo4-3",2021,"Upper Montane","High W2","Taraxacum officinale",0.666666666666667
"um4-2_w2_mo4-3",2021,"Upper Montane","High W2","Rhodiola integrifolia",0.333333333333333
"um4-2_w2_mo4-3",2021,"Upper Montane","High W2","Senecio crassulus",0.333333333333333
"um4-2_w2_mo4-3",2021,"Upper Montane","High W2","Fragaria virginiana",0.2
"um4-2_w2_mo4-3",2021,"Upper Montane","High W2","Lathyrus lanszwertii",0.2
"um4-2_w2_mo4-3",2021,"Upper Montane","High W2","Potentilla pulcherrima",0.2
"um4-2_w2_mo4-3",2021,"Upper Montane","High W2","Hymenoxys hoopesii",0.133333333333333
"um4-2_w2_mo4-3",2021,"Upper Montane","High W2","Melica spectabilis",0.133333333333333
"um4-2_w2_mo4-3",2021,"Upper Montane","High W2","Achillea millefolium",0.0666666666666667
"um4-2_w2_mo4-3",2021,"Upper Montane","High W2","Bromus carinatus",0.0666666666666667
"um4-2_w2_mo4-3",2021,"Upper Montane","High W2","Erythronium grandiflorum",0.0666666666666667
"um4-2_w2_mo4-3",2021,"Upper Montane","High W2","Poa pratensis",0.0666666666666667
"um4-2_w2_mo4-3",2021,"Upper Montane","High W2","Poa reflexa",0.0666666666666667
"um4-3_nu_um4-3",2021,"Upper Montane","Low Control","Viola nuttallii",1
"um4-3_nu_um4-3",2021,"Upper Montane","Low Control","Potentilla pulcherrima",0.333333333333333
"um4-3_nu_um4-3",2021,"Upper Montane","Low Control","Hymenoxys hoopesii",0.233333333333333
"um4-3_nu_um4-3",2021,"Upper Montane","Low Control","Lathyrus lanszwertii",0.2
"um4-3_nu_um4-3",2021,"Upper Montane","Low Control","Valeriana occidentalis",0.166666666666667
"um4-3_nu_um4-3",2021,"Upper Montane","Low Control","Carex sp.",0.0666666666666667
"um4-3_nu_um4-3",2021,"Upper Montane","Low Control","Draba spectabilis",0.0666666666666667
"um4-3_nu_um4-3",2021,"Upper Montane","Low Control","Bromus carinatus",0.0333333333333333
"um4-3_nu_um4-3",2021,"Upper Montane","Low Control","Mertensia fusiformis",0.0333333333333333
"um4-3_nu_um4-3",2021,"Upper Montane","Low Control","Poa pratensis",0.0333333333333333
"um4-3_nu_um4-3",2021,"Upper Montane","Low Control","Senecio crassulus",0.0333333333333333
"um4-3_nu_um4-3",2021,"Upper Montane","Low Control","Achillea millefolium",0.0333333333333333
"um4-4_u_um4-4",2021,"Upper Montane","Low Control","Hymenoxys hoopesii",1
"um4-4_u_um4-4",2021,"Upper Montane","Low Control","Potentilla pulcherrima",0.666666666666667
"um4-4_u_um4-4",2021,"Upper Montane","Low Control","Lathyrus lanszwertii",0.555555555555556
"um4-4_u_um4-4",2021,"Upper Montane","Low Control","Achillea millefolium",0.444444444444444
"um4-4_u_um4-4",2021,"Upper Montane","Low Control","Bromus carinatus",0.166666666666667
"um4-4_u_um4-4",2021,"Upper Montane","Low Control","Poa pratensis",0.111111111111111
"um4-4_u_um4-4",2021,"Upper Montane","Low Control","Valeriana occidentalis",0.0555555555555556
"um4-5_ws_um4-5",2021,"Upper Montane","Low Control","Achillea millefolium",1
"um4-5_ws_um4-5",2021,"Upper Montane","Low Control","Poa pratensis",0.5
"um4-5_ws_um4-5",2021,"Upper Montane","Low Control","Potentilla pulcherrima",0.5
"um4-5_ws_um4-5",2021,"Upper Montane","Low Control","Senecio crassulus",0.3
"um4-5_ws_um4-5",2021,"Upper Montane","Low Control","Elymus repens",0.2
"um4-5_ws_um4-5",2021,"Upper Montane","Low Control","Delphinium nuttallianum",0.2
"um4-5_ws_um4-5",2021,"Upper Montane","Low Control","Melica spectabilis",0.2
"um4-5_ws_um4-5",2021,"Upper Montane","Low Control","Viola nuttallii",0.2
"um4-5_ws_um4-5",2021,"Upper Montane","Low Control","Ligusticum porteri",0.1
"um4-5_ws_um4-5",2021,"Upper Montane","Low Control","Taraxacum officinale",0.1
"um4-5_ws_um4-5",2021,"Upper Montane","Low Control","Linum lewisii",0.1
"um5-1_ws_um5-1",2021,"Upper Montane","Low Control","Poa pratensis",1
"um5-1_ws_um5-1",2021,"Upper Montane","Low Control","Artemisia tridentata",0.8
"um5-1_ws_um5-1",2021,"Upper Montane","Low Control","Potentilla pulcherrima",0.6
"um5-1_ws_um5-1",2021,"Upper Montane","Low Control","Achillea millefolium",0.5
"um5-1_ws_um5-1",2021,"Upper Montane","Low Control","Taraxacum officinale",0.4
"um5-1_ws_um5-1",2021,"Upper Montane","Low Control","Viola nuttallii",0.4
"um5-1_ws_um5-1",2021,"Upper Montane","Low Control","Agoseris aurantiaca",0.3
"um5-1_ws_um5-1",2021,"Upper Montane","Low Control","Mertensia fusiformis",0.3
"um5-1_ws_um5-1",2021,"Upper Montane","Low Control","Stipa nelsonii",0.3
"um5-1_ws_um5-1",2021,"Upper Montane","Low Control","Elymus repens",0.2
"um5-1_ws_um5-1",2021,"Upper Montane","Low Control","Melica spectabilis",0.2
"um5-1_ws_um5-1",2021,"Upper Montane","Low Control","Delphinium nuttallianum",0.1
"um5-2_nu_um5-2",2021,"Upper Montane","Low Control","Festuca thurberi",1
"um5-2_nu_um5-2",2021,"Upper Montane","Low Control","Lathyrus lanszwertii",0.611111111111111
"um5-2_nu_um5-2",2021,"Upper Montane","Low Control","Agoseris aurantiaca",0.444444444444444
"um5-2_nu_um5-2",2021,"Upper Montane","Low Control","Collomia linearis",0.444444444444444
"um5-2_nu_um5-2",2021,"Upper Montane","Low Control","Potentilla pulcherrima",0.444444444444444
"um5-2_nu_um5-2",2021,"Upper Montane","Low Control","Viola nuttallii",0.444444444444444
"um5-2_nu_um5-2",2021,"Upper Montane","Low Control","Taraxacum officinale",0.333333333333333
"um5-2_nu_um5-2",2021,"Upper Montane","Low Control","Achillea millefolium",0.166666666666667
"um5-2_nu_um5-2",2021,"Upper Montane","Low Control","Bromus carinatus",0.166666666666667
"um5-2_nu_um5-2",2021,"Upper Montane","Low Control","Carex sp.",0.111111111111111
"um5-2_nu_um5-2",2021,"Upper Montane","Low Control","Stipa nelsonii",0.111111111111111
"um5-2_nu_um5-2",2021,"Upper Montane","Low Control","Hymenoxys hoopesii",0.0555555555555556
"um5-3_u_um5-3",2021,"Upper Montane","Low Control","Carex sp.",1
"um5-3_u_um5-3",2021,"Upper Montane","Low Control","Hymenoxys hoopesii",0.8
"um5-3_u_um5-3",2021,"Upper Montane","Low Control","Stipa nelsonii",0.533333333333333
"um5-3_u_um5-3",2021,"Upper Montane","Low Control","Viola nuttallii",0.466666666666667
"um5-3_u_um5-3",2021,"Upper Montane","Low Control","Potentilla pulcherrima",0.333333333333333
"um5-3_u_um5-3",2021,"Upper Montane","Low Control","Taraxacum officinale",0.266666666666667
"um5-3_u_um5-3",2021,"Upper Montane","Low Control","Achillea millefolium",0.2
"um5-4_w1_pf5-3",2021,"Upper Montane","Mid W1","Bromus carinatus",1
"um5-4_w1_pf5-3",2021,"Upper Montane","Mid W1","Potentilla pulcherrima",0.666666666666667
"um5-4_w1_pf5-3",2021,"Upper Montane","Mid W1","Festuca rubra",0.533333333333333
"um5-4_w1_pf5-3",2021,"Upper Montane","Mid W1","Heliomeris multiflora",0.333333333333333
"um5-4_w1_pf5-3",2021,"Upper Montane","Mid W1","Poa pratensis",0.333333333333333
"um5-4_w1_pf5-3",2021,"Upper Montane","Mid W1","Achillea millefolium",0.2
"um5-4_w1_pf5-3",2021,"Upper Montane","Mid W1","Agoseris glauca",0.2
"um5-4_w1_pf5-3",2021,"Upper Montane","Mid W1","Elymus repens",0.2
"um5-4_w1_pf5-3",2021,"Upper Montane","Mid W1","Fragaria virginiana",0.2
"um5-4_w1_pf5-3",2021,"Upper Montane","Mid W1","Lathyrus lanszwertii",0.2
"um5-4_w1_pf5-3",2021,"Upper Montane","Mid W1","Viola nuttallii",0.2
"um5-4_w1_pf5-3",2021,"Upper Montane","Mid W1","Melica spectabilis",0.133333333333333
"um5-4_w1_pf5-3",2021,"Upper Montane","Mid W1","Collomia linearis",0.0666666666666667
"um5-5_w2_mo5-2",2021,"Upper Montane","High W2","Ligusticum porteri",1
"um5-5_w2_mo5-2",2021,"Upper Montane","High W2","Helianthella quinquenervis",0.666666666666667
"um5-5_w2_mo5-2",2021,"Upper Montane","High W2","Potentilla pulcherrima",0.666666666666667
"um5-5_w2_mo5-2",2021,"Upper Montane","High W2","Aquilegia caerulea",0.5
"um5-5_w2_mo5-2",2021,"Upper Montane","High W2","Poa reflexa",0.333333333333333
"um5-5_w2_mo5-2",2021,"Upper Montane","High W2","Hymenoxys hoopesii",0.25
"um5-5_w2_mo5-2",2021,"Upper Montane","High W2","Tragopogon dubius",0.25
"um5-5_w2_mo5-2",2021,"Upper Montane","High W2","Agoseris glauca",0.166666666666667
"um5-5_w2_mo5-2",2021,"Upper Montane","High W2","Collomia linearis",0.166666666666667
"um5-5_w2_mo5-2",2021,"Upper Montane","High W2","Lathyrus lanszwertii",0.166666666666667
"um5-5_w2_mo5-2",2021,"Upper Montane","High W2","Achillea millefolium",0.0833333333333333
"um4-4_u_um4-4",2021,"Upper Montane","Low Control","Viola nuttallii",0.555555555555556
"um4-4_u_um4-4",2021,"Upper Montane","Low Control","Senecio integerrimus",0.111111111111111
"um4-4_u_um4-4",2021,"Upper Montane","Low Control","Delphinium nuttallianum",0.0555555555555556
"pf1-1_nu_pf1-1",2021,"Pfeiler","Mid Control","Festuca rubra",0.375
"pf1-1_nu_pf1-1",2021,"Pfeiler","Mid Control","Heliomeris multiflora",0.1875
"pf1-1_nu_pf1-1",2021,"Pfeiler","Mid Control","Lathyrus lanszwertii",0.3125
"pf1-1_nu_pf1-1",2021,"Pfeiler","Mid Control","Melica spectabilis",0.125
"pf1-1_nu_pf1-1",2021,"Pfeiler","Mid Control","Potentilla pulcherrima",1
"pf1-1_nu_pf1-1",2021,"Pfeiler","Mid Control","Senecio crassulus",0.375
"pf1-1_nu_pf1-1",2021,"Pfeiler","Mid Control","Viola nuttallii",0.0625
"pf1-1_nu_pf1-1",2021,"Pfeiler","Mid Control","Bromus carinatus",0.3125
"pf1-1_nu_pf1-1",2021,"Pfeiler","Mid Control","Erythronium grandiflorum",0.0625
"pf1-2_u_pf1-2",2021,"Pfeiler","Mid Control","Bromus carinatus",0.227272727272727
"pf1-2_u_pf1-2",2021,"Pfeiler","Mid Control","Castilleja sulphurea",0.363636363636364
"pf1-2_u_pf1-2",2021,"Pfeiler","Mid Control","Festuca rubra",1
"pf1-2_u_pf1-2",2021,"Pfeiler","Mid Control","Heliomeris multiflora",0.227272727272727
"pf1-2_u_pf1-2",2021,"Pfeiler","Mid Control","Lathyrus lanszwertii",0.0909090909090909
"pf1-2_u_pf1-2",2021,"Pfeiler","Mid Control","Mertensia fusiformis",0.0909090909090909
"pf1-2_u_pf1-2",2021,"Pfeiler","Mid Control","Poa reflexa",0.363636363636364
"pf1-2_u_pf1-2",2021,"Pfeiler","Mid Control","Potentilla pulcherrima",0.363636363636364
"pf1-2_u_pf1-2",2021,"Pfeiler","Mid Control","Senecio crassulus",0.0909090909090909
"pf1-2_u_pf1-2",2021,"Pfeiler","Mid Control","Thalictrum fendleri",0.818181818181818
"pf1-2_u_pf1-2",2021,"Pfeiler","Mid Control","Viola nuttallii",0.181818181818182
"pf1-2_u_pf1-2",2021,"Pfeiler","Mid Control","Melica spectabilis",0.0454545454545455
"pf1-3_ws_pf1-5",2021,"Pfeiler","Mid Control","Bromus carinatus",0.133333333333333
"pf1-3_ws_pf1-5",2021,"Pfeiler","Mid Control","Elymus repens",0.2
"pf1-3_ws_pf1-5",2021,"Pfeiler","Mid Control","Erigeron speciosus",1
"pf1-3_ws_pf1-5",2021,"Pfeiler","Mid Control","Helianthella quinquenervis",0.333333333333333
"pf1-3_ws_pf1-5",2021,"Pfeiler","Mid Control","Heliomeris multiflora",0.333333333333333
"pf1-3_ws_pf1-5",2021,"Pfeiler","Mid Control","Ligusticum porteri",0.133333333333333
"pf1-3_ws_pf1-5",2021,"Pfeiler","Mid Control","Melica spectabilis",0.133333333333333
"pf1-3_ws_pf1-5",2021,"Pfeiler","Mid Control","Poa reflexa",0.533333333333333
"pf1-3_ws_pf1-5",2021,"Pfeiler","Mid Control","Potentilla pulcherrima",0.333333333333333
"pf1-3_ws_pf1-5",2021,"Pfeiler","Mid Control","Senecio crassulus",1
"pf1-3_ws_pf1-5",2021,"Pfeiler","Mid Control","Viola nuttallii",0.266666666666667
"pf1-3_ws_pf1-5",2021,"Pfeiler","Mid Control","Erythronium grandiflorum",0.0666666666666667
"pf1-3_ws_pf1-5",2021,"Pfeiler","Mid Control","Fragaria virginiana",0.0666666666666667
"pf1-5_w1_mo1-1",2021,"Pfeiler","High W1","Agoseris glauca",0.133333333333333
"pf1-5_w1_mo1-1",2021,"Pfeiler","High W1","Castilleja sulphurea",0.133333333333333
"pf1-5_w1_mo1-1",2021,"Pfeiler","High W1","Fragaria virginiana",0.133333333333333
"pf1-5_w1_mo1-1",2021,"Pfeiler","High W1","Hymenoxys hoopesii",0.133333333333333
"pf1-5_w1_mo1-1",2021,"Pfeiler","High W1","Ligusticum porteri",0.8
"pf1-5_w1_mo1-1",2021,"Pfeiler","High W1","Lupinus sp.",0.133333333333333
"pf1-5_w1_mo1-1",2021,"Pfeiler","High W1","Poa reflexa",1
"pf1-5_w1_mo1-1",2021,"Pfeiler","High W1","Potentilla pulcherrima",0.533333333333333
"pf1-5_w1_mo1-1",2021,"Pfeiler","High W1","Senecio crassulus",0.133333333333333
"pf1-5_w1_mo1-1",2021,"Pfeiler","High W1","Heliomeris multiflora",0.333333333333333
"pf1-5_w1_mo1-1",2021,"Pfeiler","High W1","Bromus carinatus",0.2
"pf1-5_w1_mo1-1",2021,"Pfeiler","High W1","Viola nuttallii",0.0666666666666667
"pf2-1_nu_pf2-1",2021,"Pfeiler","Mid Control","Agoseris glauca",0.4
"pf2-1_nu_pf2-1",2021,"Pfeiler","Mid Control","Bromus carinatus",0.333333333333333
"pf2-1_nu_pf2-1",2021,"Pfeiler","Mid Control","Festuca rubra",0.4
"pf2-1_nu_pf2-1",2021,"Pfeiler","Mid Control","Heliomeris multiflora",0.8
"pf2-1_nu_pf2-1",2021,"Pfeiler","Mid Control","Lathyrus lanszwertii",0.266666666666667
"pf2-1_nu_pf2-1",2021,"Pfeiler","Mid Control","Poa reflexa",0.666666666666667
"pf2-1_nu_pf2-1",2021,"Pfeiler","Mid Control","Potentilla pulcherrima",0.4
"pf2-1_nu_pf2-1",2021,"Pfeiler","Mid Control","Senecio crassulus",1
"pf2-1_nu_pf2-1",2021,"Pfeiler","Mid Control","Viola nuttallii",0.533333333333333
"pf2-1_nu_pf2-1",2021,"Pfeiler","Mid Control","Melica spectabilis",0.133333333333333
"pf2-2_c1_um2-1",2021,"Pfeiler","Low C1","Bromus carinatus",0.222222222222222
"pf2-2_c1_um2-1",2021,"Pfeiler","Low C1","Heliomeris multiflora",0.111111111111111
"pf2-2_c1_um2-1",2021,"Pfeiler","Low C1","Hymenoxys hoopesii",1
"pf2-2_c1_um2-1",2021,"Pfeiler","Low C1","Lathyrus lanszwertii",0.166666666666667
"pf2-2_c1_um2-1",2021,"Pfeiler","Low C1","Poa pratensis",0.0555555555555556
"pf2-2_c1_um2-1",2021,"Pfeiler","Low C1","Potentilla pulcherrima",0.833333333333333
"pf2-2_c1_um2-1",2021,"Pfeiler","Low C1","Senecio crassulus",0.222222222222222
"pf2-2_c1_um2-1",2021,"Pfeiler","Low C1","Stipa nelsonii",0.111111111111111
"pf2-2_c1_um2-1",2021,"Pfeiler","Low C1","Viola nuttallii",1
"pf2-2_c1_um2-1",2021,"Pfeiler","Low C1","Helianthella quinquenervis",0.111111111111111
"pf2-2_c1_um2-1",2021,"Pfeiler","Low C1","Delphinium nuttallianum",0.0555555555555556
"pf2-3_w1_mo2-5",2021,"Pfeiler","High W1","Elymus repens",0.32
"pf2-3_w1_mo2-5",2021,"Pfeiler","High W1","Heterotheca pumila",1
"pf2-3_w1_mo2-5",2021,"Pfeiler","High W1","Poa reflexa",0.48
"pf2-3_w1_mo2-5",2021,"Pfeiler","High W1","Potentilla pulcherrima",0.24
"pf2-3_w1_mo2-5",2021,"Pfeiler","High W1","Senecio crassulus",0.32
"pf2-3_w1_mo2-5",2021,"Pfeiler","High W1","Thalictrum fendleri",0.24
"pf2-3_w1_mo2-5",2021,"Pfeiler","High W1","Viola nuttallii",0.04
"pf2-3_w1_mo2-5",2021,"Pfeiler","High W1","Noccaea fendleri",0.04
"pf2-3_w1_mo2-5",2021,"Pfeiler","High W1","Heliomeris multiflora",0.08
"pf2-4_u_pf2-4",2021,"Pfeiler","Mid Control","Achillea millefolium",0.0571428571428571
"pf2-4_u_pf2-4",2021,"Pfeiler","Mid Control","Agoseris glauca",0.228571428571429
"pf2-4_u_pf2-4",2021,"Pfeiler","Mid Control","Bromus carinatus",0.171428571428571
"pf2-4_u_pf2-4",2021,"Pfeiler","Mid Control","Castilleja sulphurea",0.0857142857142857
"pf2-4_u_pf2-4",2021,"Pfeiler","Mid Control","Fragaria virginiana",0.0571428571428571
"pf2-4_u_pf2-4",2021,"Pfeiler","Mid Control","Festuca rubra",1
"pf2-4_u_pf2-4",2021,"Pfeiler","Mid Control","Helianthella quinquenervis",0.171428571428571
"pf2-4_u_pf2-4",2021,"Pfeiler","Mid Control","Heliomeris multiflora",0.0857142857142857
"pf2-4_u_pf2-4",2021,"Pfeiler","Mid Control","Melica spectabilis",0.0285714285714286
"pf2-4_u_pf2-4",2021,"Pfeiler","Mid Control","Poa reflexa",0.0285714285714286
"pf2-4_u_pf2-4",2021,"Pfeiler","Mid Control","Potentilla pulcherrima",0.114285714285714
"pf2-4_u_pf2-4",2021,"Pfeiler","Mid Control","Senecio crassulus",0.285714285714286
"pf2-4_u_pf2-4",2021,"Pfeiler","Mid Control","Viola nuttallii",0.0285714285714286
"pf2-4_u_pf2-4",2021,"Pfeiler","Mid Control","Lathyrus lanszwertii",0.0857142857142857
"pf2-4_u_pf2-4",2021,"Pfeiler","Mid Control","Erythronium grandiflorum",0.0285714285714286
"pf2-4_u_pf2-4",2021,"Pfeiler","Mid Control","Mertensia fusiformis",0.0285714285714286
"pf2-5_ws_pf2-2",2021,"Pfeiler","Mid Control","Agoseris glauca",0.266666666666667
"pf2-5_ws_pf2-2",2021,"Pfeiler","Mid Control","Bromus carinatus",0.266666666666667
"pf2-5_ws_pf2-2",2021,"Pfeiler","Mid Control","Castilleja sulphurea",0.2
"pf2-5_ws_pf2-2",2021,"Pfeiler","Mid Control","Elymus repens",0.266666666666667
"pf2-5_ws_pf2-2",2021,"Pfeiler","Mid Control","Festuca rubra",1
"pf2-5_ws_pf2-2",2021,"Pfeiler","Mid Control","Heliomeris multiflora",0.0666666666666667
"pf2-5_ws_pf2-2",2021,"Pfeiler","Mid Control","Ligusticum porteri",0.533333333333333
"pf2-5_ws_pf2-2",2021,"Pfeiler","Mid Control","Melica spectabilis",0.133333333333333
"pf2-5_ws_pf2-2",2021,"Pfeiler","Mid Control","Potentilla pulcherrima",0.333333333333333
"pf2-5_ws_pf2-2",2021,"Pfeiler","Mid Control","Senecio crassulus",0.4
"pf2-5_ws_pf2-2",2021,"Pfeiler","Mid Control","Viola nuttallii",0.533333333333333
"pf3-1_nu_pf3-1",2021,"Pfeiler","Mid Control","Agoseris glauca",0.0333333333333333
"pf3-1_nu_pf3-1",2021,"Pfeiler","Mid Control","Castilleja sulphurea",0.0666666666666667
"pf3-1_nu_pf3-1",2021,"Pfeiler","Mid Control","Elymus repens",0.0833333333333333
"pf3-1_nu_pf3-1",2021,"Pfeiler","Mid Control","Erigeron elatior",0.05
"pf3-1_nu_pf3-1",2021,"Pfeiler","Mid Control","Erigeron speciosus",0.05
"pf3-1_nu_pf3-1",2021,"Pfeiler","Mid Control","Fragaria virginiana",0.05
"pf3-1_nu_pf3-1",2021,"Pfeiler","Mid Control","Festuca rubra",1
"pf3-1_nu_pf3-1",2021,"Pfeiler","Mid Control","Helianthella quinquenervis",0.0333333333333333
"pf3-1_nu_pf3-1",2021,"Pfeiler","Mid Control","Heliomeris multiflora",0.1
"pf3-1_nu_pf3-1",2021,"Pfeiler","Mid Control","Lathyrus lanszwertii",0.0666666666666667
"pf3-1_nu_pf3-1",2021,"Pfeiler","Mid Control","Potentilla pulcherrima",0.1
"pf3-1_nu_pf3-1",2021,"Pfeiler","Mid Control","Senecio crassulus",0.0666666666666667
"pf3-1_nu_pf3-1",2021,"Pfeiler","Mid Control","Viola nuttallii",0.05
"pf3-2_ws_pf3-3",2021,"Pfeiler","Mid Control","Agoseris glauca",0.05
"pf3-2_ws_pf3-3",2021,"Pfeiler","Mid Control","Elymus repens",0.3
"pf3-2_ws_pf3-3",2021,"Pfeiler","Mid Control","Festuca rubra",1
"pf3-2_ws_pf3-3",2021,"Pfeiler","Mid Control","Heliomeris multiflora",0.1
"pf3-2_ws_pf3-3",2021,"Pfeiler","Mid Control","Lathyrus lanszwertii",0.1
"pf3-2_ws_pf3-3",2021,"Pfeiler","Mid Control","Ligusticum porteri",0.1
"pf3-2_ws_pf3-3",2021,"Pfeiler","Mid Control","Potentilla pulcherrima",0.5
"pf3-2_ws_pf3-3",2021,"Pfeiler","Mid Control","Senecio crassulus",0.1
"pf3-2_ws_pf3-3",2021,"Pfeiler","Mid Control","Polygonum douglasii",0.15
"pf3-2_ws_pf3-3",2021,"Pfeiler","Mid Control","Viola nuttallii",0.05
"pf3-2_ws_pf3-3",2021,"Pfeiler","Mid Control","Bromus carinatus",0.35
"pf3-3_c1_um3-4",2021,"Pfeiler","Low C1","Lathyrus lanszwertii",0.0571428571428571
"pf3-3_c1_um3-4",2021,"Pfeiler","Low C1","Poa pratensis",0.0285714285714286
"pf3-3_c1_um3-4",2021,"Pfeiler","Low C1","Viola nuttallii",0.0285714285714286
"pf3-3_c1_um3-4",2021,"Pfeiler","Low C1","Polygonum douglasii",1
"pf3-3_c1_um3-4",2021,"Pfeiler","Low C1","Collomia linearis",0.514285714285714
"pf3-3_c1_um3-4",2021,"Pfeiler","Low C1","Heliomeris multiflora",0.142857142857143
"pf3-3_c1_um3-4",2021,"Pfeiler","Low C1","Melica spectabilis",0.0285714285714286
"pf3-4_u_pf3-4",2021,"Pfeiler","Mid Control","Agoseris glauca",0.0625
"pf3-4_u_pf3-4",2021,"Pfeiler","Mid Control","Elymus repens",0.75
"pf3-4_u_pf3-4",2021,"Pfeiler","Mid Control","Erigeron speciosus",0.0625
"pf3-4_u_pf3-4",2021,"Pfeiler","Mid Control","Festuca rubra",1
"pf3-4_u_pf3-4",2021,"Pfeiler","Mid Control","Heliomeris multiflora",0.1875
"pf3-4_u_pf3-4",2021,"Pfeiler","Mid Control","Lathyrus lanszwertii",0.125
"pf3-4_u_pf3-4",2021,"Pfeiler","Mid Control","Ligusticum porteri",0.375
"pf3-4_u_pf3-4",2021,"Pfeiler","Mid Control","Linum lewisii",0.3125
"pf3-4_u_pf3-4",2021,"Pfeiler","Mid Control","Melica spectabilis",0.125
"pf3-4_u_pf3-4",2021,"Pfeiler","Mid Control","Potentilla pulcherrima",0.6875
"pf3-4_u_pf3-4",2021,"Pfeiler","Mid Control","Senecio crassulus",0.375
"pf3-4_u_pf3-4",2021,"Pfeiler","Mid Control","Viola nuttallii",0.1875
"pf3-4_u_pf3-4",2021,"Pfeiler","Mid Control","Collomia linearis",0.0625
"pf3-5_w1_mo3-2",2021,"Pfeiler","High W1","Heterotheca pumila",0.277777777777778
"pf3-5_w1_mo3-2",2021,"Pfeiler","High W1","Poa reflexa",0.444444444444444
"pf3-5_w1_mo3-2",2021,"Pfeiler","High W1","Potentilla pulcherrima",0.166666666666667
"pf3-5_w1_mo3-2",2021,"Pfeiler","High W1","Heliomeris multiflora",0.388888888888889
"pf3-5_w1_mo3-2",2021,"Pfeiler","High W1","Polygonum douglasii",1
"pf3-5_w1_mo3-2",2021,"Pfeiler","High W1","Linum lewisii",0.166666666666667
"pf3-5_w1_mo3-2",2021,"Pfeiler","High W1","Lathyrus lanszwertii",0.166666666666667
"pf4-1_nu_pf4-1",2021,"Pfeiler","Mid Control","Bromus carinatus",0.166666666666667
"pf4-1_nu_pf4-1",2021,"Pfeiler","Mid Control","Castilleja sulphurea",0.666666666666667
"pf4-1_nu_pf4-1",2021,"Pfeiler","Mid Control","Erigeron speciosus",1
"pf4-1_nu_pf4-1",2021,"Pfeiler","Mid Control","Helianthella quinquenervis",0.833333333333333
"pf4-1_nu_pf4-1",2021,"Pfeiler","Mid Control","Heliomeris multiflora",0.333333333333333
"pf4-1_nu_pf4-1",2021,"Pfeiler","Mid Control","Lathyrus lanszwertii",0.0555555555555556
"pf4-1_nu_pf4-1",2021,"Pfeiler","Mid Control","Ligusticum porteri",0.388888888888889
"pf4-1_nu_pf4-1",2021,"Pfeiler","Mid Control","Poa reflexa",0.833333333333333
"pf4-1_nu_pf4-1",2021,"Pfeiler","Mid Control","Senecio crassulus",0.222222222222222
"pf4-1_nu_pf4-1",2021,"Pfeiler","Mid Control","Elymus repens",0.666666666666667
"pf4-2_ws_pf4-3",2021,"Pfeiler","Mid Control","Agoseris glauca",0.0461538461538462
"pf4-2_ws_pf4-3",2021,"Pfeiler","Mid Control","Bromus carinatus",0.0461538461538462
"pf4-2_ws_pf4-3",2021,"Pfeiler","Mid Control","Festuca rubra",1
"pf4-2_ws_pf4-3",2021,"Pfeiler","Mid Control","Heliomeris multiflora",0.123076923076923
"pf4-2_ws_pf4-3",2021,"Pfeiler","Mid Control","Ligusticum porteri",0.0769230769230769
"pf4-2_ws_pf4-3",2021,"Pfeiler","Mid Control","Poa reflexa",0.0615384615384615
"pf4-2_ws_pf4-3",2021,"Pfeiler","Mid Control","Potentilla pulcherrima",0.0307692307692308
"pf4-2_ws_pf4-3",2021,"Pfeiler","Mid Control","Senecio crassulus",0.0461538461538462
"pf4-2_ws_pf4-3",2021,"Pfeiler","Mid Control","Thalictrum fendleri",0.307692307692308
"pf4-2_ws_pf4-3",2021,"Pfeiler","Mid Control","Lathyrus lanszwertii",0.0307692307692308
"pf4-3_c1_um4-1",2021,"Pfeiler","Low C1","Agoseris aurantiaca",0.0555555555555556
"pf4-3_c1_um4-1",2021,"Pfeiler","Low C1","Carex sp.",0.277777777777778
"pf4-3_c1_um4-1",2021,"Pfeiler","Low C1","Heliomeris multiflora",1
"pf4-3_c1_um4-1",2021,"Pfeiler","Low C1","Collomia linearis",0.222222222222222
"pf4-3_c1_um4-1",2021,"Pfeiler","Low C1","Thalictrum fendleri",0.166666666666667
"pf4-3_c1_um4-1",2021,"Pfeiler","Low C1","Viola nuttallii",0.277777777777778
"pf4-3_c1_um4-1",2021,"Pfeiler","Low C1","Polygonum douglasii",0.444444444444444
"pf4-4_u_pf4-4",2021,"Pfeiler","Mid Control","Agoseris glauca",0.1
"pf4-4_u_pf4-4",2021,"Pfeiler","Mid Control","Castilleja sulphurea",0.1
"pf4-4_u_pf4-4",2021,"Pfeiler","Mid Control","Elymus repens",0.0333333333333333
"pf4-4_u_pf4-4",2021,"Pfeiler","Mid Control","Festuca rubra",1
"pf4-4_u_pf4-4",2021,"Pfeiler","Mid Control","Helianthella quinquenervis",0.166666666666667
"pf4-4_u_pf4-4",2021,"Pfeiler","Mid Control","Heliomeris multiflora",0.133333333333333
"pf4-4_u_pf4-4",2021,"Pfeiler","Mid Control","Lathyrus lanszwertii",0.1
"pf4-4_u_pf4-4",2021,"Pfeiler","Mid Control","Potentilla pulcherrima",0.166666666666667
"pf4-4_u_pf4-4",2021,"Pfeiler","Mid Control","Senecio crassulus",0.2
"pf4-4_u_pf4-4",2021,"Pfeiler","Mid Control","Thalictrum fendleri",0.2
"pf4-4_u_pf4-4",2021,"Pfeiler","Mid Control","Viola nuttallii",0.0333333333333333
"pf4-4_u_pf4-4",2021,"Pfeiler","Mid Control","Melica spectabilis",0.0333333333333333
"pf4-4_u_pf4-4",2021,"Pfeiler","Mid Control","Poa reflexa",0.0333333333333333
"pf4-5_w1_mo4-5",2021,"Pfeiler","High W1","Agoseris glauca",0.0666666666666667
"pf4-5_w1_mo4-5",2021,"Pfeiler","High W1","Fragaria virginiana",1
"pf4-5_w1_mo4-5",2021,"Pfeiler","High W1","Helianthella quinquenervis",0.533333333333333
"pf4-5_w1_mo4-5",2021,"Pfeiler","High W1","Hymenoxys hoopesii",0.266666666666667
"pf4-5_w1_mo4-5",2021,"Pfeiler","High W1","Poa reflexa",0.866666666666667
"pf4-5_w1_mo4-5",2021,"Pfeiler","High W1","Rhodiola integrifolia",0.533333333333333
"pf4-5_w1_mo4-5",2021,"Pfeiler","High W1","Senecio crassulus",0.266666666666667
"pf4-5_w1_mo4-5",2021,"Pfeiler","High W1","Heliomeris multiflora",0.0666666666666667
"pf4-5_w1_mo4-5",2021,"Pfeiler","High W1","Polygonum douglasii",0.0666666666666667
"pf4-5_w1_mo4-5",2021,"Pfeiler","High W1","Lathyrus lanszwertii",0.133333333333333
"pf4-5_w1_mo4-5",2021,"Pfeiler","High W1","Bromus carinatus",0.133333333333333
"pf5-1_u_pf5-1",2021,"Pfeiler","Mid Control","Bromus carinatus",0.04
"pf5-1_u_pf5-1",2021,"Pfeiler","Mid Control","Fragaria virginiana",0.24
"pf5-1_u_pf5-1",2021,"Pfeiler","Mid Control","Festuca rubra",0.0533333333333333
"pf5-1_u_pf5-1",2021,"Pfeiler","Mid Control","Ligusticum porteri",1
"pf5-1_u_pf5-1",2021,"Pfeiler","Mid Control","Poa reflexa",0.0666666666666667
"pf5-1_u_pf5-1",2021,"Pfeiler","Mid Control","Potentilla pulcherrima",0.0133333333333333
"pf5-1_u_pf5-1",2021,"Pfeiler","Mid Control","Senecio crassulus",0.0266666666666667
"pf5-1_u_pf5-1",2021,"Pfeiler","Mid Control","Viola nuttallii",0.04
"pf5-1_u_pf5-1",2021,"Pfeiler","Mid Control","Helianthella quinquenervis",0.0533333333333333
"pf5-1_u_pf5-1",2021,"Pfeiler","Mid Control","Elymus repens",0.0266666666666667
"pf5-1_u_pf5-1",2021,"Pfeiler","Mid Control","Polygonum douglasii",0.0133333333333333
"pf5-2_w1_mo5-3",2021,"Pfeiler","High W1","Castilleja sulphurea",0.136363636363636
"pf5-2_w1_mo5-3",2021,"Pfeiler","High W1","Frasera speciosa",0.227272727272727
"pf5-2_w1_mo5-3",2021,"Pfeiler","High W1","Helianthella quinquenervis",0.0909090909090909
"pf5-2_w1_mo5-3",2021,"Pfeiler","High W1","Hymenoxys hoopesii",1
"pf5-2_w1_mo5-3",2021,"Pfeiler","High W1","Ligusticum porteri",0.818181818181818
"pf5-2_w1_mo5-3",2021,"Pfeiler","High W1","Poa reflexa",0.409090909090909
"pf5-2_w1_mo5-3",2021,"Pfeiler","High W1","Potentilla pulcherrima",0.136363636363636
"pf5-2_w1_mo5-3",2021,"Pfeiler","High W1","Senecio crassulus",0.681818181818182
"pf5-3_ws_pf5-4",2021,"Pfeiler","Mid Control","Bromus carinatus",0.166666666666667
"pf5-3_ws_pf5-4",2021,"Pfeiler","Mid Control","Fragaria virginiana",1
"pf5-3_ws_pf5-4",2021,"Pfeiler","Mid Control","Festuca rubra",0.583333333333333
"pf5-3_ws_pf5-4",2021,"Pfeiler","Mid Control","Helianthella quinquenervis",1
"pf5-3_ws_pf5-4",2021,"Pfeiler","Mid Control","Heliomeris multiflora",0.0833333333333333
"pf5-3_ws_pf5-4",2021,"Pfeiler","Mid Control","Poa reflexa",0.333333333333333
"pf5-3_ws_pf5-4",2021,"Pfeiler","Mid Control","Potentilla pulcherrima",0.666666666666667
"pf5-3_ws_pf5-4",2021,"Pfeiler","Mid Control","Senecio crassulus",0.666666666666667
"pf5-3_ws_pf5-4",2021,"Pfeiler","Mid Control","Elymus repens",0.0833333333333333
"pf5-3_ws_pf5-4",2021,"Pfeiler","Mid Control","Melica spectabilis",0.0833333333333333
"pf5-4_c1_um5-4",2021,"Pfeiler","Low C1","Lathyrus lanszwertii",0.1
"pf5-4_c1_um5-4",2021,"Pfeiler","Low C1","Poa pratensis",0.05
"pf5-4_c1_um5-4",2021,"Pfeiler","Low C1","Potentilla pulcherrima",1
"pf5-4_c1_um5-4",2021,"Pfeiler","Low C1","Valeriana occidentalis",0.2
"pf5-4_c1_um5-4",2021,"Pfeiler","Low C1","Viola nuttallii",0.15
"pf5-4_c1_um5-4",2021,"Pfeiler","Low C1","Fragaria virginiana",0.1
"pf5-4_c1_um5-4",2021,"Pfeiler","Low C1","Polygonum douglasii",0.5
"pf5-4_c1_um5-4",2021,"Pfeiler","Low C1","Castilleja sulphurea",0.05
"pf5-5_nu_pf5-5",2021,"Pfeiler","Mid Control","Bromus carinatus",0.133333333333333
"pf5-5_nu_pf5-5",2021,"Pfeiler","Mid Control","Fragaria virginiana",0.0333333333333333
"pf5-5_nu_pf5-5",2021,"Pfeiler","Mid Control","Festuca rubra",0.4
"pf5-5_nu_pf5-5",2021,"Pfeiler","Mid Control","Helianthella quinquenervis",1
"pf5-5_nu_pf5-5",2021,"Pfeiler","Mid Control","Heliomeris multiflora",0.0666666666666667
"pf5-5_nu_pf5-5",2021,"Pfeiler","Mid Control","Ligusticum porteri",0.0333333333333333
"pf5-5_nu_pf5-5",2021,"Pfeiler","Mid Control","Poa reflexa",0.0666666666666667
"pf5-5_nu_pf5-5",2021,"Pfeiler","Mid Control","Potentilla pulcherrima",0.433333333333333
"pf5-5_nu_pf5-5",2021,"Pfeiler","Mid Control","Senecio crassulus",0.166666666666667
"pf5-5_nu_pf5-5",2021,"Pfeiler","Mid Control","Viola nuttallii",0.0333333333333333
"pf5-5_nu_pf5-5",2021,"Pfeiler","Mid Control","Melica spectabilis",0.0666666666666667
"pf5-5_nu_pf5-5",2021,"Pfeiler","Mid Control","Polygonum douglasii",0.0333333333333333
"pf5-5_nu_pf5-5",2021,"Pfeiler","Mid Control","Elymus repens",0.133333333333333
"mo1-1_c1_pf1-3",2021,"Monument","Mid C1","Festuca rubra",1
"mo1-1_c1_pf1-3",2021,"Monument","Mid C1","Potentilla pulcherrima",0.2
"mo1-1_c1_pf1-3",2021,"Monument","Mid C1","Bromus carinatus",0.3
"mo1-1_c1_pf1-3",2021,"Monument","Mid C1","Heliomeris multiflora",0.166666666666667
"mo1-1_c1_pf1-3",2021,"Monument","Mid C1","Helianthella quinquenervis",0.0833333333333333
"mo1-1_c1_pf1-3",2021,"Monument","Mid C1","Lathyrus lanszwertii",0.0166666666666667
"mo1-1_c1_pf1-3",2021,"Monument","Mid C1","Viola nuttallii",0.05
"mo1-1_c1_pf1-3",2021,"Monument","Mid C1","Agoseris glauca",0.0333333333333333
"mo1-1_c1_pf1-3",2021,"Monument","Mid C1","Senecio crassulus",0.05
"mo1-2_c2_um1-2",2021,"Monument","Low C2","Potentilla pulcherrima",1
"mo1-2_c2_um1-2",2021,"Monument","Low C2","Poa pratensis",0.12
"mo1-2_c2_um1-2",2021,"Monument","Low C2","Polygonum douglasii",0.12
"mo1-2_c2_um1-2",2021,"Monument","Low C2","Agoseris sp.",0.08
"mo1-2_c2_um1-2",2021,"Monument","Low C2","Heliomeris multiflora",0.16
"mo1-2_c2_um1-2",2021,"Monument","Low C2","Collomia linearis",0.12
"mo1-3_nu_mo1-3",2021,"Monument","High Control","Ligusticum porteri",1
"mo1-3_nu_mo1-3",2021,"Monument","High Control","Helianthella quinquenervis",0.7
"mo1-3_nu_mo1-3",2021,"Monument","High Control","Geranium richardsonii",0.25
"mo1-3_nu_mo1-3",2021,"Monument","High Control","Hymenoxys hoopesii",0.125
"mo1-3_nu_mo1-3",2021,"Monument","High Control","Poa reflexa",0.125
"mo1-3_nu_mo1-3",2021,"Monument","High Control","Bromus carinatus",0.45
"mo1-3_nu_mo1-3",2021,"Monument","High Control","Fragaria virginiana",0.125
"mo1-4_u_mo1-4",2021,"Monument","High Control","Hymenoxys hoopesii",0.733333333333333
"mo1-4_u_mo1-4",2021,"Monument","High Control","Poa reflexa",0.333333333333333
"mo1-4_u_mo1-4",2021,"Monument","High Control","Lupinus sp.",0.133333333333333
"mo1-4_u_mo1-4",2021,"Monument","High Control","Helianthella quinquenervis",1
"mo1-4_u_mo1-4",2021,"Monument","High Control","Elymus bakeri",0.166666666666667
"mo1-4_u_mo1-4",2021,"Monument","High Control","Fragaria virginiana",0.1
"mo1-4_u_mo1-4",2021,"Monument","High Control","Potentilla pulcherrima",0.0666666666666667
"mo1-5_ws_mo1-2",2021,"Monument","High Control","Elymus bakeri",0.227272727272727
"mo1-5_ws_mo1-2",2021,"Monument","High Control","Poa reflexa",1
"mo1-5_ws_mo1-2",2021,"Monument","High Control","Helianthella quinquenervis",0.454545454545455
"mo1-5_ws_mo1-2",2021,"Monument","High Control","Hymenoxys hoopesii",0.681818181818182
"mo1-5_ws_mo1-2",2021,"Monument","High Control","Potentilla pulcherrima",0.363636363636364
"mo1-5_ws_mo1-2",2021,"Monument","High Control","Aquilegia caerulea",0.272727272727273
"mo1-5_ws_mo1-2",2021,"Monument","High Control","Ligusticum porteri",0.272727272727273
"mo1-5_ws_mo1-2",2021,"Monument","High Control","Erigeron speciosus",0.0454545454545455
"mo2-1_ws_mo2-3",2021,"Monument","High Control","Heterotheca pumila",1
"mo2-1_ws_mo2-3",2021,"Monument","High Control","Hymenoxys hoopesii",0.384615384615385
"mo2-1_ws_mo2-3",2021,"Monument","High Control","Poa reflexa",0.269230769230769
"mo2-1_ws_mo2-3",2021,"Monument","High Control","Frasera speciosa",0.0769230769230769
"mo2-2_u_mo2-2",2021,"Monument","High Control","Heterotheca pumila",1
"mo2-2_u_mo2-2",2021,"Monument","High Control","Helianthella quinquenervis",0.833333333333333
"mo2-2_u_mo2-2",2021,"Monument","High Control","Aquilegia caerulea",0.277777777777778
"mo2-2_u_mo2-2",2021,"Monument","High Control","Elymus bakeri",0.333333333333333
"mo2-2_u_mo2-2",2021,"Monument","High Control","Fragaria virginiana",0.388888888888889
"mo2-2_u_mo2-2",2021,"Monument","High Control","Hymenoxys hoopesii",0.222222222222222
"mo2-2_u_mo2-2",2021,"Monument","High Control","Poa reflexa",0.166666666666667
"mo2-3_c2_um2-3",2021,"Monument","Low C2","Achillea millefolium",0.166666666666667
"mo2-3_c2_um2-3",2021,"Monument","Low C2","Lathyrus lanszwertii",0.416666666666667
"mo2-3_c2_um2-3",2021,"Monument","Low C2","Potentilla pulcherrima",1
"mo2-3_c2_um2-3",2021,"Monument","Low C2","Bromus carinatus",0.166666666666667
"mo2-3_c2_um2-3",2021,"Monument","Low C2","Collomia linearis",0.833333333333333
"mo2-3_c2_um2-3",2021,"Monument","Low C2","Fragaria virginiana",0.416666666666667
"mo2-3_c2_um2-3",2021,"Monument","Low C2","Polygonum douglasii",0.666666666666667
"mo2-3_c2_um2-3",2021,"Monument","Low C2","Viola nuttallii",0.416666666666667
"mo2-3_c2_um2-3",2021,"Monument","Low C2","Valeriana occidentalis",0.166666666666667
"mo2-4_nu_mo2-4",2021,"Monument","High Control","Ligusticum porteri",0.1
"mo2-4_nu_mo2-4",2021,"Monument","High Control","Viola nuttallii",0.05
"mo2-4_nu_mo2-4",2021,"Monument","High Control","Hymenoxys hoopesii",1
"mo2-4_nu_mo2-4",2021,"Monument","High Control","Heterotheca pumila",1
"mo2-4_nu_mo2-4",2021,"Monument","High Control","Potentilla pulcherrima",0.25
"mo2-4_nu_mo2-4",2021,"Monument","High Control","Poa reflexa",0.25
"mo2-4_nu_mo2-4",2021,"Monument","High Control","Bromus carinatus",0.1
"mo2-4_nu_mo2-4",2021,"Monument","High Control","Castilleja sulphurea",0.2
"mo2-4_nu_mo2-4",2021,"Monument","High Control","Fragaria virginiana",0.4
"mo2-4_nu_mo2-4",2021,"Monument","High Control","Lupinus sp.",0.05
"mo2-5_c1_pf2-3",2021,"Monument","Mid C1","Agoseris glauca",0.16
"mo2-5_c1_pf2-3",2021,"Monument","Mid C1","Carex sp.",0.2
"mo2-5_c1_pf2-3",2021,"Monument","Mid C1","Festuca rubra",1
"mo2-5_c1_pf2-3",2021,"Monument","Mid C1","Thalictrum fendleri",0.4
"mo2-5_c1_pf2-3",2021,"Monument","Mid C1","Senecio crassulus",0.16
"mo2-5_c1_pf2-3",2021,"Monument","Mid C1","Bromus carinatus",0.16
"mo2-5_c1_pf2-3",2021,"Monument","Mid C1","Helianthella quinquenervis",0.16
"mo2-5_c1_pf2-3",2021,"Monument","Mid C1","Heliomeris multiflora",0.24
"mo2-5_c1_pf2-3",2021,"Monument","Mid C1","Hymenoxys hoopesii",0.04
"mo2-5_c1_pf2-3",2021,"Monument","Mid C1","Poa reflexa",0.32
"mo2-5_c1_pf2-3",2021,"Monument","Mid C1","Potentilla pulcherrima",0.2
"mo2-5_c1_pf2-3",2021,"Monument","Mid C1","Polygonum douglasii",0.04
"mo2-5_c1_pf2-3",2021,"Monument","Mid C1","Erigeron speciosus",0.16
"mo2-5_c1_pf2-3",2021,"Monument","Mid C1","Vicia americana",0.16
"mo2-5_c1_pf2-3",2021,"Monument","Mid C1","Viola nuttallii",0.2
"mo3-1_u_mo3-1",2021,"Monument","High Control","Ligusticum porteri",1
"mo3-1_u_mo3-1",2021,"Monument","High Control","Hymenoxys hoopesii",0.4
"mo3-1_u_mo3-1",2021,"Monument","High Control","Helianthella quinquenervis",0.8
"mo3-1_u_mo3-1",2021,"Monument","High Control","Elymus bakeri",0.266666666666667
"mo3-1_u_mo3-1",2021,"Monument","High Control","Poa reflexa",1
"mo3-1_u_mo3-1",2021,"Monument","High Control","Polygonum douglasii",0.0666666666666667
"mo3-1_u_mo3-1",2021,"Monument","High Control","Agoseris glauca",0.2
"mo3-1_u_mo3-1",2021,"Monument","High Control","Senecio crassulus",0.133333333333333
"mo3-1_u_mo3-1",2021,"Monument","High Control","Viola nuttallii",0.2
"mo3-2_c1_pf3-5",2021,"Monument","Mid C1","Heliomeris multiflora",0.166666666666667
"mo3-2_c1_pf3-5",2021,"Monument","Mid C1","Linum lewisii",0.444444444444444
"mo3-2_c1_pf3-5",2021,"Monument","Mid C1","Polygonum douglasii",0.0555555555555556
"mo3-2_c1_pf3-5",2021,"Monument","Mid C1","Elymus repens",0.166666666666667
"mo3-2_c1_pf3-5",2021,"Monument","Mid C1","Ligusticum porteri",0.333333333333333
"mo3-2_c1_pf3-5",2021,"Monument","Mid C1","Poa reflexa",1
"mo3-2_c1_pf3-5",2021,"Monument","Mid C1","Potentilla pulcherrima",0.166666666666667
"mo3-2_c1_pf3-5",2021,"Monument","Mid C1","Senecio crassulus",0.222222222222222
"mo3-2_c1_pf3-5",2021,"Monument","Mid C1","Lathyrus lanszwertii",0.333333333333333
"mo3-2_c1_pf3-5",2021,"Monument","Mid C1","Viola nuttallii",0.166666666666667
"mo3-2_c1_pf3-5",2021,"Monument","Mid C1","Festuca rubra",0.444444444444444
"mo3-3_c2_um3-2",2021,"Monument","Low C2","Stipa nelsonii",0.2
"mo3-3_c2_um3-2",2021,"Monument","Low C2","Hymenoxys hoopesii",0.1
"mo3-3_c2_um3-2",2021,"Monument","Low C2","Potentilla pulcherrima",1
"mo3-3_c2_um3-2",2021,"Monument","Low C2","Poa pratensis",0.0666666666666667
"mo3-3_c2_um3-2",2021,"Monument","Low C2","Helianthella quinquenervis",0.166666666666667
"mo3-3_c2_um3-2",2021,"Monument","Low C2","Achillea millefolium",0.0333333333333333
"mo3-3_c2_um3-2",2021,"Monument","Low C2","Erigeron speciosus",0.333333333333333
"mo3-3_c2_um3-2",2021,"Monument","Low C2","Linum lewisii",0.5
"mo3-3_c2_um3-2",2021,"Monument","Low C2","Lathyrus lanszwertii",0.0666666666666667
"mo3-3_c2_um3-2",2021,"Monument","Low C2","Viola nuttallii",0.133333333333333
"mo3-3_c2_um3-2",2021,"Monument","Low C2","Collomia linearis",0.0333333333333333
"mo3-3_c2_um3-2",2021,"Monument","Low C2","Polygonum douglasii",0.0333333333333333
"mo3-4_nu_mo3-4",2021,"Monument","High Control","Fragaria virginiana",0.666666666666667
"mo3-4_nu_mo3-4",2021,"Monument","High Control","Poa reflexa",1
"mo3-4_nu_mo3-4",2021,"Monument","High Control","Hymenoxys hoopesii",0.666666666666667
"mo3-4_nu_mo3-4",2021,"Monument","High Control","Agoseris glauca",0.25
"mo3-4_nu_mo3-4",2021,"Monument","High Control","Elymus repens",0.0833333333333333
"mo3-4_nu_mo3-4",2021,"Monument","High Control","Ligusticum porteri",0.25
"mo3-5_ws_mo3-5",2021,"Monument","High Control","Hymenoxys hoopesii",0.461538461538462
"mo3-5_ws_mo3-5",2021,"Monument","High Control","Helianthella quinquenervis",0.230769230769231
"mo3-5_ws_mo3-5",2021,"Monument","High Control","Ligusticum porteri",0.307692307692308
"mo3-5_ws_mo3-5",2021,"Monument","High Control","Frasera speciosa",0.461538461538462
"mo3-5_ws_mo3-5",2021,"Monument","High Control","Poa reflexa",1
"mo3-5_ws_mo3-5",2021,"Monument","High Control","Polygonum douglasii",0.153846153846154
"mo3-5_ws_mo3-5",2021,"Monument","High Control","Agoseris glauca",0.153846153846154
"mo4-1_c1_pf4-5",2021,"Monument","Mid C1","Helianthella quinquenervis",1
"mo4-1_c1_pf4-5",2021,"Monument","Mid C1","Festuca rubra",0.4
"mo4-1_c1_pf4-5",2021,"Monument","Mid C1","Potentilla pulcherrima",0.111111111111111
"mo4-1_c1_pf4-5",2021,"Monument","Mid C1","Polygonum douglasii",0.0222222222222222
"mo4-1_c1_pf4-5",2021,"Monument","Mid C1","Lathyrus lanszwertii",0.0444444444444444
"mo4-1_c1_pf4-5",2021,"Monument","Mid C1","Poa reflexa",0.111111111111111
"mo4-1_c1_pf4-5",2021,"Monument","Mid C1","Senecio crassulus",0.0888888888888889
"mo4-1_c1_pf4-5",2021,"Monument","Mid C1","Heliomeris multiflora",0.0888888888888889
"mo4-1_c1_pf4-5",2021,"Monument","Mid C1","Elymus repens",0.0444444444444444
"mo4-1_c1_pf4-5",2021,"Monument","Mid C1","Hymenoxys hoopesii",0.0222222222222222
"mo4-2_nu_mo4-2",2021,"Monument","High Control","Helianthella quinquenervis",1
"mo4-2_nu_mo4-2",2021,"Monument","High Control","Campanula rotundifolia",0.0357142857142857
"mo4-2_nu_mo4-2",2021,"Monument","High Control","Lupinus sp.",0.357142857142857
"mo4-2_nu_mo4-2",2021,"Monument","High Control","Hymenoxys hoopesii",0.714285714285714
"mo4-2_nu_mo4-2",2021,"Monument","High Control","Poa reflexa",0.357142857142857
"mo4-3_c2_um4-2",2021,"Monument","Low C2","Polygonum douglasii",0.0303030303030303
"mo4-2_nu_mo4-2",2021,"Monument","High Control","Bromus carinatus",0.178571428571429
"mo4-2_nu_mo4-2",2021,"Monument","High Control","Elymus bakeri",0.178571428571429
"mo4-2_nu_mo4-2",2021,"Monument","High Control","Senecio crassulus",0.142857142857143
"mo4-2_nu_mo4-2",2021,"Monument","High Control","Fragaria virginiana",0.142857142857143
"mo4-2_nu_mo4-2",2021,"Monument","High Control","Polygonum douglasii",0.0357142857142857
"mo4-3_c2_um4-2",2021,"Monument","Low C2","Valeriana occidentalis",1
"mo4-3_c2_um4-2",2021,"Monument","Low C2","Festuca thurberi",0.0909090909090909
"mo4-3_c2_um4-2",2021,"Monument","Low C2","Achillea millefolium",0.0303030303030303
"mo4-3_c2_um4-2",2021,"Monument","Low C2","Hymenoxys hoopesii",0.666666666666667
"mo4-3_c2_um4-2",2021,"Monument","Low C2","Ligusticum porteri",0.303030303030303
"mo4-3_c2_um4-2",2021,"Monument","Low C2","Carex sp.",0.0909090909090909
"mo4-3_c2_um4-2",2021,"Monument","Low C2","Elymus repens",0.181818181818182
"mo4-3_c2_um4-2",2021,"Monument","Low C2","Potentilla pulcherrima",0.363636363636364
"mo4-3_c2_um4-2",2021,"Monument","Low C2","Lathyrus lanszwertii",0.121212121212121
"mo4-3_c2_um4-2",2021,"Monument","Low C2","Viola nuttallii",0.0606060606060606
"mo4-3_c2_um4-2",2021,"Monument","Low C2","Fragaria virginiana",0.0303030303030303
"mo4-3_c2_um4-2",2021,"Monument","Low C2","Poa pratensis",0.0303030303030303
"mo4-4_u_mo4-4",2021,"Monument","High Control","Lupinus sp.",1
"mo4-4_u_mo4-4",2021,"Monument","High Control","Poa reflexa",0.4
"mo4-4_u_mo4-4",2021,"Monument","High Control","Fragaria virginiana",0.2
"mo4-4_u_mo4-4",2021,"Monument","High Control","Helianthella quinquenervis",0.24
"mo4-4_u_mo4-4",2021,"Monument","High Control","Hymenoxys hoopesii",0.16
"mo4-4_u_mo4-4",2021,"Monument","High Control","Castilleja sulphurea",0.2
"mo4-4_u_mo4-4",2021,"Monument","High Control","Erigeron coulteri",0.12
"mo4-4_u_mo4-4",2021,"Monument","High Control","Rhodiola integrifolia",0.32
"mo4-5_ws_mo4-1",2021,"Monument","High Control","Hymenoxys hoopesii",1
"mo4-5_ws_mo4-1",2021,"Monument","High Control","Helianthella quinquenervis",0.733333333333333
"mo4-5_ws_mo4-1",2021,"Monument","High Control","Poa reflexa",0.6
"mo4-5_ws_mo4-1",2021,"Monument","High Control","Thalictrum fendleri",0.0666666666666667
"mo4-5_ws_mo4-1",2021,"Monument","High Control","Fragaria virginiana",0.1
"mo4-5_ws_mo4-1",2021,"Monument","High Control","Polygonum douglasii",0.0333333333333333
"mo5-1_u_mo5-1",2021,"Monument","High Control","Helianthella quinquenervis",1
"mo5-1_u_mo5-1",2021,"Monument","High Control","Rhodiola integrifolia",0.35
"mo5-1_u_mo5-1",2021,"Monument","High Control","Lupinus sp.",0.2
"mo5-1_u_mo5-1",2021,"Monument","High Control","Symphyotrichum ascendens",0.2
"mo5-1_u_mo5-1",2021,"Monument","High Control","Poa reflexa",0.15
"mo5-1_u_mo5-1",2021,"Monument","High Control","Senecio crassulus",0.15
"mo5-1_u_mo5-1",2021,"Monument","High Control","Agoseris glauca",0.05
"mo5-1_u_mo5-1",2021,"Monument","High Control","Castilleja sulphurea",0.05
"mo5-1_u_mo5-1",2021,"Monument","High Control","Epilobium sp.",0.05
"mo5-1_u_mo5-1",2021,"Monument","High Control","Frasera speciosa",0.05
"mo5-1_u_mo5-1",2021,"Monument","High Control","Ranunculus inamoenus",0.05
"mo5-1_u_mo5-1",2021,"Monument","High Control","Viola nuttallii",0.05
"mo5-2_c2_um5-5",2021,"Monument","Low C2","Potentilla pulcherrima",1
"mo5-2_c2_um5-5",2021,"Monument","Low C2","Helianthella quinquenervis",0.0833333333333333
"mo5-2_c2_um5-5",2021,"Monument","Low C2","Collomia linearis",0.166666666666667
"mo5-2_c2_um5-5",2021,"Monument","Low C2","Carex sp.",0.166666666666667
"mo5-2_c2_um5-5",2021,"Monument","Low C2","Lathyrus lanszwertii",0.166666666666667
"mo5-2_c2_um5-5",2021,"Monument","Low C2","Achillea millefolium",0.166666666666667
"mo5-2_c2_um5-5",2021,"Monument","Low C2","Bromus carinatus",0.333333333333333
"mo5-2_c2_um5-5",2021,"Monument","Low C2","Polygonum douglasii",0.166666666666667
"mo5-2_c2_um5-5",2021,"Monument","Low C2","Poa pratensis",0.25
"mo5-2_c2_um5-5",2021,"Monument","Low C2","Taraxacum officinale",0.666666666666667
"mo5-2_c2_um5-5",2021,"Monument","Low C2","Viola nuttallii",0.0833333333333333
"mo5-3_ws_mo5-4",2021,"Monument","High Control","Helianthella quinquenervis",1
"mo5-3_ws_mo5-4",2021,"Monument","High Control","Aquilegia caerulea",0.4
"mo5-3_ws_mo5-4",2021,"Monument","High Control","Poa reflexa",0.5
"mo5-3_ws_mo5-4",2021,"Monument","High Control","Hymenoxys hoopesii",0.6
"mo5-3_ws_mo5-4",2021,"Monument","High Control","Rhodiola integrifolia",0.2
"mo5-3_ws_mo5-4",2021,"Monument","High Control","Agoseris sp.",0.133333333333333
"mo5-3_ws_mo5-4",2021,"Monument","High Control","Thalictrum fendleri",0.1
"mo5-3_ws_mo5-4",2021,"Monument","High Control","Fragaria virginiana",0.0666666666666667
"mo5-3_ws_mo5-4",2021,"Monument","High Control","Senecio crassulus",0.0666666666666667
"mo5-4_c1_pf5-2",2021,"Monument","Mid C1","Heliomeris multiflora",1
"mo5-4_c1_pf5-2",2021,"Monument","Mid C1","Potentilla pulcherrima",0.6
"mo5-4_c1_pf5-2",2021,"Monument","Mid C1","Festuca rubra",0.4
"mo5-4_c1_pf5-2",2021,"Monument","Mid C1","Elymus bakeri",0.1
"mo5-4_c1_pf5-2",2021,"Monument","Mid C1","Hymenoxys hoopesii",0.5
"mo5-4_c1_pf5-2",2021,"Monument","Mid C1","Polygonum douglasii",0.1
"mo5-4_c1_pf5-2",2021,"Monument","Mid C1","Senecio crassulus",0.1
"mo5-4_c1_pf5-2",2021,"Monument","Mid C1","Helianthella quinquenervis",0.2
"mo5-4_c1_pf5-2",2021,"Monument","Mid C1","Viola nuttallii",0.15
"mo5-4_c1_pf5-2",2021,"Monument","Mid C1","Fragaria virginiana",0.05
"mo5-5_nu_mo5-5",2021,"Monument","High Control","Valeriana edulis",1
"mo5-5_nu_mo5-5",2021,"Monument","High Control","Helianthella quinquenervis",0.24
"mo5-5_nu_mo5-5",2021,"Monument","High Control","Hymenoxys hoopesii",0.16
"mo5-5_nu_mo5-5",2021,"Monument","High Control","Poa reflexa",0.32
"mo5-5_nu_mo5-5",2021,"Monument","High Control","Potentilla pulcherrima",0.16
"mo5-5_nu_mo5-5",2021,"Monument","High Control","Rhodiola integrifolia",0.12
"mo5-5_nu_mo5-5",2021,"Monument","High Control","Lupinus sp.",0.16
"mo1-1_c1_pf1-3",2022,"Monument","Mid C1","Agoseris glauca",0.105263157894737
"mo1-1_c1_pf1-3",2022,"Monument","Mid C1","Bromus carinatus",0.210526315789474
"mo1-1_c1_pf1-3",2022,"Monument","Mid C1","Festuca rubra",1
"mo1-1_c1_pf1-3",2022,"Monument","Mid C1","Helianthella quinquenervis",0.0526315789473684
"mo1-1_c1_pf1-3",2022,"Monument","Mid C1","Heliomeris multiflora",0.263157894736842
"mo1-1_c1_pf1-3",2022,"Monument","Mid C1","Potentilla pulcherrima",0.184210526315789
"mo1-1_c1_pf1-3",2022,"Monument","Mid C1","Senecio crassulus",0.157894736842105
"mo1-1_c1_pf1-3",2022,"Monument","Mid C1","Vicia americana",0.210526315789474
"mo1-1_c1_pf1-3",2022,"Monument","Mid C1","Viola nuttallii",0.0526315789473684
"mo1-3_nu_mo1-3",2022,"Monument","High Control","Bromus carinatus",0.1875
"mo1-3_nu_mo1-3",2022,"Monument","High Control","Erythronium grandiflorum",0.0625
"mo1-3_nu_mo1-3",2022,"Monument","High Control","Elymus bakeri",0.28125
"mo1-3_nu_mo1-3",2022,"Monument","High Control","Fragaria virginiana",0.28125
"mo1-3_nu_mo1-3",2022,"Monument","High Control","Geranium richardsonii",0.125
"mo1-3_nu_mo1-3",2022,"Monument","High Control","Helianthella quinquenervis",0.5625
"mo1-3_nu_mo1-3",2022,"Monument","High Control","Hymenoxys hoopesii",0.03125
"mo1-3_nu_mo1-3",2022,"Monument","High Control","Ligusticum porteri",1
"mo1-3_nu_mo1-3",2022,"Monument","High Control","Lupinus sp.",0.03125
"mo1-3_nu_mo1-3",2022,"Monument","High Control","Poa reflexa",0.21875
"mo1-3_nu_mo1-3",2022,"Monument","High Control","Rhodiola integrifolia",0.09375
"mo1-4_u_mo1-4",2022,"Monument","High Control","Elymus bakeri",0.5
"mo1-4_u_mo1-4",2022,"Monument","High Control","Helianthella quinquenervis",1
"mo1-4_u_mo1-4",2022,"Monument","High Control","Hymenoxys hoopesii",0.909090909090909
"mo1-4_u_mo1-4",2022,"Monument","High Control","Lupinus sp.",0.0909090909090909
"mo1-4_u_mo1-4",2022,"Monument","High Control","Poa reflexa",0.363636363636364
"mo1-4_u_mo1-4",2022,"Monument","High Control","Potentilla pulcherrima",0.181818181818182
"mo1-5_ws_mo1-2",2022,"Monument","High Control","Agoseris glauca",0.0606060606060606
"mo1-5_ws_mo1-2",2022,"Monument","High Control","Aquilegia caerulea",0.242424242424242
"mo1-5_ws_mo1-2",2022,"Monument","High Control","Elymus bakeri",0.121212121212121
"mo1-5_ws_mo1-2",2022,"Monument","High Control","Helianthella quinquenervis",0.666666666666667
"mo1-5_ws_mo1-2",2022,"Monument","High Control","Hymenoxys hoopesii",0.727272727272727
"mo1-5_ws_mo1-2",2022,"Monument","High Control","Hydrophyllum capitatum",0.0606060606060606
"mo1-5_ws_mo1-2",2022,"Monument","High Control","Lupinus sp.",0.0303030303030303
"mo1-5_ws_mo1-2",2022,"Monument","High Control","Poa reflexa",1
"mo1-5_ws_mo1-2",2022,"Monument","High Control","Potentilla pulcherrima",0.181818181818182
"mo1-5_ws_mo1-2",2022,"Monument","High Control","Senecio crassulus",0.121212121212121
"mo2-1_ws_mo2-3",2022,"Monument","High Control","Elymus repens",0.0416666666666667
"mo2-1_ws_mo2-3",2022,"Monument","High Control","Heterotheca pumila",1
"mo2-1_ws_mo2-3",2022,"Monument","High Control","Hymenoxys hoopesii",0.166666666666667
"mo2-1_ws_mo2-3",2022,"Monument","High Control","Ligusticum porteri",0.125
"mo2-1_ws_mo2-3",2022,"Monument","High Control","Poa reflexa",0.125
"mo2-1_ws_mo2-3",2022,"Monument","High Control","Polygonum douglasii",0.0208333333333333
"mo2-2_u_mo2-2",2022,"Monument","High Control","Aquilegia caerulea",0.260869565217391
"mo2-2_u_mo2-2",2022,"Monument","High Control","Castilleja sulphurea",0.130434782608696
"mo2-2_u_mo2-2",2022,"Monument","High Control","Elymus bakeri",0.260869565217391
"mo2-2_u_mo2-2",2022,"Monument","High Control","Fragaria virginiana",0.260869565217391
"mo2-2_u_mo2-2",2022,"Monument","High Control","Helianthella quinquenervis",0.304347826086957
"mo2-2_u_mo2-2",2022,"Monument","High Control","Heterotheca pumila",1
"mo2-2_u_mo2-2",2022,"Monument","High Control","Hymenoxys hoopesii",0.173913043478261
"mo2-2_u_mo2-2",2022,"Monument","High Control","Poa reflexa",0.173913043478261
"mo2-3_c2_um2-3",2022,"Monument","Low C2","Bromus carinatus",0.222222222222222
"mo2-3_c2_um2-3",2022,"Monument","Low C2","Fragaria virginiana",0.333333333333333
"mo2-3_c2_um2-3",2022,"Monument","Low C2","Heliomeris multiflora",0.444444444444444
"mo2-3_c2_um2-3",2022,"Monument","Low C2","Lathyrus lanszwertii",0.888888888888889
"mo2-3_c2_um2-3",2022,"Monument","Low C2","Polygonum douglasii",0.666666666666667
"mo2-3_c2_um2-3",2022,"Monument","Low C2","Potentilla pulcherrima",1
"mo2-3_c2_um2-3",2022,"Monument","Low C2","Viola nuttallii",0.111111111111111
"mo2-4_nu_mo2-4",2022,"Monument","High Control","Castilleja sulphurea",0.0857142857142857
"mo2-4_nu_mo2-4",2022,"Monument","High Control","Fragaria virginiana",0.314285714285714
"mo2-4_nu_mo2-4",2022,"Monument","High Control","Heterotheca pumila",1
"mo2-4_nu_mo2-4",2022,"Monument","High Control","Hymenoxys hoopesii",0.228571428571429
"mo2-4_nu_mo2-4",2022,"Monument","High Control","Poa reflexa",0.228571428571429
"mo2-4_nu_mo2-4",2022,"Monument","High Control","Potentilla pulcherrima",0.114285714285714
"mo2-4_nu_mo2-4",2022,"Monument","High Control","Senecio crassulus",0.0285714285714286
"mo2-4_nu_mo2-4",2022,"Monument","High Control","Viola nuttallii",0.0285714285714286
"mo2-5_c1_pf2-3",2022,"Monument","Mid C1","Bromus carinatus",0.08
"mo2-5_c1_pf2-3",2022,"Monument","Mid C1","Carex sp.",1
"mo2-5_c1_pf2-3",2022,"Monument","Mid C1","Poa reflexa",0.16
"mo2-5_c1_pf2-3",2022,"Monument","Mid C1","Erigeron speciosus",0.12
"mo2-5_c1_pf2-3",2022,"Monument","Mid C1","Festuca rubra",0.28
"mo2-5_c1_pf2-3",2022,"Monument","Mid C1","Helianthella quinquenervis",0.12
"mo2-5_c1_pf2-3",2022,"Monument","Mid C1","Heliomeris multiflora",0.24
"mo2-5_c1_pf2-3",2022,"Monument","Mid C1","Potentilla pulcherrima",0.08
"mo2-5_c1_pf2-3",2022,"Monument","Mid C1","Senecio crassulus",0.28
"mo2-5_c1_pf2-3",2022,"Monument","Mid C1","Thalictrum fendleri",0.52
"mo2-5_c1_pf2-3",2022,"Monument","Mid C1","Vicia americana",0.32
"mo3-1_u_mo3-1",2022,"Monument","High Control","Erythronium grandiflorum",0.0833333333333333
"mo3-1_u_mo3-1",2022,"Monument","High Control","Elymus bakeri",0.583333333333333
"mo3-1_u_mo3-1",2022,"Monument","High Control","Symphyotrichum ascendens",0.25
"mo3-1_u_mo3-1",2022,"Monument","High Control","Helianthella quinquenervis",0.583333333333333
"mo3-1_u_mo3-1",2022,"Monument","High Control","Hymenoxys hoopesii",1
"mo3-1_u_mo3-1",2022,"Monument","High Control","Ligusticum porteri",1
"mo3-1_u_mo3-1",2022,"Monument","High Control","Poa reflexa",0.5
"mo3-1_u_mo3-1",2022,"Monument","High Control","Senecio crassulus",0.0833333333333333
"mo3-2_c1_pf3-5",2022,"Monument","Mid C1","Festuca rubra",0.214285714285714
"mo3-2_c1_pf3-5",2022,"Monument","Mid C1","Heliomeris multiflora",0.285714285714286
"mo3-2_c1_pf3-5",2022,"Monument","Mid C1","Lathyrus lanszwertii",0.642857142857143
"mo3-2_c1_pf3-5",2022,"Monument","Mid C1","Linum lewisii",0.285714285714286
"mo3-2_c1_pf3-5",2022,"Monument","Mid C1","Poa reflexa",1
"mo3-2_c1_pf3-5",2022,"Monument","Mid C1","Polygonum douglasii",0.0714285714285714
"mo3-2_c1_pf3-5",2022,"Monument","Mid C1","Potentilla pulcherrima",0.142857142857143
"mo3-2_c1_pf3-5",2022,"Monument","Mid C1","Senecio crassulus",0.0714285714285714
"mo3-3_c2_um3-2",2022,"Monument","Low C2","Achillea millefolium",0.142857142857143
"mo3-3_c2_um3-2",2022,"Monument","Low C2","Elymus repens",0.214285714285714
"mo3-3_c2_um3-2",2022,"Monument","Low C2","Erigeron speciosus",0.642857142857143
"mo3-3_c2_um3-2",2022,"Monument","Low C2","Heterotheca pumila",0.285714285714286
"mo3-3_c2_um3-2",2022,"Monument","Low C2","Hymenoxys hoopesii",0.357142857142857
"mo3-3_c2_um3-2",2022,"Monument","Low C2","Lathyrus lanszwertii",0.142857142857143
"mo3-3_c2_um3-2",2022,"Monument","Low C2","Linum lewisii",0.857142857142857
"mo3-3_c2_um3-2",2022,"Monument","Low C2","Poa pratensis",0.142857142857143
"mo3-3_c2_um3-2",2022,"Monument","Low C2","Potentilla pulcherrima",1
"mo3-3_c2_um3-2",2022,"Monument","Low C2","Stipa nelsonii",0.214285714285714
"mo3-3_c2_um3-2",2022,"Monument","Low C2","Valeriana occidentalis",0.0714285714285714
"mo3-5_ws_mo3-5",2022,"Monument","High Control","Androsace septentrionalis",0.05
"mo3-5_ws_mo3-5",2022,"Monument","High Control","Fragaria virginiana",0.45
"mo3-5_ws_mo3-5",2022,"Monument","High Control","Helianthella quinquenervis",0.2
"mo3-5_ws_mo3-5",2022,"Monument","High Control","Hymenoxys hoopesii",0.4
"mo3-5_ws_mo3-5",2022,"Monument","High Control","Ligusticum porteri",0.2
"mo3-5_ws_mo3-5",2022,"Monument","High Control","Poa reflexa",1
"mo3-5_ws_mo3-5",2022,"Monument","High Control","Senecio crassulus",0.15
"mo4-1_c1_pf4-5",2022,"Monument","Mid C1","Elymus repens",0.166666666666667
"mo4-1_c1_pf4-5",2022,"Monument","Mid C1","Festuca rubra",1
"mo4-1_c1_pf4-5",2022,"Monument","Mid C1","Helianthella quinquenervis",0.733333333333333
"mo4-1_c1_pf4-5",2022,"Monument","Mid C1","Heliomeris multiflora",0.2
"mo4-1_c1_pf4-5",2022,"Monument","Mid C1","Lathyrus lanszwertii",0.6
"mo4-1_c1_pf4-5",2022,"Monument","Mid C1","Potentilla pulcherrima",0.2
"mo4-1_c1_pf4-5",2022,"Monument","Mid C1","Stipa nelsonii",0.0333333333333333
"mo4-1_c1_pf4-5",2022,"Monument","Mid C1","Viola nuttallii",0.0666666666666667
"mo4-1_c1_pf4-5",2022,"Monument","Mid C1","Polygonum douglasii",0.0333333333333333
"mo4-2_nu_mo4-2",2022,"Monument","High Control","Elymus bakeri",0.424242424242424
"mo4-2_nu_mo4-2",2022,"Monument","High Control","Fragaria virginiana",0.181818181818182
"mo4-2_nu_mo4-2",2022,"Monument","High Control","Helianthella quinquenervis",0.333333333333333
"mo4-2_nu_mo4-2",2022,"Monument","High Control","Hymenoxys hoopesii",1
"mo4-2_nu_mo4-2",2022,"Monument","High Control","Lupinus sp.",0.484848484848485
"mo4-2_nu_mo4-2",2022,"Monument","High Control","Poa reflexa",0.363636363636364
"mo4-2_nu_mo4-2",2022,"Monument","High Control","Ligusticum porteri",0.0303030303030303
"mo4-3_c2_um4-2",2022,"Monument","Low C2","Achillea millefolium",0.0384615384615385
"mo4-3_c2_um4-2",2022,"Monument","Low C2","Carex sp.",0.0769230769230769
"mo4-3_c2_um4-2",2022,"Monument","Low C2","Elymus repens",0.0769230769230769
"mo4-3_c2_um4-2",2022,"Monument","Low C2","Fragaria virginiana",0.0384615384615385
"mo4-3_c2_um4-2",2022,"Monument","Low C2","Hymenoxys hoopesii",0.269230769230769
"mo4-3_c2_um4-2",2022,"Monument","Low C2","Lathyrus lanszwertii",0.115384615384615
"mo4-3_c2_um4-2",2022,"Monument","Low C2","Potentilla pulcherrima",0.211538461538462
"mo4-3_c2_um4-2",2022,"Monument","Low C2","Valeriana occidentalis",1
"mo4-5_ws_mo4-1",2022,"Monument","High Control","Bromus carinatus",0.0476190476190476
"mo4-5_ws_mo4-1",2022,"Monument","High Control","Fragaria virginiana",0.142857142857143
"mo4-5_ws_mo4-1",2022,"Monument","High Control","Helianthella quinquenervis",0.285714285714286
"mo4-5_ws_mo4-1",2022,"Monument","High Control","Hymenoxys hoopesii",1
"mo4-5_ws_mo4-1",2022,"Monument","High Control","Lupinus sp.",0.0952380952380952
"mo4-5_ws_mo4-1",2022,"Monument","High Control","Poa reflexa",0.285714285714286
"mo4-5_ws_mo4-1",2022,"Monument","High Control","Viola nuttallii",0.0238095238095238
"mo4-5_ws_mo4-1",2022,"Monument","High Control","Symphyotrichum ascendens",0.0714285714285714
"mo4-5_ws_mo4-1",2022,"Monument","High Control","Androsace septentrionalis",0.0238095238095238
"mo5-1_u_mo5-1",2022,"Monument","High Control","Androsace septentrionalis",0.0384615384615385
"mo5-1_u_mo5-1",2022,"Monument","High Control","Helianthella quinquenervis",1
"mo5-1_u_mo5-1",2022,"Monument","High Control","Lupinus sp.",0.269230769230769
"mo5-1_u_mo5-1",2022,"Monument","High Control","Potentilla pulcherrima",0.576923076923077
"mo5-1_u_mo5-1",2022,"Monument","High Control","Poa reflexa",0.769230769230769
"mo5-1_u_mo5-1",2022,"Monument","High Control","Polygonum douglasii",0.0384615384615385
"mo5-1_u_mo5-1",2022,"Monument","High Control","Rhodiola integrifolia",0.153846153846154
"mo5-1_u_mo5-1",2022,"Monument","High Control","Senecio crassulus",0.0384615384615385
"mo5-1_u_mo5-1",2022,"Monument","High Control","Symphyotrichum ascendens",0.269230769230769
"mo5-1_u_mo5-1",2022,"Monument","High Control","Viola nuttallii",0.0769230769230769
"mo5-2_c2_um5-5",2022,"Monument","Low C2","Achillea millefolium",0.0540540540540541
"mo5-2_c2_um5-5",2022,"Monument","Low C2","Carex sp.",0.0810810810810811
"mo5-2_c2_um5-5",2022,"Monument","Low C2","Collomia linearis",0.027027027027027
"mo5-2_c2_um5-5",2022,"Monument","Low C2","Fragaria virginiana",0.108108108108108
"mo5-2_c2_um5-5",2022,"Monument","Low C2","Lathyrus lanszwertii",0.0810810810810811
"mo5-2_c2_um5-5",2022,"Monument","Low C2","Potentilla pulcherrima",1
"mo5-2_c2_um5-5",2022,"Monument","Low C2","Polygonum douglasii",0.0540540540540541
"mo5-3_ws_mo5-4",2022,"Monument","High Control","Agoseris glauca",0.025
"mo5-3_ws_mo5-4",2022,"Monument","High Control","Androsace septentrionalis",0.025
"mo5-3_ws_mo5-4",2022,"Monument","High Control","Aquilegia caerulea",0.3
"mo5-3_ws_mo5-4",2022,"Monument","High Control","Helianthella quinquenervis",0.325
"mo5-3_ws_mo5-4",2022,"Monument","High Control","Hymenoxys hoopesii",1
"mo5-3_ws_mo5-4",2022,"Monument","High Control","Polygonum douglasii",0.025
"mo5-3_ws_mo5-4",2022,"Monument","High Control","Poa reflexa",0.2
"mo5-3_ws_mo5-4",2022,"Monument","High Control","Rhodiola integrifolia",0.2
"mo5-4_c1_pf5-2",2022,"Monument","Mid C1","Achillea millefolium",0.1
"mo5-4_c1_pf5-2",2022,"Monument","Mid C1","Erythronium grandiflorum",0.05
"mo5-4_c1_pf5-2",2022,"Monument","Mid C1","Elymus bakeri",0.15
"mo5-4_c1_pf5-2",2022,"Monument","Mid C1","Fragaria virginiana",0.2
"mo5-4_c1_pf5-2",2022,"Monument","Mid C1","Festuca rubra",0.75
"mo5-4_c1_pf5-2",2022,"Monument","Mid C1","Heliomeris multiflora",0.7
"mo5-4_c1_pf5-2",2022,"Monument","Mid C1","Hymenoxys hoopesii",0.6
"mo5-4_c1_pf5-2",2022,"Monument","Mid C1","Ligusticum porteri",0.15
"mo5-4_c1_pf5-2",2022,"Monument","Mid C1","Potentilla pulcherrima",1
"mo5-4_c1_pf5-2",2022,"Monument","Mid C1","Polygonum douglasii",0.05
"mo5-4_c1_pf5-2",2022,"Monument","Mid C1","Viola nuttallii",0.1
"mo5-5_nu_mo5-5",2022,"Monument","High Control","Geranium richardsonii",0.2
"mo5-5_nu_mo5-5",2022,"Monument","High Control","Helianthella quinquenervis",1
"mo5-5_nu_mo5-5",2022,"Monument","High Control","Hydrophyllum capitatum",0.0666666666666667
"mo5-5_nu_mo5-5",2022,"Monument","High Control","Hymenoxys hoopesii",0.133333333333333
"mo5-5_nu_mo5-5",2022,"Monument","High Control","Poa reflexa",0.733333333333333
"mo5-5_nu_mo5-5",2022,"Monument","High Control","Polygonum douglasii",0.0333333333333333
"mo5-5_nu_mo5-5",2022,"Monument","High Control","Senecio crassulus",0.133333333333333
"mo5-5_nu_mo5-5",2022,"Monument","High Control","Valeriana edulis",0.133333333333333
"pf1-1_nu_pf1-1",2022,"Pfeiler","Mid Control","Agoseris glauca",0.0909090909090909
"pf1-1_nu_pf1-1",2022,"Pfeiler","Mid Control","Bromus carinatus",0.212121212121212
"pf1-1_nu_pf1-1",2022,"Pfeiler","Mid Control","Festuca rubra",0.484848484848485
"pf1-1_nu_pf1-1",2022,"Pfeiler","Mid Control","Heliomeris multiflora",0.0606060606060606
"pf1-1_nu_pf1-1",2022,"Pfeiler","Mid Control","Lathyrus lanszwertii",0.515151515151515
"pf1-1_nu_pf1-1",2022,"Pfeiler","Mid Control","Poa reflexa",0.242424242424242
"pf1-1_nu_pf1-1",2022,"Pfeiler","Mid Control","Potentilla pulcherrima",1
"pf1-1_nu_pf1-1",2022,"Pfeiler","Mid Control","Senecio crassulus",0.333333333333333
"pf1-1_nu_pf1-1",2022,"Pfeiler","Mid Control","Viola nuttallii",0.121212121212121
"pf1-2_u_pf1-2",2022,"Pfeiler","Mid Control","Aquilegia caerulea",0.5
"pf1-2_u_pf1-2",2022,"Pfeiler","Mid Control","Bromus carinatus",0.1
"pf1-2_u_pf1-2",2022,"Pfeiler","Mid Control","Castilleja sulphurea",0.266666666666667
"pf1-2_u_pf1-2",2022,"Pfeiler","Mid Control","Festuca rubra",0.733333333333333
"pf1-2_u_pf1-2",2022,"Pfeiler","Mid Control","Elymus repens",0.2
"pf1-2_u_pf1-2",2022,"Pfeiler","Mid Control","Heliomeris multiflora",0.233333333333333
"pf1-2_u_pf1-2",2022,"Pfeiler","Mid Control","Lathyrus lanszwertii",0.2
"pf1-2_u_pf1-2",2022,"Pfeiler","Mid Control","Poa reflexa",1
"pf1-2_u_pf1-2",2022,"Pfeiler","Mid Control","Potentilla pulcherrima",0.3
"pf1-2_u_pf1-2",2022,"Pfeiler","Mid Control","Senecio crassulus",0.133333333333333
"pf1-2_u_pf1-2",2022,"Pfeiler","Mid Control","Viola nuttallii",0.1
"pf1-3_ws_pf1-5",2022,"Pfeiler","Mid Control","Agoseris glauca",0.0303030303030303
"pf1-3_ws_pf1-5",2022,"Pfeiler","Mid Control","Elymus repens",0.151515151515152
"pf1-3_ws_pf1-5",2022,"Pfeiler","Mid Control","Erigeron speciosus",1
"pf1-3_ws_pf1-5",2022,"Pfeiler","Mid Control","Fragaria virginiana",0.121212121212121
"pf1-3_ws_pf1-5",2022,"Pfeiler","Mid Control","Poa reflexa",0.181818181818182
"pf1-3_ws_pf1-5",2022,"Pfeiler","Mid Control","Helianthella quinquenervis",0.272727272727273
"pf1-3_ws_pf1-5",2022,"Pfeiler","Mid Control","Heliomeris multiflora",0.212121212121212
"pf1-3_ws_pf1-5",2022,"Pfeiler","Mid Control","Ligusticum porteri",0.0606060606060606
"pf1-3_ws_pf1-5",2022,"Pfeiler","Mid Control","Lupinus sp.",0.0303030303030303
"pf1-3_ws_pf1-5",2022,"Pfeiler","Mid Control","Potentilla pulcherrima",0.242424242424242
"pf1-3_ws_pf1-5",2022,"Pfeiler","Mid Control","Polygonum douglasii",0.0303030303030303
"pf1-3_ws_pf1-5",2022,"Pfeiler","Mid Control","Senecio crassulus",0.303030303030303
"pf1-3_ws_pf1-5",2022,"Pfeiler","Mid Control","Viola nuttallii",0.0909090909090909
"pf1-5_w1_mo1-1",2022,"Pfeiler","High W1","Agoseris glauca",0.125
"pf1-5_w1_mo1-1",2022,"Pfeiler","High W1","Bromus carinatus",0.1875
"pf1-5_w1_mo1-1",2022,"Pfeiler","High W1","Castilleja sulphurea",0.1875
"pf1-5_w1_mo1-1",2022,"Pfeiler","High W1","Fragaria virginiana",0.3125
"pf1-5_w1_mo1-1",2022,"Pfeiler","High W1","Gentiana parryi",0.0625
"pf1-5_w1_mo1-1",2022,"Pfeiler","High W1","Heliomeris multiflora",0.5
"pf1-5_w1_mo1-1",2022,"Pfeiler","High W1","Hymenoxys hoopesii",0.3125
"pf1-5_w1_mo1-1",2022,"Pfeiler","High W1","Ligusticum porteri",0.75
"pf1-5_w1_mo1-1",2022,"Pfeiler","High W1","Lupinus sp.",0.4375
"pf1-5_w1_mo1-1",2022,"Pfeiler","High W1","Poa reflexa",1
"pf1-5_w1_mo1-1",2022,"Pfeiler","High W1","Potentilla pulcherrima",0.25
"pf1-5_w1_mo1-1",2022,"Pfeiler","High W1","Polygonum douglasii",0.0625
"pf1-5_w1_mo1-1",2022,"Pfeiler","High W1","Senecio crassulus",0.25
"pf1-5_w1_mo1-1",2022,"Pfeiler","High W1","Viola nuttallii",0.125
"pf2-1_nu_pf2-1",2022,"Pfeiler","Mid Control","Bromus carinatus",0.111111111111111
"pf2-1_nu_pf2-1",2022,"Pfeiler","Mid Control","Elymus repens",0.0444444444444444
"pf2-1_nu_pf2-1",2022,"Pfeiler","Mid Control","Erigeron sp.",0.155555555555556
"pf2-1_nu_pf2-1",2022,"Pfeiler","Mid Control","Festuca rubra",0.488888888888889
"pf2-1_nu_pf2-1",2022,"Pfeiler","Mid Control","Heliomeris multiflora",0.177777777777778
"pf2-1_nu_pf2-1",2022,"Pfeiler","Mid Control","Lathyrus lanszwertii",0.0666666666666667
"pf2-1_nu_pf2-1",2022,"Pfeiler","Mid Control","Poa reflexa",0.244444444444444
"pf2-1_nu_pf2-1",2022,"Pfeiler","Mid Control","Potentilla pulcherrima",0.155555555555556
"pf2-1_nu_pf2-1",2022,"Pfeiler","Mid Control","Senecio crassulus",1
"pf2-1_nu_pf2-1",2022,"Pfeiler","Mid Control","Taraxacum officinale",0.133333333333333
"pf2-1_nu_pf2-1",2022,"Pfeiler","Mid Control","Viola nuttallii",0.0444444444444444
"pf2-2_c1_um2-1",2022,"Pfeiler","Low C1","Bromus carinatus",0.318181818181818
"pf2-2_c1_um2-1",2022,"Pfeiler","Low C1","Heliomeris multiflora",0.5
"pf2-2_c1_um2-1",2022,"Pfeiler","Low C1","Hymenoxys hoopesii",1
"pf2-2_c1_um2-1",2022,"Pfeiler","Low C1","Lathyrus lanszwertii",0.181818181818182
"pf2-2_c1_um2-1",2022,"Pfeiler","Low C1","Poa pratensis",0.318181818181818
"pf2-2_c1_um2-1",2022,"Pfeiler","Low C1","Potentilla pulcherrima",0.772727272727273
"pf2-2_c1_um2-1",2022,"Pfeiler","Low C1","Stipa nelsonii",0.0909090909090909
"pf2-3_w1_mo2-5",2022,"Pfeiler","High W1","Aquilegia caerulea",0.0444444444444444
"pf2-3_w1_mo2-5",2022,"Pfeiler","High W1","Elymus repens",0.133333333333333
"pf2-3_w1_mo2-5",2022,"Pfeiler","High W1","Heterotheca pumila",1
"pf2-3_w1_mo2-5",2022,"Pfeiler","High W1","Heliomeris multiflora",0.0444444444444444
"pf2-3_w1_mo2-5",2022,"Pfeiler","High W1","Hymenoxys hoopesii",0.111111111111111
"pf2-3_w1_mo2-5",2022,"Pfeiler","High W1","Lathyrus lanszwertii",0.0666666666666667
"pf2-3_w1_mo2-5",2022,"Pfeiler","High W1","Poa reflexa",0.244444444444444
"pf2-3_w1_mo2-5",2022,"Pfeiler","High W1","Potentilla pulcherrima",0.155555555555556
"pf2-4_u_pf2-4",2022,"Pfeiler","Mid Control","Agoseris glauca",0.0769230769230769
"pf2-4_u_pf2-4",2022,"Pfeiler","Mid Control","Bromus carinatus",0.153846153846154
"pf2-4_u_pf2-4",2022,"Pfeiler","Mid Control","Castilleja sulphurea",0.0384615384615385
"pf2-4_u_pf2-4",2022,"Pfeiler","Mid Control","Elymus repens",0.115384615384615
"pf2-4_u_pf2-4",2022,"Pfeiler","Mid Control","Fragaria virginiana",0.0961538461538462
"pf2-4_u_pf2-4",2022,"Pfeiler","Mid Control","Festuca rubra",1
"pf2-4_u_pf2-4",2022,"Pfeiler","Mid Control","Helianthella quinquenervis",0.269230769230769
"pf2-4_u_pf2-4",2022,"Pfeiler","Mid Control","Heliomeris multiflora",0.0384615384615385
"pf2-4_u_pf2-4",2022,"Pfeiler","Mid Control","Lathyrus lanszwertii",0.0192307692307692
"pf2-4_u_pf2-4",2022,"Pfeiler","Mid Control","Poa reflexa",0.134615384615385
"pf2-4_u_pf2-4",2022,"Pfeiler","Mid Control","Potentilla pulcherrima",0.0576923076923077
"pf2-4_u_pf2-4",2022,"Pfeiler","Mid Control","Senecio crassulus",0.0576923076923077
"pf2-4_u_pf2-4",2022,"Pfeiler","Mid Control","Viola nuttallii",0.0576923076923077
"pf2-5_ws_pf2-2",2022,"Pfeiler","Mid Control","Agoseris glauca",0.0789473684210526
"pf2-5_ws_pf2-2",2022,"Pfeiler","Mid Control","Bromus carinatus",0.131578947368421
"pf2-5_ws_pf2-2",2022,"Pfeiler","Mid Control","Castilleja sulphurea",0.131578947368421
"pf2-5_ws_pf2-2",2022,"Pfeiler","Mid Control","Elymus repens",0.157894736842105
"pf2-5_ws_pf2-2",2022,"Pfeiler","Mid Control","Festuca rubra",1
"pf2-5_ws_pf2-2",2022,"Pfeiler","Mid Control","Heliomeris multiflora",0.0526315789473684
"pf2-5_ws_pf2-2",2022,"Pfeiler","Mid Control","Ligusticum porteri",0.236842105263158
"pf2-5_ws_pf2-2",2022,"Pfeiler","Mid Control","Melica spectabilis",0.0526315789473684
"pf2-5_ws_pf2-2",2022,"Pfeiler","Mid Control","Potentilla pulcherrima",0.105263157894737
"pf2-5_ws_pf2-2",2022,"Pfeiler","Mid Control","Polygonum douglasii",0.0263157894736842
"pf2-5_ws_pf2-2",2022,"Pfeiler","Mid Control","Senecio crassulus",0.342105263157895
"pf2-5_ws_pf2-2",2022,"Pfeiler","Mid Control","Viola nuttallii",0.236842105263158
"pf3-1_nu_pf3-1",2022,"Pfeiler","Mid Control","Agoseris glauca",0.0740740740740741
"pf3-1_nu_pf3-1",2022,"Pfeiler","Mid Control","Bromus carinatus",0.0740740740740741
"pf3-1_nu_pf3-1",2022,"Pfeiler","Mid Control","Castilleja sulphurea",0.111111111111111
"pf3-1_nu_pf3-1",2022,"Pfeiler","Mid Control","Elymus repens",0.222222222222222
"pf3-1_nu_pf3-1",2022,"Pfeiler","Mid Control","Erigeron speciosus",0.148148148148148
"pf3-1_nu_pf3-1",2022,"Pfeiler","Mid Control","Festuca rubra",1
"pf3-1_nu_pf3-1",2022,"Pfeiler","Mid Control","Helianthella quinquenervis",0.037037037037037
"pf3-1_nu_pf3-1",2022,"Pfeiler","Mid Control","Heliomeris multiflora",0.296296296296296
"pf3-1_nu_pf3-1",2022,"Pfeiler","Mid Control","Lathyrus lanszwertii",0.222222222222222
"pf3-1_nu_pf3-1",2022,"Pfeiler","Mid Control","Poa reflexa",0.222222222222222
"pf3-1_nu_pf3-1",2022,"Pfeiler","Mid Control","Potentilla pulcherrima",0.592592592592593
"pf3-1_nu_pf3-1",2022,"Pfeiler","Mid Control","Senecio crassulus",0.0740740740740741
"pf3-1_nu_pf3-1",2022,"Pfeiler","Mid Control","Viola nuttallii",0.0740740740740741
"pf3-2_ws_pf3-3",2022,"Pfeiler","Mid Control","Agoseris glauca",0.037037037037037
"pf3-2_ws_pf3-3",2022,"Pfeiler","Mid Control","Bromus carinatus",0.185185185185185
"pf3-2_ws_pf3-3",2022,"Pfeiler","Mid Control","Elymus repens",0.185185185185185
"pf3-2_ws_pf3-3",2022,"Pfeiler","Mid Control","Festuca rubra",1
"pf3-2_ws_pf3-3",2022,"Pfeiler","Mid Control","Heliomeris multiflora",0.444444444444444
"pf3-2_ws_pf3-3",2022,"Pfeiler","Mid Control","Lathyrus lanszwertii",0.296296296296296
"pf3-2_ws_pf3-3",2022,"Pfeiler","Mid Control","Ligusticum porteri",0.111111111111111
"pf3-2_ws_pf3-3",2022,"Pfeiler","Mid Control","Linum lewisii",0.037037037037037
"pf3-2_ws_pf3-3",2022,"Pfeiler","Mid Control","Melica spectabilis",0.037037037037037
"pf3-2_ws_pf3-3",2022,"Pfeiler","Mid Control","Poa reflexa",0.222222222222222
"pf3-2_ws_pf3-3",2022,"Pfeiler","Mid Control","Potentilla pulcherrima",0.296296296296296
"pf3-2_ws_pf3-3",2022,"Pfeiler","Mid Control","Polygonum douglasii",0.0740740740740741
"pf3-2_ws_pf3-3",2022,"Pfeiler","Mid Control","Viola nuttallii",0.111111111111111
"pf3-3_c1_um3-4",2022,"Pfeiler","Low C1","Agoseris aurantiaca",0.0714285714285714
"pf3-3_c1_um3-4",2022,"Pfeiler","Low C1","Collomia linearis",0.285714285714286
"pf3-3_c1_um3-4",2022,"Pfeiler","Low C1","Delphinium nuttallianum",0.142857142857143
"pf3-3_c1_um3-4",2022,"Pfeiler","Low C1","Heliomeris multiflora",1
"pf3-3_c1_um3-4",2022,"Pfeiler","Low C1","Hymenoxys hoopesii",0.0714285714285714
"pf3-3_c1_um3-4",2022,"Pfeiler","Low C1","Lathyrus lanszwertii",0.285714285714286
"pf3-3_c1_um3-4",2022,"Pfeiler","Low C1","Linum lewisii",0.0714285714285714
"pf3-3_c1_um3-4",2022,"Pfeiler","Low C1","Poa pratensis",0.5
"pf3-3_c1_um3-4",2022,"Pfeiler","Low C1","Polygonum douglasii",0.214285714285714
"pf3-3_c1_um3-4",2022,"Pfeiler","Low C1","Viola nuttallii",0.285714285714286
"pf3-4_u_pf3-4",2022,"Pfeiler","Mid Control","Agoseris glauca",0.111111111111111
"pf3-4_u_pf3-4",2022,"Pfeiler","Mid Control","Collomia linearis",0.037037037037037
"pf3-4_u_pf3-4",2022,"Pfeiler","Mid Control","Elymus repens",0.222222222222222
"pf3-4_u_pf3-4",2022,"Pfeiler","Mid Control","Erigeron speciosus",0.444444444444444
"pf3-4_u_pf3-4",2022,"Pfeiler","Mid Control","Festuca rubra",1
"pf3-4_u_pf3-4",2022,"Pfeiler","Mid Control","Heliomeris multiflora",0.111111111111111
"pf3-4_u_pf3-4",2022,"Pfeiler","Mid Control","Lathyrus lanszwertii",0.148148148148148
"pf3-4_u_pf3-4",2022,"Pfeiler","Mid Control","Ligusticum porteri",0.222222222222222
"pf3-4_u_pf3-4",2022,"Pfeiler","Mid Control","Linum lewisii",0.296296296296296
"pf3-4_u_pf3-4",2022,"Pfeiler","Mid Control","Potentilla pulcherrima",0.222222222222222
"pf3-4_u_pf3-4",2022,"Pfeiler","Mid Control","Polygonum douglasii",0.037037037037037
"pf3-4_u_pf3-4",2022,"Pfeiler","Mid Control","Senecio crassulus",0.259259259259259
"pf3-4_u_pf3-4",2022,"Pfeiler","Mid Control","Viola nuttallii",0.037037037037037
"pf3-5_w1_mo3-2",2022,"Pfeiler","High W1","Collomia linearis",0.0384615384615385
"pf3-5_w1_mo3-2",2022,"Pfeiler","High W1","Heliomeris multiflora",1
"pf3-5_w1_mo3-2",2022,"Pfeiler","High W1","Heterotheca pumila",0.269230769230769
"pf3-5_w1_mo3-2",2022,"Pfeiler","High W1","Linum lewisii",0.230769230769231
"pf3-5_w1_mo3-2",2022,"Pfeiler","High W1","Poa reflexa",0.576923076923077
"pf3-5_w1_mo3-2",2022,"Pfeiler","High W1","Polygonum douglasii",0.0384615384615385
"pf3-5_w1_mo3-2",2022,"Pfeiler","High W1","Potentilla pulcherrima",0.0384615384615385
"pf3-5_w1_mo3-2",2022,"Pfeiler","High W1","Viola nuttallii",0.0384615384615385
"pf4-1_nu_pf4-1",2022,"Pfeiler","Mid Control","Agoseris glauca",0.0952380952380952
"pf4-1_nu_pf4-1",2022,"Pfeiler","Mid Control","Bromus carinatus",0.0476190476190476
"pf4-1_nu_pf4-1",2022,"Pfeiler","Mid Control","Castilleja sulphurea",0.666666666666667
"pf4-1_nu_pf4-1",2022,"Pfeiler","Mid Control","Erigeron speciosus",0.380952380952381
"pf4-1_nu_pf4-1",2022,"Pfeiler","Mid Control","Elymus repens",0.523809523809524
"pf4-1_nu_pf4-1",2022,"Pfeiler","Mid Control","Helianthella quinquenervis",1
"pf4-1_nu_pf4-1",2022,"Pfeiler","Mid Control","Heliomeris multiflora",0.285714285714286
"pf4-1_nu_pf4-1",2022,"Pfeiler","Mid Control","Lathyrus lanszwertii",0.142857142857143
"pf4-1_nu_pf4-1",2022,"Pfeiler","Mid Control","Poa reflexa",0.333333333333333
"pf4-1_nu_pf4-1",2022,"Pfeiler","Mid Control","Potentilla pulcherrima",0.0952380952380952
"pf4-1_nu_pf4-1",2022,"Pfeiler","Mid Control","Polygonum douglasii",0.0476190476190476
"pf4-1_nu_pf4-1",2022,"Pfeiler","Mid Control","Senecio crassulus",0.19047619047619
"pf4-1_nu_pf4-1",2022,"Pfeiler","Mid Control","Osmorhiza occidentalis",0.0952380952380952
"pf4-2_ws_pf4-3",2022,"Pfeiler","Mid Control","Agoseris glauca",0.0172413793103448
"pf4-2_ws_pf4-3",2022,"Pfeiler","Mid Control","Achillea millefolium",0.0172413793103448
"pf4-2_ws_pf4-3",2022,"Pfeiler","Mid Control","Bromus carinatus",0.103448275862069
"pf4-2_ws_pf4-3",2022,"Pfeiler","Mid Control","Elymus repens",0.103448275862069
"pf4-2_ws_pf4-3",2022,"Pfeiler","Mid Control","Erigeron sp.",0.0517241379310345
"pf4-2_ws_pf4-3",2022,"Pfeiler","Mid Control","Festuca rubra",1
"pf4-2_ws_pf4-3",2022,"Pfeiler","Mid Control","Helianthella quinquenervis",0.0689655172413793
"pf4-2_ws_pf4-3",2022,"Pfeiler","Mid Control","Heliomeris multiflora",0.103448275862069
"pf4-2_ws_pf4-3",2022,"Pfeiler","Mid Control","Lathyrus lanszwertii",0.0344827586206897
"pf4-2_ws_pf4-3",2022,"Pfeiler","Mid Control","Ligusticum porteri",0.0172413793103448
"pf4-2_ws_pf4-3",2022,"Pfeiler","Mid Control","Poa reflexa",0.0689655172413793
"pf4-2_ws_pf4-3",2022,"Pfeiler","Mid Control","Potentilla pulcherrima",0.0517241379310345
"pf4-2_ws_pf4-3",2022,"Pfeiler","Mid Control","Senecio crassulus",0.0344827586206897
"pf4-2_ws_pf4-3",2022,"Pfeiler","Mid Control","Thalictrum fendleri",0.551724137931034
"pf4-3_c1_um4-1",2022,"Pfeiler","Low C1","Bromus carinatus",0.0540540540540541
"pf4-3_c1_um4-1",2022,"Pfeiler","Low C1","Carex sp.",0.297297297297297
"pf4-3_c1_um4-1",2022,"Pfeiler","Low C1","Collomia linearis",0.0540540540540541
"pf4-3_c1_um4-1",2022,"Pfeiler","Low C1","Heliomeris multiflora",1
"pf4-3_c1_um4-1",2022,"Pfeiler","Low C1","Festuca thurberi",0.027027027027027
"pf4-3_c1_um4-1",2022,"Pfeiler","Low C1","Polygonum douglasii",0.027027027027027
"pf4-3_c1_um4-1",2022,"Pfeiler","Low C1","Potentilla pulcherrima",0.027027027027027
"pf4-3_c1_um4-1",2022,"Pfeiler","Low C1","Taraxacum officinale",0.135135135135135
"pf4-3_c1_um4-1",2022,"Pfeiler","Low C1","Thalictrum fendleri",0.027027027027027
"pf4-3_c1_um4-1",2022,"Pfeiler","Low C1","Valeriana occidentalis",0.189189189189189
"pf4-3_c1_um4-1",2022,"Pfeiler","Low C1","Vicia americana",0.0540540540540541
"pf4-4_u_pf4-4",2022,"Pfeiler","Mid Control","Agoseris glauca",0.0625
"pf4-4_u_pf4-4",2022,"Pfeiler","Mid Control","Elymus repens",0.1875
"pf4-4_u_pf4-4",2022,"Pfeiler","Mid Control","Erigeron sp.",0.1875
"pf4-4_u_pf4-4",2022,"Pfeiler","Mid Control","Festuca rubra",1
"pf4-4_u_pf4-4",2022,"Pfeiler","Mid Control","Helianthella quinquenervis",0.4375
"pf4-4_u_pf4-4",2022,"Pfeiler","Mid Control","Heliomeris multiflora",0.4375
"pf4-4_u_pf4-4",2022,"Pfeiler","Mid Control","Hymenoxys hoopesii",0.25
"pf4-4_u_pf4-4",2022,"Pfeiler","Mid Control","Lathyrus lanszwertii",0.25
"pf4-4_u_pf4-4",2022,"Pfeiler","Mid Control","Ligusticum porteri",0.25
"pf4-4_u_pf4-4",2022,"Pfeiler","Mid Control","Potentilla pulcherrima",0.375
"pf4-4_u_pf4-4",2022,"Pfeiler","Mid Control","Polygonum douglasii",0.0625
"pf4-4_u_pf4-4",2022,"Pfeiler","Mid Control","Senecio crassulus",0.25
"pf4-4_u_pf4-4",2022,"Pfeiler","Mid Control","Thalictrum fendleri",0.5625
"pf4-5_w1_mo4-5",2022,"Pfeiler","High W1","Bromus carinatus",0.0555555555555556
"pf4-5_w1_mo4-5",2022,"Pfeiler","High W1","Draba spectabilis",0.111111111111111
"pf4-5_w1_mo4-5",2022,"Pfeiler","High W1","Fragaria virginiana",0.833333333333333
"pf4-5_w1_mo4-5",2022,"Pfeiler","High W1","Heliomeris multiflora",0.222222222222222
"pf4-5_w1_mo4-5",2022,"Pfeiler","High W1","Helianthella quinquenervis",0.222222222222222
"pf4-5_w1_mo4-5",2022,"Pfeiler","High W1","Hymenoxys hoopesii",0.333333333333333
"pf4-5_w1_mo4-5",2022,"Pfeiler","High W1","Poa reflexa",1
"pf4-5_w1_mo4-5",2022,"Pfeiler","High W1","Polygonum douglasii",0.0555555555555556
"pf4-5_w1_mo4-5",2022,"Pfeiler","High W1","Rhodiola integrifolia",0.444444444444444
"pf4-5_w1_mo4-5",2022,"Pfeiler","High W1","Viola nuttallii",0.0555555555555556
"pf5-1_u_pf5-1",2022,"Pfeiler","Mid Control","Agoseris glauca",0.104166666666667
"pf5-1_u_pf5-1",2022,"Pfeiler","Mid Control","Bromus carinatus",0.125
"pf5-1_u_pf5-1",2022,"Pfeiler","Mid Control","Fragaria virginiana",0.333333333333333
"pf5-1_u_pf5-1",2022,"Pfeiler","Mid Control","Festuca rubra",0.208333333333333
"pf5-1_u_pf5-1",2022,"Pfeiler","Mid Control","Ligusticum porteri",1
"pf5-1_u_pf5-1",2022,"Pfeiler","Mid Control","Elymus repens",0.0416666666666667
"pf5-1_u_pf5-1",2022,"Pfeiler","Mid Control","Potentilla pulcherrima",0.0833333333333333
"pf5-1_u_pf5-1",2022,"Pfeiler","Mid Control","Senecio crassulus",0.166666666666667
"pf5-1_u_pf5-1",2022,"Pfeiler","Mid Control","Viola nuttallii",0.0416666666666667
"pf5-2_w1_mo5-3",2022,"Pfeiler","High W1","Castilleja sulphurea",0.208333333333333
"pf5-2_w1_mo5-3",2022,"Pfeiler","High W1","Fragaria virginiana",0.166666666666667
"pf5-2_w1_mo5-3",2022,"Pfeiler","High W1","Heliomeris multiflora",0.125
"pf5-2_w1_mo5-3",2022,"Pfeiler","High W1","Hymenoxys hoopesii",1
"pf5-2_w1_mo5-3",2022,"Pfeiler","High W1","Ligusticum porteri",0.458333333333333
"pf5-2_w1_mo5-3",2022,"Pfeiler","High W1","Poa reflexa",0.583333333333333
"pf5-2_w1_mo5-3",2022,"Pfeiler","High W1","Potentilla pulcherrima",0.333333333333333
"pf5-2_w1_mo5-3",2022,"Pfeiler","High W1","Polygonum douglasii",0.0416666666666667
"pf5-2_w1_mo5-3",2022,"Pfeiler","High W1","Senecio crassulus",0.5
"pf5-2_w1_mo5-3",2022,"Pfeiler","High W1","Collomia linearis",0.25
"pf5-2_w1_mo5-3",2022,"Pfeiler","High W1","Viola nuttallii",0.125
"pf5-3_ws_pf5-4",2022,"Pfeiler","Mid Control","Achillea millefolium",0.0434782608695652
"pf5-3_ws_pf5-4",2022,"Pfeiler","Mid Control","Bromus carinatus",0.130434782608696
"pf5-3_ws_pf5-4",2022,"Pfeiler","Mid Control","Elymus repens",0.173913043478261
"pf5-3_ws_pf5-4",2022,"Pfeiler","Mid Control","Festuca rubra",0.434782608695652
"pf5-3_ws_pf5-4",2022,"Pfeiler","Mid Control","Fragaria virginiana",1
"pf5-3_ws_pf5-4",2022,"Pfeiler","Mid Control","Helianthella quinquenervis",0.608695652173913
"pf5-3_ws_pf5-4",2022,"Pfeiler","Mid Control","Heliomeris multiflora",0.130434782608696
"pf5-3_ws_pf5-4",2022,"Pfeiler","Mid Control","Lathyrus lanszwertii",0.0869565217391304
"pf5-3_ws_pf5-4",2022,"Pfeiler","Mid Control","Ligusticum porteri",0.130434782608696
"pf5-3_ws_pf5-4",2022,"Pfeiler","Mid Control","Poa reflexa",0.521739130434783
"pf5-3_ws_pf5-4",2022,"Pfeiler","Mid Control","Potentilla pulcherrima",0.869565217391304
"pf5-3_ws_pf5-4",2022,"Pfeiler","Mid Control","Senecio crassulus",0.304347826086957
"pf5-3_ws_pf5-4",2022,"Pfeiler","Mid Control","Viola nuttallii",0.0434782608695652
"pf5-4_c1_um5-4",2022,"Pfeiler","Low C1","Draba spectabilis",0.0740740740740741
"pf5-4_c1_um5-4",2022,"Pfeiler","Low C1","Fragaria virginiana",0.259259259259259
"pf5-4_c1_um5-4",2022,"Pfeiler","Low C1","Lathyrus lanszwertii",0.111111111111111
"pf5-4_c1_um5-4",2022,"Pfeiler","Low C1","Poa pratensis",0.0740740740740741
"pf5-4_c1_um5-4",2022,"Pfeiler","Low C1","Polygonum douglasii",0.0740740740740741
"pf5-4_c1_um5-4",2022,"Pfeiler","Low C1","Potentilla pulcherrima",1
"pf5-4_c1_um5-4",2022,"Pfeiler","Low C1","Viola nuttallii",0.148148148148148
"pf5-4_c1_um5-4",2022,"Pfeiler","Low C1","Valeriana occidentalis",0.296296296296296
"pf5-5_nu_pf5-5",2022,"Pfeiler","Mid Control","Bromus carinatus",0.342857142857143
"pf5-5_nu_pf5-5",2022,"Pfeiler","Mid Control","Elymus repens",0.114285714285714
"pf5-5_nu_pf5-5",2022,"Pfeiler","Mid Control","Fragaria virginiana",0.0285714285714286
"pf5-5_nu_pf5-5",2022,"Pfeiler","Mid Control","Festuca rubra",0.285714285714286
"pf5-5_nu_pf5-5",2022,"Pfeiler","Mid Control","Helianthella quinquenervis",1
"pf5-5_nu_pf5-5",2022,"Pfeiler","Mid Control","Heliomeris multiflora",0.171428571428571
"pf5-5_nu_pf5-5",2022,"Pfeiler","Mid Control","Ligusticum porteri",0.228571428571429
"pf5-5_nu_pf5-5",2022,"Pfeiler","Mid Control","Melica spectabilis",0.0285714285714286
"pf5-5_nu_pf5-5",2022,"Pfeiler","Mid Control","Poa reflexa",0.0285714285714286
"pf5-5_nu_pf5-5",2022,"Pfeiler","Mid Control","Potentilla pulcherrima",0.4
"pf5-5_nu_pf5-5",2022,"Pfeiler","Mid Control","Senecio crassulus",0.514285714285714
"pf5-5_nu_pf5-5",2022,"Pfeiler","Mid Control","Viola nuttallii",0.0857142857142857
"um1-2_w2_mo1-5",2022,"Upper Montane","High W2","Agoseris glauca",0.0222222222222222
"um1-2_w2_mo1-5",2022,"Upper Montane","High W2","Aquilegia caerulea",0.244444444444444
"um1-2_w2_mo1-5",2022,"Upper Montane","High W2","Bromus carinatus",0.288888888888889
"um1-2_w2_mo1-5",2022,"Upper Montane","High W2","Atriplex argentea",0.0222222222222222
"um1-2_w2_mo1-5",2022,"Upper Montane","High W2","Hymenoxys hoopesii",0.177777777777778
"um1-2_w2_mo1-5",2022,"Upper Montane","High W2","Lathyrus lanszwertii",0.0666666666666667
"um1-2_w2_mo1-5",2022,"Upper Montane","High W2","Ligusticum porteri",0.0666666666666667
"um1-2_w2_mo1-5",2022,"Upper Montane","High W2","Lupinus sp.",0.0888888888888889
"um1-2_w2_mo1-5",2022,"Upper Montane","High W2","Poa pratensis",1
"um1-2_w2_mo1-5",2022,"Upper Montane","High W2","Poa reflexa",0.644444444444444
"um1-2_w2_mo1-5",2022,"Upper Montane","High W2","Senecio crassulus",0.0222222222222222
"um1-2_w2_mo1-5",2022,"Upper Montane","High W2","Valeriana edulis",0.0666666666666667
"um1-2_w2_mo1-5",2022,"Upper Montane","High W2","Viola nuttallii",0.0444444444444444
"um1-2_w2_mo1-5",2022,"Upper Montane","High W2","Noccaea fendleri",0.0222222222222222
"um1-3_u_um1-3",2022,"Upper Montane","Low Control","Achillea millefolium",0.32
"um1-3_u_um1-3",2022,"Upper Montane","Low Control","Carex sp.",0.04
"um1-3_u_um1-3",2022,"Upper Montane","Low Control","Elymus repens",0.16
"um1-3_u_um1-3",2022,"Upper Montane","Low Control","Hymenoxys hoopesii",0.04
"um1-3_u_um1-3",2022,"Upper Montane","Low Control","Lathyrus lanszwertii",0.6
"um1-3_u_um1-3",2022,"Upper Montane","Low Control","Linum lewisii",0.04
"um1-3_u_um1-3",2022,"Upper Montane","Low Control","Melica spectabilis",0.04
"um1-3_u_um1-3",2022,"Upper Montane","Low Control","Mertensia fusiformis",0.04
"um1-3_u_um1-3",2022,"Upper Montane","Low Control","Poa pratensis",1
"um1-3_u_um1-3",2022,"Upper Montane","Low Control","Potentilla pulcherrima",0.36
"um1-3_u_um1-3",2022,"Upper Montane","Low Control","Stipa nelsonii",0.48
"um1-3_u_um1-3",2022,"Upper Montane","Low Control","Tragopogon dubius",0.08
"um1-3_u_um1-3",2022,"Upper Montane","Low Control","Viola nuttallii",0.36
"um1-4_ws_um1-1",2022,"Upper Montane","Low Control","Senecio integerrimus",0.3
"um1-4_ws_um1-1",2022,"Upper Montane","Low Control","Delphinium nuttallianum",0.5
"um1-4_ws_um1-1",2022,"Upper Montane","Low Control","Lathyrus lanszwertii",0.2
"um1-4_ws_um1-1",2022,"Upper Montane","Low Control","Helianthella quinquenervis",0.3
"um1-4_ws_um1-1",2022,"Upper Montane","Low Control","Melica spectabilis",0.3
"um1-4_ws_um1-1",2022,"Upper Montane","Low Control","Potentilla pulcherrima",0.15
"um1-4_ws_um1-1",2022,"Upper Montane","Low Control","Stipa nelsonii",0.15
"um1-4_ws_um1-1",2022,"Upper Montane","Low Control","Poa pratensis",0.35
"um1-4_ws_um1-1",2022,"Upper Montane","Low Control","Erigeron speciosus",1
"um1-4_ws_um1-1",2022,"Upper Montane","Low Control","Bromus carinatus",0.15
"um1-4_ws_um1-1",2022,"Upper Montane","Low Control","Heliomeris multiflora",0.5
"um1-4_ws_um1-1",2022,"Upper Montane","Low Control","Viola nuttallii",0.5
"um1-5_w1_pf1-4",2022,"Upper Montane","Mid W1","Agoseris glauca",0.133333333333333
"um1-5_w1_pf1-4",2022,"Upper Montane","Mid W1","Bromus carinatus",0.2
"um1-5_w1_pf1-4",2022,"Upper Montane","Mid W1","Elymus repens",0.0666666666666667
"um1-5_w1_pf1-4",2022,"Upper Montane","Mid W1","Erigeron speciosus",1
"um1-5_w1_pf1-4",2022,"Upper Montane","Mid W1","Heliomeris multiflora",0.533333333333333
"um1-5_w1_pf1-4",2022,"Upper Montane","Mid W1","Lathyrus lanszwertii",0.866666666666667
"um1-5_w1_pf1-4",2022,"Upper Montane","Mid W1","Ligusticum porteri",0.2
"um1-5_w1_pf1-4",2022,"Upper Montane","Mid W1","Linum lewisii",0.133333333333333
"um1-5_w1_pf1-4",2022,"Upper Montane","Mid W1","Melica spectabilis",0.266666666666667
"um1-5_w1_pf1-4",2022,"Upper Montane","Mid W1","Mertensia fusiformis",0.333333333333333
"um1-5_w1_pf1-4",2022,"Upper Montane","Mid W1","Potentilla pulcherrima",0.2
"um1-5_w1_pf1-4",2022,"Upper Montane","Mid W1","Poa reflexa",0.0666666666666667
"um1-5_w1_pf1-4",2022,"Upper Montane","Mid W1","Senecio crassulus",0.133333333333333
"um1-5_w1_pf1-4",2022,"Upper Montane","Mid W1","Taraxacum officinale",0.466666666666667
"um1-5_w1_pf1-4",2022,"Upper Montane","Mid W1","Viola nuttallii",0.333333333333333
"um2-1_w1_pf2-5",2022,"Upper Montane","Mid W1","Achillea millefolium",0.142857142857143
"um2-1_w1_pf2-5",2022,"Upper Montane","Mid W1","Agoseris glauca",0.142857142857143
"um2-1_w1_pf2-5",2022,"Upper Montane","Mid W1","Elymus repens",0.142857142857143
"um2-1_w1_pf2-5",2022,"Upper Montane","Mid W1","Festuca rubra",0.142857142857143
"um2-1_w1_pf2-5",2022,"Upper Montane","Mid W1","Helianthella quinquenervis",0.142857142857143
"um2-1_w1_pf2-5",2022,"Upper Montane","Mid W1","Heliomeris multiflora",0.571428571428571
"um2-1_w1_pf2-5",2022,"Upper Montane","Mid W1","Ligusticum porteri",0.714285714285714
"um2-1_w1_pf2-5",2022,"Upper Montane","Mid W1","Poa reflexa",0.428571428571429
"um2-1_w1_pf2-5",2022,"Upper Montane","Mid W1","Potentilla pulcherrima",1
"um2-1_w1_pf2-5",2022,"Upper Montane","Mid W1","Senecio crassulus",0.571428571428571
"um2-1_w1_pf2-5",2022,"Upper Montane","Mid W1","Vicia americana",0.142857142857143
"um2-1_w1_pf2-5",2022,"Upper Montane","Mid W1","Viola nuttallii",0.142857142857143
"um2-2_u_um2-2",2022,"Upper Montane","Low Control","Achillea millefolium",0.875
"um2-2_u_um2-2",2022,"Upper Montane","Low Control","Potentilla pulcherrima",0.75
"um2-2_u_um2-2",2022,"Upper Montane","Low Control","Lathyrus lanszwertii",0.5
"um2-2_u_um2-2",2022,"Upper Montane","Low Control","Poa pratensis",0.375
"um2-2_u_um2-2",2022,"Upper Montane","Low Control","Viola nuttallii",0.5
"um2-2_u_um2-2",2022,"Upper Montane","Low Control","Bromus carinatus",0.625
"um2-2_u_um2-2",2022,"Upper Montane","Low Control","Artemisia tridentata",0.125
"um2-2_u_um2-2",2022,"Upper Montane","Low Control","Stipa nelsonii",0.625
"um2-2_u_um2-2",2022,"Upper Montane","Low Control","Elymus repens",0.5
"um2-2_u_um2-2",2022,"Upper Montane","Low Control","Hymenoxys hoopesii",0.125
"um2-2_u_um2-2",2022,"Upper Montane","Low Control","Valeriana occidentalis",1
"um2-3_w2_mo2-1",2022,"Upper Montane","High W2","Agoseris glauca",0.217391304347826
"um2-3_w2_mo2-1",2022,"Upper Montane","High W2","Achillea millefolium",0.0217391304347826
"um2-3_w2_mo2-1",2022,"Upper Montane","High W2","Artemisia tridentata",0.0869565217391304
"um2-3_w2_mo2-1",2022,"Upper Montane","High W2","Elymus repens",0.152173913043478
"um2-3_w2_mo2-1",2022,"Upper Montane","High W2","Heterotheca pumila",1
"um2-3_w2_mo2-1",2022,"Upper Montane","High W2","Lathyrus lanszwertii",0.0434782608695652
"um2-3_w2_mo2-1",2022,"Upper Montane","High W2","Linum lewisii",0.0652173913043478
"um2-3_w2_mo2-1",2022,"Upper Montane","High W2","Poa reflexa",0.0652173913043478
"um2-3_w2_mo2-1",2022,"Upper Montane","High W2","Polygonum douglasii",0.0217391304347826
"um2-3_w2_mo2-1",2022,"Upper Montane","High W2","Potentilla pulcherrima",0.152173913043478
"um2-3_w2_mo2-1",2022,"Upper Montane","High W2","Viola nuttallii",0.0434782608695652
"um2-4_nu_um2-4",2022,"Upper Montane","Low Control","Achillea millefolium",0.117647058823529
"um2-4_nu_um2-4",2022,"Upper Montane","Low Control","Bromus carinatus",0.0588235294117647
"um2-4_nu_um2-4",2022,"Upper Montane","Low Control","Draba spectabilis",0.0588235294117647
"um2-4_nu_um2-4",2022,"Upper Montane","Low Control","Lathyrus lanszwertii",0.117647058823529
"um2-4_nu_um2-4",2022,"Upper Montane","Low Control","Melica spectabilis",0.0588235294117647
"um2-4_nu_um2-4",2022,"Upper Montane","Low Control","Poa pratensis",1
"um2-4_nu_um2-4",2022,"Upper Montane","Low Control","Potentilla pulcherrima",0.235294117647059
"um2-4_nu_um2-4",2022,"Upper Montane","Low Control","Stipa nelsonii",0.352941176470588
"um2-4_nu_um2-4",2022,"Upper Montane","Low Control","Taraxacum officinale",0.0588235294117647
"um2-4_nu_um2-4",2022,"Upper Montane","Low Control","Valeriana occidentalis",0.529411764705882
"um2-5_ws_um2-5",2022,"Upper Montane","Low Control","Achillea millefolium",0.15
"um2-5_ws_um2-5",2022,"Upper Montane","Low Control","Aquilegia caerulea",0.5
"um2-5_ws_um2-5",2022,"Upper Montane","Low Control","Artemisia tridentata",0.05
"um2-5_ws_um2-5",2022,"Upper Montane","Low Control","Bromus carinatus",0.15
"um2-5_ws_um2-5",2022,"Upper Montane","Low Control","Delphinium nuttallianum",0.15
"um2-5_ws_um2-5",2022,"Upper Montane","Low Control","Elymus repens",0.05
"um2-5_ws_um2-5",2022,"Upper Montane","Low Control","Galium bifolium",0.05
"um2-5_ws_um2-5",2022,"Upper Montane","Low Control","Heliomeris multiflora",0.05
"um2-5_ws_um2-5",2022,"Upper Montane","Low Control","Lathyrus lanszwertii",0.1
"um2-5_ws_um2-5",2022,"Upper Montane","Low Control","Melica spectabilis",0.1
"um2-5_ws_um2-5",2022,"Upper Montane","Low Control","Poa pratensis",0.05
"um2-5_ws_um2-5",2022,"Upper Montane","Low Control","Polygonum douglasii",0.05
"um2-5_ws_um2-5",2022,"Upper Montane","Low Control","Stipa nelsonii",1
"um2-5_ws_um2-5",2022,"Upper Montane","Low Control","Tragopogon dubius",0.1
"um2-5_ws_um2-5",2022,"Upper Montane","Low Control","Viola nuttallii",0.75
"um3-1_u_um3-1",2022,"Upper Montane","Low Control","Agoseris glauca",0.0666666666666667
"um3-1_u_um3-1",2022,"Upper Montane","Low Control","Achillea millefolium",0.0666666666666667
"um3-1_u_um3-1",2022,"Upper Montane","Low Control","Carex sp.",0.233333333333333
"um3-1_u_um3-1",2022,"Upper Montane","Low Control","Delphinium nuttallianum",0.0666666666666667
"um3-1_u_um3-1",2022,"Upper Montane","Low Control","Erigeron speciosus",0.133333333333333
"um3-1_u_um3-1",2022,"Upper Montane","Low Control","Hymenoxys hoopesii",0.266666666666667
"um3-1_u_um3-1",2022,"Upper Montane","Low Control","Lathyrus lanszwertii",0.1
"um3-1_u_um3-1",2022,"Upper Montane","Low Control","Linum lewisii",0.133333333333333
"um3-1_u_um3-1",2022,"Upper Montane","Low Control","Mertensia fusiformis",0.0333333333333333
"um3-1_u_um3-1",2022,"Upper Montane","Low Control","Poa pratensis",0.1
"um3-1_u_um3-1",2022,"Upper Montane","Low Control","Potentilla pulcherrima",1
"um3-1_u_um3-1",2022,"Upper Montane","Low Control","Stipa nelsonii",0.166666666666667
"um3-1_u_um3-1",2022,"Upper Montane","Low Control","Taraxacum officinale",0.0333333333333333
"um3-1_u_um3-1",2022,"Upper Montane","Low Control","Viola nuttallii",0.166666666666667
"um3-2_w2_mo3-3",2022,"Upper Montane","High W2","Achillea millefolium",0.0125
"um3-2_w2_mo3-3",2022,"Upper Montane","High W2","Agoseris glauca",0.025
"um3-2_w2_mo3-3",2022,"Upper Montane","High W2","Boechera stricta",0.0125
"um3-2_w2_mo3-3",2022,"Upper Montane","High W2","Castilleja sulphurea",0.05
"um3-2_w2_mo3-3",2022,"Upper Montane","High W2","Collomia linearis",0.025
"um3-2_w2_mo3-3",2022,"Upper Montane","High W2","Helianthella quinquenervis",0.0375
"um3-2_w2_mo3-3",2022,"Upper Montane","High W2","Heterotheca pumila",1
"um3-2_w2_mo3-3",2022,"Upper Montane","High W2","Hymenoxys hoopesii",0.0375
"um3-2_w2_mo3-3",2022,"Upper Montane","High W2","Hydrophyllum capitatum",0.0125
"um3-2_w2_mo3-3",2022,"Upper Montane","High W2","Ligusticum porteri",0.025
"um3-2_w2_mo3-3",2022,"Upper Montane","High W2","Linum lewisii",0.025
"um3-2_w2_mo3-3",2022,"Upper Montane","High W2","Poa reflexa",0.0125
"um3-2_w2_mo3-3",2022,"Upper Montane","High W2","Vicia americana",0.025
"um3-2_w2_mo3-3",2022,"Upper Montane","High W2","Viola nuttallii",0.0125
"um3-4_w1_pf3-2",2022,"Upper Montane","Mid W1","Achillea millefolium",0.4
"um3-4_w1_pf3-2",2022,"Upper Montane","Mid W1","Agoseris glauca",0.6
"um3-4_w1_pf3-2",2022,"Upper Montane","Mid W1","Aquilegia caerulea",0.5
"um3-4_w1_pf3-2",2022,"Upper Montane","Mid W1","Bromus carinatus",0.3
"um3-4_w1_pf3-2",2022,"Upper Montane","Mid W1","Carex sp.",0.8
"um3-4_w1_pf3-2",2022,"Upper Montane","Mid W1","Collomia linearis",0.2
"um3-4_w1_pf3-2",2022,"Upper Montane","Mid W1","Elymus repens",0.5
"um3-4_w1_pf3-2",2022,"Upper Montane","Mid W1","Heliomeris multiflora",0.4
"um3-4_w1_pf3-2",2022,"Upper Montane","Mid W1","Linum lewisii",0.6
"um3-4_w1_pf3-2",2022,"Upper Montane","Mid W1","Mertensia fusiformis",0.3
"um3-4_w1_pf3-2",2022,"Upper Montane","Mid W1","Poa reflexa",0.3
"um3-4_w1_pf3-2",2022,"Upper Montane","Mid W1","Potentilla pulcherrima",0.3
"um3-4_w1_pf3-2",2022,"Upper Montane","Mid W1","Stipa nelsonii",0.1
"um3-4_w1_pf3-2",2022,"Upper Montane","Mid W1","Taraxacum officinale",0.2
"um3-4_w1_pf3-2",2022,"Upper Montane","Mid W1","Thalictrum fendleri",1
"um3-4_w1_pf3-2",2022,"Upper Montane","Mid W1","Vicia americana",0.2
"um3-4_w1_pf3-2",2022,"Upper Montane","Mid W1","Viola nuttallii",0.3
"um3-5_nu_um3-5",2022,"Upper Montane","Low Control","Achillea millefolium",0.136363636363636
"um3-5_nu_um3-5",2022,"Upper Montane","Low Control","Agoseris aurantiaca",0.136363636363636
"um3-5_nu_um3-5",2022,"Upper Montane","Low Control","Bromus carinatus",0.0909090909090909
"um3-5_nu_um3-5",2022,"Upper Montane","Low Control","Lathyrus lanszwertii",0.136363636363636
"um3-5_nu_um3-5",2022,"Upper Montane","Low Control","Melica spectabilis",0.0454545454545455
"um3-5_nu_um3-5",2022,"Upper Montane","Low Control","Polygonum douglasii",0.0454545454545455
"um3-5_nu_um3-5",2022,"Upper Montane","Low Control","Potentilla pulcherrima",1
"um3-5_nu_um3-5",2022,"Upper Montane","Low Control","Senecio crassulus",0.227272727272727
"um3-5_nu_um3-5",2022,"Upper Montane","Low Control","Stipa nelsonii",0.909090909090909
"um3-5_nu_um3-5",2022,"Upper Montane","Low Control","Vicia americana",0.272727272727273
"um3-5_nu_um3-5",2022,"Upper Montane","Low Control","Viola nuttallii",0.227272727272727
"um4-1_w1_pf4-2",2022,"Upper Montane","Mid W1","Achillea millefolium",0.4375
"um4-1_w1_pf4-2",2022,"Upper Montane","Mid W1","Bromus carinatus",0.0625
"um4-1_w1_pf4-2",2022,"Upper Montane","Mid W1","Elymus repens",0.25
"um4-1_w1_pf4-2",2022,"Upper Montane","Mid W1","Erigeron elatior",0.4375
"um4-1_w1_pf4-2",2022,"Upper Montane","Mid W1","Helianthella quinquenervis",0.5
"um4-1_w1_pf4-2",2022,"Upper Montane","Mid W1","Heliomeris multiflora",0.625
"um4-1_w1_pf4-2",2022,"Upper Montane","Mid W1","Hymenoxys hoopesii",0.4375
"um4-1_w1_pf4-2",2022,"Upper Montane","Mid W1","Lathyrus lanszwertii",0.25
"um4-1_w1_pf4-2",2022,"Upper Montane","Mid W1","Poa reflexa",0.5625
"um4-1_w1_pf4-2",2022,"Upper Montane","Mid W1","Potentilla pulcherrima",0.25
"um4-1_w1_pf4-2",2022,"Upper Montane","Mid W1","Polygonum douglasii",0.0625
"um4-1_w1_pf4-2",2022,"Upper Montane","Mid W1","Senecio crassulus",0.25
"um4-1_w1_pf4-2",2022,"Upper Montane","Mid W1","Stipa nelsonii",0.0625
"um4-1_w1_pf4-2",2022,"Upper Montane","Mid W1","Thalictrum fendleri",1
"um4-1_w1_pf4-2",2022,"Upper Montane","Mid W1","Tragopogon dubius",0.125
"um4-1_w1_pf4-2",2022,"Upper Montane","Mid W1","Viola nuttallii",0.125
"um4-2_w2_mo4-3",2022,"Upper Montane","High W2","Achillea millefolium",0.272727272727273
"um4-2_w2_mo4-3",2022,"Upper Montane","High W2","Agoseris glauca",0.181818181818182
"um4-2_w2_mo4-3",2022,"Upper Montane","High W2","Agoseris aurantiaca",0.181818181818182
"um4-2_w2_mo4-3",2022,"Upper Montane","High W2","Bromus carinatus",0.181818181818182
"um4-2_w2_mo4-3",2022,"Upper Montane","High W2","Carex sp.",0.136363636363636
"um4-2_w2_mo4-3",2022,"Upper Montane","High W2","Fragaria virginiana",0.318181818181818
"um4-2_w2_mo4-3",2022,"Upper Montane","High W2","Helianthella quinquenervis",1
"um4-2_w2_mo4-3",2022,"Upper Montane","High W2","Lathyrus lanszwertii",0.136363636363636
"um4-2_w2_mo4-3",2022,"Upper Montane","High W2","Ligusticum porteri",0.0909090909090909
"um4-2_w2_mo4-3",2022,"Upper Montane","High W2","Polygonum douglasii",0.0454545454545455
"um4-2_w2_mo4-3",2022,"Upper Montane","High W2","Poa reflexa",0.136363636363636
"um4-2_w2_mo4-3",2022,"Upper Montane","High W2","Potentilla pulcherrima",0.181818181818182
"um4-2_w2_mo4-3",2022,"Upper Montane","High W2","Rhodiola integrifolia",0.227272727272727
"um4-2_w2_mo4-3",2022,"Upper Montane","High W2","Viola nuttallii",0.0454545454545455
"um4-3_nu_um4-3",2022,"Upper Montane","Low Control","Achillea millefolium",0.0454545454545455
"um4-3_nu_um4-3",2022,"Upper Montane","Low Control","Agoseris aurantiaca",0.136363636363636
"um4-3_nu_um4-3",2022,"Upper Montane","Low Control","Carex sp.",0.272727272727273
"um4-3_nu_um4-3",2022,"Upper Montane","Low Control","Draba spectabilis",0.136363636363636
"um4-3_nu_um4-3",2022,"Upper Montane","Low Control","Elymus repens",0.136363636363636
"um4-3_nu_um4-3",2022,"Upper Montane","Low Control","Hymenoxys hoopesii",0.363636363636364
"um4-3_nu_um4-3",2022,"Upper Montane","Low Control","Lathyrus lanszwertii",0.227272727272727
"um4-3_nu_um4-3",2022,"Upper Montane","Low Control","Mertensia fusiformis",0.0454545454545455
"um4-3_nu_um4-3",2022,"Upper Montane","Low Control","Poa pratensis",0.181818181818182
"um4-3_nu_um4-3",2022,"Upper Montane","Low Control","Potentilla pulcherrima",1
"um4-3_nu_um4-3",2022,"Upper Montane","Low Control","Valeriana occidentalis",0.5
"um4-3_nu_um4-3",2022,"Upper Montane","Low Control","Viola nuttallii",0.272727272727273
"um4-4_u_um4-4",2022,"Upper Montane","Low Control","Achillea millefolium",0.8
"um4-4_u_um4-4",2022,"Upper Montane","Low Control","Agoseris aurantiaca",0.05
"um4-4_u_um4-4",2022,"Upper Montane","Low Control","Bromus carinatus",0.15
"um4-4_u_um4-4",2022,"Upper Montane","Low Control","Hymenoxys hoopesii",0.75
"um4-4_u_um4-4",2022,"Upper Montane","Low Control","Lathyrus lanszwertii",0.3
"um4-4_u_um4-4",2022,"Upper Montane","Low Control","Poa pratensis",0.1
"um4-4_u_um4-4",2022,"Upper Montane","Low Control","Potentilla pulcherrima",1
"um4-4_u_um4-4",2022,"Upper Montane","Low Control","Senecio integerrimus",0.1
"um4-4_u_um4-4",2022,"Upper Montane","Low Control","Valeriana occidentalis",0.6
"um4-4_u_um4-4",2022,"Upper Montane","Low Control","Viola nuttallii",0.3
"um4-4_u_um4-4",2022,"Upper Montane","Low Control","Stipa nelsonii",0.15
"um4-5_ws_um4-5",2022,"Upper Montane","Low Control","Achillea millefolium",0.909090909090909
"um4-5_ws_um4-5",2022,"Upper Montane","Low Control","Agoseris glauca",0.227272727272727
"um4-5_ws_um4-5",2022,"Upper Montane","Low Control","Collomia linearis",0.0454545454545455
"um4-5_ws_um4-5",2022,"Upper Montane","Low Control","Lathyrus lanszwertii",0.0909090909090909
"um4-5_ws_um4-5",2022,"Upper Montane","Low Control","Ligusticum porteri",0.136363636363636
"um4-5_ws_um4-5",2022,"Upper Montane","Low Control","Melica spectabilis",0.0909090909090909
"um4-5_ws_um4-5",2022,"Upper Montane","Low Control","Poa pratensis",0.363636363636364
"um4-5_ws_um4-5",2022,"Upper Montane","Low Control","Polygonum douglasii",0.0909090909090909
"um4-5_ws_um4-5",2022,"Upper Montane","Low Control","Potentilla pulcherrima",0.454545454545455
"um4-5_ws_um4-5",2022,"Upper Montane","Low Control","Senecio crassulus",0.181818181818182
"um4-5_ws_um4-5",2022,"Upper Montane","Low Control","Elymus repens",1
"um5-1_ws_um5-1",2022,"Upper Montane","Low Control","Achillea millefolium",0.5
"um5-1_ws_um5-1",2022,"Upper Montane","Low Control","Agoseris aurantiaca",0.125
"um5-1_ws_um5-1",2022,"Upper Montane","Low Control","Artemisia tridentata",1
"um5-1_ws_um5-1",2022,"Upper Montane","Low Control","Bromus carinatus",0.1875
"um5-1_ws_um5-1",2022,"Upper Montane","Low Control","Castilleja sulphurea",0.25
"um5-1_ws_um5-1",2022,"Upper Montane","Low Control","Collomia linearis",0.0625
"um5-1_ws_um5-1",2022,"Upper Montane","Low Control","Elymus repens",0.25
"um5-1_ws_um5-1",2022,"Upper Montane","Low Control","Lathyrus lanszwertii",0.0625
"um5-1_ws_um5-1",2022,"Upper Montane","Low Control","Melica spectabilis",0.125
"um5-1_ws_um5-1",2022,"Upper Montane","Low Control","Mertensia fusiformis",0.0625
"um5-1_ws_um5-1",2022,"Upper Montane","Low Control","Poa pratensis",0.375
"um5-1_ws_um5-1",2022,"Upper Montane","Low Control","Polygonum douglasii",0.0625
"um5-1_ws_um5-1",2022,"Upper Montane","Low Control","Potentilla pulcherrima",0.5
"um5-1_ws_um5-1",2022,"Upper Montane","Low Control","Stipa nelsonii",0.1875
"um5-1_ws_um5-1",2022,"Upper Montane","Low Control","Taraxacum officinale",0.5625
"um5-1_ws_um5-1",2022,"Upper Montane","Low Control","Viola nuttallii",0.1875
"um5-2_nu_um5-2",2022,"Upper Montane","Low Control","Achillea millefolium",0.4
"um5-2_nu_um5-2",2022,"Upper Montane","Low Control","Agoseris aurantiaca",0.133333333333333
"um5-2_nu_um5-2",2022,"Upper Montane","Low Control","Carex sp.",0.2
"um5-2_nu_um5-2",2022,"Upper Montane","Low Control","Elymus repens",0.4
"um5-2_nu_um5-2",2022,"Upper Montane","Low Control","Galium bifolium",1
"um5-2_nu_um5-2",2022,"Upper Montane","Low Control","Lathyrus lanszwertii",0.533333333333333
"um5-2_nu_um5-2",2022,"Upper Montane","Low Control","Melica spectabilis",0.0666666666666667
"um5-2_nu_um5-2",2022,"Upper Montane","Low Control","Poa pratensis",0.133333333333333
"um5-2_nu_um5-2",2022,"Upper Montane","Low Control","Potentilla pulcherrima",0.333333333333333
"um5-2_nu_um5-2",2022,"Upper Montane","Low Control","Taraxacum officinale",0.8
"um5-2_nu_um5-2",2022,"Upper Montane","Low Control","Viola nuttallii",0.2
"um5-3_u_um5-3",2022,"Upper Montane","Low Control","Achillea millefolium",0.192307692307692
"um5-3_u_um5-3",2022,"Upper Montane","Low Control","Agoseris aurantiaca",0.0769230769230769
"um5-3_u_um5-3",2022,"Upper Montane","Low Control","Carex sp.",0.5
"um5-3_u_um5-3",2022,"Upper Montane","Low Control","Hymenoxys hoopesii",0.653846153846154
"um5-3_u_um5-3",2022,"Upper Montane","Low Control","Poa pratensis",0.307692307692308
"um5-3_u_um5-3",2022,"Upper Montane","Low Control","Potentilla pulcherrima",0.192307692307692
"um5-3_u_um5-3",2022,"Upper Montane","Low Control","Stipa nelsonii",0.230769230769231
"um5-3_u_um5-3",2022,"Upper Montane","Low Control","Taraxacum officinale",0.0769230769230769
"um5-3_u_um5-3",2022,"Upper Montane","Low Control","Valeriana occidentalis",1
"um5-3_u_um5-3",2022,"Upper Montane","Low Control","Viola nuttallii",0.115384615384615
"um5-4_w1_pf5-3",2022,"Upper Montane","Mid W1","Achillea millefolium",0.05
"um5-4_w1_pf5-3",2022,"Upper Montane","Mid W1","Agoseris glauca",0.05
"um5-4_w1_pf5-3",2022,"Upper Montane","Mid W1","Bromus carinatus",0.05
"um5-4_w1_pf5-3",2022,"Upper Montane","Mid W1","Fragaria virginiana",0.3
"um5-4_w1_pf5-3",2022,"Upper Montane","Mid W1","Festuca rubra",1
"um5-4_w1_pf5-3",2022,"Upper Montane","Mid W1","Helianthella quinquenervis",0.05
"um5-4_w1_pf5-3",2022,"Upper Montane","Mid W1","Heliomeris multiflora",0.1
"um5-4_w1_pf5-3",2022,"Upper Montane","Mid W1","Ligusticum porteri",0.4
"um5-4_w1_pf5-3",2022,"Upper Montane","Mid W1","Potentilla pulcherrima",0.35
"um5-4_w1_pf5-3",2022,"Upper Montane","Mid W1","Senecio crassulus",0.1
"um5-4_w1_pf5-3",2022,"Upper Montane","Mid W1","Vicia americana",0.05
"um5-5_w2_mo5-2",2022,"Upper Montane","High W2","Agoseris glauca",0.0666666666666667
"um5-5_w2_mo5-2",2022,"Upper Montane","High W2","Aquilegia caerulea",0.2
"um5-5_w2_mo5-2",2022,"Upper Montane","High W2","Castilleja sulphurea",0.0666666666666667
"um5-5_w2_mo5-2",2022,"Upper Montane","High W2","Erigeron sp.",0.0666666666666667
"um5-5_w2_mo5-2",2022,"Upper Montane","High W2","Helianthella quinquenervis",0.2
"um5-5_w2_mo5-2",2022,"Upper Montane","High W2","Hymenoxys hoopesii",0.0666666666666667
"um5-5_w2_mo5-2",2022,"Upper Montane","High W2","Ligusticum porteri",0.666666666666667
"um5-5_w2_mo5-2",2022,"Upper Montane","High W2","Poa pratensis",0.0666666666666667
"um5-5_w2_mo5-2",2022,"Upper Montane","High W2","Poa reflexa",1
"um5-5_w2_mo5-2",2022,"Upper Montane","High W2","Potentilla pulcherrima",0.0666666666666667
"um5-5_w2_mo5-2",2022,"Upper Montane","High W2","Ranunculus inamoenus",0.0666666666666667
"um5-5_w2_mo5-2",2022,"Upper Montane","High W2","Atriplex argentea",0.0666666666666667
"um5-5_w2_mo5-2",2022,"Upper Montane","High W2","Senecio crassulus",0.0666666666666667
"um5-5_w2_mo5-2",2022,"Upper Montane","High W2","Valeriana edulis",0.266666666666667
"um5-5_w2_mo5-2",2022,"Upper Montane","High W2","Noccaea fendleri",0.0666666666666667
"mo1-1_c1_pf1-3",2023,"Monument","Mid C1","Agoseris glauca",0.0714285714285714
"mo1-1_c1_pf1-3",2023,"Monument","Mid C1","Bromus carinatus",0.214285714285714
"mo1-1_c1_pf1-3",2023,"Monument","Mid C1","Fragaria virginiana",0.142857142857143
"mo1-1_c1_pf1-3",2023,"Monument","Mid C1","Heliomeris multiflora",0.285714285714286
"mo1-1_c1_pf1-3",2023,"Monument","Mid C1","Festuca rubra",0.642857142857143
"mo1-1_c1_pf1-3",2023,"Monument","Mid C1","Potentilla pulcherrima",1
"mo1-1_c1_pf1-3",2023,"Monument","Mid C1","Senecio crassulus",0.571428571428571
"mo1-1_c1_pf1-3",2023,"Monument","Mid C1","Viola nuttallii",0.285714285714286
"mo1-3_nu_mo1-3",2023,"Monument","High Control","Bromus carinatus",0.036144578313253
"mo1-3_nu_mo1-3",2023,"Monument","High Control","Epilobium sp.",0.0120481927710843
"mo1-3_nu_mo1-3",2023,"Monument","High Control","Fragaria virginiana",0.0240963855421687
"mo1-3_nu_mo1-3",2023,"Monument","High Control","Geranium richardsonii",0.072289156626506
"mo1-3_nu_mo1-3",2023,"Monument","High Control","Helianthella quinquenervis",0.072289156626506
"mo1-3_nu_mo1-3",2023,"Monument","High Control","Hydrophyllum capitatum",0.0120481927710843
"mo1-3_nu_mo1-3",2023,"Monument","High Control","Ligusticum porteri",1
"mo1-3_nu_mo1-3",2023,"Monument","High Control","Poa reflexa",0.036144578313253
"mo1-3_nu_mo1-3",2023,"Monument","High Control","Rhodiola integrifolia",0.0120481927710843
"mo1-4_u_mo1-4",2023,"Monument","High Control","Agoseris glauca",0.0303030303030303
"mo1-4_u_mo1-4",2023,"Monument","High Control","Bromus carinatus",0.212121212121212
"mo1-4_u_mo1-4",2023,"Monument","High Control","Elymus bakeri",0.242424242424242
"mo1-4_u_mo1-4",2023,"Monument","High Control","Frasera speciosa",0.242424242424242
"mo1-4_u_mo1-4",2023,"Monument","High Control","Helianthella quinquenervis",1
"mo1-4_u_mo1-4",2023,"Monument","High Control","Hymenoxys hoopesii",0.363636363636364
"mo1-4_u_mo1-4",2023,"Monument","High Control","Ligusticum porteri",0.181818181818182
"mo1-4_u_mo1-4",2023,"Monument","High Control","Poa reflexa",0.0909090909090909
"mo1-4_u_mo1-4",2023,"Monument","High Control","Potentilla pulcherrima",0.181818181818182
"mo1-4_u_mo1-4",2023,"Monument","High Control","Senecio crassulus",0.0606060606060606
"mo1-4_u_mo1-4",2023,"Monument","High Control","Lupinus sp.",0.0303030303030303
"mo1-4_u_mo1-4",2023,"Monument","High Control","Valeriana edulis",0.0909090909090909
"mo1-5_ws_mo1-2",2023,"Monument","High Control","Agoseris glauca",0.1875
"mo1-5_ws_mo1-2",2023,"Monument","High Control","Androsace septentrionalis",0.0625
"mo1-5_ws_mo1-2",2023,"Monument","High Control","Aquilegia caerulea",0.3125
"mo1-5_ws_mo1-2",2023,"Monument","High Control","Elymus bakeri",0.4375
"mo1-5_ws_mo1-2",2023,"Monument","High Control","Castilleja sulphurea",0.1875
"mo1-5_ws_mo1-2",2023,"Monument","High Control","Frasera speciosa",0.4375
"mo1-5_ws_mo1-2",2023,"Monument","High Control","Helianthella quinquenervis",1
"mo1-5_ws_mo1-2",2023,"Monument","High Control","Hymenoxys hoopesii",0.4375
"mo1-5_ws_mo1-2",2023,"Monument","High Control","Ligusticum porteri",0.8125
"mo1-5_ws_mo1-2",2023,"Monument","High Control","Poa reflexa",0.75
"mo1-5_ws_mo1-2",2023,"Monument","High Control","Potentilla pulcherrima",0.4375
"mo1-5_ws_mo1-2",2023,"Monument","High Control","Senecio crassulus",0.1875
"mo1-5_ws_mo1-2",2023,"Monument","High Control","Viola nuttallii",0.125
"mo2-1_ws_mo2-3",2023,"Monument","High Control","Agoseris glauca",0.0416666666666667
"mo2-1_ws_mo2-3",2023,"Monument","High Control","Elymus repens",0.125
"mo2-1_ws_mo2-3",2023,"Monument","High Control","Heterotheca pumila",1
"mo2-1_ws_mo2-3",2023,"Monument","High Control","Hymenoxys hoopesii",0.291666666666667
"mo2-1_ws_mo2-3",2023,"Monument","High Control","Ligusticum porteri",0.5
"mo2-1_ws_mo2-3",2023,"Monument","High Control","Poa reflexa",0.25
"mo2-1_ws_mo2-3",2023,"Monument","High Control","Senecio crassulus",0.125
"mo2-2_u_mo2-2",2023,"Monument","High Control","Aquilegia caerulea",0.103448275862069
"mo2-2_u_mo2-2",2023,"Monument","High Control","Castilleja sulphurea",0.103448275862069
"mo2-2_u_mo2-2",2023,"Monument","High Control","Elymus bakeri",0.275862068965517
"mo2-2_u_mo2-2",2023,"Monument","High Control","Erythronium grandiflorum",0.103448275862069
"mo2-2_u_mo2-2",2023,"Monument","High Control","Fragaria virginiana",0.206896551724138
"mo2-2_u_mo2-2",2023,"Monument","High Control","Helianthella quinquenervis",0.551724137931034
"mo2-2_u_mo2-2",2023,"Monument","High Control","Heterotheca pumila",1
"mo2-2_u_mo2-2",2023,"Monument","High Control","Hymenoxys hoopesii",0.103448275862069
"mo2-2_u_mo2-2",2023,"Monument","High Control","Poa reflexa",0.206896551724138
"mo2-3_c2_um2-3",2023,"Monument","Low C2","Bromus carinatus",0.285714285714286
"mo2-3_c2_um2-3",2023,"Monument","Low C2","Collomia linearis",0.285714285714286
"mo2-3_c2_um2-3",2023,"Monument","Low C2","Fragaria virginiana",0.571428571428571
"mo2-3_c2_um2-3",2023,"Monument","Low C2","Valeriana occidentalis",1
"mo2-3_c2_um2-3",2023,"Monument","Low C2","Lathyrus lanszwertii",0.285714285714286
"mo2-3_c2_um2-3",2023,"Monument","Low C2","Viola nuttallii",0.428571428571429
"mo2-5_c1_pf2-3",2023,"Monument","Mid C1","Bromus carinatus",0.222222222222222
"mo2-5_c1_pf2-3",2023,"Monument","Mid C1","Helianthella quinquenervis",0.444444444444444
"mo2-5_c1_pf2-3",2023,"Monument","Mid C1","Heliomeris multiflora",0.666666666666667
"mo2-5_c1_pf2-3",2023,"Monument","Mid C1","Vicia americana",0.666666666666667
"mo2-5_c1_pf2-3",2023,"Monument","Mid C1","Melica spectabilis",0.222222222222222
"mo2-5_c1_pf2-3",2023,"Monument","Mid C1","Potentilla pulcherrima",0.333333333333333
"mo2-5_c1_pf2-3",2023,"Monument","Mid C1","Poa reflexa",1
"mo2-5_c1_pf2-3",2023,"Monument","Mid C1","Senecio crassulus",0.111111111111111
"mo2-5_c1_pf2-3",2023,"Monument","Mid C1","Thalictrum fendleri",0.444444444444444
"mo2-5_c1_pf2-3",2023,"Monument","Mid C1","Viola nuttallii",0.666666666666667
"mo3-1_u_mo3-1",2023,"Monument","High Control","Androsace septentrionalis",0.0158730158730159
"mo3-1_u_mo3-1",2023,"Monument","High Control","Castilleja sulphurea",0.0158730158730159
"mo3-1_u_mo3-1",2023,"Monument","High Control","Elymus bakeri",0.0476190476190476
"mo3-1_u_mo3-1",2023,"Monument","High Control","Erythronium grandiflorum",0.0158730158730159
"mo3-1_u_mo3-1",2023,"Monument","High Control","Symphyotrichum ascendens",0.0317460317460317
"mo3-1_u_mo3-1",2023,"Monument","High Control","Helianthella quinquenervis",0.126984126984127
"mo3-1_u_mo3-1",2023,"Monument","High Control","Hymenoxys hoopesii",0.0952380952380952
"mo3-1_u_mo3-1",2023,"Monument","High Control","Ligusticum porteri",1
"mo3-1_u_mo3-1",2023,"Monument","High Control","Poa reflexa",0.142857142857143
"mo3-1_u_mo3-1",2023,"Monument","High Control","Viola nuttallii",0.0634920634920635
"mo3-2_c1_pf3-5",2023,"Monument","Mid C1","Bromus carinatus",0.5
"mo3-2_c1_pf3-5",2023,"Monument","Mid C1","Helianthella quinquenervis",0.0833333333333333
"mo3-2_c1_pf3-5",2023,"Monument","Mid C1","Heliomeris multiflora",0.0833333333333333
"mo3-2_c1_pf3-5",2023,"Monument","Mid C1","Lathyrus lanszwertii",1
"mo3-2_c1_pf3-5",2023,"Monument","Mid C1","Ligusticum porteri",0.333333333333333
"mo3-2_c1_pf3-5",2023,"Monument","Mid C1","Linum lewisii",0.5
"mo3-2_c1_pf3-5",2023,"Monument","Mid C1","Poa reflexa",0.5
"mo3-2_c1_pf3-5",2023,"Monument","Mid C1","Potentilla pulcherrima",0.25
"mo3-3_c2_um3-2",2023,"Monument","Low C2","Bromus carinatus",0.0909090909090909
"mo3-3_c2_um3-2",2023,"Monument","Low C2","Erigeron speciosus",0.545454545454545
"mo3-3_c2_um3-2",2023,"Monument","Low C2","Fragaria virginiana",0.136363636363636
"mo3-3_c2_um3-2",2023,"Monument","Low C2","Hymenoxys hoopesii",0.181818181818182
"mo3-3_c2_um3-2",2023,"Monument","Low C2","Lathyrus lanszwertii",0.181818181818182
"mo3-3_c2_um3-2",2023,"Monument","Low C2","Linum lewisii",1
"mo3-3_c2_um3-2",2023,"Monument","Low C2","Lupinus sp.",0.136363636363636
"mo3-3_c2_um3-2",2023,"Monument","Low C2","Poa pratensis",0.227272727272727
"mo3-3_c2_um3-2",2023,"Monument","Low C2","Potentilla pulcherrima",0.727272727272727
"mo3-3_c2_um3-2",2023,"Monument","Low C2","Viola nuttallii",0.0454545454545455
"mo3-4_nu_mo3-4",2023,"Monument","High Control","Androsace septentrionalis",0.0352941176470588
"mo3-4_nu_mo3-4",2023,"Monument","High Control","Elymus repens",0.0470588235294118
"mo3-4_nu_mo3-4",2023,"Monument","High Control","Epilobium sp.",0.0117647058823529
"mo3-4_nu_mo3-4",2023,"Monument","High Control","Erythronium grandiflorum",0.0352941176470588
"mo3-4_nu_mo3-4",2023,"Monument","High Control","Fragaria virginiana",0.0470588235294118
"mo3-4_nu_mo3-4",2023,"Monument","High Control","Hymenoxys hoopesii",0.0941176470588235
"mo3-4_nu_mo3-4",2023,"Monument","High Control","Ligusticum porteri",1
"mo3-4_nu_mo3-4",2023,"Monument","High Control","Poa reflexa",0.129411764705882
"mo3-4_nu_mo3-4",2023,"Monument","High Control","Senecio crassulus",0.0235294117647059
"mo4-1_c1_pf4-5",2023,"Monument","Mid C1","Helianthella quinquenervis",1
"mo4-1_c1_pf4-5",2023,"Monument","Mid C1","Heliomeris multiflora",0.142857142857143
"mo4-1_c1_pf4-5",2023,"Monument","Mid C1","Lathyrus lanszwertii",0.642857142857143
"mo4-1_c1_pf4-5",2023,"Monument","Mid C1","Poa reflexa",0.428571428571429
"mo4-1_c1_pf4-5",2023,"Monument","Mid C1","Potentilla pulcherrima",0.285714285714286
"mo4-1_c1_pf4-5",2023,"Monument","Mid C1","Viola nuttallii",0.107142857142857
"mo4-2_nu_mo4-2",2023,"Monument","High Control","Bromus carinatus",0.0769230769230769
"mo4-2_nu_mo4-2",2023,"Monument","High Control","Castilleja sulphurea",1
"mo4-2_nu_mo4-2",2023,"Monument","High Control","Erythronium grandiflorum",0.153846153846154
"mo4-2_nu_mo4-2",2023,"Monument","High Control","Epilobium sp.",0.0769230769230769
"mo4-2_nu_mo4-2",2023,"Monument","High Control","Elymus bakeri",0.692307692307692
"mo4-2_nu_mo4-2",2023,"Monument","High Control","Fragaria virginiana",0.923076923076923
"mo4-2_nu_mo4-2",2023,"Monument","High Control","Hymenoxys hoopesii",0.153846153846154
"mo4-2_nu_mo4-2",2023,"Monument","High Control","Lupinus sp.",0.615384615384615
"mo4-2_nu_mo4-2",2023,"Monument","High Control","Ligusticum porteri",0.538461538461538
"mo4-2_nu_mo4-2",2023,"Monument","High Control","Viola nuttallii",0.923076923076923
"mo4-3_c2_um4-2",2023,"Monument","Low C2","Elymus repens",0.125
"mo4-3_c2_um4-2",2023,"Monument","Low C2","Hymenoxys hoopesii",1
"mo4-3_c2_um4-2",2023,"Monument","Low C2","Lathyrus lanszwertii",0.875
"mo4-3_c2_um4-2",2023,"Monument","Low C2","Mertensia fusiformis",0.0625
"mo4-3_c2_um4-2",2023,"Monument","Low C2","Potentilla pulcherrima",0.8125
"mo4-3_c2_um4-2",2023,"Monument","Low C2","Valeriana occidentalis",0.75
"mo4-3_c2_um4-2",2023,"Monument","Low C2","Poa pratensis",0.25
"mo4-3_c2_um4-2",2023,"Monument","Low C2","Fragaria virginiana",0.0625
"mo4-4_u_mo4-4",2023,"Monument","High Control","Castilleja sulphurea",0.285714285714286
"mo4-4_u_mo4-4",2023,"Monument","High Control","Fragaria virginiana",0.428571428571429
"mo4-4_u_mo4-4",2023,"Monument","High Control","Helianthella quinquenervis",0.285714285714286
"mo4-4_u_mo4-4",2023,"Monument","High Control","Hymenoxys hoopesii",0.285714285714286
"mo4-4_u_mo4-4",2023,"Monument","High Control","Lupinus sp.",0.857142857142857
"mo4-4_u_mo4-4",2023,"Monument","High Control","Poa reflexa",1
"mo4-4_u_mo4-4",2023,"Monument","High Control","Rhodiola integrifolia",0.285714285714286
"mo4-4_u_mo4-4",2023,"Monument","High Control","Senecio crassulus",0.214285714285714
"mo4-4_u_mo4-4",2023,"Monument","High Control","Viola nuttallii",0.214285714285714
"mo4-5_ws_mo4-1",2023,"Monument","High Control","Androsace septentrionalis",0.0625
"mo4-5_ws_mo4-1",2023,"Monument","High Control","Epilobium sp.",0.0625
"mo4-5_ws_mo4-1",2023,"Monument","High Control","Erigeron coulteri",0.25
"mo4-5_ws_mo4-1",2023,"Monument","High Control","Fragaria virginiana",0.25
"mo4-5_ws_mo4-1",2023,"Monument","High Control","Helianthella quinquenervis",1
"mo4-5_ws_mo4-1",2023,"Monument","High Control","Hymenoxys hoopesii",1
"mo4-5_ws_mo4-1",2023,"Monument","High Control","Lupinus sp.",0.5625
"mo4-5_ws_mo4-1",2023,"Monument","High Control","Ligusticum porteri",0.1875
"mo4-5_ws_mo4-1",2023,"Monument","High Control","Poa reflexa",0.5
"mo5-2_c2_um5-5",2023,"Monument","Low C2","Achillea millefolium",0.0454545454545455
"mo5-2_c2_um5-5",2023,"Monument","Low C2","Carex sp.",0.0909090909090909
"mo5-2_c2_um5-5",2023,"Monument","Low C2","Lathyrus lanszwertii",0.181818181818182
"mo5-2_c2_um5-5",2023,"Monument","Low C2","Poa pratensis",0.136363636363636
"mo5-2_c2_um5-5",2023,"Monument","Low C2","Potentilla pulcherrima",1
"mo5-3_ws_mo5-4",2023,"Monument","High Control","Epilobium sp.",0.05
"mo5-3_ws_mo5-4",2023,"Monument","High Control","Erythronium grandiflorum",0.025
"mo5-3_ws_mo5-4",2023,"Monument","High Control","Aquilegia caerulea",1
"mo5-3_ws_mo5-4",2023,"Monument","High Control","Helianthella quinquenervis",0.3
"mo5-3_ws_mo5-4",2023,"Monument","High Control","Hymenoxys hoopesii",0.1
"mo5-3_ws_mo5-4",2023,"Monument","High Control","Erigeron sp.",0.1
"mo5-3_ws_mo5-4",2023,"Monument","High Control","Poa reflexa",0.175
"mo5-3_ws_mo5-4",2023,"Monument","High Control","Rhodiola integrifolia",0.15
"mo5-4_c1_pf5-2",2023,"Monument","Mid C1","Achillea millefolium",0.08
"mo5-4_c1_pf5-2",2023,"Monument","Mid C1","Erythronium grandiflorum",0.04
"mo5-4_c1_pf5-2",2023,"Monument","Mid C1","Heliomeris multiflora",1
"mo5-4_c1_pf5-2",2023,"Monument","Mid C1","Hymenoxys hoopesii",0.24
"mo5-4_c1_pf5-2",2023,"Monument","Mid C1","Ligusticum porteri",0.32
"mo5-4_c1_pf5-2",2023,"Monument","Mid C1","Poa reflexa",0.04
"mo5-4_c1_pf5-2",2023,"Monument","Mid C1","Potentilla pulcherrima",0.48
"mo5-4_c1_pf5-2",2023,"Monument","Mid C1","Festuca rubra",0.44
"mo5-4_c1_pf5-2",2023,"Monument","Mid C1","Senecio crassulus",0.08
"mo5-4_c1_pf5-2",2023,"Monument","Mid C1","Viola nuttallii",0.04
"mo5-5_nu_mo5-5",2023,"Monument","High Control","Geranium richardsonii",0.125
"mo5-5_nu_mo5-5",2023,"Monument","High Control","Helianthella quinquenervis",1
"mo5-5_nu_mo5-5",2023,"Monument","High Control","Hymenoxys hoopesii",0.0416666666666667
"mo5-5_nu_mo5-5",2023,"Monument","High Control","Poa reflexa",0.166666666666667
"mo5-5_nu_mo5-5",2023,"Monument","High Control","Rhodiola integrifolia",0.0416666666666667
"mo5-5_nu_mo5-5",2023,"Monument","High Control","Valeriana edulis",0.75
"pf1-1_nu_pf1-1",2023,"Pfeiler","Mid Control","Erythronium grandiflorum",0.111111111111111
"pf1-1_nu_pf1-1",2023,"Pfeiler","Mid Control","Bromus carinatus",0.0555555555555556
"pf1-1_nu_pf1-1",2023,"Pfeiler","Mid Control","Erigeron speciosus",0.0555555555555556
"pf1-1_nu_pf1-1",2023,"Pfeiler","Mid Control","Heliomeris multiflora",0.111111111111111
"pf1-1_nu_pf1-1",2023,"Pfeiler","Mid Control","Lathyrus lanszwertii",0.777777777777778
"pf1-1_nu_pf1-1",2023,"Pfeiler","Mid Control","Festuca rubra",1
"pf1-1_nu_pf1-1",2023,"Pfeiler","Mid Control","Potentilla pulcherrima",0.888888888888889
"pf1-1_nu_pf1-1",2023,"Pfeiler","Mid Control","Senecio crassulus",0.666666666666667
"pf1-1_nu_pf1-1",2023,"Pfeiler","Mid Control","Viola nuttallii",0.555555555555556
"pf1-2_u_pf1-2",2023,"Pfeiler","Mid Control","Bromus carinatus",0.15
"pf1-2_u_pf1-2",2023,"Pfeiler","Mid Control","Castilleja sulphurea",0.8
"pf1-2_u_pf1-2",2023,"Pfeiler","Mid Control","Festuca rubra",1
"pf1-2_u_pf1-2",2023,"Pfeiler","Mid Control","Heliomeris multiflora",0.05
"pf1-2_u_pf1-2",2023,"Pfeiler","Mid Control","Lathyrus lanszwertii",0.2
"pf1-2_u_pf1-2",2023,"Pfeiler","Mid Control","Melica spectabilis",0.1
"pf1-2_u_pf1-2",2023,"Pfeiler","Mid Control","Poa reflexa",0.6
"pf1-2_u_pf1-2",2023,"Pfeiler","Mid Control","Potentilla pulcherrima",0.4
"pf1-2_u_pf1-2",2023,"Pfeiler","Mid Control","Senecio crassulus",0.3
"pf1-2_u_pf1-2",2023,"Pfeiler","Mid Control","Thalictrum fendleri",0.4
"pf1-2_u_pf1-2",2023,"Pfeiler","Mid Control","Viola nuttallii",0.45
"pf1-3_ws_pf1-5",2023,"Pfeiler","Mid Control","Elymus repens",0.175
"pf1-3_ws_pf1-5",2023,"Pfeiler","Mid Control","Erigeron speciosus",1
"pf1-3_ws_pf1-5",2023,"Pfeiler","Mid Control","Helianthella quinquenervis",0.3
"pf1-3_ws_pf1-5",2023,"Pfeiler","Mid Control","Heliomeris multiflora",0.175
"pf1-3_ws_pf1-5",2023,"Pfeiler","Mid Control","Lathyrus lanszwertii",0.1
"pf1-3_ws_pf1-5",2023,"Pfeiler","Mid Control","Poa reflexa",0.225
"pf1-3_ws_pf1-5",2023,"Pfeiler","Mid Control","Potentilla pulcherrima",0.175
"pf1-3_ws_pf1-5",2023,"Pfeiler","Mid Control","Senecio crassulus",0.2
"pf1-3_ws_pf1-5",2023,"Pfeiler","Mid Control","Viola nuttallii",0.1
"pf1-4_c1_um1-5",2023,"Pfeiler","Low C1","Agoseris glauca",0.0666666666666667
"pf1-4_c1_um1-5",2023,"Pfeiler","Low C1","Erythronium grandiflorum",0.1
"pf1-4_c1_um1-5",2023,"Pfeiler","Low C1","Delphinium nuttallianum",0.0666666666666667
"pf1-4_c1_um1-5",2023,"Pfeiler","Low C1","Heliomeris multiflora",1
"pf1-4_c1_um1-5",2023,"Pfeiler","Low C1","Lathyrus lanszwertii",0.0666666666666667
"pf1-4_c1_um1-5",2023,"Pfeiler","Low C1","Melica spectabilis",0.1
"pf1-4_c1_um1-5",2023,"Pfeiler","Low C1","Potentilla pulcherrima",0.166666666666667
"pf1-4_c1_um1-5",2023,"Pfeiler","Low C1","Thalictrum fendleri",0.4
"pf1-4_c1_um1-5",2023,"Pfeiler","Low C1","Viola nuttallii",0.133333333333333
"pf1-5_w1_mo1-1",2023,"Pfeiler","High W1","Agoseris glauca",0.0303030303030303
"pf1-5_w1_mo1-1",2023,"Pfeiler","High W1","Bromus carinatus",0.0909090909090909
"pf1-5_w1_mo1-1",2023,"Pfeiler","High W1","Castilleja sulphurea",0.121212121212121
"pf1-5_w1_mo1-1",2023,"Pfeiler","High W1","Heliomeris multiflora",0.424242424242424
"pf1-5_w1_mo1-1",2023,"Pfeiler","High W1","Hymenoxys hoopesii",0.121212121212121
"pf1-5_w1_mo1-1",2023,"Pfeiler","High W1","Ligusticum porteri",1
"pf1-5_w1_mo1-1",2023,"Pfeiler","High W1","Lupinus sp.",0.393939393939394
"pf1-5_w1_mo1-1",2023,"Pfeiler","High W1","Melica spectabilis",0.0909090909090909
"pf1-5_w1_mo1-1",2023,"Pfeiler","High W1","Poa reflexa",0.363636363636364
"pf1-5_w1_mo1-1",2023,"Pfeiler","High W1","Potentilla pulcherrima",0.181818181818182
"pf1-5_w1_mo1-1",2023,"Pfeiler","High W1","Senecio crassulus",0.242424242424242
"pf1-5_w1_mo1-1",2023,"Pfeiler","High W1","Viola nuttallii",0.121212121212121
"pf2-1_nu_pf2-1",2023,"Pfeiler","Mid Control","Bromus carinatus",0.578947368421053
"pf2-1_nu_pf2-1",2023,"Pfeiler","Mid Control","Festuca rubra",0.631578947368421
"pf2-1_nu_pf2-1",2023,"Pfeiler","Mid Control","Heliomeris multiflora",0.157894736842105
"pf2-1_nu_pf2-1",2023,"Pfeiler","Mid Control","Lathyrus lanszwertii",0.421052631578947
"pf2-1_nu_pf2-1",2023,"Pfeiler","Mid Control","Melica spectabilis",0.0526315789473684
"pf2-1_nu_pf2-1",2023,"Pfeiler","Mid Control","Poa reflexa",1
"pf2-1_nu_pf2-1",2023,"Pfeiler","Mid Control","Potentilla pulcherrima",0.421052631578947
"pf2-1_nu_pf2-1",2023,"Pfeiler","Mid Control","Senecio crassulus",0.631578947368421
"pf2-1_nu_pf2-1",2023,"Pfeiler","Mid Control","Viola nuttallii",0.736842105263158
"pf2-2_c1_um2-1",2023,"Pfeiler","Low C1","Bromus carinatus",0.25
"pf2-2_c1_um2-1",2023,"Pfeiler","Low C1","Carex sp.",0.0555555555555556
"pf2-2_c1_um2-1",2023,"Pfeiler","Low C1","Delphinium nuttallianum",0.0277777777777778
"pf2-2_c1_um2-1",2023,"Pfeiler","Low C1","Heliomeris multiflora",0.138888888888889
"pf2-2_c1_um2-1",2023,"Pfeiler","Low C1","Hymenoxys hoopesii",1
"pf2-2_c1_um2-1",2023,"Pfeiler","Low C1","Lathyrus lanszwertii",0.166666666666667
"pf2-2_c1_um2-1",2023,"Pfeiler","Low C1","Melica spectabilis",0.0555555555555556
"pf2-2_c1_um2-1",2023,"Pfeiler","Low C1","Poa pratensis",0.305555555555556
"pf2-2_c1_um2-1",2023,"Pfeiler","Low C1","Potentilla pulcherrima",0.444444444444444
"pf2-2_c1_um2-1",2023,"Pfeiler","Low C1","Senecio integerrimus",0.0555555555555556
"pf2-2_c1_um2-1",2023,"Pfeiler","Low C1","Stipa nelsonii",0.194444444444444
"pf2-2_c1_um2-1",2023,"Pfeiler","Low C1","Viola nuttallii",0.222222222222222
"pf2-3_w1_mo2-5",2023,"Pfeiler","High W1","Elymus repens",0.06
"pf2-3_w1_mo2-5",2023,"Pfeiler","High W1","Epilobium sp.",0.02
"pf2-3_w1_mo2-5",2023,"Pfeiler","High W1","Heterotheca pumila",1
"pf2-3_w1_mo2-5",2023,"Pfeiler","High W1","Heliomeris multiflora",0.06
"pf2-3_w1_mo2-5",2023,"Pfeiler","High W1","Hymenoxys hoopesii",0.04
"pf2-3_w1_mo2-5",2023,"Pfeiler","High W1","Poa reflexa",0.32
"pf2-3_w1_mo2-5",2023,"Pfeiler","High W1","Potentilla pulcherrima",0.12
"pf2-3_w1_mo2-5",2023,"Pfeiler","High W1","Senecio crassulus",0.04
"pf2-3_w1_mo2-5",2023,"Pfeiler","High W1","Thalictrum fendleri",0.22
"pf2-4_u_pf2-4",2023,"Pfeiler","Mid Control","Agoseris glauca",0.130434782608696
"pf2-4_u_pf2-4",2023,"Pfeiler","Mid Control","Bromus carinatus",0.0869565217391304
"pf2-4_u_pf2-4",2023,"Pfeiler","Mid Control","Erythronium grandiflorum",0.0869565217391304
"pf2-4_u_pf2-4",2023,"Pfeiler","Mid Control","Castilleja sulphurea",0.130434782608696
"pf2-4_u_pf2-4",2023,"Pfeiler","Mid Control","Elymus repens",0.0869565217391304
"pf2-4_u_pf2-4",2023,"Pfeiler","Mid Control","Fragaria virginiana",0.173913043478261
"pf2-4_u_pf2-4",2023,"Pfeiler","Mid Control","Helianthella quinquenervis",0.478260869565217
"pf2-4_u_pf2-4",2023,"Pfeiler","Mid Control","Heliomeris multiflora",0.0869565217391304
"pf2-4_u_pf2-4",2023,"Pfeiler","Mid Control","Lathyrus lanszwertii",0.304347826086957
"pf2-4_u_pf2-4",2023,"Pfeiler","Mid Control","Poa reflexa",1
"pf2-4_u_pf2-4",2023,"Pfeiler","Mid Control","Festuca rubra",1
"pf2-4_u_pf2-4",2023,"Pfeiler","Mid Control","Senecio crassulus",0.260869565217391
"pf2-5_ws_pf2-2",2023,"Pfeiler","Mid Control","Agoseris glauca",0.0909090909090909
"pf2-5_ws_pf2-2",2023,"Pfeiler","Mid Control","Castilleja sulphurea",0.136363636363636
"pf2-5_ws_pf2-2",2023,"Pfeiler","Mid Control","Elymus repens",0.227272727272727
"pf2-5_ws_pf2-2",2023,"Pfeiler","Mid Control","Erigeron sp.",0.0454545454545455
"pf2-5_ws_pf2-2",2023,"Pfeiler","Mid Control","Festuca rubra",0.636363636363636
"pf2-5_ws_pf2-2",2023,"Pfeiler","Mid Control","Ligusticum porteri",0.681818181818182
"pf2-5_ws_pf2-2",2023,"Pfeiler","Mid Control","Melica spectabilis",0.136363636363636
"pf2-5_ws_pf2-2",2023,"Pfeiler","Mid Control","Potentilla pulcherrima",0.272727272727273
"pf2-5_ws_pf2-2",2023,"Pfeiler","Mid Control","Bromus carinatus",0.363636363636364
"pf2-5_ws_pf2-2",2023,"Pfeiler","Mid Control","Senecio crassulus",0.318181818181818
"pf2-5_ws_pf2-2",2023,"Pfeiler","Mid Control","Boechera stricta",0.0454545454545455
"pf2-5_ws_pf2-2",2023,"Pfeiler","Mid Control","Viola nuttallii",1
"pf3-2_ws_pf3-3",2023,"Pfeiler","Mid Control","Agoseris glauca",0.0833333333333333
"pf3-2_ws_pf3-3",2023,"Pfeiler","Mid Control","Elymus repens",0.333333333333333
"pf3-2_ws_pf3-3",2023,"Pfeiler","Mid Control","Heliomeris multiflora",0.166666666666667
"pf3-2_ws_pf3-3",2023,"Pfeiler","Mid Control","Lathyrus lanszwertii",0.291666666666667
"pf3-2_ws_pf3-3",2023,"Pfeiler","Mid Control","Ligusticum porteri",0.291666666666667
"pf3-2_ws_pf3-3",2023,"Pfeiler","Mid Control","Poa reflexa",1
"pf3-2_ws_pf3-3",2023,"Pfeiler","Mid Control","Potentilla pulcherrima",0.5
"pf3-3_c1_um3-4",2023,"Pfeiler","Low C1","Agoseris aurantiaca",0.214285714285714
"pf3-3_c1_um3-4",2023,"Pfeiler","Low C1","Bromus carinatus",0.142857142857143
"pf3-3_c1_um3-4",2023,"Pfeiler","Low C1","Erythronium grandiflorum",0.0714285714285714
"pf3-3_c1_um3-4",2023,"Pfeiler","Low C1","Collomia linearis",0.0714285714285714
"pf3-3_c1_um3-4",2023,"Pfeiler","Low C1","Delphinium nuttallianum",0.214285714285714
"pf3-3_c1_um3-4",2023,"Pfeiler","Low C1","Heliomeris multiflora",0.357142857142857
"pf3-3_c1_um3-4",2023,"Pfeiler","Low C1","Lathyrus lanszwertii",0.571428571428571
"pf3-3_c1_um3-4",2023,"Pfeiler","Low C1","Poa pratensis",1
"pf3-3_c1_um3-4",2023,"Pfeiler","Low C1","Potentilla pulcherrima",0.285714285714286
"pf3-3_c1_um3-4",2023,"Pfeiler","Low C1","Viola nuttallii",0.142857142857143
"pf3-4_u_pf3-4",2023,"Pfeiler","Mid Control","Agoseris glauca",0.107142857142857
"pf3-4_u_pf3-4",2023,"Pfeiler","Mid Control","Androsace septentrionalis",0.0714285714285714
"pf3-4_u_pf3-4",2023,"Pfeiler","Mid Control","Elymus repens",0.285714285714286
"pf3-4_u_pf3-4",2023,"Pfeiler","Mid Control","Erigeron speciosus",0.321428571428571
"pf3-4_u_pf3-4",2023,"Pfeiler","Mid Control","Heliomeris multiflora",0.0714285714285714
"pf3-4_u_pf3-4",2023,"Pfeiler","Mid Control","Lathyrus lanszwertii",0.25
"pf3-4_u_pf3-4",2023,"Pfeiler","Mid Control","Ligusticum porteri",0.571428571428571
"pf3-4_u_pf3-4",2023,"Pfeiler","Mid Control","Linum lewisii",0.178571428571429
"pf3-4_u_pf3-4",2023,"Pfeiler","Mid Control","Melica spectabilis",0.428571428571429
"pf3-4_u_pf3-4",2023,"Pfeiler","Mid Control","Festuca rubra",1
"pf3-4_u_pf3-4",2023,"Pfeiler","Mid Control","Poa reflexa",0.214285714285714
"pf3-4_u_pf3-4",2023,"Pfeiler","Mid Control","Potentilla pulcherrima",0.25
"pf3-4_u_pf3-4",2023,"Pfeiler","Mid Control","Senecio crassulus",0.285714285714286
"pf3-4_u_pf3-4",2023,"Pfeiler","Mid Control","Viola nuttallii",0.0714285714285714
"pf3-5_w1_mo3-2",2023,"Pfeiler","High W1","Androsace septentrionalis",0.235294117647059
"pf3-5_w1_mo3-2",2023,"Pfeiler","High W1","Heliomeris multiflora",0.529411764705882
"pf3-5_w1_mo3-2",2023,"Pfeiler","High W1","Heterotheca pumila",0.647058823529412
"pf3-5_w1_mo3-2",2023,"Pfeiler","High W1","Lathyrus lanszwertii",0.176470588235294
"pf3-5_w1_mo3-2",2023,"Pfeiler","High W1","Linum lewisii",0.411764705882353
"pf3-5_w1_mo3-2",2023,"Pfeiler","High W1","Mertensia fusiformis",0.176470588235294
"pf3-5_w1_mo3-2",2023,"Pfeiler","High W1","Poa reflexa",1
"pf3-5_w1_mo3-2",2023,"Pfeiler","High W1","Potentilla pulcherrima",0.117647058823529
"pf3-5_w1_mo3-2",2023,"Pfeiler","High W1","Taraxacum officinale",0.117647058823529
"pf4-1_nu_pf4-1",2023,"Pfeiler","Mid Control","Androsace septentrionalis",0.0434782608695652
"pf4-1_nu_pf4-1",2023,"Pfeiler","Mid Control","Erythronium grandiflorum",0.0434782608695652
"pf4-1_nu_pf4-1",2023,"Pfeiler","Mid Control","Castilleja sulphurea",0.565217391304348
"pf4-1_nu_pf4-1",2023,"Pfeiler","Mid Control","Collomia linearis",0.0434782608695652
"pf4-1_nu_pf4-1",2023,"Pfeiler","Mid Control","Erigeron speciosus",0.304347826086957
"pf4-1_nu_pf4-1",2023,"Pfeiler","Mid Control","Elymus repens",0.391304347826087
"pf4-1_nu_pf4-1",2023,"Pfeiler","Mid Control","Helianthella quinquenervis",1
"pf4-1_nu_pf4-1",2023,"Pfeiler","Mid Control","Heliomeris multiflora",0.0869565217391304
"pf4-1_nu_pf4-1",2023,"Pfeiler","Mid Control","Melica spectabilis",0.0434782608695652
"pf4-1_nu_pf4-1",2023,"Pfeiler","Mid Control","Osmorhiza occidentalis",0.130434782608696
"pf4-1_nu_pf4-1",2023,"Pfeiler","Mid Control","Poa reflexa",0.0869565217391304
"pf4-1_nu_pf4-1",2023,"Pfeiler","Mid Control","Potentilla pulcherrima",0.130434782608696
"pf4-1_nu_pf4-1",2023,"Pfeiler","Mid Control","Senecio crassulus",0.0434782608695652
"pf4-1_nu_pf4-1",2023,"Pfeiler","Mid Control","Viola nuttallii",0.0434782608695652
"pf4-2_ws_pf4-3",2023,"Pfeiler","Mid Control","Agoseris glauca",0.0303030303030303
"pf4-2_ws_pf4-3",2023,"Pfeiler","Mid Control","Androsace septentrionalis",0.0303030303030303
"pf4-2_ws_pf4-3",2023,"Pfeiler","Mid Control","Bromus carinatus",0.0606060606060606
"pf4-2_ws_pf4-3",2023,"Pfeiler","Mid Control","Erythronium grandiflorum",0.0606060606060606
"pf4-2_ws_pf4-3",2023,"Pfeiler","Mid Control","Castilleja sulphurea",0.0303030303030303
"pf4-2_ws_pf4-3",2023,"Pfeiler","Mid Control","Elymus repens",0.0606060606060606
"pf4-2_ws_pf4-3",2023,"Pfeiler","Mid Control","Helianthella quinquenervis",0.0303030303030303
"pf4-2_ws_pf4-3",2023,"Pfeiler","Mid Control","Heliomeris multiflora",0.121212121212121
"pf4-2_ws_pf4-3",2023,"Pfeiler","Mid Control","Ligusticum porteri",0.0606060606060606
"pf4-2_ws_pf4-3",2023,"Pfeiler","Mid Control","Melica spectabilis",0.0303030303030303
"pf4-2_ws_pf4-3",2023,"Pfeiler","Mid Control","Festuca rubra",1
"pf4-2_ws_pf4-3",2023,"Pfeiler","Mid Control","Potentilla pulcherrima",0.121212121212121
"pf4-2_ws_pf4-3",2023,"Pfeiler","Mid Control","Senecio crassulus",0.181818181818182
"pf4-2_ws_pf4-3",2023,"Pfeiler","Mid Control","Thalictrum fendleri",0.515151515151515
"pf4-3_c1_um4-1",2023,"Pfeiler","Low C1","Agoseris aurantiaca",0.115384615384615
"pf4-3_c1_um4-1",2023,"Pfeiler","Low C1","Carex sp.",0.0769230769230769
"pf4-3_c1_um4-1",2023,"Pfeiler","Low C1","Collomia linearis",0.0384615384615385
"pf4-3_c1_um4-1",2023,"Pfeiler","Low C1","Heliomeris multiflora",1
"pf4-3_c1_um4-1",2023,"Pfeiler","Low C1","Lathyrus lanszwertii",0.153846153846154
"pf4-3_c1_um4-1",2023,"Pfeiler","Low C1","Stipa nelsonii",0.0769230769230769
"pf4-3_c1_um4-1",2023,"Pfeiler","Low C1","Taraxacum officinale",0.115384615384615
"pf4-3_c1_um4-1",2023,"Pfeiler","Low C1","Thalictrum fendleri",0.0769230769230769
"pf4-3_c1_um4-1",2023,"Pfeiler","Low C1","Valeriana occidentalis",0.0769230769230769
"pf4-3_c1_um4-1",2023,"Pfeiler","Low C1","Viola nuttallii",0.153846153846154
"pf4-4_u_pf4-4",2023,"Pfeiler","Mid Control","Elymus repens",0.384615384615385
"pf4-4_u_pf4-4",2023,"Pfeiler","Mid Control","Helianthella quinquenervis",0.307692307692308
"pf4-4_u_pf4-4",2023,"Pfeiler","Mid Control","Heliomeris multiflora",0.153846153846154
"pf4-4_u_pf4-4",2023,"Pfeiler","Mid Control","Hymenoxys hoopesii",0.230769230769231
"pf4-4_u_pf4-4",2023,"Pfeiler","Mid Control","Lathyrus lanszwertii",0.538461538461538
"pf4-4_u_pf4-4",2023,"Pfeiler","Mid Control","Ligusticum porteri",0.461538461538462
"pf4-4_u_pf4-4",2023,"Pfeiler","Mid Control","Festuca rubra",1
"pf4-4_u_pf4-4",2023,"Pfeiler","Mid Control","Potentilla pulcherrima",0.538461538461538
"pf4-4_u_pf4-4",2023,"Pfeiler","Mid Control","Thalictrum fendleri",0.461538461538462
"pf4-4_u_pf4-4",2023,"Pfeiler","Mid Control","Viola nuttallii",0.153846153846154
"pf4-5_w1_mo4-5",2023,"Pfeiler","High W1","Agoseris glauca",0.0769230769230769
"pf4-5_w1_mo4-5",2023,"Pfeiler","High W1","Erythronium grandiflorum",0.153846153846154
"pf4-5_w1_mo4-5",2023,"Pfeiler","High W1","Fragaria virginiana",0.692307692307692
"pf4-5_w1_mo4-5",2023,"Pfeiler","High W1","Helianthella quinquenervis",0.307692307692308
"pf4-5_w1_mo4-5",2023,"Pfeiler","High W1","Heliomeris multiflora",0.153846153846154
"pf4-5_w1_mo4-5",2023,"Pfeiler","High W1","Hymenoxys hoopesii",0.846153846153846
"pf4-5_w1_mo4-5",2023,"Pfeiler","High W1","Lathyrus lanszwertii",0.307692307692308
"pf4-5_w1_mo4-5",2023,"Pfeiler","High W1","Poa reflexa",1
"pf4-5_w1_mo4-5",2023,"Pfeiler","High W1","Rhodiola integrifolia",0.615384615384615
"pf4-5_w1_mo4-5",2023,"Pfeiler","High W1","Senecio crassulus",0.153846153846154
"pf4-5_w1_mo4-5",2023,"Pfeiler","High W1","Viola nuttallii",0.153846153846154
"pf5-1_u_pf5-1",2023,"Pfeiler","Mid Control","Elymus repens",0.0326086956521739
"pf5-1_u_pf5-1",2023,"Pfeiler","Mid Control","Fragaria virginiana",0.0652173913043478
"pf5-1_u_pf5-1",2023,"Pfeiler","Mid Control","Ligusticum porteri",1
"pf5-1_u_pf5-1",2023,"Pfeiler","Mid Control","Mertensia fusiformis",0.0108695652173913
"pf5-1_u_pf5-1",2023,"Pfeiler","Mid Control","Poa reflexa",0.0434782608695652
"pf5-1_u_pf5-1",2023,"Pfeiler","Mid Control","Festuca rubra",0.0434782608695652
"pf5-1_u_pf5-1",2023,"Pfeiler","Mid Control","Senecio crassulus",0.0217391304347826
"pf5-1_u_pf5-1",2023,"Pfeiler","Mid Control","Viola nuttallii",0.0108695652173913
"pf5-2_w1_mo5-3",2023,"Pfeiler","High W1","Castilleja sulphurea",0.388888888888889
"pf5-2_w1_mo5-3",2023,"Pfeiler","High W1","Erythronium grandiflorum",0.166666666666667
"pf5-2_w1_mo5-3",2023,"Pfeiler","High W1","Geranium richardsonii",0.333333333333333
"pf5-2_w1_mo5-3",2023,"Pfeiler","High W1","Heliomeris multiflora",0.222222222222222
"pf5-2_w1_mo5-3",2023,"Pfeiler","High W1","Hymenoxys hoopesii",0.111111111111111
"pf5-2_w1_mo5-3",2023,"Pfeiler","High W1","Ligusticum porteri",1
"pf5-2_w1_mo5-3",2023,"Pfeiler","High W1","Melica spectabilis",0.111111111111111
"pf5-2_w1_mo5-3",2023,"Pfeiler","High W1","Poa reflexa",0.666666666666667
"pf5-2_w1_mo5-3",2023,"Pfeiler","High W1","Potentilla pulcherrima",0.222222222222222
"pf5-2_w1_mo5-3",2023,"Pfeiler","High W1","Senecio crassulus",0.333333333333333
"pf5-3_ws_pf5-4",2023,"Pfeiler","Mid Control","Bromus carinatus",0.166666666666667
"pf5-3_ws_pf5-4",2023,"Pfeiler","Mid Control","Erythronium grandiflorum",0.166666666666667
"pf5-3_ws_pf5-4",2023,"Pfeiler","Mid Control","Elymus repens",0.416666666666667
"pf5-3_ws_pf5-4",2023,"Pfeiler","Mid Control","Fragaria virginiana",0.333333333333333
"pf5-3_ws_pf5-4",2023,"Pfeiler","Mid Control","Helianthella quinquenervis",0.333333333333333
"pf5-3_ws_pf5-4",2023,"Pfeiler","Mid Control","Lathyrus lanszwertii",0.333333333333333
"pf5-3_ws_pf5-4",2023,"Pfeiler","Mid Control","Melica spectabilis",0.0833333333333333
"pf5-3_ws_pf5-4",2023,"Pfeiler","Mid Control","Festuca rubra",0.666666666666667
"pf5-3_ws_pf5-4",2023,"Pfeiler","Mid Control","Poa reflexa",1
"pf5-3_ws_pf5-4",2023,"Pfeiler","Mid Control","Potentilla pulcherrima",1
"pf5-3_ws_pf5-4",2023,"Pfeiler","Mid Control","Senecio crassulus",0.5
"pf5-3_ws_pf5-4",2023,"Pfeiler","Mid Control","Viola nuttallii",0.25
"pf5-4_c1_um5-4",2023,"Pfeiler","Low C1","Carex sp.",0.142857142857143
"pf5-4_c1_um5-4",2023,"Pfeiler","Low C1","Collomia linearis",0.142857142857143
"pf5-4_c1_um5-4",2023,"Pfeiler","Low C1","Delphinium nuttallianum",0.142857142857143
"pf5-4_c1_um5-4",2023,"Pfeiler","Low C1","Fragaria virginiana",0.285714285714286
"pf5-4_c1_um5-4",2023,"Pfeiler","Low C1","Lathyrus lanszwertii",0.571428571428571
"pf5-4_c1_um5-4",2023,"Pfeiler","Low C1","Poa pratensis",0.142857142857143
"pf5-4_c1_um5-4",2023,"Pfeiler","Low C1","Potentilla pulcherrima",1
"pf5-4_c1_um5-4",2023,"Pfeiler","Low C1","Viola nuttallii",0.428571428571429
"pf5-4_c1_um5-4",2023,"Pfeiler","Low C1","Valeriana occidentalis",0.428571428571429
"pf5-5_nu_pf5-5",2023,"Pfeiler","Mid Control","Androsace septentrionalis",0.0434782608695652
"pf5-5_nu_pf5-5",2023,"Pfeiler","Mid Control","Agoseris glauca",0.0434782608695652
"pf5-5_nu_pf5-5",2023,"Pfeiler","Mid Control","Castilleja sulphurea",0.565217391304348
"pf5-5_nu_pf5-5",2023,"Pfeiler","Mid Control","Collomia linearis",0.0434782608695652
"pf5-5_nu_pf5-5",2023,"Pfeiler","Mid Control","Festuca rubra",0.391304347826087
"pf5-5_nu_pf5-5",2023,"Pfeiler","Mid Control","Erigeron speciosus",0.304347826086957
"pf5-5_nu_pf5-5",2023,"Pfeiler","Mid Control","Helianthella quinquenervis",1
"pf5-5_nu_pf5-5",2023,"Pfeiler","Mid Control","Heliomeris multiflora",0.0869565217391304
"pf5-5_nu_pf5-5",2023,"Pfeiler","Mid Control","Melica spectabilis",0.0434782608695652
"pf5-5_nu_pf5-5",2023,"Pfeiler","Mid Control","Potentilla pulcherrima",0.130434782608696
"pf5-5_nu_pf5-5",2023,"Pfeiler","Mid Control","Poa reflexa",0.0869565217391304
"pf5-5_nu_pf5-5",2023,"Pfeiler","Mid Control","Osmorhiza occidentalis",0.130434782608696
"pf5-5_nu_pf5-5",2023,"Pfeiler","Mid Control","Senecio crassulus",0.0434782608695652
"pf5-5_nu_pf5-5",2023,"Pfeiler","Mid Control","Viola nuttallii",0.0434782608695652
"um1-2_w2_mo1-5",2023,"Upper Montane","High W2","Bromus carinatus",0.277777777777778
"um1-2_w2_mo1-5",2023,"Upper Montane","High W2","Erigeron sp.",0.111111111111111
"um1-2_w2_mo1-5",2023,"Upper Montane","High W2","Collomia linearis",0.388888888888889
"um1-2_w2_mo1-5",2023,"Upper Montane","High W2","Heliomeris multiflora",0.166666666666667
"um1-2_w2_mo1-5",2023,"Upper Montane","High W2","Lathyrus lanszwertii",0.888888888888889
"um1-2_w2_mo1-5",2023,"Upper Montane","High W2","Ligusticum porteri",0.333333333333333
"um1-2_w2_mo1-5",2023,"Upper Montane","High W2","Linum lewisii",0.166666666666667
"um1-2_w2_mo1-5",2023,"Upper Montane","High W2","Poa reflexa",1
"um1-2_w2_mo1-5",2023,"Upper Montane","High W2","Viola nuttallii",0.5
"um1-3_u_um1-3",2023,"Upper Montane","Low Control","Achillea millefolium",0.363636363636364
"um1-3_u_um1-3",2023,"Upper Montane","Low Control","Bromus carinatus",0.0606060606060606
"um1-3_u_um1-3",2023,"Upper Montane","Low Control","Carex sp.",0.0303030303030303
"um1-3_u_um1-3",2023,"Upper Montane","Low Control","Elymus repens",0.0606060606060606
"um1-3_u_um1-3",2023,"Upper Montane","Low Control","Lathyrus lanszwertii",0.484848484848485
"um1-3_u_um1-3",2023,"Upper Montane","Low Control","Linum lewisii",0.0303030303030303
"um1-3_u_um1-3",2023,"Upper Montane","Low Control","Mertensia fusiformis",0.0606060606060606
"um1-3_u_um1-3",2023,"Upper Montane","Low Control","Poa pratensis",0.545454545454545
"um1-3_u_um1-3",2023,"Upper Montane","Low Control","Potentilla pulcherrima",0.151515151515152
"um1-3_u_um1-3",2023,"Upper Montane","Low Control","Senecio integerrimus",0.0909090909090909
"um1-3_u_um1-3",2023,"Upper Montane","Low Control","Stipa nelsonii",0.181818181818182
"um1-3_u_um1-3",2023,"Upper Montane","Low Control","Viola nuttallii",1
"um1-4_ws_um1-1",2023,"Upper Montane","Low Control","Achillea millefolium",0.0714285714285714
"um1-4_ws_um1-1",2023,"Upper Montane","Low Control","Bromus carinatus",0.0714285714285714
"um1-4_ws_um1-1",2023,"Upper Montane","Low Control","Erigeron speciosus",1
"um1-4_ws_um1-1",2023,"Upper Montane","Low Control","Heliomeris multiflora",0.0714285714285714
"um1-4_ws_um1-1",2023,"Upper Montane","Low Control","Lathyrus lanszwertii",0.142857142857143
"um1-4_ws_um1-1",2023,"Upper Montane","Low Control","Linum lewisii",0.0357142857142857
"um1-4_ws_um1-1",2023,"Upper Montane","Low Control","Melica spectabilis",0.107142857142857
"um1-4_ws_um1-1",2023,"Upper Montane","Low Control","Mertensia fusiformis",0.0714285714285714
"um1-4_ws_um1-1",2023,"Upper Montane","Low Control","Poa pratensis",0.5
"um1-4_ws_um1-1",2023,"Upper Montane","Low Control","Viola nuttallii",0.428571428571429
"um1-5_w1_pf1-4",2023,"Upper Montane","Mid W1","Achillea millefolium",0.214285714285714
"um1-5_w1_pf1-4",2023,"Upper Montane","Mid W1","Bromus carinatus",0.214285714285714
"um1-5_w1_pf1-4",2023,"Upper Montane","Mid W1","Carex sp.",0.142857142857143
"um1-5_w1_pf1-4",2023,"Upper Montane","Mid W1","Erigeron speciosus",1
"um1-5_w1_pf1-4",2023,"Upper Montane","Mid W1","Heliomeris multiflora",0.5
"um1-5_w1_pf1-4",2023,"Upper Montane","Mid W1","Lathyrus lanszwertii",0.857142857142857
"um1-5_w1_pf1-4",2023,"Upper Montane","Mid W1","Ligusticum porteri",0.5
"um1-5_w1_pf1-4",2023,"Upper Montane","Mid W1","Linum lewisii",0.571428571428571
"um1-5_w1_pf1-4",2023,"Upper Montane","Mid W1","Melica spectabilis",0.357142857142857
"um1-5_w1_pf1-4",2023,"Upper Montane","Mid W1","Mertensia fusiformis",0.214285714285714
"um1-5_w1_pf1-4",2023,"Upper Montane","Mid W1","Potentilla pulcherrima",0.5
"um1-5_w1_pf1-4",2023,"Upper Montane","Mid W1","Poa reflexa",0.857142857142857
"um1-5_w1_pf1-4",2023,"Upper Montane","Mid W1","Senecio crassulus",0.285714285714286
"um1-5_w1_pf1-4",2023,"Upper Montane","Mid W1","Taraxacum officinale",0.428571428571429
"um1-5_w1_pf1-4",2023,"Upper Montane","Mid W1","Viola nuttallii",0.142857142857143
"um2-1_w1_pf2-5",2023,"Upper Montane","Mid W1","Achillea millefolium",0.111111111111111
"um2-1_w1_pf2-5",2023,"Upper Montane","Mid W1","Bromus carinatus",0.0444444444444444
"um2-1_w1_pf2-5",2023,"Upper Montane","Mid W1","Erythronium grandiflorum",0.111111111111111
"um2-1_w1_pf2-5",2023,"Upper Montane","Mid W1","Delphinium nuttallianum",0.0444444444444444
"um2-1_w1_pf2-5",2023,"Upper Montane","Mid W1","Helianthella quinquenervis",0.111111111111111
"um2-1_w1_pf2-5",2023,"Upper Montane","Mid W1","Heliomeris multiflora",0.266666666666667
"um2-1_w1_pf2-5",2023,"Upper Montane","Mid W1","Ligusticum porteri",0.0666666666666667
"um2-1_w1_pf2-5",2023,"Upper Montane","Mid W1","Melica spectabilis",0.111111111111111
"um2-1_w1_pf2-5",2023,"Upper Montane","Mid W1","Poa reflexa",0.444444444444444
"um2-1_w1_pf2-5",2023,"Upper Montane","Mid W1","Potentilla pulcherrima",0.133333333333333
"um2-1_w1_pf2-5",2023,"Upper Montane","Mid W1","Tragopogon dubius",0.111111111111111
"um2-1_w1_pf2-5",2023,"Upper Montane","Mid W1","Viola nuttallii",1
"um2-2_u_um2-2",2023,"Upper Montane","Low Control","Achillea millefolium",0.2
"um2-2_u_um2-2",2023,"Upper Montane","Low Control","Bromus carinatus",0.25
"um2-2_u_um2-2",2023,"Upper Montane","Low Control","Delphinium nuttallianum",0.05
"um2-2_u_um2-2",2023,"Upper Montane","Low Control","Hymenoxys hoopesii",0.3
"um2-2_u_um2-2",2023,"Upper Montane","Low Control","Lathyrus lanszwertii",0.6
"um2-2_u_um2-2",2023,"Upper Montane","Low Control","Mertensia fusiformis",0.1
"um2-2_u_um2-2",2023,"Upper Montane","Low Control","Poa pratensis",1
"um2-2_u_um2-2",2023,"Upper Montane","Low Control","Potentilla pulcherrima",0.5
"um2-2_u_um2-2",2023,"Upper Montane","Low Control","Stipa nelsonii",0.35
"um2-2_u_um2-2",2023,"Upper Montane","Low Control","Valeriana occidentalis",0.4
"um2-2_u_um2-2",2023,"Upper Montane","Low Control","Viola nuttallii",0.6
"um2-3_w2_mo2-1",2023,"Upper Montane","High W2","Achillea millefolium",0.0606060606060606
"um2-3_w2_mo2-1",2023,"Upper Montane","High W2","Artemisia tridentata",0.121212121212121
"um2-3_w2_mo2-1",2023,"Upper Montane","High W2","Elymus repens",0.393939393939394
"um2-3_w2_mo2-1",2023,"Upper Montane","High W2","Erigeron sp.",0.181818181818182
"um2-3_w2_mo2-1",2023,"Upper Montane","High W2","Heterotheca pumila",1
"um2-3_w2_mo2-1",2023,"Upper Montane","High W2","Hymenoxys hoopesii",0.242424242424242
"um2-3_w2_mo2-1",2023,"Upper Montane","High W2","Lathyrus lanszwertii",0.0606060606060606
"um2-3_w2_mo2-1",2023,"Upper Montane","High W2","Linum lewisii",0.0909090909090909
"um2-3_w2_mo2-1",2023,"Upper Montane","High W2","Melica spectabilis",0.0303030303030303
"um2-3_w2_mo2-1",2023,"Upper Montane","High W2","Poa reflexa",0.181818181818182
"um2-3_w2_mo2-1",2023,"Upper Montane","High W2","Potentilla pulcherrima",0.212121212121212
"um2-3_w2_mo2-1",2023,"Upper Montane","High W2","Tragopogon dubius",0.0606060606060606
"um2-3_w2_mo2-1",2023,"Upper Montane","High W2","Viola nuttallii",0.121212121212121
"um2-4_nu_um2-4",2023,"Upper Montane","Low Control","Achillea millefolium",0.333333333333333
"um2-4_nu_um2-4",2023,"Upper Montane","Low Control","Bromus carinatus",0.333333333333333
"um2-4_nu_um2-4",2023,"Upper Montane","Low Control","Collomia linearis",1
"um2-4_nu_um2-4",2023,"Upper Montane","Low Control","Delphinium nuttallianum",0.222222222222222
"um2-4_nu_um2-4",2023,"Upper Montane","Low Control","Draba spectabilis",0.111111111111111
"um2-4_nu_um2-4",2023,"Upper Montane","Low Control","Heliomeris multiflora",0.0555555555555556
"um2-4_nu_um2-4",2023,"Upper Montane","Low Control","Lathyrus lanszwertii",0.444444444444444
"um2-4_nu_um2-4",2023,"Upper Montane","Low Control","Melica spectabilis",0.0555555555555556
"um2-4_nu_um2-4",2023,"Upper Montane","Low Control","Poa pratensis",0.444444444444444
"um2-4_nu_um2-4",2023,"Upper Montane","Low Control","Potentilla pulcherrima",0.611111111111111
"um2-4_nu_um2-4",2023,"Upper Montane","Low Control","Stipa nelsonii",0.277777777777778
"um2-4_nu_um2-4",2023,"Upper Montane","Low Control","Valeriana occidentalis",0.722222222222222
"um2-4_nu_um2-4",2023,"Upper Montane","Low Control","Viola nuttallii",0.388888888888889
"um2-5_ws_um2-5",2023,"Upper Montane","Low Control","Achillea millefolium",0.9
"um2-5_ws_um2-5",2023,"Upper Montane","Low Control","Artemisia tridentata",0.15
"um2-5_ws_um2-5",2023,"Upper Montane","Low Control","Bromus carinatus",0.25
"um2-5_ws_um2-5",2023,"Upper Montane","Low Control","Delphinium nuttallianum",0.25
"um2-5_ws_um2-5",2023,"Upper Montane","Low Control","Lathyrus lanszwertii",0.6
"um2-5_ws_um2-5",2023,"Upper Montane","Low Control","Melica spectabilis",0.25
"um2-5_ws_um2-5",2023,"Upper Montane","Low Control","Poa pratensis",0.8
"um2-5_ws_um2-5",2023,"Upper Montane","Low Control","Thalictrum fendleri",0.45
"um2-5_ws_um2-5",2023,"Upper Montane","Low Control","Stipa nelsonii",0.55
"um2-5_ws_um2-5",2023,"Upper Montane","Low Control","Tragopogon dubius",0.15
"um2-5_ws_um2-5",2023,"Upper Montane","Low Control","Helianthella quinquenervis",1
"um2-5_ws_um2-5",2023,"Upper Montane","Low Control","Viola nuttallii",0.15
"um3-1_u_um3-1",2023,"Upper Montane","Low Control","Achillea millefolium",0.181818181818182
"um3-1_u_um3-1",2023,"Upper Montane","Low Control","Agoseris glauca",0.181818181818182
"um3-1_u_um3-1",2023,"Upper Montane","Low Control","Androsace septentrionalis",0.0909090909090909
"um3-1_u_um3-1",2023,"Upper Montane","Low Control","Carex sp.",0.545454545454545
"um3-1_u_um3-1",2023,"Upper Montane","Low Control","Delphinium nuttallianum",0.363636363636364
"um3-1_u_um3-1",2023,"Upper Montane","Low Control","Hydrophyllum capitatum",0.272727272727273
"um3-1_u_um3-1",2023,"Upper Montane","Low Control","Hymenoxys hoopesii",0.454545454545455
"um3-1_u_um3-1",2023,"Upper Montane","Low Control","Linum lewisii",0.181818181818182
"um3-1_u_um3-1",2023,"Upper Montane","Low Control","Mertensia fusiformis",0.272727272727273
"um3-1_u_um3-1",2023,"Upper Montane","Low Control","Poa pratensis",0.272727272727273
"um3-1_u_um3-1",2023,"Upper Montane","Low Control","Potentilla pulcherrima",1
"um3-1_u_um3-1",2023,"Upper Montane","Low Control","Stipa nelsonii",0.272727272727273
"um3-1_u_um3-1",2023,"Upper Montane","Low Control","Taraxacum officinale",0.0909090909090909
"um3-1_u_um3-1",2023,"Upper Montane","Low Control","Vicia americana",0.454545454545455
"um3-1_u_um3-1",2023,"Upper Montane","Low Control","Viola nuttallii",0.818181818181818
"um3-2_w2_mo3-3",2023,"Upper Montane","High W2","Achillea millefolium",0.0212765957446809
"um3-2_w2_mo3-3",2023,"Upper Montane","High W2","Artemisia tridentata",0.0212765957446809
"um3-2_w2_mo3-3",2023,"Upper Montane","High W2","Castilleja sulphurea",0.0851063829787234
"um3-2_w2_mo3-3",2023,"Upper Montane","High W2","Delphinium nuttallianum",0.0425531914893617
"um3-2_w2_mo3-3",2023,"Upper Montane","High W2","Erythronium grandiflorum",0.106382978723404
"um3-2_w2_mo3-3",2023,"Upper Montane","High W2","Helianthella quinquenervis",0.0638297872340425
"um3-2_w2_mo3-3",2023,"Upper Montane","High W2","Heterotheca pumila",1
"um3-2_w2_mo3-3",2023,"Upper Montane","High W2","Hymenoxys hoopesii",0.0851063829787234
"um3-2_w2_mo3-3",2023,"Upper Montane","High W2","Hydrophyllum capitatum",0.0851063829787234
"um3-2_w2_mo3-3",2023,"Upper Montane","High W2","Ligusticum porteri",0.0425531914893617
"um3-2_w2_mo3-3",2023,"Upper Montane","High W2","Linum lewisii",0.0212765957446809
"um3-2_w2_mo3-3",2023,"Upper Montane","High W2","Poa reflexa",0.0212765957446809
"um3-2_w2_mo3-3",2023,"Upper Montane","High W2","Viola nuttallii",0.0638297872340425
"um3-4_w1_pf3-2",2023,"Upper Montane","Mid W1","Achillea millefolium",0.181818181818182
"um3-4_w1_pf3-2",2023,"Upper Montane","Mid W1","Agoseris glauca",0.454545454545455
"um3-4_w1_pf3-2",2023,"Upper Montane","Mid W1","Aquilegia caerulea",0.545454545454545
"um3-4_w1_pf3-2",2023,"Upper Montane","Mid W1","Bromus carinatus",1
"um3-4_w1_pf3-2",2023,"Upper Montane","Mid W1","Carex sp.",0.272727272727273
"um3-4_w1_pf3-2",2023,"Upper Montane","Mid W1","Delphinium nuttallianum",0.0909090909090909
"um3-4_w1_pf3-2",2023,"Upper Montane","Mid W1","Heliomeris multiflora",0.363636363636364
"um3-4_w1_pf3-2",2023,"Upper Montane","Mid W1","Hymenoxys hoopesii",0.181818181818182
"um3-4_w1_pf3-2",2023,"Upper Montane","Mid W1","Ligusticum porteri",0.636363636363636
"um3-4_w1_pf3-2",2023,"Upper Montane","Mid W1","Linum lewisii",0.181818181818182
"um3-4_w1_pf3-2",2023,"Upper Montane","Mid W1","Poa reflexa",0.272727272727273
"um3-4_w1_pf3-2",2023,"Upper Montane","Mid W1","Potentilla pulcherrima",0.0909090909090909
"um3-4_w1_pf3-2",2023,"Upper Montane","Mid W1","Stipa nelsonii",0.0909090909090909
"um3-4_w1_pf3-2",2023,"Upper Montane","Mid W1","Viola nuttallii",0.454545454545455
"um3-5_nu_um3-5",2023,"Upper Montane","Low Control","Achillea millefolium",0.2
"um3-5_nu_um3-5",2023,"Upper Montane","Low Control","Agoseris aurantiaca",0.48
"um3-5_nu_um3-5",2023,"Upper Montane","Low Control","Agoseris glauca",0.16
"um3-5_nu_um3-5",2023,"Upper Montane","Low Control","Artemisia tridentata",0.04
"um3-5_nu_um3-5",2023,"Upper Montane","Low Control","Bromus carinatus",0.12
"um3-5_nu_um3-5",2023,"Upper Montane","Low Control","Carex sp.",0.08
"um3-5_nu_um3-5",2023,"Upper Montane","Low Control","Delphinium nuttallianum",0.24
"um3-5_nu_um3-5",2023,"Upper Montane","Low Control","Mertensia fusiformis",0.08
"um3-5_nu_um3-5",2023,"Upper Montane","Low Control","Poa pratensis",0.08
"um3-5_nu_um3-5",2023,"Upper Montane","Low Control","Potentilla pulcherrima",0.44
"um3-5_nu_um3-5",2023,"Upper Montane","Low Control","Stipa nelsonii",1
"um3-5_nu_um3-5",2023,"Upper Montane","Low Control","Vicia americana",0.16
"um3-5_nu_um3-5",2023,"Upper Montane","Low Control","Viola nuttallii",0.28
"um4-1_w1_pf4-2",2023,"Upper Montane","Mid W1","Achillea millefolium",0.1
"um4-1_w1_pf4-2",2023,"Upper Montane","Mid W1","Agoseris aurantiaca",0.3
"um4-1_w1_pf4-2",2023,"Upper Montane","Mid W1","Agoseris glauca",0.1
"um4-1_w1_pf4-2",2023,"Upper Montane","Mid W1","Thalictrum fendleri",1
"um4-1_w1_pf4-2",2023,"Upper Montane","Mid W1","Elymus repens",0.15
"um4-1_w1_pf4-2",2023,"Upper Montane","Mid W1","Erigeron elatior",0.25
"um4-1_w1_pf4-2",2023,"Upper Montane","Mid W1","Erythronium grandiflorum",0.25
"um4-1_w1_pf4-2",2023,"Upper Montane","Mid W1","Helianthella quinquenervis",0.25
"um4-1_w1_pf4-2",2023,"Upper Montane","Mid W1","Heliomeris multiflora",0.3
"um4-1_w1_pf4-2",2023,"Upper Montane","Mid W1","Hymenoxys hoopesii",0.3
"um4-1_w1_pf4-2",2023,"Upper Montane","Mid W1","Lathyrus lanszwertii",0.15
"um4-1_w1_pf4-2",2023,"Upper Montane","Mid W1","Poa reflexa",0.25
"um4-1_w1_pf4-2",2023,"Upper Montane","Mid W1","Potentilla pulcherrima",0.2
"um4-1_w1_pf4-2",2023,"Upper Montane","Mid W1","Senecio crassulus",0.15
"um4-1_w1_pf4-2",2023,"Upper Montane","Mid W1","Taraxacum officinale",0.1
"um4-1_w1_pf4-2",2023,"Upper Montane","Mid W1","Viola nuttallii",0.2
"um4-3_nu_um4-3",2023,"Upper Montane","Low Control","Achillea millefolium",0.106382978723404
"um4-3_nu_um4-3",2023,"Upper Montane","Low Control","Agoseris aurantiaca",0.0638297872340425
"um4-3_nu_um4-3",2023,"Upper Montane","Low Control","Agoseris glauca",0.0212765957446809
"um4-3_nu_um4-3",2023,"Upper Montane","Low Control","Bromus carinatus",0.0638297872340425
"um4-3_nu_um4-3",2023,"Upper Montane","Low Control","Carex sp.",0.0851063829787234
"um4-3_nu_um4-3",2023,"Upper Montane","Low Control","Delphinium nuttallianum",0.0212765957446809
"um4-3_nu_um4-3",2023,"Upper Montane","Low Control","Draba spectabilis",0.0638297872340425
"um4-3_nu_um4-3",2023,"Upper Montane","Low Control","Hymenoxys hoopesii",0.0851063829787234
"um4-3_nu_um4-3",2023,"Upper Montane","Low Control","Mertensia fusiformis",0.0425531914893617
"um4-3_nu_um4-3",2023,"Upper Montane","Low Control","Poa pratensis",0.0851063829787234
"um4-3_nu_um4-3",2023,"Upper Montane","Low Control","Potentilla pulcherrima",0.127659574468085
"um4-3_nu_um4-3",2023,"Upper Montane","Low Control","Valeriana occidentalis",1
"um4-3_nu_um4-3",2023,"Upper Montane","Low Control","Viola nuttallii",0.148936170212766
"um4-3_nu_um4-3",2023,"Upper Montane","Low Control","Lathyrus lanszwertii",0.0638297872340425
"um4-4_u_um4-4",2023,"Upper Montane","Low Control","Achillea millefolium",0.214285714285714
"um4-4_u_um4-4",2023,"Upper Montane","Low Control","Agoseris glauca",0.142857142857143
"um4-4_u_um4-4",2023,"Upper Montane","Low Control","Agoseris aurantiaca",0.142857142857143
"um4-4_u_um4-4",2023,"Upper Montane","Low Control","Bromus carinatus",0.142857142857143
"um4-4_u_um4-4",2023,"Upper Montane","Low Control","Carex sp.",0.142857142857143
"um4-4_u_um4-4",2023,"Upper Montane","Low Control","Delphinium nuttallianum",0.0714285714285714
"um4-4_u_um4-4",2023,"Upper Montane","Low Control","Hymenoxys hoopesii",0.857142857142857
"um4-4_u_um4-4",2023,"Upper Montane","Low Control","Poa pratensis",0.0714285714285714
"um4-4_u_um4-4",2023,"Upper Montane","Low Control","Potentilla pulcherrima",1
"um4-4_u_um4-4",2023,"Upper Montane","Low Control","Valeriana occidentalis",0.857142857142857
"um4-4_u_um4-4",2023,"Upper Montane","Low Control","Viola nuttallii",0.571428571428571
"um4-4_u_um4-4",2023,"Upper Montane","Low Control","Lathyrus lanszwertii",0.214285714285714
"um4-5_ws_um4-5",2023,"Upper Montane","Low Control","Achillea millefolium",1
"um4-5_ws_um4-5",2023,"Upper Montane","Low Control","Agoseris glauca",0.666666666666667
"um4-5_ws_um4-5",2023,"Upper Montane","Low Control","Elymus repens",0.222222222222222
"um4-5_ws_um4-5",2023,"Upper Montane","Low Control","Carex sp.",0.444444444444444
"um4-5_ws_um4-5",2023,"Upper Montane","Low Control","Delphinium nuttallianum",0.222222222222222
"um4-5_ws_um4-5",2023,"Upper Montane","Low Control","Hydrophyllum capitatum",0.555555555555556
"um4-5_ws_um4-5",2023,"Upper Montane","Low Control","Ligusticum porteri",0.333333333333333
"um4-5_ws_um4-5",2023,"Upper Montane","Low Control","Poa pratensis",0.777777777777778
"um4-5_ws_um4-5",2023,"Upper Montane","Low Control","Potentilla pulcherrima",0.666666666666667
"um4-5_ws_um4-5",2023,"Upper Montane","Low Control","Stipa nelsonii",0.111111111111111
"um4-5_ws_um4-5",2023,"Upper Montane","Low Control","Viola nuttallii",0.555555555555556
"um4-5_ws_um4-5",2023,"Upper Montane","Low Control","Vicia americana",0.111111111111111
"um5-1_ws_um5-1",2023,"Upper Montane","Low Control","Achillea millefolium",0.727272727272727
"um5-1_ws_um5-1",2023,"Upper Montane","Low Control","Agoseris aurantiaca",0.0909090909090909
"um5-1_ws_um5-1",2023,"Upper Montane","Low Control","Artemisia tridentata",0.636363636363636
"um5-1_ws_um5-1",2023,"Upper Montane","Low Control","Castilleja sulphurea",0.0454545454545455
"um5-1_ws_um5-1",2023,"Upper Montane","Low Control","Delphinium nuttallianum",0.0909090909090909
"um5-1_ws_um5-1",2023,"Upper Montane","Low Control","Elymus repens",0.318181818181818
"um5-1_ws_um5-1",2023,"Upper Montane","Low Control","Lathyrus lanszwertii",0.0909090909090909
"um5-1_ws_um5-1",2023,"Upper Montane","Low Control","Melica spectabilis",0.136363636363636
"um5-1_ws_um5-1",2023,"Upper Montane","Low Control","Mertensia fusiformis",0.272727272727273
"um5-1_ws_um5-1",2023,"Upper Montane","Low Control","Poa pratensis",0.136363636363636
"um5-1_ws_um5-1",2023,"Upper Montane","Low Control","Potentilla pulcherrima",0.318181818181818
"um5-1_ws_um5-1",2023,"Upper Montane","Low Control","Stipa nelsonii",0.272727272727273
"um5-1_ws_um5-1",2023,"Upper Montane","Low Control","Taraxacum officinale",0.5
"um5-1_ws_um5-1",2023,"Upper Montane","Low Control","Viola nuttallii",1
"um5-2_nu_um5-2",2023,"Upper Montane","Low Control","Achillea millefolium",0.285714285714286
"um5-2_nu_um5-2",2023,"Upper Montane","Low Control","Agoseris aurantiaca",0.0952380952380952
"um5-2_nu_um5-2",2023,"Upper Montane","Low Control","Bromus carinatus",0.0952380952380952
"um5-2_nu_um5-2",2023,"Upper Montane","Low Control","Carex sp.",0.428571428571429
"um5-2_nu_um5-2",2023,"Upper Montane","Low Control","Castilleja sulphurea",0.142857142857143
"um5-2_nu_um5-2",2023,"Upper Montane","Low Control","Collomia linearis",1
"um5-2_nu_um5-2",2023,"Upper Montane","Low Control","Delphinium nuttallianum",0.0476190476190476
"um5-2_nu_um5-2",2023,"Upper Montane","Low Control","Lathyrus lanszwertii",0.761904761904762
"um5-2_nu_um5-2",2023,"Upper Montane","Low Control","Melica spectabilis",0.0476190476190476
"um5-2_nu_um5-2",2023,"Upper Montane","Low Control","Poa pratensis",0.380952380952381
"um5-2_nu_um5-2",2023,"Upper Montane","Low Control","Potentilla pulcherrima",0.238095238095238
"um5-2_nu_um5-2",2023,"Upper Montane","Low Control","Taraxacum officinale",0.380952380952381
"um5-2_nu_um5-2",2023,"Upper Montane","Low Control","Viola nuttallii",0.19047619047619
"um5-2_nu_um5-2",2023,"Upper Montane","Low Control","Valeriana occidentalis",0.0952380952380952
"um5-3_u_um5-3",2023,"Upper Montane","Low Control","Achillea millefolium",0.155555555555556
"um5-3_u_um5-3",2023,"Upper Montane","Low Control","Carex sp.",0.222222222222222
"um5-3_u_um5-3",2023,"Upper Montane","Low Control","Delphinium nuttallianum",0.0222222222222222
"um5-3_u_um5-3",2023,"Upper Montane","Low Control","Hymenoxys hoopesii",0.4
"um5-3_u_um5-3",2023,"Upper Montane","Low Control","Poa pratensis",0.155555555555556
"um5-3_u_um5-3",2023,"Upper Montane","Low Control","Potentilla pulcherrima",0.133333333333333
"um5-3_u_um5-3",2023,"Upper Montane","Low Control","Stipa nelsonii",0.133333333333333
"um5-3_u_um5-3",2023,"Upper Montane","Low Control","Taraxacum officinale",0.0222222222222222
"um5-3_u_um5-3",2023,"Upper Montane","Low Control","Valeriana occidentalis",1
"um5-3_u_um5-3",2023,"Upper Montane","Low Control","Viola nuttallii",0.111111111111111
"um5-3_u_um5-3",2023,"Upper Montane","Low Control","Vicia americana",0.0888888888888889
"um5-4_w1_pf5-3",2023,"Upper Montane","Mid W1","Achillea millefolium",0.333333333333333
"um5-4_w1_pf5-3",2023,"Upper Montane","Mid W1","Agoseris glauca",0.111111111111111
"um5-4_w1_pf5-3",2023,"Upper Montane","Mid W1","Bromus carinatus",1
"um5-4_w1_pf5-3",2023,"Upper Montane","Mid W1","Carex sp.",0.222222222222222
"um5-4_w1_pf5-3",2023,"Upper Montane","Mid W1","Delphinium nuttallianum",0.111111111111111
"um5-4_w1_pf5-3",2023,"Upper Montane","Mid W1","Erythronium grandiflorum",0.333333333333333
"um5-4_w1_pf5-3",2023,"Upper Montane","Mid W1","Fragaria virginiana",0.444444444444444
"um5-4_w1_pf5-3",2023,"Upper Montane","Mid W1","Helianthella quinquenervis",0.444444444444444
"um5-4_w1_pf5-3",2023,"Upper Montane","Mid W1","Heliomeris multiflora",0.666666666666667
"um5-4_w1_pf5-3",2023,"Upper Montane","Mid W1","Lathyrus lanszwertii",0.222222222222222
"um5-4_w1_pf5-3",2023,"Upper Montane","Mid W1","Potentilla pulcherrima",0.444444444444444
"um5-4_w1_pf5-3",2023,"Upper Montane","Mid W1","Viola nuttallii",0.888888888888889
"um5-5_w2_mo5-2",2023,"Upper Montane","High W2","Achillea millefolium",0.272727272727273
"um5-5_w2_mo5-2",2023,"Upper Montane","High W2","Agoseris glauca",0.272727272727273
"um5-5_w2_mo5-2",2023,"Upper Montane","High W2","Aquilegia caerulea",0.636363636363636
"um5-5_w2_mo5-2",2023,"Upper Montane","High W2","Bromus carinatus",0.545454545454545
"um5-5_w2_mo5-2",2023,"Upper Montane","High W2","Castilleja sulphurea",0.545454545454545
"um5-5_w2_mo5-2",2023,"Upper Montane","High W2","Erigeron sp.",0.272727272727273
"um5-5_w2_mo5-2",2023,"Upper Montane","High W2","Erythronium grandiflorum",0.181818181818182
"um5-5_w2_mo5-2",2023,"Upper Montane","High W2","Helianthella quinquenervis",0.545454545454545
"um5-5_w2_mo5-2",2023,"Upper Montane","High W2","Hymenoxys hoopesii",1
"um5-5_w2_mo5-2",2023,"Upper Montane","High W2","Hydrophyllum capitatum",0.272727272727273
"um5-5_w2_mo5-2",2023,"Upper Montane","High W2","Lathyrus lanszwertii",0.181818181818182
"um5-5_w2_mo5-2",2023,"Upper Montane","High W2","Ligusticum porteri",0.454545454545455
"um5-5_w2_mo5-2",2023,"Upper Montane","High W2","Poa reflexa",0.454545454545455
"um5-5_w2_mo5-2",2023,"Upper Montane","High W2","Potentilla pulcherrima",0.454545454545455
"um5-5_w2_mo5-2",2023,"Upper Montane","High W2","Ranunculus inamoenus",0.272727272727273
"um5-5_w2_mo5-2",2023,"Upper Montane","High W2","Senecio crassulus",0.181818181818182
"um5-5_w2_mo5-2",2023,"Upper Montane","High W2","Viola nuttallii",0.363636363636364
"mo4-2_nu_mo4-2",2023,"Monument","High Control","Poa reflexa",0.923076923076923
"um4-2_w2_mo4-3",2023,"Upper Montane","High W2","Rhodiola integrifolia",0.470588235294118
"um4-2_w2_mo4-3",2023,"Upper Montane","High W2","Hymenoxys hoopesii",0.117647058823529
"um4-2_w2_mo4-3",2023,"Upper Montane","High W2","Helianthella quinquenervis",1
"um4-2_w2_mo4-3",2023,"Upper Montane","High W2","Hydrophyllum capitatum",0.235294117647059
"um4-2_w2_mo4-3",2023,"Upper Montane","High W2","Agoseris glauca",0.235294117647059
"um4-2_w2_mo4-3",2023,"Upper Montane","High W2","Bromus carinatus",0.235294117647059
"um4-2_w2_mo4-3",2023,"Upper Montane","High W2","Vicia americana",0.0588235294117647
"um4-2_w2_mo4-3",2023,"Upper Montane","High W2","Mertensia fusiformis",0.176470588235294
"um4-2_w2_mo4-3",2023,"Upper Montane","High W2","Fragaria virginiana",0.411764705882353
"um4-2_w2_mo4-3",2023,"Upper Montane","High W2","Carex sp.",0.176470588235294
"um4-2_w2_mo4-3",2023,"Upper Montane","High W2","Poa reflexa",0.0588235294117647
"um4-2_w2_mo4-3",2023,"Upper Montane","High W2","Achillea millefolium",0.235294117647059
"um4-2_w2_mo4-3",2023,"Upper Montane","High W2","Viola nuttallii",0.176470588235294
"um4-2_w2_mo4-3",2023,"Upper Montane","High W2","Erythronium grandiflorum",0.176470588235294
"um2-3_w2_mo2-1",2017,"Upper Montane","High W2","Heterotheca pumila",0.0416666666666667
"pf2-3_w1_mo2-5",2017,"Pfeiler","High W1","Heterotheca pumila",0.0416666666666667
"mo2-1_ws_mo2-3",2017,"Monument","High Control","Heterotheca pumila",0.0416666666666667
"mo2-2_u_mo2-2",2017,"Monument","High Control","Heterotheca pumila",0.0416666666666667
"mo2-4_nu_mo2-4",2017,"Monument","High Control","Heterotheca pumila",0.0416666666666667
"um3-2_w2_mo3-3",2017,"Upper Montane","High W2","Heterotheca pumila",0.0285714285714286
"pf3-5_w1_mo3-2",2017,"Pfeiler","High W1","Heterotheca pumila",0.0285714285714286
"mo3-1_u_mo3-1",2017,"Monument","High Control","Heterotheca pumila",0.0285714285714286
"mo3-4_nu_mo3-4",2017,"Monument","High Control","Heterotheca pumila",0.0285714285714286
"mo3-5_ws_mo3-5",2017,"Monument","High Control","Heterotheca pumila",0.0285714285714286
"um1-2_w2_mo1-5",2017,"Upper Montane","High W2","Hydrophyllum capitatum",0.0555555555555556
"pf1-5_w1_mo1-1",2017,"Pfeiler","High W1","Hydrophyllum capitatum",0.0555555555555556
"mo1-3_nu_mo1-3",2017,"Monument","High Control","Hydrophyllum capitatum",0.0555555555555556
"mo1-4_u_mo1-4",2017,"Monument","High Control","Hydrophyllum capitatum",0.0555555555555556
"mo1-5_ws_mo1-2",2017,"Monument","High Control","Hydrophyllum capitatum",0.0555555555555556
"um2-3_w2_mo2-1",2017,"Upper Montane","High W2","Hydrophyllum capitatum",0.0138888888888889
"pf2-3_w1_mo2-5",2017,"Pfeiler","High W1","Hydrophyllum capitatum",0.0138888888888889
"mo2-1_ws_mo2-3",2017,"Monument","High Control","Hydrophyllum capitatum",0.0138888888888889
"mo2-2_u_mo2-2",2017,"Monument","High Control","Hydrophyllum capitatum",0.0138888888888889
"mo2-4_nu_mo2-4",2017,"Monument","High Control","Hydrophyllum capitatum",0.0138888888888889
"um3-2_w2_mo3-3",2017,"Upper Montane","High W2","Hydrophyllum capitatum",0.0142857142857143
"pf3-5_w1_mo3-2",2017,"Pfeiler","High W1","Hydrophyllum capitatum",0.0142857142857143
"mo3-1_u_mo3-1",2017,"Monument","High Control","Hydrophyllum capitatum",0.0142857142857143
"mo3-4_nu_mo3-4",2017,"Monument","High Control","Hydrophyllum capitatum",0.0142857142857143
"mo3-5_ws_mo3-5",2017,"Monument","High Control","Hydrophyllum capitatum",0.0142857142857143
"um4-2_w2_mo4-3",2017,"Upper Montane","High W2","Hydrophyllum capitatum",0.0137931034482759
"pf4-5_w1_mo4-5",2017,"Pfeiler","High W1","Hydrophyllum capitatum",0.0137931034482759
"mo4-2_nu_mo4-2",2017,"Monument","High Control","Hydrophyllum capitatum",0.0137931034482759
"mo4-4_u_mo4-4",2017,"Monument","High Control","Hydrophyllum capitatum",0.0137931034482759
"mo4-5_ws_mo4-1",2017,"Monument","High Control","Hydrophyllum capitatum",0.0137931034482759
"um5-5_w2_mo5-2",2017,"Upper Montane","High W2","Hydrophyllum capitatum",0.0403225806451613
"pf5-2_w1_mo5-3",2017,"Pfeiler","High W1","Hydrophyllum capitatum",0.0403225806451613
"mo5-1_u_mo5-1",2017,"Monument","High Control","Hydrophyllum capitatum",0.0403225806451613
"mo5-3_ws_mo5-4",2017,"Monument","High Control","Hydrophyllum capitatum",0.0403225806451613
"mo5-5_nu_mo5-5",2017,"Monument","High Control","Hydrophyllum capitatum",0.0403225806451613
"um1-2_w2_mo1-5",2017,"Upper Montane","High W2","Helianthella quinquenervis",0.388888888888889
"pf1-5_w1_mo1-1",2017,"Pfeiler","High W1","Helianthella quinquenervis",0.388888888888889
"mo1-3_nu_mo1-3",2017,"Monument","High Control","Helianthella quinquenervis",0.388888888888889
"mo1-4_u_mo1-4",2017,"Monument","High Control","Helianthella quinquenervis",0.388888888888889
"mo1-5_ws_mo1-2",2017,"Monument","High Control","Helianthella quinquenervis",0.388888888888889
"um3-2_w2_mo3-3",2017,"Upper Montane","High W2","Helianthella quinquenervis",0.0571428571428571
"pf3-5_w1_mo3-2",2017,"Pfeiler","High W1","Helianthella quinquenervis",0.0571428571428571
"mo3-1_u_mo3-1",2017,"Monument","High Control","Helianthella quinquenervis",0.0571428571428571
"mo3-4_nu_mo3-4",2017,"Monument","High Control","Helianthella quinquenervis",0.0571428571428571
"mo3-5_ws_mo3-5",2017,"Monument","High Control","Helianthella quinquenervis",0.0571428571428571
"um4-2_w2_mo4-3",2017,"Upper Montane","High W2","Helianthella quinquenervis",0.158620689655172
"pf4-5_w1_mo4-5",2017,"Pfeiler","High W1","Helianthella quinquenervis",0.158620689655172
"mo4-2_nu_mo4-2",2017,"Monument","High Control","Helianthella quinquenervis",0.158620689655172
"mo4-4_u_mo4-4",2017,"Monument","High Control","Helianthella quinquenervis",0.158620689655172
"mo4-5_ws_mo4-1",2017,"Monument","High Control","Helianthella quinquenervis",0.158620689655172
"um5-5_w2_mo5-2",2017,"Upper Montane","High W2","Helianthella quinquenervis",0.0241935483870968
"pf5-2_w1_mo5-3",2017,"Pfeiler","High W1","Helianthella quinquenervis",0.0241935483870968
"mo5-1_u_mo5-1",2017,"Monument","High Control","Helianthella quinquenervis",0.0241935483870968
"mo5-3_ws_mo5-4",2017,"Monument","High Control","Helianthella quinquenervis",0.0241935483870968
"mo5-5_nu_mo5-5",2017,"Monument","High Control","Helianthella quinquenervis",0.0241935483870968
"um3-2_w2_mo3-3",2017,"Upper Montane","High W2","Erythronium grandiflorum",0.1
"pf3-5_w1_mo3-2",2017,"Pfeiler","High W1","Erythronium grandiflorum",0.1
"mo3-1_u_mo3-1",2017,"Monument","High Control","Erythronium grandiflorum",0.1
"mo3-4_nu_mo3-4",2017,"Monument","High Control","Erythronium grandiflorum",0.1
"mo3-5_ws_mo3-5",2017,"Monument","High Control","Erythronium grandiflorum",0.1
"um4-2_w2_mo4-3",2017,"Upper Montane","High W2","Erythronium grandiflorum",0.0137931034482759
"pf4-5_w1_mo4-5",2017,"Pfeiler","High W1","Erythronium grandiflorum",0.0137931034482759
"mo4-2_nu_mo4-2",2017,"Monument","High Control","Erythronium grandiflorum",0.0137931034482759
"mo4-4_u_mo4-4",2017,"Monument","High Control","Erythronium grandiflorum",0.0137931034482759
"mo4-5_ws_mo4-1",2017,"Monument","High Control","Erythronium grandiflorum",0.0137931034482759
"um5-5_w2_mo5-2",2017,"Upper Montane","High W2","Erythronium grandiflorum",0.0241935483870968
"pf5-2_w1_mo5-3",2017,"Pfeiler","High W1","Erythronium grandiflorum",0.0241935483870968
"mo5-1_u_mo5-1",2017,"Monument","High Control","Erythronium grandiflorum",0.0241935483870968
"mo5-3_ws_mo5-4",2017,"Monument","High Control","Erythronium grandiflorum",0.0241935483870968
"mo5-5_nu_mo5-5",2017,"Monument","High Control","Erythronium grandiflorum",0.0241935483870968
"um2-3_w2_mo2-1",2017,"Upper Montane","High W2","Hymenoxys hoopesii",0.152777777777778
"pf2-3_w1_mo2-5",2017,"Pfeiler","High W1","Hymenoxys hoopesii",0.152777777777778
"mo2-1_ws_mo2-3",2017,"Monument","High Control","Hymenoxys hoopesii",0.152777777777778
"mo2-2_u_mo2-2",2017,"Monument","High Control","Hymenoxys hoopesii",0.152777777777778
"mo2-4_nu_mo2-4",2017,"Monument","High Control","Hymenoxys hoopesii",0.152777777777778
"um3-2_w2_mo3-3",2017,"Upper Montane","High W2","Hymenoxys hoopesii",0.0142857142857143
"pf3-5_w1_mo3-2",2017,"Pfeiler","High W1","Hymenoxys hoopesii",0.0142857142857143
"mo3-1_u_mo3-1",2017,"Monument","High Control","Hymenoxys hoopesii",0.0142857142857143
"mo3-4_nu_mo3-4",2017,"Monument","High Control","Hymenoxys hoopesii",0.0142857142857143
"mo3-5_ws_mo3-5",2017,"Monument","High Control","Hymenoxys hoopesii",0.0142857142857143
"um5-5_w2_mo5-2",2017,"Upper Montane","High W2","Hymenoxys hoopesii",0.0887096774193548
"pf5-2_w1_mo5-3",2017,"Pfeiler","High W1","Hymenoxys hoopesii",0.0887096774193548
"mo5-1_u_mo5-1",2017,"Monument","High Control","Hymenoxys hoopesii",0.0887096774193548
"mo5-3_ws_mo5-4",2017,"Monument","High Control","Hymenoxys hoopesii",0.0887096774193548
"mo5-5_nu_mo5-5",2017,"Monument","High Control","Hymenoxys hoopesii",0.0887096774193548
"um1-2_w2_mo1-5",2017,"Upper Montane","High W2","Frasera speciosa",0.0555555555555556
"pf1-5_w1_mo1-1",2017,"Pfeiler","High W1","Frasera speciosa",0.0555555555555556
"mo1-3_nu_mo1-3",2017,"Monument","High Control","Frasera speciosa",0.0555555555555556
"mo1-4_u_mo1-4",2017,"Monument","High Control","Frasera speciosa",0.0555555555555556
"mo1-5_ws_mo1-2",2017,"Monument","High Control","Frasera speciosa",0.0555555555555556
"um2-3_w2_mo2-1",2017,"Upper Montane","High W2","Frasera speciosa",0.0277777777777778
"pf2-3_w1_mo2-5",2017,"Pfeiler","High W1","Frasera speciosa",0.0277777777777778
"mo2-1_ws_mo2-3",2017,"Monument","High Control","Frasera speciosa",0.0277777777777778
"mo2-2_u_mo2-2",2017,"Monument","High Control","Frasera speciosa",0.0277777777777778
"mo2-4_nu_mo2-4",2017,"Monument","High Control","Frasera speciosa",0.0277777777777778
"um3-2_w2_mo3-3",2017,"Upper Montane","High W2","Frasera speciosa",0.0571428571428571
"pf3-5_w1_mo3-2",2017,"Pfeiler","High W1","Frasera speciosa",0.0571428571428571
"mo3-1_u_mo3-1",2017,"Monument","High Control","Frasera speciosa",0.0571428571428571
"mo3-4_nu_mo3-4",2017,"Monument","High Control","Frasera speciosa",0.0571428571428571
"mo3-5_ws_mo3-5",2017,"Monument","High Control","Frasera speciosa",0.0571428571428571
"um4-2_w2_mo4-3",2017,"Upper Montane","High W2","Frasera speciosa",0.0275862068965517
"pf4-5_w1_mo4-5",2017,"Pfeiler","High W1","Frasera speciosa",0.0275862068965517
"mo4-2_nu_mo4-2",2017,"Monument","High Control","Frasera speciosa",0.0275862068965517
"mo4-4_u_mo4-4",2017,"Monument","High Control","Frasera speciosa",0.0275862068965517
"mo4-5_ws_mo4-1",2017,"Monument","High Control","Frasera speciosa",0.0275862068965517
"um5-5_w2_mo5-2",2017,"Upper Montane","High W2","Frasera speciosa",0.0161290322580645
"pf5-2_w1_mo5-3",2017,"Pfeiler","High W1","Frasera speciosa",0.0161290322580645
"mo5-1_u_mo5-1",2017,"Monument","High Control","Frasera speciosa",0.0161290322580645
"mo5-3_ws_mo5-4",2017,"Monument","High Control","Frasera speciosa",0.0161290322580645
"mo5-5_nu_mo5-5",2017,"Monument","High Control","Frasera speciosa",0.0161290322580645
"um1-2_w2_mo1-5",2017,"Upper Montane","High W2","Senecio crassulus",0.583333333333333
"pf1-5_w1_mo1-1",2017,"Pfeiler","High W1","Senecio crassulus",0.583333333333333
"mo1-3_nu_mo1-3",2017,"Monument","High Control","Senecio crassulus",0.583333333333333
"mo1-4_u_mo1-4",2017,"Monument","High Control","Senecio crassulus",0.583333333333333
"mo1-5_ws_mo1-2",2017,"Monument","High Control","Senecio crassulus",0.583333333333333
"um2-3_w2_mo2-1",2017,"Upper Montane","High W2","Senecio crassulus",0.0555555555555556
"pf2-3_w1_mo2-5",2017,"Pfeiler","High W1","Senecio crassulus",0.0555555555555556
"mo2-1_ws_mo2-3",2017,"Monument","High Control","Senecio crassulus",0.0555555555555556
"mo2-2_u_mo2-2",2017,"Monument","High Control","Senecio crassulus",0.0555555555555556
"mo2-4_nu_mo2-4",2017,"Monument","High Control","Senecio crassulus",0.0555555555555556
"um3-2_w2_mo3-3",2017,"Upper Montane","High W2","Senecio crassulus",0.0571428571428571
"pf3-5_w1_mo3-2",2017,"Pfeiler","High W1","Senecio crassulus",0.0571428571428571
"mo3-1_u_mo3-1",2017,"Monument","High Control","Senecio crassulus",0.0571428571428571
"mo3-4_nu_mo3-4",2017,"Monument","High Control","Senecio crassulus",0.0571428571428571
"mo3-5_ws_mo3-5",2017,"Monument","High Control","Senecio crassulus",0.0571428571428571
"um4-2_w2_mo4-3",2017,"Upper Montane","High W2","Senecio crassulus",0.0413793103448276
"pf4-5_w1_mo4-5",2017,"Pfeiler","High W1","Senecio crassulus",0.0413793103448276
"mo4-2_nu_mo4-2",2017,"Monument","High Control","Senecio crassulus",0.0413793103448276
"mo4-4_u_mo4-4",2017,"Monument","High Control","Senecio crassulus",0.0413793103448276
"mo4-5_ws_mo4-1",2017,"Monument","High Control","Senecio crassulus",0.0413793103448276
"um5-5_w2_mo5-2",2017,"Upper Montane","High W2","Senecio crassulus",0.0564516129032258
"pf5-2_w1_mo5-3",2017,"Pfeiler","High W1","Senecio crassulus",0.0564516129032258
"mo5-1_u_mo5-1",2017,"Monument","High Control","Senecio crassulus",0.0564516129032258
"mo5-3_ws_mo5-4",2017,"Monument","High Control","Senecio crassulus",0.0564516129032258
"mo5-5_nu_mo5-5",2017,"Monument","High Control","Senecio crassulus",0.0564516129032258
"um1-2_w2_mo1-5",2017,"Upper Montane","High W2","Ligusticum porteri",1
"pf1-5_w1_mo1-1",2017,"Pfeiler","High W1","Ligusticum porteri",1
"mo1-3_nu_mo1-3",2017,"Monument","High Control","Ligusticum porteri",1
"mo1-4_u_mo1-4",2017,"Monument","High Control","Ligusticum porteri",1
"mo1-5_ws_mo1-2",2017,"Monument","High Control","Ligusticum porteri",1
"um2-3_w2_mo2-1",2017,"Upper Montane","High W2","Ligusticum porteri",0.236111111111111
"pf2-3_w1_mo2-5",2017,"Pfeiler","High W1","Ligusticum porteri",0.236111111111111
"mo2-1_ws_mo2-3",2017,"Monument","High Control","Ligusticum porteri",0.236111111111111
"mo2-2_u_mo2-2",2017,"Monument","High Control","Ligusticum porteri",0.236111111111111
"mo2-4_nu_mo2-4",2017,"Monument","High Control","Ligusticum porteri",0.236111111111111
"um3-2_w2_mo3-3",2017,"Upper Montane","High W2","Ligusticum porteri",0.0571428571428571
"pf3-5_w1_mo3-2",2017,"Pfeiler","High W1","Ligusticum porteri",0.0571428571428571
"mo3-1_u_mo3-1",2017,"Monument","High Control","Ligusticum porteri",0.0571428571428571
"mo3-4_nu_mo3-4",2017,"Monument","High Control","Ligusticum porteri",0.0571428571428571
"mo3-5_ws_mo3-5",2017,"Monument","High Control","Ligusticum porteri",0.0571428571428571
"um4-2_w2_mo4-3",2017,"Upper Montane","High W2","Ligusticum porteri",0.0275862068965517
"pf4-5_w1_mo4-5",2017,"Pfeiler","High W1","Ligusticum porteri",0.0275862068965517
"mo4-2_nu_mo4-2",2017,"Monument","High Control","Ligusticum porteri",0.0275862068965517
"mo4-4_u_mo4-4",2017,"Monument","High Control","Ligusticum porteri",0.0275862068965517
"mo4-5_ws_mo4-1",2017,"Monument","High Control","Ligusticum porteri",0.0275862068965517
"um5-5_w2_mo5-2",2017,"Upper Montane","High W2","Ligusticum porteri",0.032258064516129
"pf5-2_w1_mo5-3",2017,"Pfeiler","High W1","Ligusticum porteri",0.032258064516129
"mo5-1_u_mo5-1",2017,"Monument","High Control","Ligusticum porteri",0.032258064516129
"mo5-3_ws_mo5-4",2017,"Monument","High Control","Ligusticum porteri",0.032258064516129
"mo5-5_nu_mo5-5",2017,"Monument","High Control","Ligusticum porteri",0.032258064516129
"um1-2_w2_mo1-5",2017,"Upper Montane","High W2","Poa reflexa",0.777777777777778
"pf1-5_w1_mo1-1",2017,"Pfeiler","High W1","Poa reflexa",0.777777777777778
"mo1-3_nu_mo1-3",2017,"Monument","High Control","Poa reflexa",0.777777777777778
"mo1-4_u_mo1-4",2017,"Monument","High Control","Poa reflexa",0.777777777777778
"mo1-5_ws_mo1-2",2017,"Monument","High Control","Poa reflexa",0.777777777777778
"um2-3_w2_mo2-1",2017,"Upper Montane","High W2","Poa reflexa",0.194444444444444
"pf2-3_w1_mo2-5",2017,"Pfeiler","High W1","Poa reflexa",0.194444444444444
"mo2-1_ws_mo2-3",2017,"Monument","High Control","Poa reflexa",0.194444444444444
"mo2-2_u_mo2-2",2017,"Monument","High Control","Poa reflexa",0.194444444444444
"mo2-4_nu_mo2-4",2017,"Monument","High Control","Poa reflexa",0.194444444444444
"um3-2_w2_mo3-3",2017,"Upper Montane","High W2","Poa reflexa",1
"pf3-5_w1_mo3-2",2017,"Pfeiler","High W1","Poa reflexa",1
"mo3-1_u_mo3-1",2017,"Monument","High Control","Poa reflexa",1
"mo3-4_nu_mo3-4",2017,"Monument","High Control","Poa reflexa",1
"mo3-5_ws_mo3-5",2017,"Monument","High Control","Poa reflexa",1
"um4-2_w2_mo4-3",2017,"Upper Montane","High W2","Poa reflexa",1
"pf4-5_w1_mo4-5",2017,"Pfeiler","High W1","Poa reflexa",1
"mo4-2_nu_mo4-2",2017,"Monument","High Control","Poa reflexa",1
"mo4-4_u_mo4-4",2017,"Monument","High Control","Poa reflexa",1
"mo4-5_ws_mo4-1",2017,"Monument","High Control","Poa reflexa",1
"um5-5_w2_mo5-2",2017,"Upper Montane","High W2","Poa reflexa",1
"pf5-2_w1_mo5-3",2017,"Pfeiler","High W1","Poa reflexa",1
"mo5-1_u_mo5-1",2017,"Monument","High Control","Poa reflexa",1
"mo5-3_ws_mo5-4",2017,"Monument","High Control","Poa reflexa",1
"mo5-5_nu_mo5-5",2017,"Monument","High Control","Poa reflexa",1
"um1-2_w2_mo1-5",2017,"Upper Montane","High W2","Noccaea fendleri",0.0833333333333333
"pf1-5_w1_mo1-1",2017,"Pfeiler","High W1","Noccaea fendleri",0.0833333333333333
"mo1-3_nu_mo1-3",2017,"Monument","High Control","Noccaea fendleri",0.0833333333333333
"mo1-4_u_mo1-4",2017,"Monument","High Control","Noccaea fendleri",0.0833333333333333
"mo1-5_ws_mo1-2",2017,"Monument","High Control","Noccaea fendleri",0.0833333333333333
"um3-2_w2_mo3-3",2017,"Upper Montane","High W2","Noccaea fendleri",0.0285714285714286
"pf3-5_w1_mo3-2",2017,"Pfeiler","High W1","Noccaea fendleri",0.0285714285714286
"mo3-1_u_mo3-1",2017,"Monument","High Control","Noccaea fendleri",0.0285714285714286
"mo3-4_nu_mo3-4",2017,"Monument","High Control","Noccaea fendleri",0.0285714285714286
"mo3-5_ws_mo3-5",2017,"Monument","High Control","Noccaea fendleri",0.0285714285714286
"um5-5_w2_mo5-2",2017,"Upper Montane","High W2","Noccaea fendleri",0.0725806451612903
"pf5-2_w1_mo5-3",2017,"Pfeiler","High W1","Noccaea fendleri",0.0725806451612903
"mo5-1_u_mo5-1",2017,"Monument","High Control","Noccaea fendleri",0.0725806451612903
"mo5-3_ws_mo5-4",2017,"Monument","High Control","Noccaea fendleri",0.0725806451612903
"mo5-5_nu_mo5-5",2017,"Monument","High Control","Noccaea fendleri",0.0725806451612903
"um3-2_w2_mo3-3",2017,"Upper Montane","High W2","Unknown round leaves",0.0142857142857143
"pf3-5_w1_mo3-2",2017,"Pfeiler","High W1","Unknown round leaves",0.0142857142857143
"mo3-1_u_mo3-1",2017,"Monument","High Control","Unknown round leaves",0.0142857142857143
"mo3-4_nu_mo3-4",2017,"Monument","High Control","Unknown round leaves",0.0142857142857143
"mo3-5_ws_mo3-5",2017,"Monument","High Control","Unknown round leaves",0.0142857142857143
"um2-3_w2_mo2-1",2017,"Upper Montane","High W2","Castilleja sulphurea",0.125
"pf2-3_w1_mo2-5",2017,"Pfeiler","High W1","Castilleja sulphurea",0.125
"mo2-1_ws_mo2-3",2017,"Monument","High Control","Castilleja sulphurea",0.125
"mo2-2_u_mo2-2",2017,"Monument","High Control","Castilleja sulphurea",0.125
"mo2-4_nu_mo2-4",2017,"Monument","High Control","Castilleja sulphurea",0.125
"um3-2_w2_mo3-3",2017,"Upper Montane","High W2","Castilleja sulphurea",0.0571428571428571
"pf3-5_w1_mo3-2",2017,"Pfeiler","High W1","Castilleja sulphurea",0.0571428571428571
"mo3-1_u_mo3-1",2017,"Monument","High Control","Castilleja sulphurea",0.0571428571428571
"mo3-4_nu_mo3-4",2017,"Monument","High Control","Castilleja sulphurea",0.0571428571428571
"mo3-5_ws_mo3-5",2017,"Monument","High Control","Castilleja sulphurea",0.0571428571428571
"um4-2_w2_mo4-3",2017,"Upper Montane","High W2","Castilleja sulphurea",0.0758620689655172
"pf4-5_w1_mo4-5",2017,"Pfeiler","High W1","Castilleja sulphurea",0.0758620689655172
"mo4-2_nu_mo4-2",2017,"Monument","High Control","Castilleja sulphurea",0.0758620689655172
"mo4-4_u_mo4-4",2017,"Monument","High Control","Castilleja sulphurea",0.0758620689655172
"mo4-5_ws_mo4-1",2017,"Monument","High Control","Castilleja sulphurea",0.0758620689655172
"um5-5_w2_mo5-2",2017,"Upper Montane","High W2","Castilleja sulphurea",0.032258064516129
"pf5-2_w1_mo5-3",2017,"Pfeiler","High W1","Castilleja sulphurea",0.032258064516129
"mo5-1_u_mo5-1",2017,"Monument","High Control","Castilleja sulphurea",0.032258064516129
"mo5-3_ws_mo5-4",2017,"Monument","High Control","Castilleja sulphurea",0.032258064516129
"mo5-5_nu_mo5-5",2017,"Monument","High Control","Castilleja sulphurea",0.032258064516129
"um5-5_w2_mo5-2",2017,"Upper Montane","High W2","Potentilla pulcherrima",0.0645161290322581
"pf5-2_w1_mo5-3",2017,"Pfeiler","High W1","Potentilla pulcherrima",0.0645161290322581
"mo5-1_u_mo5-1",2017,"Monument","High Control","Potentilla pulcherrima",0.0645161290322581
"mo5-3_ws_mo5-4",2017,"Monument","High Control","Potentilla pulcherrima",0.0645161290322581
"mo5-5_nu_mo5-5",2017,"Monument","High Control","Potentilla pulcherrima",0.0645161290322581
"um1-2_w2_mo1-5",2017,"Upper Montane","High W2","Geranium richardsonii",0.138888888888889
"pf1-5_w1_mo1-1",2017,"Pfeiler","High W1","Geranium richardsonii",0.138888888888889
"mo1-3_nu_mo1-3",2017,"Monument","High Control","Geranium richardsonii",0.138888888888889
"mo1-4_u_mo1-4",2017,"Monument","High Control","Geranium richardsonii",0.138888888888889
"mo1-5_ws_mo1-2",2017,"Monument","High Control","Geranium richardsonii",0.138888888888889
"um4-2_w2_mo4-3",2017,"Upper Montane","High W2","Geranium richardsonii",0.00689655172413793
"pf4-5_w1_mo4-5",2017,"Pfeiler","High W1","Geranium richardsonii",0.00689655172413793
"mo4-2_nu_mo4-2",2017,"Monument","High Control","Geranium richardsonii",0.00689655172413793
"mo4-4_u_mo4-4",2017,"Monument","High Control","Geranium richardsonii",0.00689655172413793
"mo4-5_ws_mo4-1",2017,"Monument","High Control","Geranium richardsonii",0.00689655172413793
"um5-5_w2_mo5-2",2017,"Upper Montane","High W2","Geranium richardsonii",0.0161290322580645
"pf5-2_w1_mo5-3",2017,"Pfeiler","High W1","Geranium richardsonii",0.0161290322580645
"mo5-1_u_mo5-1",2017,"Monument","High Control","Geranium richardsonii",0.0161290322580645
"mo5-3_ws_mo5-4",2017,"Monument","High Control","Geranium richardsonii",0.0161290322580645
"mo5-5_nu_mo5-5",2017,"Monument","High Control","Geranium richardsonii",0.0161290322580645
"um1-2_w2_mo1-5",2017,"Upper Montane","High W2","Rhodiola integrifolia",0.138888888888889
"pf1-5_w1_mo1-1",2017,"Pfeiler","High W1","Rhodiola integrifolia",0.138888888888889
"mo1-3_nu_mo1-3",2017,"Monument","High Control","Rhodiola integrifolia",0.138888888888889
"mo1-4_u_mo1-4",2017,"Monument","High Control","Rhodiola integrifolia",0.138888888888889
"mo1-5_ws_mo1-2",2017,"Monument","High Control","Rhodiola integrifolia",0.138888888888889
"um4-2_w2_mo4-3",2017,"Upper Montane","High W2","Rhodiola integrifolia",0.0482758620689655
"pf4-5_w1_mo4-5",2017,"Pfeiler","High W1","Rhodiola integrifolia",0.0482758620689655
"mo4-2_nu_mo4-2",2017,"Monument","High Control","Rhodiola integrifolia",0.0482758620689655
"mo4-4_u_mo4-4",2017,"Monument","High Control","Rhodiola integrifolia",0.0482758620689655
"mo4-5_ws_mo4-1",2017,"Monument","High Control","Rhodiola integrifolia",0.0482758620689655
"um1-2_w2_mo1-5",2017,"Upper Montane","High W2","Fragaria virginiana",0.638888888888889
"pf1-5_w1_mo1-1",2017,"Pfeiler","High W1","Fragaria virginiana",0.638888888888889
"mo1-3_nu_mo1-3",2017,"Monument","High Control","Fragaria virginiana",0.638888888888889
"mo1-4_u_mo1-4",2017,"Monument","High Control","Fragaria virginiana",0.638888888888889
"mo1-5_ws_mo1-2",2017,"Monument","High Control","Fragaria virginiana",0.638888888888889
"um2-3_w2_mo2-1",2017,"Upper Montane","High W2","Fragaria virginiana",1
"pf2-3_w1_mo2-5",2017,"Pfeiler","High W1","Fragaria virginiana",1
"mo2-1_ws_mo2-3",2017,"Monument","High Control","Fragaria virginiana",1
"mo2-2_u_mo2-2",2017,"Monument","High Control","Fragaria virginiana",1
"mo2-4_nu_mo2-4",2017,"Monument","High Control","Fragaria virginiana",1
"um4-2_w2_mo4-3",2017,"Upper Montane","High W2","Fragaria virginiana",0.324137931034483
"pf4-5_w1_mo4-5",2017,"Pfeiler","High W1","Fragaria virginiana",0.324137931034483
"mo4-2_nu_mo4-2",2017,"Monument","High Control","Fragaria virginiana",0.324137931034483
"mo4-4_u_mo4-4",2017,"Monument","High Control","Fragaria virginiana",0.324137931034483
"mo4-5_ws_mo4-1",2017,"Monument","High Control","Fragaria virginiana",0.324137931034483
"um4-2_w2_mo4-3",2017,"Upper Montane","High W2","Aquilegia caerulea",0.00689655172413793
"pf4-5_w1_mo4-5",2017,"Pfeiler","High W1","Aquilegia caerulea",0.00689655172413793
"mo4-2_nu_mo4-2",2017,"Monument","High Control","Aquilegia caerulea",0.00689655172413793
"mo4-4_u_mo4-4",2017,"Monument","High Control","Aquilegia caerulea",0.00689655172413793
"mo4-5_ws_mo4-1",2017,"Monument","High Control","Aquilegia caerulea",0.00689655172413793
"um1-2_w2_mo1-5",2017,"Upper Montane","High W2","Viola nuttallii",0.0277777777777778
"pf1-5_w1_mo1-1",2017,"Pfeiler","High W1","Viola nuttallii",0.0277777777777778
"mo1-3_nu_mo1-3",2017,"Monument","High Control","Viola nuttallii",0.0277777777777778
"mo1-4_u_mo1-4",2017,"Monument","High Control","Viola nuttallii",0.0277777777777778
"mo1-5_ws_mo1-2",2017,"Monument","High Control","Viola nuttallii",0.0277777777777778
"um2-3_w2_mo2-1",2017,"Upper Montane","High W2","Viola nuttallii",0.0138888888888889
"pf2-3_w1_mo2-5",2017,"Pfeiler","High W1","Viola nuttallii",0.0138888888888889
"mo2-1_ws_mo2-3",2017,"Monument","High Control","Viola nuttallii",0.0138888888888889
"mo2-2_u_mo2-2",2017,"Monument","High Control","Viola nuttallii",0.0138888888888889
"mo2-4_nu_mo2-4",2017,"Monument","High Control","Viola nuttallii",0.0138888888888889
"um4-2_w2_mo4-3",2017,"Upper Montane","High W2","Viola nuttallii",0.00689655172413793
"pf4-5_w1_mo4-5",2017,"Pfeiler","High W1","Viola nuttallii",0.00689655172413793
"mo4-2_nu_mo4-2",2017,"Monument","High Control","Viola nuttallii",0.00689655172413793
"mo4-4_u_mo4-4",2017,"Monument","High Control","Viola nuttallii",0.00689655172413793
"mo4-5_ws_mo4-1",2017,"Monument","High Control","Viola nuttallii",0.00689655172413793
"um1-2_w2_mo1-5",2017,"Upper Montane","High W2","Bromus carinatus",0.472222222222222
"pf1-5_w1_mo1-1",2017,"Pfeiler","High W1","Bromus carinatus",0.472222222222222
"mo1-3_nu_mo1-3",2017,"Monument","High Control","Bromus carinatus",0.472222222222222
"mo1-4_u_mo1-4",2017,"Monument","High Control","Bromus carinatus",0.472222222222222
"mo1-5_ws_mo1-2",2017,"Monument","High Control","Bromus carinatus",0.472222222222222
"um4-2_w2_mo4-3",2017,"Upper Montane","High W2","Bromus carinatus",0.0482758620689655
"pf4-5_w1_mo4-5",2017,"Pfeiler","High W1","Bromus carinatus",0.0482758620689655
"mo4-2_nu_mo4-2",2017,"Monument","High Control","Bromus carinatus",0.0482758620689655
"mo4-4_u_mo4-4",2017,"Monument","High Control","Bromus carinatus",0.0482758620689655
"mo4-5_ws_mo4-1",2017,"Monument","High Control","Bromus carinatus",0.0482758620689655
"um1-2_w2_mo1-5",2017,"Upper Montane","High W2","Androsace septentrionalis",0.222222222222222
"pf1-5_w1_mo1-1",2017,"Pfeiler","High W1","Androsace septentrionalis",0.222222222222222
"mo1-3_nu_mo1-3",2017,"Monument","High Control","Androsace septentrionalis",0.222222222222222
"mo1-4_u_mo1-4",2017,"Monument","High Control","Androsace septentrionalis",0.222222222222222
"mo1-5_ws_mo1-2",2017,"Monument","High Control","Androsace septentrionalis",0.222222222222222
"um2-3_w2_mo2-1",2017,"Upper Montane","High W2","Androsace septentrionalis",0.0138888888888889
"pf2-3_w1_mo2-5",2017,"Pfeiler","High W1","Androsace septentrionalis",0.0138888888888889
"mo2-1_ws_mo2-3",2017,"Monument","High Control","Androsace septentrionalis",0.0138888888888889
"mo2-2_u_mo2-2",2017,"Monument","High Control","Androsace septentrionalis",0.0138888888888889
"mo2-4_nu_mo2-4",2017,"Monument","High Control","Androsace septentrionalis",0.0138888888888889
"um4-2_w2_mo4-3",2017,"Upper Montane","High W2","Androsace septentrionalis",0.00689655172413793
"pf4-5_w1_mo4-5",2017,"Pfeiler","High W1","Androsace septentrionalis",0.00689655172413793
"mo4-2_nu_mo4-2",2017,"Monument","High Control","Androsace septentrionalis",0.00689655172413793
"mo4-4_u_mo4-4",2017,"Monument","High Control","Androsace septentrionalis",0.00689655172413793
"mo4-5_ws_mo4-1",2017,"Monument","High Control","Androsace septentrionalis",0.00689655172413793
"um2-3_w2_mo2-1",2017,"Upper Montane","High W2","Ranunculus inamoenus",0.0416666666666667
"pf2-3_w1_mo2-5",2017,"Pfeiler","High W1","Ranunculus inamoenus",0.0416666666666667
"mo2-1_ws_mo2-3",2017,"Monument","High Control","Ranunculus inamoenus",0.0416666666666667
"mo2-2_u_mo2-2",2017,"Monument","High Control","Ranunculus inamoenus",0.0416666666666667
"mo2-4_nu_mo2-4",2017,"Monument","High Control","Ranunculus inamoenus",0.0416666666666667
"um1-2_w2_mo1-5",2017,"Upper Montane","High W2","Lupinus sp.",0.0277777777777778
"pf1-5_w1_mo1-1",2017,"Pfeiler","High W1","Lupinus sp.",0.0277777777777778
"mo1-3_nu_mo1-3",2017,"Monument","High Control","Lupinus sp.",0.0277777777777778
"mo1-4_u_mo1-4",2017,"Monument","High Control","Lupinus sp.",0.0277777777777778
"mo1-5_ws_mo1-2",2017,"Monument","High Control","Lupinus sp.",0.0277777777777778
"um2-3_w2_mo2-1",2017,"Upper Montane","High W2","Lupinus sp.",0.0277777777777778
"pf2-3_w1_mo2-5",2017,"Pfeiler","High W1","Lupinus sp.",0.0277777777777778
"mo2-1_ws_mo2-3",2017,"Monument","High Control","Lupinus sp.",0.0277777777777778
"mo2-2_u_mo2-2",2017,"Monument","High Control","Lupinus sp.",0.0277777777777778
"mo2-4_nu_mo2-4",2017,"Monument","High Control","Lupinus sp.",0.0277777777777778
"um1-2_w2_mo1-5",2017,"Upper Montane","High W2","Symphyotrichum ascendens",0.0555555555555556
"pf1-5_w1_mo1-1",2017,"Pfeiler","High W1","Symphyotrichum ascendens",0.0555555555555556
"mo1-3_nu_mo1-3",2017,"Monument","High Control","Symphyotrichum ascendens",0.0555555555555556
"mo1-4_u_mo1-4",2017,"Monument","High Control","Symphyotrichum ascendens",0.0555555555555556
"mo1-5_ws_mo1-2",2017,"Monument","High Control","Symphyotrichum ascendens",0.0555555555555556
"um1-2_w2_mo1-5",2017,"Upper Montane","High W2","Agoseris glauca",0.0277777777777778
"pf1-5_w1_mo1-1",2017,"Pfeiler","High W1","Agoseris glauca",0.0277777777777778
"mo1-3_nu_mo1-3",2017,"Monument","High Control","Agoseris glauca",0.0277777777777778
"mo1-4_u_mo1-4",2017,"Monument","High Control","Agoseris glauca",0.0277777777777778
"mo1-5_ws_mo1-2",2017,"Monument","High Control","Agoseris glauca",0.0277777777777778
"um1-5_w1_pf1-4",2017,"Upper Montane","Mid W1","Senecio crassulus",0.0594315245478036
"pf1-1_nu_pf1-1",2017,"Pfeiler","Mid Control","Senecio crassulus",0.0594315245478036
"pf1-2_u_pf1-2",2017,"Pfeiler","Mid Control","Senecio crassulus",0.0594315245478036
"pf1-3_ws_pf1-5",2017,"Pfeiler","Mid Control","Senecio crassulus",0.0594315245478036
"mo1-1_c1_pf1-3",2017,"Monument","Mid C1","Senecio crassulus",0.0594315245478036
"um2-1_w1_pf2-5",2017,"Upper Montane","Mid W1","Senecio crassulus",0.0352422907488987
"pf2-1_nu_pf2-1",2017,"Pfeiler","Mid Control","Senecio crassulus",0.0352422907488987
"pf2-4_u_pf2-4",2017,"Pfeiler","Mid Control","Senecio crassulus",0.0352422907488987
"pf2-5_ws_pf2-2",2017,"Pfeiler","Mid Control","Senecio crassulus",0.0352422907488987
"mo2-5_c1_pf2-3",2017,"Monument","Mid C1","Senecio crassulus",0.0352422907488987
"um3-4_w1_pf3-2",2017,"Upper Montane","Mid W1","Senecio crassulus",0.0211081794195251
"pf3-1_nu_pf3-1",2017,"Pfeiler","Mid Control","Senecio crassulus",0.0211081794195251
"pf3-2_ws_pf3-3",2017,"Pfeiler","Mid Control","Senecio crassulus",0.0211081794195251
"pf3-4_u_pf3-4",2017,"Pfeiler","Mid Control","Senecio crassulus",0.0211081794195251
"mo3-2_c1_pf3-5",2017,"Monument","Mid C1","Senecio crassulus",0.0211081794195251
"um5-4_w1_pf5-3",2017,"Upper Montane","Mid W1","Senecio crassulus",0.0864864864864865
"pf5-1_u_pf5-1",2017,"Pfeiler","Mid Control","Senecio crassulus",0.0864864864864865
"pf5-3_ws_pf5-4",2017,"Pfeiler","Mid Control","Senecio crassulus",0.0864864864864865
"pf5-5_nu_pf5-5",2017,"Pfeiler","Mid Control","Senecio crassulus",0.0864864864864865
"mo5-4_c1_pf5-2",2017,"Monument","Mid C1","Senecio crassulus",0.0864864864864865
"um1-5_w1_pf1-4",2017,"Upper Montane","Mid W1","Lupinus sp.",0.00258397932816537
"pf1-1_nu_pf1-1",2017,"Pfeiler","Mid Control","Lupinus sp.",0.00258397932816537
"pf1-2_u_pf1-2",2017,"Pfeiler","Mid Control","Lupinus sp.",0.00258397932816537
"pf1-3_ws_pf1-5",2017,"Pfeiler","Mid Control","Lupinus sp.",0.00258397932816537
"mo1-1_c1_pf1-3",2017,"Monument","Mid C1","Lupinus sp.",0.00258397932816537
"um1-5_w1_pf1-4",2017,"Upper Montane","Mid W1","Erythronium grandiflorum",0.00516795865633075
"pf1-1_nu_pf1-1",2017,"Pfeiler","Mid Control","Erythronium grandiflorum",0.00516795865633075
"pf1-2_u_pf1-2",2017,"Pfeiler","Mid Control","Erythronium grandiflorum",0.00516795865633075
"pf1-3_ws_pf1-5",2017,"Pfeiler","Mid Control","Erythronium grandiflorum",0.00516795865633075
"mo1-1_c1_pf1-3",2017,"Monument","Mid C1","Erythronium grandiflorum",0.00516795865633075
"um2-1_w1_pf2-5",2017,"Upper Montane","Mid W1","Erythronium grandiflorum",0.00881057268722467
"pf2-1_nu_pf2-1",2017,"Pfeiler","Mid Control","Erythronium grandiflorum",0.00881057268722467
"pf2-4_u_pf2-4",2017,"Pfeiler","Mid Control","Erythronium grandiflorum",0.00881057268722467
"pf2-5_ws_pf2-2",2017,"Pfeiler","Mid Control","Erythronium grandiflorum",0.00881057268722467
"mo2-5_c1_pf2-3",2017,"Monument","Mid C1","Erythronium grandiflorum",0.00881057268722467
"um4-1_w1_pf4-2",2017,"Upper Montane","Mid W1","Erythronium grandiflorum",0.00623052959501558
"pf4-1_nu_pf4-1",2017,"Pfeiler","Mid Control","Erythronium grandiflorum",0.00623052959501558
"pf4-2_ws_pf4-3",2017,"Pfeiler","Mid Control","Erythronium grandiflorum",0.00623052959501558
"pf4-4_u_pf4-4",2017,"Pfeiler","Mid Control","Erythronium grandiflorum",0.00623052959501558
"mo4-1_c1_pf4-5",2017,"Monument","Mid C1","Erythronium grandiflorum",0.00623052959501558
"um5-4_w1_pf5-3",2017,"Upper Montane","Mid W1","Erythronium grandiflorum",0.00540540540540541
"pf5-1_u_pf5-1",2017,"Pfeiler","Mid Control","Erythronium grandiflorum",0.00540540540540541
"pf5-3_ws_pf5-4",2017,"Pfeiler","Mid Control","Erythronium grandiflorum",0.00540540540540541
"pf5-5_nu_pf5-5",2017,"Pfeiler","Mid Control","Erythronium grandiflorum",0.00540540540540541
"mo5-4_c1_pf5-2",2017,"Monument","Mid C1","Erythronium grandiflorum",0.00540540540540541
"um1-5_w1_pf1-4",2017,"Upper Montane","Mid W1","Bromus carinatus",0.126614987080103
"pf1-1_nu_pf1-1",2017,"Pfeiler","Mid Control","Bromus carinatus",0.126614987080103
"pf1-2_u_pf1-2",2017,"Pfeiler","Mid Control","Bromus carinatus",0.126614987080103
"pf1-3_ws_pf1-5",2017,"Pfeiler","Mid Control","Bromus carinatus",0.126614987080103
"mo1-1_c1_pf1-3",2017,"Monument","Mid C1","Bromus carinatus",0.126614987080103
"um2-1_w1_pf2-5",2017,"Upper Montane","Mid W1","Bromus carinatus",0.233480176211454
"pf2-1_nu_pf2-1",2017,"Pfeiler","Mid Control","Bromus carinatus",0.233480176211454
"pf2-4_u_pf2-4",2017,"Pfeiler","Mid Control","Bromus carinatus",0.233480176211454
"pf2-5_ws_pf2-2",2017,"Pfeiler","Mid Control","Bromus carinatus",0.233480176211454
"mo2-5_c1_pf2-3",2017,"Monument","Mid C1","Bromus carinatus",0.233480176211454
"um3-4_w1_pf3-2",2017,"Upper Montane","Mid W1","Bromus carinatus",0.0923482849604222
"pf3-1_nu_pf3-1",2017,"Pfeiler","Mid Control","Bromus carinatus",0.0923482849604222
"pf3-2_ws_pf3-3",2017,"Pfeiler","Mid Control","Bromus carinatus",0.0923482849604222
"pf3-4_u_pf3-4",2017,"Pfeiler","Mid Control","Bromus carinatus",0.0923482849604222
"mo3-2_c1_pf3-5",2017,"Monument","Mid C1","Bromus carinatus",0.0923482849604222
"um4-1_w1_pf4-2",2017,"Upper Montane","Mid W1","Bromus carinatus",0.11214953271028
"pf4-1_nu_pf4-1",2017,"Pfeiler","Mid Control","Bromus carinatus",0.11214953271028
"pf4-2_ws_pf4-3",2017,"Pfeiler","Mid Control","Bromus carinatus",0.11214953271028
"pf4-4_u_pf4-4",2017,"Pfeiler","Mid Control","Bromus carinatus",0.11214953271028
"mo4-1_c1_pf4-5",2017,"Monument","Mid C1","Bromus carinatus",0.11214953271028
"um5-4_w1_pf5-3",2017,"Upper Montane","Mid W1","Bromus carinatus",0.178378378378378
"pf5-1_u_pf5-1",2017,"Pfeiler","Mid Control","Bromus carinatus",0.178378378378378
"pf5-3_ws_pf5-4",2017,"Pfeiler","Mid Control","Bromus carinatus",0.178378378378378
"pf5-5_nu_pf5-5",2017,"Pfeiler","Mid Control","Bromus carinatus",0.178378378378378
"mo5-4_c1_pf5-2",2017,"Monument","Mid C1","Bromus carinatus",0.178378378378378
"um1-5_w1_pf1-4",2017,"Upper Montane","Mid W1","Mertensia fusiformis",0.00258397932816537
"pf1-1_nu_pf1-1",2017,"Pfeiler","Mid Control","Mertensia fusiformis",0.00258397932816537
"pf1-2_u_pf1-2",2017,"Pfeiler","Mid Control","Mertensia fusiformis",0.00258397932816537
"pf1-3_ws_pf1-5",2017,"Pfeiler","Mid Control","Mertensia fusiformis",0.00258397932816537
"mo1-1_c1_pf1-3",2017,"Monument","Mid C1","Mertensia fusiformis",0.00258397932816537
"um1-5_w1_pf1-4",2017,"Upper Montane","Mid W1","Viola nuttallii",0.0310077519379845
"pf1-1_nu_pf1-1",2017,"Pfeiler","Mid Control","Viola nuttallii",0.0310077519379845
"pf1-2_u_pf1-2",2017,"Pfeiler","Mid Control","Viola nuttallii",0.0310077519379845
"pf1-3_ws_pf1-5",2017,"Pfeiler","Mid Control","Viola nuttallii",0.0310077519379845
"mo1-1_c1_pf1-3",2017,"Monument","Mid C1","Viola nuttallii",0.0310077519379845
"um2-1_w1_pf2-5",2017,"Upper Montane","Mid W1","Viola nuttallii",0.0572687224669604
"pf2-1_nu_pf2-1",2017,"Pfeiler","Mid Control","Viola nuttallii",0.0572687224669604
"pf2-4_u_pf2-4",2017,"Pfeiler","Mid Control","Viola nuttallii",0.0572687224669604
"pf2-5_ws_pf2-2",2017,"Pfeiler","Mid Control","Viola nuttallii",0.0572687224669604
"mo2-5_c1_pf2-3",2017,"Monument","Mid C1","Viola nuttallii",0.0572687224669604
"um3-4_w1_pf3-2",2017,"Upper Montane","Mid W1","Viola nuttallii",0.00527704485488127
"pf3-1_nu_pf3-1",2017,"Pfeiler","Mid Control","Viola nuttallii",0.00527704485488127
"pf3-2_ws_pf3-3",2017,"Pfeiler","Mid Control","Viola nuttallii",0.00527704485488127
"pf3-4_u_pf3-4",2017,"Pfeiler","Mid Control","Viola nuttallii",0.00527704485488127
"mo3-2_c1_pf3-5",2017,"Monument","Mid C1","Viola nuttallii",0.00527704485488127
"um5-4_w1_pf5-3",2017,"Upper Montane","Mid W1","Viola nuttallii",0.0108108108108108
"pf5-1_u_pf5-1",2017,"Pfeiler","Mid Control","Viola nuttallii",0.0108108108108108
"pf5-3_ws_pf5-4",2017,"Pfeiler","Mid Control","Viola nuttallii",0.0108108108108108
"pf5-5_nu_pf5-5",2017,"Pfeiler","Mid Control","Viola nuttallii",0.0108108108108108
"mo5-4_c1_pf5-2",2017,"Monument","Mid C1","Viola nuttallii",0.0108108108108108
"um1-5_w1_pf1-4",2017,"Upper Montane","Mid W1","Festuca rubra",1
"pf1-1_nu_pf1-1",2017,"Pfeiler","Mid Control","Festuca rubra",1
"pf1-2_u_pf1-2",2017,"Pfeiler","Mid Control","Festuca rubra",1
"pf1-3_ws_pf1-5",2017,"Pfeiler","Mid Control","Festuca rubra",1
"mo1-1_c1_pf1-3",2017,"Monument","Mid C1","Festuca rubra",1
"um2-1_w1_pf2-5",2017,"Upper Montane","Mid W1","Festuca rubra",1
"pf2-1_nu_pf2-1",2017,"Pfeiler","Mid Control","Festuca rubra",1
"pf2-4_u_pf2-4",2017,"Pfeiler","Mid Control","Festuca rubra",1
"pf2-5_ws_pf2-2",2017,"Pfeiler","Mid Control","Festuca rubra",1
"mo2-5_c1_pf2-3",2017,"Monument","Mid C1","Festuca rubra",1
"um3-4_w1_pf3-2",2017,"Upper Montane","Mid W1","Festuca rubra",1
"pf3-1_nu_pf3-1",2017,"Pfeiler","Mid Control","Festuca rubra",1
"pf3-2_ws_pf3-3",2017,"Pfeiler","Mid Control","Festuca rubra",1
"pf3-4_u_pf3-4",2017,"Pfeiler","Mid Control","Festuca rubra",1
"mo3-2_c1_pf3-5",2017,"Monument","Mid C1","Festuca rubra",1
"um4-1_w1_pf4-2",2017,"Upper Montane","Mid W1","Festuca rubra",1
"pf4-1_nu_pf4-1",2017,"Pfeiler","Mid Control","Festuca rubra",1
"pf4-2_ws_pf4-3",2017,"Pfeiler","Mid Control","Festuca rubra",1
"pf4-4_u_pf4-4",2017,"Pfeiler","Mid Control","Festuca rubra",1
"mo4-1_c1_pf4-5",2017,"Monument","Mid C1","Festuca rubra",1
"um5-4_w1_pf5-3",2017,"Upper Montane","Mid W1","Festuca rubra",1
"pf5-1_u_pf5-1",2017,"Pfeiler","Mid Control","Festuca rubra",1
"pf5-3_ws_pf5-4",2017,"Pfeiler","Mid Control","Festuca rubra",1
"pf5-5_nu_pf5-5",2017,"Pfeiler","Mid Control","Festuca rubra",1
"mo5-4_c1_pf5-2",2017,"Monument","Mid C1","Festuca rubra",1
"um1-5_w1_pf1-4",2017,"Upper Montane","Mid W1","Androsace septentrionalis",0.00258397932816537
"pf1-1_nu_pf1-1",2017,"Pfeiler","Mid Control","Androsace septentrionalis",0.00258397932816537
"pf1-2_u_pf1-2",2017,"Pfeiler","Mid Control","Androsace septentrionalis",0.00258397932816537
"pf1-3_ws_pf1-5",2017,"Pfeiler","Mid Control","Androsace septentrionalis",0.00258397932816537
"mo1-1_c1_pf1-3",2017,"Monument","Mid C1","Androsace septentrionalis",0.00258397932816537
"um4-1_w1_pf4-2",2017,"Upper Montane","Mid W1","Androsace septentrionalis",0.00311526479750779
"pf4-1_nu_pf4-1",2017,"Pfeiler","Mid Control","Androsace septentrionalis",0.00311526479750779
"pf4-2_ws_pf4-3",2017,"Pfeiler","Mid Control","Androsace septentrionalis",0.00311526479750779
"pf4-4_u_pf4-4",2017,"Pfeiler","Mid Control","Androsace septentrionalis",0.00311526479750779
"mo4-1_c1_pf4-5",2017,"Monument","Mid C1","Androsace septentrionalis",0.00311526479750779
"um1-5_w1_pf1-4",2017,"Upper Montane","Mid W1","Agoseris glauca",0.00258397932816537
"pf1-1_nu_pf1-1",2017,"Pfeiler","Mid Control","Agoseris glauca",0.00258397932816537
"pf1-2_u_pf1-2",2017,"Pfeiler","Mid Control","Agoseris glauca",0.00258397932816537
"pf1-3_ws_pf1-5",2017,"Pfeiler","Mid Control","Agoseris glauca",0.00258397932816537
"mo1-1_c1_pf1-3",2017,"Monument","Mid C1","Agoseris glauca",0.00258397932816537
"um2-1_w1_pf2-5",2017,"Upper Montane","Mid W1","Agoseris glauca",0.00440528634361234
"pf2-1_nu_pf2-1",2017,"Pfeiler","Mid Control","Agoseris glauca",0.00440528634361234
"pf2-4_u_pf2-4",2017,"Pfeiler","Mid Control","Agoseris glauca",0.00440528634361234
"pf2-5_ws_pf2-2",2017,"Pfeiler","Mid Control","Agoseris glauca",0.00440528634361234
"mo2-5_c1_pf2-3",2017,"Monument","Mid C1","Agoseris glauca",0.00440528634361234
"um3-4_w1_pf3-2",2017,"Upper Montane","Mid W1","Agoseris glauca",0.0131926121372032
"pf3-1_nu_pf3-1",2017,"Pfeiler","Mid Control","Agoseris glauca",0.0131926121372032
"pf3-2_ws_pf3-3",2017,"Pfeiler","Mid Control","Agoseris glauca",0.0131926121372032
"pf3-4_u_pf3-4",2017,"Pfeiler","Mid Control","Agoseris glauca",0.0131926121372032
"mo3-2_c1_pf3-5",2017,"Monument","Mid C1","Agoseris glauca",0.0131926121372032
"um4-1_w1_pf4-2",2017,"Upper Montane","Mid W1","Agoseris glauca",0.00311526479750779
"pf4-1_nu_pf4-1",2017,"Pfeiler","Mid Control","Agoseris glauca",0.00311526479750779
"pf4-2_ws_pf4-3",2017,"Pfeiler","Mid Control","Agoseris glauca",0.00311526479750779
"pf4-4_u_pf4-4",2017,"Pfeiler","Mid Control","Agoseris glauca",0.00311526479750779
"mo4-1_c1_pf4-5",2017,"Monument","Mid C1","Agoseris glauca",0.00311526479750779
"um5-4_w1_pf5-3",2017,"Upper Montane","Mid W1","Agoseris glauca",0.0108108108108108
"pf5-1_u_pf5-1",2017,"Pfeiler","Mid Control","Agoseris glauca",0.0108108108108108
"pf5-3_ws_pf5-4",2017,"Pfeiler","Mid Control","Agoseris glauca",0.0108108108108108
"pf5-5_nu_pf5-5",2017,"Pfeiler","Mid Control","Agoseris glauca",0.0108108108108108
"mo5-4_c1_pf5-2",2017,"Monument","Mid C1","Agoseris glauca",0.0108108108108108
"um1-5_w1_pf1-4",2017,"Upper Montane","Mid W1","Vicia americana",0.0103359173126615
"pf1-1_nu_pf1-1",2017,"Pfeiler","Mid Control","Vicia americana",0.0103359173126615
"pf1-2_u_pf1-2",2017,"Pfeiler","Mid Control","Vicia americana",0.0103359173126615
"pf1-3_ws_pf1-5",2017,"Pfeiler","Mid Control","Vicia americana",0.0103359173126615
"mo1-1_c1_pf1-3",2017,"Monument","Mid C1","Vicia americana",0.0103359173126615
"um2-1_w1_pf2-5",2017,"Upper Montane","Mid W1","Vicia americana",0.039647577092511
"pf2-1_nu_pf2-1",2017,"Pfeiler","Mid Control","Vicia americana",0.039647577092511
"pf2-4_u_pf2-4",2017,"Pfeiler","Mid Control","Vicia americana",0.039647577092511
"pf2-5_ws_pf2-2",2017,"Pfeiler","Mid Control","Vicia americana",0.039647577092511
"mo2-5_c1_pf2-3",2017,"Monument","Mid C1","Vicia americana",0.039647577092511
"um3-4_w1_pf3-2",2017,"Upper Montane","Mid W1","Vicia americana",0.0131926121372032
"pf3-1_nu_pf3-1",2017,"Pfeiler","Mid Control","Vicia americana",0.0131926121372032
"pf3-2_ws_pf3-3",2017,"Pfeiler","Mid Control","Vicia americana",0.0131926121372032
"pf3-4_u_pf3-4",2017,"Pfeiler","Mid Control","Vicia americana",0.0131926121372032
"mo3-2_c1_pf3-5",2017,"Monument","Mid C1","Vicia americana",0.0131926121372032
"um5-4_w1_pf5-3",2017,"Upper Montane","Mid W1","Vicia americana",0.0972972972972973
"pf5-1_u_pf5-1",2017,"Pfeiler","Mid Control","Vicia americana",0.0972972972972973
"pf5-3_ws_pf5-4",2017,"Pfeiler","Mid Control","Vicia americana",0.0972972972972973
"pf5-5_nu_pf5-5",2017,"Pfeiler","Mid Control","Vicia americana",0.0972972972972973
"mo5-4_c1_pf5-2",2017,"Monument","Mid C1","Vicia americana",0.0972972972972973
"um1-5_w1_pf1-4",2017,"Upper Montane","Mid W1","Heliomeris multiflora",0.0335917312661499
"pf1-1_nu_pf1-1",2017,"Pfeiler","Mid Control","Heliomeris multiflora",0.0335917312661499
"pf1-2_u_pf1-2",2017,"Pfeiler","Mid Control","Heliomeris multiflora",0.0335917312661499
"pf1-3_ws_pf1-5",2017,"Pfeiler","Mid Control","Heliomeris multiflora",0.0335917312661499
"mo1-1_c1_pf1-3",2017,"Monument","Mid C1","Heliomeris multiflora",0.0335917312661499
"um2-1_w1_pf2-5",2017,"Upper Montane","Mid W1","Heliomeris multiflora",0.0176211453744493
"pf2-1_nu_pf2-1",2017,"Pfeiler","Mid Control","Heliomeris multiflora",0.0176211453744493
"pf2-4_u_pf2-4",2017,"Pfeiler","Mid Control","Heliomeris multiflora",0.0176211453744493
"pf2-5_ws_pf2-2",2017,"Pfeiler","Mid Control","Heliomeris multiflora",0.0176211453744493
"mo2-5_c1_pf2-3",2017,"Monument","Mid C1","Heliomeris multiflora",0.0176211453744493
"um3-4_w1_pf3-2",2017,"Upper Montane","Mid W1","Heliomeris multiflora",0.0263852242744063
"pf3-1_nu_pf3-1",2017,"Pfeiler","Mid Control","Heliomeris multiflora",0.0263852242744063
"pf3-2_ws_pf3-3",2017,"Pfeiler","Mid Control","Heliomeris multiflora",0.0263852242744063
"pf3-4_u_pf3-4",2017,"Pfeiler","Mid Control","Heliomeris multiflora",0.0263852242744063
"mo3-2_c1_pf3-5",2017,"Monument","Mid C1","Heliomeris multiflora",0.0263852242744063
"um4-1_w1_pf4-2",2017,"Upper Montane","Mid W1","Heliomeris multiflora",0.165109034267913
"pf4-1_nu_pf4-1",2017,"Pfeiler","Mid Control","Heliomeris multiflora",0.165109034267913
"pf4-2_ws_pf4-3",2017,"Pfeiler","Mid Control","Heliomeris multiflora",0.165109034267913
"pf4-4_u_pf4-4",2017,"Pfeiler","Mid Control","Heliomeris multiflora",0.165109034267913
"mo4-1_c1_pf4-5",2017,"Monument","Mid C1","Heliomeris multiflora",0.165109034267913
"um5-4_w1_pf5-3",2017,"Upper Montane","Mid W1","Heliomeris multiflora",0.297297297297297
"pf5-1_u_pf5-1",2017,"Pfeiler","Mid Control","Heliomeris multiflora",0.297297297297297
"pf5-3_ws_pf5-4",2017,"Pfeiler","Mid Control","Heliomeris multiflora",0.297297297297297
"pf5-5_nu_pf5-5",2017,"Pfeiler","Mid Control","Heliomeris multiflora",0.297297297297297
"mo5-4_c1_pf5-2",2017,"Monument","Mid C1","Heliomeris multiflora",0.297297297297297
"um3-4_w1_pf3-2",2017,"Upper Montane","Mid W1","Linum lewisii",0.00527704485488127
"pf3-1_nu_pf3-1",2017,"Pfeiler","Mid Control","Linum lewisii",0.00527704485488127
"pf3-2_ws_pf3-3",2017,"Pfeiler","Mid Control","Linum lewisii",0.00527704485488127
"pf3-4_u_pf3-4",2017,"Pfeiler","Mid Control","Linum lewisii",0.00527704485488127
"mo3-2_c1_pf3-5",2017,"Monument","Mid C1","Linum lewisii",0.00527704485488127
"um1-5_w1_pf1-4",2017,"Upper Montane","Mid W1","Potentilla pulcherrima",0.041343669250646
"pf1-1_nu_pf1-1",2017,"Pfeiler","Mid Control","Potentilla pulcherrima",0.041343669250646
"pf1-2_u_pf1-2",2017,"Pfeiler","Mid Control","Potentilla pulcherrima",0.041343669250646
"pf1-3_ws_pf1-5",2017,"Pfeiler","Mid Control","Potentilla pulcherrima",0.041343669250646
"mo1-1_c1_pf1-3",2017,"Monument","Mid C1","Potentilla pulcherrima",0.041343669250646
"um2-1_w1_pf2-5",2017,"Upper Montane","Mid W1","Potentilla pulcherrima",0.0572687224669604
"pf2-1_nu_pf2-1",2017,"Pfeiler","Mid Control","Potentilla pulcherrima",0.0572687224669604
"pf2-4_u_pf2-4",2017,"Pfeiler","Mid Control","Potentilla pulcherrima",0.0572687224669604
"pf2-5_ws_pf2-2",2017,"Pfeiler","Mid Control","Potentilla pulcherrima",0.0572687224669604
"mo2-5_c1_pf2-3",2017,"Monument","Mid C1","Potentilla pulcherrima",0.0572687224669604
"um3-4_w1_pf3-2",2017,"Upper Montane","Mid W1","Potentilla pulcherrima",0.0422163588390501
"pf3-1_nu_pf3-1",2017,"Pfeiler","Mid Control","Potentilla pulcherrima",0.0422163588390501
"pf3-2_ws_pf3-3",2017,"Pfeiler","Mid Control","Potentilla pulcherrima",0.0422163588390501
"pf3-4_u_pf3-4",2017,"Pfeiler","Mid Control","Potentilla pulcherrima",0.0422163588390501
"mo3-2_c1_pf3-5",2017,"Monument","Mid C1","Potentilla pulcherrima",0.0422163588390501
"um4-1_w1_pf4-2",2017,"Upper Montane","Mid W1","Potentilla pulcherrima",0.00311526479750779
"pf4-1_nu_pf4-1",2017,"Pfeiler","Mid Control","Potentilla pulcherrima",0.00311526479750779
"pf4-2_ws_pf4-3",2017,"Pfeiler","Mid Control","Potentilla pulcherrima",0.00311526479750779
"pf4-4_u_pf4-4",2017,"Pfeiler","Mid Control","Potentilla pulcherrima",0.00311526479750779
"mo4-1_c1_pf4-5",2017,"Monument","Mid C1","Potentilla pulcherrima",0.00311526479750779
"um5-4_w1_pf5-3",2017,"Upper Montane","Mid W1","Potentilla pulcherrima",0.2
"pf5-1_u_pf5-1",2017,"Pfeiler","Mid Control","Potentilla pulcherrima",0.2
"pf5-3_ws_pf5-4",2017,"Pfeiler","Mid Control","Potentilla pulcherrima",0.2
"pf5-5_nu_pf5-5",2017,"Pfeiler","Mid Control","Potentilla pulcherrima",0.2
"mo5-4_c1_pf5-2",2017,"Monument","Mid C1","Potentilla pulcherrima",0.2
"um4-1_w1_pf4-2",2017,"Upper Montane","Mid W1","Castilleja sulphurea",0.0155763239875389
"pf4-1_nu_pf4-1",2017,"Pfeiler","Mid Control","Castilleja sulphurea",0.0155763239875389
"pf4-2_ws_pf4-3",2017,"Pfeiler","Mid Control","Castilleja sulphurea",0.0155763239875389
"pf4-4_u_pf4-4",2017,"Pfeiler","Mid Control","Castilleja sulphurea",0.0155763239875389
"mo4-1_c1_pf4-5",2017,"Monument","Mid C1","Castilleja sulphurea",0.0155763239875389
"um1-5_w1_pf1-4",2017,"Upper Montane","Mid W1","Thalictrum fendleri",0.00258397932816537
"pf1-1_nu_pf1-1",2017,"Pfeiler","Mid Control","Thalictrum fendleri",0.00258397932816537
"pf1-2_u_pf1-2",2017,"Pfeiler","Mid Control","Thalictrum fendleri",0.00258397932816537
"pf1-3_ws_pf1-5",2017,"Pfeiler","Mid Control","Thalictrum fendleri",0.00258397932816537
"mo1-1_c1_pf1-3",2017,"Monument","Mid C1","Thalictrum fendleri",0.00258397932816537
"um2-1_w1_pf2-5",2017,"Upper Montane","Mid W1","Thalictrum fendleri",0.0572687224669604
"pf2-1_nu_pf2-1",2017,"Pfeiler","Mid Control","Thalictrum fendleri",0.0572687224669604
"pf2-4_u_pf2-4",2017,"Pfeiler","Mid Control","Thalictrum fendleri",0.0572687224669604
"pf2-5_ws_pf2-2",2017,"Pfeiler","Mid Control","Thalictrum fendleri",0.0572687224669604
"mo2-5_c1_pf2-3",2017,"Monument","Mid C1","Thalictrum fendleri",0.0572687224669604
"um4-1_w1_pf4-2",2017,"Upper Montane","Mid W1","Thalictrum fendleri",0.059190031152648
"pf4-1_nu_pf4-1",2017,"Pfeiler","Mid Control","Thalictrum fendleri",0.059190031152648
"pf4-2_ws_pf4-3",2017,"Pfeiler","Mid Control","Thalictrum fendleri",0.059190031152648
"pf4-4_u_pf4-4",2017,"Pfeiler","Mid Control","Thalictrum fendleri",0.059190031152648
"mo4-1_c1_pf4-5",2017,"Monument","Mid C1","Thalictrum fendleri",0.059190031152648
"um1-5_w1_pf1-4",2017,"Upper Montane","Mid W1","Ranunculus inamoenus",0.00258397932816537
"pf1-1_nu_pf1-1",2017,"Pfeiler","Mid Control","Ranunculus inamoenus",0.00258397932816537
"pf1-2_u_pf1-2",2017,"Pfeiler","Mid Control","Ranunculus inamoenus",0.00258397932816537
"pf1-3_ws_pf1-5",2017,"Pfeiler","Mid Control","Ranunculus inamoenus",0.00258397932816537
"mo1-1_c1_pf1-3",2017,"Monument","Mid C1","Ranunculus inamoenus",0.00258397932816537
"um2-1_w1_pf2-5",2017,"Upper Montane","Mid W1","Helianthella quinquenervis",0.0837004405286344
"pf2-1_nu_pf2-1",2017,"Pfeiler","Mid Control","Helianthella quinquenervis",0.0837004405286344
"pf2-4_u_pf2-4",2017,"Pfeiler","Mid Control","Helianthella quinquenervis",0.0837004405286344
"pf2-5_ws_pf2-2",2017,"Pfeiler","Mid Control","Helianthella quinquenervis",0.0837004405286344
"mo2-5_c1_pf2-3",2017,"Monument","Mid C1","Helianthella quinquenervis",0.0837004405286344
"um5-4_w1_pf5-3",2017,"Upper Montane","Mid W1","Helianthella quinquenervis",0.0216216216216216
"pf5-1_u_pf5-1",2017,"Pfeiler","Mid Control","Helianthella quinquenervis",0.0216216216216216
"pf5-3_ws_pf5-4",2017,"Pfeiler","Mid Control","Helianthella quinquenervis",0.0216216216216216
"pf5-5_nu_pf5-5",2017,"Pfeiler","Mid Control","Helianthella quinquenervis",0.0216216216216216
"mo5-4_c1_pf5-2",2017,"Monument","Mid C1","Helianthella quinquenervis",0.0216216216216216
"um2-1_w1_pf2-5",2017,"Upper Montane","Mid W1","Lathyrus lanszwertii",0.0220264317180617
"pf2-1_nu_pf2-1",2017,"Pfeiler","Mid Control","Lathyrus lanszwertii",0.0220264317180617
"pf2-4_u_pf2-4",2017,"Pfeiler","Mid Control","Lathyrus lanszwertii",0.0220264317180617
"pf2-5_ws_pf2-2",2017,"Pfeiler","Mid Control","Lathyrus lanszwertii",0.0220264317180617
"mo2-5_c1_pf2-3",2017,"Monument","Mid C1","Lathyrus lanszwertii",0.0220264317180617
"um3-4_w1_pf3-2",2017,"Upper Montane","Mid W1","Lathyrus lanszwertii",0.12401055408971
"pf3-1_nu_pf3-1",2017,"Pfeiler","Mid Control","Lathyrus lanszwertii",0.12401055408971
"pf3-2_ws_pf3-3",2017,"Pfeiler","Mid Control","Lathyrus lanszwertii",0.12401055408971
"pf3-4_u_pf3-4",2017,"Pfeiler","Mid Control","Lathyrus lanszwertii",0.12401055408971
"mo3-2_c1_pf3-5",2017,"Monument","Mid C1","Lathyrus lanszwertii",0.12401055408971
"um4-1_w1_pf4-2",2017,"Upper Montane","Mid W1","Lathyrus lanszwertii",0.0186915887850467
"pf4-1_nu_pf4-1",2017,"Pfeiler","Mid Control","Lathyrus lanszwertii",0.0186915887850467
"pf4-2_ws_pf4-3",2017,"Pfeiler","Mid Control","Lathyrus lanszwertii",0.0186915887850467
"pf4-4_u_pf4-4",2017,"Pfeiler","Mid Control","Lathyrus lanszwertii",0.0186915887850467
"mo4-1_c1_pf4-5",2017,"Monument","Mid C1","Lathyrus lanszwertii",0.0186915887850467
"um2-1_w1_pf2-5",2017,"Upper Montane","Mid W1","Ligusticum porteri",0.00881057268722467
"pf2-1_nu_pf2-1",2017,"Pfeiler","Mid Control","Ligusticum porteri",0.00881057268722467
"pf2-4_u_pf2-4",2017,"Pfeiler","Mid Control","Ligusticum porteri",0.00881057268722467
"pf2-5_ws_pf2-2",2017,"Pfeiler","Mid Control","Ligusticum porteri",0.00881057268722467
"mo2-5_c1_pf2-3",2017,"Monument","Mid C1","Ligusticum porteri",0.00881057268722467
"um3-4_w1_pf3-2",2017,"Upper Montane","Mid W1","Ligusticum porteri",0.00527704485488127
"pf3-1_nu_pf3-1",2017,"Pfeiler","Mid Control","Ligusticum porteri",0.00527704485488127
"pf3-2_ws_pf3-3",2017,"Pfeiler","Mid Control","Ligusticum porteri",0.00527704485488127
"pf3-4_u_pf3-4",2017,"Pfeiler","Mid Control","Ligusticum porteri",0.00527704485488127
"mo3-2_c1_pf3-5",2017,"Monument","Mid C1","Ligusticum porteri",0.00527704485488127
"um4-1_w1_pf4-2",2017,"Upper Montane","Mid W1","Ligusticum porteri",0.00311526479750779
"pf4-1_nu_pf4-1",2017,"Pfeiler","Mid Control","Ligusticum porteri",0.00311526479750779
"pf4-2_ws_pf4-3",2017,"Pfeiler","Mid Control","Ligusticum porteri",0.00311526479750779
"pf4-4_u_pf4-4",2017,"Pfeiler","Mid Control","Ligusticum porteri",0.00311526479750779
"mo4-1_c1_pf4-5",2017,"Monument","Mid C1","Ligusticum porteri",0.00311526479750779
"um5-4_w1_pf5-3",2017,"Upper Montane","Mid W1","Ligusticum porteri",0.027027027027027
"pf5-1_u_pf5-1",2017,"Pfeiler","Mid Control","Ligusticum porteri",0.027027027027027
"pf5-3_ws_pf5-4",2017,"Pfeiler","Mid Control","Ligusticum porteri",0.027027027027027
"pf5-5_nu_pf5-5",2017,"Pfeiler","Mid Control","Ligusticum porteri",0.027027027027027
"mo5-4_c1_pf5-2",2017,"Monument","Mid C1","Ligusticum porteri",0.027027027027027
"um2-1_w1_pf2-5",2017,"Upper Montane","Mid W1","Poa reflexa",0.0572687224669604
"pf2-1_nu_pf2-1",2017,"Pfeiler","Mid Control","Poa reflexa",0.0572687224669604
"pf2-4_u_pf2-4",2017,"Pfeiler","Mid Control","Poa reflexa",0.0572687224669604
"pf2-5_ws_pf2-2",2017,"Pfeiler","Mid Control","Poa reflexa",0.0572687224669604
"mo2-5_c1_pf2-3",2017,"Monument","Mid C1","Poa reflexa",0.0572687224669604
"um3-4_w1_pf3-2",2017,"Upper Montane","Mid W1","Poa reflexa",0.108179419525066
"pf3-1_nu_pf3-1",2017,"Pfeiler","Mid Control","Poa reflexa",0.108179419525066
"pf3-2_ws_pf3-3",2017,"Pfeiler","Mid Control","Poa reflexa",0.108179419525066
"pf3-4_u_pf3-4",2017,"Pfeiler","Mid Control","Poa reflexa",0.108179419525066
"mo3-2_c1_pf3-5",2017,"Monument","Mid C1","Poa reflexa",0.108179419525066
"um4-1_w1_pf4-2",2017,"Upper Montane","Mid W1","Poa reflexa",0.130841121495327
"pf4-1_nu_pf4-1",2017,"Pfeiler","Mid Control","Poa reflexa",0.130841121495327
"pf4-2_ws_pf4-3",2017,"Pfeiler","Mid Control","Poa reflexa",0.130841121495327
"pf4-4_u_pf4-4",2017,"Pfeiler","Mid Control","Poa reflexa",0.130841121495327
"mo4-1_c1_pf4-5",2017,"Monument","Mid C1","Poa reflexa",0.130841121495327
"um2-1_w1_pf2-5",2017,"Upper Montane","Mid W1","Melica spectabilis",0.0176211453744493
"pf2-1_nu_pf2-1",2017,"Pfeiler","Mid Control","Melica spectabilis",0.0176211453744493
"pf2-4_u_pf2-4",2017,"Pfeiler","Mid Control","Melica spectabilis",0.0176211453744493
"pf2-5_ws_pf2-2",2017,"Pfeiler","Mid Control","Melica spectabilis",0.0176211453744493
"mo2-5_c1_pf2-3",2017,"Monument","Mid C1","Melica spectabilis",0.0176211453744493
"um3-4_w1_pf3-2",2017,"Upper Montane","Mid W1","Melica spectabilis",0.0263852242744063
"pf3-1_nu_pf3-1",2017,"Pfeiler","Mid Control","Melica spectabilis",0.0263852242744063
"pf3-2_ws_pf3-3",2017,"Pfeiler","Mid Control","Melica spectabilis",0.0263852242744063
"pf3-4_u_pf3-4",2017,"Pfeiler","Mid Control","Melica spectabilis",0.0263852242744063
"mo3-2_c1_pf3-5",2017,"Monument","Mid C1","Melica spectabilis",0.0263852242744063
"um2-1_w1_pf2-5",2017,"Upper Montane","Mid W1","Erigeron speciosus",0.0176211453744493
"pf2-1_nu_pf2-1",2017,"Pfeiler","Mid Control","Erigeron speciosus",0.0176211453744493
"pf2-4_u_pf2-4",2017,"Pfeiler","Mid Control","Erigeron speciosus",0.0176211453744493
"pf2-5_ws_pf2-2",2017,"Pfeiler","Mid Control","Erigeron speciosus",0.0176211453744493
"mo2-5_c1_pf2-3",2017,"Monument","Mid C1","Erigeron speciosus",0.0176211453744493
"um2-1_w1_pf2-5",2017,"Upper Montane","Mid W1","Carex sp.",0.409691629955947
"pf2-1_nu_pf2-1",2017,"Pfeiler","Mid Control","Carex sp.",0.409691629955947
"pf2-4_u_pf2-4",2017,"Pfeiler","Mid Control","Carex sp.",0.409691629955947
"pf2-5_ws_pf2-2",2017,"Pfeiler","Mid Control","Carex sp.",0.409691629955947
"mo2-5_c1_pf2-3",2017,"Monument","Mid C1","Carex sp.",0.409691629955947
"um3-4_w1_pf3-2",2017,"Upper Montane","Mid W1","Draba albertina",0.00263852242744063
"pf3-1_nu_pf3-1",2017,"Pfeiler","Mid Control","Draba albertina",0.00263852242744063
"pf3-2_ws_pf3-3",2017,"Pfeiler","Mid Control","Draba albertina",0.00263852242744063
"pf3-4_u_pf3-4",2017,"Pfeiler","Mid Control","Draba albertina",0.00263852242744063
"mo3-2_c1_pf3-5",2017,"Monument","Mid C1","Draba albertina",0.00263852242744063
"um5-4_w1_pf5-3",2017,"Upper Montane","Mid W1","Achillea millefolium",0.00540540540540541
"pf5-1_u_pf5-1",2017,"Pfeiler","Mid Control","Achillea millefolium",0.00540540540540541
"pf5-3_ws_pf5-4",2017,"Pfeiler","Mid Control","Achillea millefolium",0.00540540540540541
"pf5-5_nu_pf5-5",2017,"Pfeiler","Mid Control","Achillea millefolium",0.00540540540540541
"mo5-4_c1_pf5-2",2017,"Monument","Mid C1","Achillea millefolium",0.00540540540540541
"um5-4_w1_pf5-3",2017,"Upper Montane","Mid W1","Fragaria virginiana",0.448648648648649
"pf5-1_u_pf5-1",2017,"Pfeiler","Mid Control","Fragaria virginiana",0.448648648648649
"pf5-3_ws_pf5-4",2017,"Pfeiler","Mid Control","Fragaria virginiana",0.448648648648649
"pf5-5_nu_pf5-5",2017,"Pfeiler","Mid Control","Fragaria virginiana",0.448648648648649
"mo5-4_c1_pf5-2",2017,"Monument","Mid C1","Fragaria virginiana",0.448648648648649
"um1-3_u_um1-3",2017,"Upper Montane","Low Control","Lathyrus lanszwertii",1
"um1-4_ws_um1-1",2017,"Upper Montane","Low Control","Lathyrus lanszwertii",1
"pf1-4_c1_um1-5",2017,"Pfeiler","Low C1","Lathyrus lanszwertii",1
"mo1-2_c2_um1-2",2017,"Monument","Low C2","Lathyrus lanszwertii",1
"um2-2_u_um2-2",2017,"Upper Montane","Low Control","Lathyrus lanszwertii",1
"um2-4_nu_um2-4",2017,"Upper Montane","Low Control","Lathyrus lanszwertii",1
"um2-5_ws_um2-5",2017,"Upper Montane","Low Control","Lathyrus lanszwertii",1
"pf2-2_c1_um2-1",2017,"Pfeiler","Low C1","Lathyrus lanszwertii",1
"mo2-3_c2_um2-3",2017,"Monument","Low C2","Lathyrus lanszwertii",1
"um3-1_u_um3-1",2017,"Upper Montane","Low Control","Lathyrus lanszwertii",0.295652173913043
"um3-3_ws_um3-3",2017,"Upper Montane","Low Control","Lathyrus lanszwertii",0.295652173913043
"um3-5_nu_um3-5",2017,"Upper Montane","Low Control","Lathyrus lanszwertii",0.295652173913043
"pf3-3_c1_um3-4",2017,"Pfeiler","Low C1","Lathyrus lanszwertii",0.295652173913043
"mo3-3_c2_um3-2",2017,"Monument","Low C2","Lathyrus lanszwertii",0.295652173913043
"um4-3_nu_um4-3",2017,"Upper Montane","Low Control","Lathyrus lanszwertii",1
"um4-4_u_um4-4",2017,"Upper Montane","Low Control","Lathyrus lanszwertii",1
"um4-5_ws_um4-5",2017,"Upper Montane","Low Control","Lathyrus lanszwertii",1
"pf4-3_c1_um4-1",2017,"Pfeiler","Low C1","Lathyrus lanszwertii",1
"mo4-3_c2_um4-2",2017,"Monument","Low C2","Lathyrus lanszwertii",1
"um1-3_u_um1-3",2017,"Upper Montane","Low Control","Potentilla pulcherrima",0.1
"um1-4_ws_um1-1",2017,"Upper Montane","Low Control","Potentilla pulcherrima",0.1
"pf1-4_c1_um1-5",2017,"Pfeiler","Low C1","Potentilla pulcherrima",0.1
"mo1-2_c2_um1-2",2017,"Monument","Low C2","Potentilla pulcherrima",0.1
"um2-2_u_um2-2",2017,"Upper Montane","Low Control","Potentilla pulcherrima",0.0638297872340425
"um2-4_nu_um2-4",2017,"Upper Montane","Low Control","Potentilla pulcherrima",0.0638297872340425
"um2-5_ws_um2-5",2017,"Upper Montane","Low Control","Potentilla pulcherrima",0.0638297872340425
"pf2-2_c1_um2-1",2017,"Pfeiler","Low C1","Potentilla pulcherrima",0.0638297872340425
"mo2-3_c2_um2-3",2017,"Monument","Low C2","Potentilla pulcherrima",0.0638297872340425
"um3-1_u_um3-1",2017,"Upper Montane","Low Control","Potentilla pulcherrima",0.165217391304348
"um3-3_ws_um3-3",2017,"Upper Montane","Low Control","Potentilla pulcherrima",0.165217391304348
"um3-5_nu_um3-5",2017,"Upper Montane","Low Control","Potentilla pulcherrima",0.165217391304348
"pf3-3_c1_um3-4",2017,"Pfeiler","Low C1","Potentilla pulcherrima",0.165217391304348
"mo3-3_c2_um3-2",2017,"Monument","Low C2","Potentilla pulcherrima",0.165217391304348
"um4-3_nu_um4-3",2017,"Upper Montane","Low Control","Potentilla pulcherrima",0.406779661016949
"um4-4_u_um4-4",2017,"Upper Montane","Low Control","Potentilla pulcherrima",0.406779661016949
"um4-5_ws_um4-5",2017,"Upper Montane","Low Control","Potentilla pulcherrima",0.406779661016949
"pf4-3_c1_um4-1",2017,"Pfeiler","Low C1","Potentilla pulcherrima",0.406779661016949
"mo4-3_c2_um4-2",2017,"Monument","Low C2","Potentilla pulcherrima",0.406779661016949
"um5-1_ws_um5-1",2017,"Upper Montane","Low Control","Potentilla pulcherrima",0.0608695652173913
"um5-2_nu_um5-2",2017,"Upper Montane","Low Control","Potentilla pulcherrima",0.0608695652173913
"um5-3_u_um5-3",2017,"Upper Montane","Low Control","Potentilla pulcherrima",0.0608695652173913
"pf5-4_c1_um5-4",2017,"Pfeiler","Low C1","Potentilla pulcherrima",0.0608695652173913
"mo5-2_c2_um5-5",2017,"Monument","Low C2","Potentilla pulcherrima",0.0608695652173913
"um1-3_u_um1-3",2017,"Upper Montane","Low Control","Delphinium nuttallianum",0.0538461538461538
"um1-4_ws_um1-1",2017,"Upper Montane","Low Control","Delphinium nuttallianum",0.0538461538461538
"pf1-4_c1_um1-5",2017,"Pfeiler","Low C1","Delphinium nuttallianum",0.0538461538461538
"mo1-2_c2_um1-2",2017,"Monument","Low C2","Delphinium nuttallianum",0.0538461538461538
"um2-2_u_um2-2",2017,"Upper Montane","Low Control","Delphinium nuttallianum",0.0319148936170213
"um2-4_nu_um2-4",2017,"Upper Montane","Low Control","Delphinium nuttallianum",0.0319148936170213
"um2-5_ws_um2-5",2017,"Upper Montane","Low Control","Delphinium nuttallianum",0.0319148936170213
"pf2-2_c1_um2-1",2017,"Pfeiler","Low C1","Delphinium nuttallianum",0.0319148936170213
"mo2-3_c2_um2-3",2017,"Monument","Low C2","Delphinium nuttallianum",0.0319148936170213
"um3-1_u_um3-1",2017,"Upper Montane","Low Control","Delphinium nuttallianum",0.0173913043478261
"um3-3_ws_um3-3",2017,"Upper Montane","Low Control","Delphinium nuttallianum",0.0173913043478261
"um3-5_nu_um3-5",2017,"Upper Montane","Low Control","Delphinium nuttallianum",0.0173913043478261
"pf3-3_c1_um3-4",2017,"Pfeiler","Low C1","Delphinium nuttallianum",0.0173913043478261
"mo3-3_c2_um3-2",2017,"Monument","Low C2","Delphinium nuttallianum",0.0173913043478261
"um3-1_u_um3-1",2017,"Upper Montane","Low Control","Androsace septentrionalis",0.00869565217391304
"um3-3_ws_um3-3",2017,"Upper Montane","Low Control","Androsace septentrionalis",0.00869565217391304
"um3-5_nu_um3-5",2017,"Upper Montane","Low Control","Androsace septentrionalis",0.00869565217391304
"pf3-3_c1_um3-4",2017,"Pfeiler","Low C1","Androsace septentrionalis",0.00869565217391304
"mo3-3_c2_um3-2",2017,"Monument","Low C2","Androsace septentrionalis",0.00869565217391304
"um4-3_nu_um4-3",2017,"Upper Montane","Low Control","Androsace septentrionalis",0.0169491525423729
"um4-4_u_um4-4",2017,"Upper Montane","Low Control","Androsace septentrionalis",0.0169491525423729
"um4-5_ws_um4-5",2017,"Upper Montane","Low Control","Androsace septentrionalis",0.0169491525423729
"pf4-3_c1_um4-1",2017,"Pfeiler","Low C1","Androsace septentrionalis",0.0169491525423729
"mo4-3_c2_um4-2",2017,"Monument","Low C2","Androsace septentrionalis",0.0169491525423729
"um1-3_u_um1-3",2017,"Upper Montane","Low Control","Melica spectabilis",0.161538461538462
"um1-4_ws_um1-1",2017,"Upper Montane","Low Control","Melica spectabilis",0.161538461538462
"pf1-4_c1_um1-5",2017,"Pfeiler","Low C1","Melica spectabilis",0.161538461538462
"mo1-2_c2_um1-2",2017,"Monument","Low C2","Melica spectabilis",0.161538461538462
"um2-2_u_um2-2",2017,"Upper Montane","Low Control","Melica spectabilis",0.0425531914893617
"um2-4_nu_um2-4",2017,"Upper Montane","Low Control","Melica spectabilis",0.0425531914893617
"um2-5_ws_um2-5",2017,"Upper Montane","Low Control","Melica spectabilis",0.0425531914893617
"pf2-2_c1_um2-1",2017,"Pfeiler","Low C1","Melica spectabilis",0.0425531914893617
"mo2-3_c2_um2-3",2017,"Monument","Low C2","Melica spectabilis",0.0425531914893617
"um3-1_u_um3-1",2017,"Upper Montane","Low Control","Melica spectabilis",0.0173913043478261
"um3-3_ws_um3-3",2017,"Upper Montane","Low Control","Melica spectabilis",0.0173913043478261
"um3-5_nu_um3-5",2017,"Upper Montane","Low Control","Melica spectabilis",0.0173913043478261
"pf3-3_c1_um3-4",2017,"Pfeiler","Low C1","Melica spectabilis",0.0173913043478261
"mo3-3_c2_um3-2",2017,"Monument","Low C2","Melica spectabilis",0.0173913043478261
"um5-1_ws_um5-1",2017,"Upper Montane","Low Control","Melica spectabilis",0.0260869565217391
"um5-2_nu_um5-2",2017,"Upper Montane","Low Control","Melica spectabilis",0.0260869565217391
"um5-3_u_um5-3",2017,"Upper Montane","Low Control","Melica spectabilis",0.0260869565217391
"pf5-4_c1_um5-4",2017,"Pfeiler","Low C1","Melica spectabilis",0.0260869565217391
"mo5-2_c2_um5-5",2017,"Monument","Low C2","Melica spectabilis",0.0260869565217391
"um1-3_u_um1-3",2017,"Upper Montane","Low Control","Stipa nelsonii",0.0230769230769231
"um1-4_ws_um1-1",2017,"Upper Montane","Low Control","Stipa nelsonii",0.0230769230769231
"pf1-4_c1_um1-5",2017,"Pfeiler","Low C1","Stipa nelsonii",0.0230769230769231
"mo1-2_c2_um1-2",2017,"Monument","Low C2","Stipa nelsonii",0.0230769230769231
"um3-1_u_um3-1",2017,"Upper Montane","Low Control","Stipa nelsonii",0.0521739130434783
"um3-3_ws_um3-3",2017,"Upper Montane","Low Control","Stipa nelsonii",0.0521739130434783
"um3-5_nu_um3-5",2017,"Upper Montane","Low Control","Stipa nelsonii",0.0521739130434783
"pf3-3_c1_um3-4",2017,"Pfeiler","Low C1","Stipa nelsonii",0.0521739130434783
"mo3-3_c2_um3-2",2017,"Monument","Low C2","Stipa nelsonii",0.0521739130434783
"um5-1_ws_um5-1",2017,"Upper Montane","Low Control","Stipa nelsonii",0.0347826086956522
"um5-2_nu_um5-2",2017,"Upper Montane","Low Control","Stipa nelsonii",0.0347826086956522
"um5-3_u_um5-3",2017,"Upper Montane","Low Control","Stipa nelsonii",0.0347826086956522
"pf5-4_c1_um5-4",2017,"Pfeiler","Low C1","Stipa nelsonii",0.0347826086956522
"mo5-2_c2_um5-5",2017,"Monument","Low C2","Stipa nelsonii",0.0347826086956522
"um1-3_u_um1-3",2017,"Upper Montane","Low Control","Bromus carinatus",0.0923076923076923
"um1-4_ws_um1-1",2017,"Upper Montane","Low Control","Bromus carinatus",0.0923076923076923
"pf1-4_c1_um1-5",2017,"Pfeiler","Low C1","Bromus carinatus",0.0923076923076923
"mo1-2_c2_um1-2",2017,"Monument","Low C2","Bromus carinatus",0.0923076923076923
"um2-2_u_um2-2",2017,"Upper Montane","Low Control","Bromus carinatus",0.0851063829787234
"um2-4_nu_um2-4",2017,"Upper Montane","Low Control","Bromus carinatus",0.0851063829787234
"um2-5_ws_um2-5",2017,"Upper Montane","Low Control","Bromus carinatus",0.0851063829787234
"pf2-2_c1_um2-1",2017,"Pfeiler","Low C1","Bromus carinatus",0.0851063829787234
"mo2-3_c2_um2-3",2017,"Monument","Low C2","Bromus carinatus",0.0851063829787234
"um3-1_u_um3-1",2017,"Upper Montane","Low Control","Bromus carinatus",0.0782608695652174
"um3-3_ws_um3-3",2017,"Upper Montane","Low Control","Bromus carinatus",0.0782608695652174
"um3-5_nu_um3-5",2017,"Upper Montane","Low Control","Bromus carinatus",0.0782608695652174
"pf3-3_c1_um3-4",2017,"Pfeiler","Low C1","Bromus carinatus",0.0782608695652174
"mo3-3_c2_um3-2",2017,"Monument","Low C2","Bromus carinatus",0.0782608695652174
"um4-3_nu_um4-3",2017,"Upper Montane","Low Control","Bromus carinatus",0.186440677966102
"um4-4_u_um4-4",2017,"Upper Montane","Low Control","Bromus carinatus",0.186440677966102
"um4-5_ws_um4-5",2017,"Upper Montane","Low Control","Bromus carinatus",0.186440677966102
"pf4-3_c1_um4-1",2017,"Pfeiler","Low C1","Bromus carinatus",0.186440677966102
"mo4-3_c2_um4-2",2017,"Monument","Low C2","Bromus carinatus",0.186440677966102
"um5-1_ws_um5-1",2017,"Upper Montane","Low Control","Bromus carinatus",0.139130434782609
"um5-2_nu_um5-2",2017,"Upper Montane","Low Control","Bromus carinatus",0.139130434782609
"um5-3_u_um5-3",2017,"Upper Montane","Low Control","Bromus carinatus",0.139130434782609
"pf5-4_c1_um5-4",2017,"Pfeiler","Low C1","Bromus carinatus",0.139130434782609
"mo5-2_c2_um5-5",2017,"Monument","Low C2","Bromus carinatus",0.139130434782609
"um2-2_u_um2-2",2017,"Upper Montane","Low Control","Stipa nelsonii",0.0212765957446809
"um2-4_nu_um2-4",2017,"Upper Montane","Low Control","Stipa nelsonii",0.0212765957446809
"um2-5_ws_um2-5",2017,"Upper Montane","Low Control","Stipa nelsonii",0.0212765957446809
"pf2-2_c1_um2-1",2017,"Pfeiler","Low C1","Stipa nelsonii",0.0212765957446809
"mo2-3_c2_um2-3",2017,"Monument","Low C2","Stipa nelsonii",0.0212765957446809
"um1-3_u_um1-3",2017,"Upper Montane","Low Control","Poa pratensis",0.669230769230769
"um1-4_ws_um1-1",2017,"Upper Montane","Low Control","Poa pratensis",0.669230769230769
"pf1-4_c1_um1-5",2017,"Pfeiler","Low C1","Poa pratensis",0.669230769230769
"mo1-2_c2_um1-2",2017,"Monument","Low C2","Poa pratensis",0.669230769230769
"um2-2_u_um2-2",2017,"Upper Montane","Low Control","Poa pratensis",0.872340425531915
"um2-4_nu_um2-4",2017,"Upper Montane","Low Control","Poa pratensis",0.872340425531915
"um2-5_ws_um2-5",2017,"Upper Montane","Low Control","Poa pratensis",0.872340425531915
"pf2-2_c1_um2-1",2017,"Pfeiler","Low C1","Poa pratensis",0.872340425531915
"mo2-3_c2_um2-3",2017,"Monument","Low C2","Poa pratensis",0.872340425531915
"um3-1_u_um3-1",2017,"Upper Montane","Low Control","Poa pratensis",1
"um3-3_ws_um3-3",2017,"Upper Montane","Low Control","Poa pratensis",1
"um3-5_nu_um3-5",2017,"Upper Montane","Low Control","Poa pratensis",1
"pf3-3_c1_um3-4",2017,"Pfeiler","Low C1","Poa pratensis",1
"mo3-3_c2_um3-2",2017,"Monument","Low C2","Poa pratensis",1
"um4-3_nu_um4-3",2017,"Upper Montane","Low Control","Poa pratensis",0.813559322033898
"um4-4_u_um4-4",2017,"Upper Montane","Low Control","Poa pratensis",0.813559322033898
"um4-5_ws_um4-5",2017,"Upper Montane","Low Control","Poa pratensis",0.813559322033898
"pf4-3_c1_um4-1",2017,"Pfeiler","Low C1","Poa pratensis",0.813559322033898
"mo4-3_c2_um4-2",2017,"Monument","Low C2","Poa pratensis",0.813559322033898
"um5-1_ws_um5-1",2017,"Upper Montane","Low Control","Poa pratensis",1
"um5-2_nu_um5-2",2017,"Upper Montane","Low Control","Poa pratensis",1
"um5-3_u_um5-3",2017,"Upper Montane","Low Control","Poa pratensis",1
"pf5-4_c1_um5-4",2017,"Pfeiler","Low C1","Poa pratensis",1
"mo5-2_c2_um5-5",2017,"Monument","Low C2","Poa pratensis",1
"um1-3_u_um1-3",2017,"Upper Montane","Low Control","Mertensia fusiformis",0.0307692307692308
"um1-4_ws_um1-1",2017,"Upper Montane","Low Control","Mertensia fusiformis",0.0307692307692308
"pf1-4_c1_um1-5",2017,"Pfeiler","Low C1","Mertensia fusiformis",0.0307692307692308
"mo1-2_c2_um1-2",2017,"Monument","Low C2","Mertensia fusiformis",0.0307692307692308
"um2-2_u_um2-2",2017,"Upper Montane","Low Control","Mertensia fusiformis",0.0106382978723404
"um2-4_nu_um2-4",2017,"Upper Montane","Low Control","Mertensia fusiformis",0.0106382978723404
"um2-5_ws_um2-5",2017,"Upper Montane","Low Control","Mertensia fusiformis",0.0106382978723404
"pf2-2_c1_um2-1",2017,"Pfeiler","Low C1","Mertensia fusiformis",0.0106382978723404
"mo2-3_c2_um2-3",2017,"Monument","Low C2","Mertensia fusiformis",0.0106382978723404
"um4-3_nu_um4-3",2017,"Upper Montane","Low Control","Mertensia fusiformis",0.0338983050847458
"um4-4_u_um4-4",2017,"Upper Montane","Low Control","Mertensia fusiformis",0.0338983050847458
"um4-5_ws_um4-5",2017,"Upper Montane","Low Control","Mertensia fusiformis",0.0338983050847458
"pf4-3_c1_um4-1",2017,"Pfeiler","Low C1","Mertensia fusiformis",0.0338983050847458
"mo4-3_c2_um4-2",2017,"Monument","Low C2","Mertensia fusiformis",0.0338983050847458
"um1-3_u_um1-3",2017,"Upper Montane","Low Control","Achillea millefolium",0.430769230769231
"um1-4_ws_um1-1",2017,"Upper Montane","Low Control","Achillea millefolium",0.430769230769231
"pf1-4_c1_um1-5",2017,"Pfeiler","Low C1","Achillea millefolium",0.430769230769231
"mo1-2_c2_um1-2",2017,"Monument","Low C2","Achillea millefolium",0.430769230769231
"um2-2_u_um2-2",2017,"Upper Montane","Low Control","Achillea millefolium",0.51063829787234
"um2-4_nu_um2-4",2017,"Upper Montane","Low Control","Achillea millefolium",0.51063829787234
"um2-5_ws_um2-5",2017,"Upper Montane","Low Control","Achillea millefolium",0.51063829787234
"pf2-2_c1_um2-1",2017,"Pfeiler","Low C1","Achillea millefolium",0.51063829787234
"mo2-3_c2_um2-3",2017,"Monument","Low C2","Achillea millefolium",0.51063829787234
"um3-1_u_um3-1",2017,"Upper Montane","Low Control","Achillea millefolium",0.895652173913044
"um3-3_ws_um3-3",2017,"Upper Montane","Low Control","Achillea millefolium",0.895652173913044
"um3-5_nu_um3-5",2017,"Upper Montane","Low Control","Achillea millefolium",0.895652173913044
"pf3-3_c1_um3-4",2017,"Pfeiler","Low C1","Achillea millefolium",0.895652173913044
"mo3-3_c2_um3-2",2017,"Monument","Low C2","Achillea millefolium",0.895652173913044
"um4-3_nu_um4-3",2017,"Upper Montane","Low Control","Achillea millefolium",0.169491525423729
"um4-4_u_um4-4",2017,"Upper Montane","Low Control","Achillea millefolium",0.169491525423729
"um4-5_ws_um4-5",2017,"Upper Montane","Low Control","Achillea millefolium",0.169491525423729
"pf4-3_c1_um4-1",2017,"Pfeiler","Low C1","Achillea millefolium",0.169491525423729
"mo4-3_c2_um4-2",2017,"Monument","Low C2","Achillea millefolium",0.169491525423729
"um5-1_ws_um5-1",2017,"Upper Montane","Low Control","Achillea millefolium",0.234782608695652
"um5-2_nu_um5-2",2017,"Upper Montane","Low Control","Achillea millefolium",0.234782608695652
"um5-3_u_um5-3",2017,"Upper Montane","Low Control","Achillea millefolium",0.234782608695652
"pf5-4_c1_um5-4",2017,"Pfeiler","Low C1","Achillea millefolium",0.234782608695652
"mo5-2_c2_um5-5",2017,"Monument","Low C2","Achillea millefolium",0.234782608695652
"um1-3_u_um1-3",2017,"Upper Montane","Low Control","Viola nuttallii",0.0846153846153846
"um1-4_ws_um1-1",2017,"Upper Montane","Low Control","Viola nuttallii",0.0846153846153846
"pf1-4_c1_um1-5",2017,"Pfeiler","Low C1","Viola nuttallii",0.0846153846153846
"mo1-2_c2_um1-2",2017,"Monument","Low C2","Viola nuttallii",0.0846153846153846
"um2-2_u_um2-2",2017,"Upper Montane","Low Control","Viola nuttallii",0.0319148936170213
"um2-4_nu_um2-4",2017,"Upper Montane","Low Control","Viola nuttallii",0.0319148936170213
"um2-5_ws_um2-5",2017,"Upper Montane","Low Control","Viola nuttallii",0.0319148936170213
"pf2-2_c1_um2-1",2017,"Pfeiler","Low C1","Viola nuttallii",0.0319148936170213
"mo2-3_c2_um2-3",2017,"Monument","Low C2","Viola nuttallii",0.0319148936170213
"um3-1_u_um3-1",2017,"Upper Montane","Low Control","Viola nuttallii",0.0608695652173913
"um3-3_ws_um3-3",2017,"Upper Montane","Low Control","Viola nuttallii",0.0608695652173913
"um3-5_nu_um3-5",2017,"Upper Montane","Low Control","Viola nuttallii",0.0608695652173913
"pf3-3_c1_um3-4",2017,"Pfeiler","Low C1","Viola nuttallii",0.0608695652173913
"mo3-3_c2_um3-2",2017,"Monument","Low C2","Viola nuttallii",0.0608695652173913
"um4-3_nu_um4-3",2017,"Upper Montane","Low Control","Viola nuttallii",0.0508474576271186
"um4-4_u_um4-4",2017,"Upper Montane","Low Control","Viola nuttallii",0.0508474576271186
"um4-5_ws_um4-5",2017,"Upper Montane","Low Control","Viola nuttallii",0.0508474576271186
"pf4-3_c1_um4-1",2017,"Pfeiler","Low C1","Viola nuttallii",0.0508474576271186
"mo4-3_c2_um4-2",2017,"Monument","Low C2","Viola nuttallii",0.0508474576271186
"um5-1_ws_um5-1",2017,"Upper Montane","Low Control","Viola nuttallii",0.0521739130434783
"um5-2_nu_um5-2",2017,"Upper Montane","Low Control","Viola nuttallii",0.0521739130434783
"um5-3_u_um5-3",2017,"Upper Montane","Low Control","Viola nuttallii",0.0521739130434783
"pf5-4_c1_um5-4",2017,"Pfeiler","Low C1","Viola nuttallii",0.0521739130434783
"mo5-2_c2_um5-5",2017,"Monument","Low C2","Viola nuttallii",0.0521739130434783
"um1-3_u_um1-3",2017,"Upper Montane","Low Control","Collomia linearis",0.376923076923077
"um1-4_ws_um1-1",2017,"Upper Montane","Low Control","Collomia linearis",0.376923076923077
"pf1-4_c1_um1-5",2017,"Pfeiler","Low C1","Collomia linearis",0.376923076923077
"mo1-2_c2_um1-2",2017,"Monument","Low C2","Collomia linearis",0.376923076923077
"um2-2_u_um2-2",2017,"Upper Montane","Low Control","Collomia linearis",0.074468085106383
"um2-4_nu_um2-4",2017,"Upper Montane","Low Control","Collomia linearis",0.074468085106383
"um2-5_ws_um2-5",2017,"Upper Montane","Low Control","Collomia linearis",0.074468085106383
"pf2-2_c1_um2-1",2017,"Pfeiler","Low C1","Collomia linearis",0.074468085106383
"mo2-3_c2_um2-3",2017,"Monument","Low C2","Collomia linearis",0.074468085106383
"um5-1_ws_um5-1",2017,"Upper Montane","Low Control","Collomia linearis",0.00869565217391304
"um5-2_nu_um5-2",2017,"Upper Montane","Low Control","Collomia linearis",0.00869565217391304
"um5-3_u_um5-3",2017,"Upper Montane","Low Control","Collomia linearis",0.00869565217391304
"pf5-4_c1_um5-4",2017,"Pfeiler","Low C1","Collomia linearis",0.00869565217391304
"mo5-2_c2_um5-5",2017,"Monument","Low C2","Collomia linearis",0.00869565217391304
"um1-3_u_um1-3",2017,"Upper Montane","Low Control","Tragopogon dubius",0.00769230769230769
"um1-4_ws_um1-1",2017,"Upper Montane","Low Control","Tragopogon dubius",0.00769230769230769
"pf1-4_c1_um1-5",2017,"Pfeiler","Low C1","Tragopogon dubius",0.00769230769230769
"mo1-2_c2_um1-2",2017,"Monument","Low C2","Tragopogon dubius",0.00769230769230769
"um1-3_u_um1-3",2017,"Upper Montane","Low Control","Carex sp.",0.0153846153846154
"um1-4_ws_um1-1",2017,"Upper Montane","Low Control","Carex sp.",0.0153846153846154
"pf1-4_c1_um1-5",2017,"Pfeiler","Low C1","Carex sp.",0.0153846153846154
"mo1-2_c2_um1-2",2017,"Monument","Low C2","Carex sp.",0.0153846153846154
"um4-3_nu_um4-3",2017,"Upper Montane","Low Control","Carex sp.",0.0677966101694915
"um4-4_u_um4-4",2017,"Upper Montane","Low Control","Carex sp.",0.0677966101694915
"um4-5_ws_um4-5",2017,"Upper Montane","Low Control","Carex sp.",0.0677966101694915
"pf4-3_c1_um4-1",2017,"Pfeiler","Low C1","Carex sp.",0.0677966101694915
"mo4-3_c2_um4-2",2017,"Monument","Low C2","Carex sp.",0.0677966101694915
"um5-1_ws_um5-1",2017,"Upper Montane","Low Control","Carex sp.",0.4
"um5-2_nu_um5-2",2017,"Upper Montane","Low Control","Carex sp.",0.4
"um5-3_u_um5-3",2017,"Upper Montane","Low Control","Carex sp.",0.4
"pf5-4_c1_um5-4",2017,"Pfeiler","Low C1","Carex sp.",0.4
"mo5-2_c2_um5-5",2017,"Monument","Low C2","Carex sp.",0.4
"um2-2_u_um2-2",2017,"Upper Montane","Low Control","Agoseris aurantiaca",0.0106382978723404
"um2-4_nu_um2-4",2017,"Upper Montane","Low Control","Agoseris aurantiaca",0.0106382978723404
"um2-5_ws_um2-5",2017,"Upper Montane","Low Control","Agoseris aurantiaca",0.0106382978723404
"pf2-2_c1_um2-1",2017,"Pfeiler","Low C1","Agoseris aurantiaca",0.0106382978723404
"mo2-3_c2_um2-3",2017,"Monument","Low C2","Agoseris aurantiaca",0.0106382978723404
"um3-1_u_um3-1",2017,"Upper Montane","Low Control","Agoseris aurantiaca",0.00869565217391304
"um3-3_ws_um3-3",2017,"Upper Montane","Low Control","Agoseris aurantiaca",0.00869565217391304
"um3-5_nu_um3-5",2017,"Upper Montane","Low Control","Agoseris aurantiaca",0.00869565217391304
"pf3-3_c1_um3-4",2017,"Pfeiler","Low C1","Agoseris aurantiaca",0.00869565217391304
"mo3-3_c2_um3-2",2017,"Monument","Low C2","Agoseris aurantiaca",0.00869565217391304
"um5-1_ws_um5-1",2017,"Upper Montane","Low Control","Agoseris aurantiaca",0.0608695652173913
"um5-2_nu_um5-2",2017,"Upper Montane","Low Control","Agoseris aurantiaca",0.0608695652173913
"um5-3_u_um5-3",2017,"Upper Montane","Low Control","Agoseris aurantiaca",0.0608695652173913
"pf5-4_c1_um5-4",2017,"Pfeiler","Low C1","Agoseris aurantiaca",0.0608695652173913
"mo5-2_c2_um5-5",2017,"Monument","Low C2","Agoseris aurantiaca",0.0608695652173913
"um2-2_u_um2-2",2017,"Upper Montane","Low Control","Draba spectabilis",0.0212765957446809
"um2-4_nu_um2-4",2017,"Upper Montane","Low Control","Draba spectabilis",0.0212765957446809
"um2-5_ws_um2-5",2017,"Upper Montane","Low Control","Draba spectabilis",0.0212765957446809
"pf2-2_c1_um2-1",2017,"Pfeiler","Low C1","Draba spectabilis",0.0212765957446809
"mo2-3_c2_um2-3",2017,"Monument","Low C2","Draba spectabilis",0.0212765957446809
"um4-3_nu_um4-3",2017,"Upper Montane","Low Control","Draba spectabilis",0.152542372881356
"um4-4_u_um4-4",2017,"Upper Montane","Low Control","Draba spectabilis",0.152542372881356
"um4-5_ws_um4-5",2017,"Upper Montane","Low Control","Draba spectabilis",0.152542372881356
"pf4-3_c1_um4-1",2017,"Pfeiler","Low C1","Draba spectabilis",0.152542372881356
"mo4-3_c2_um4-2",2017,"Monument","Low C2","Draba spectabilis",0.152542372881356
"um2-2_u_um2-2",2017,"Upper Montane","Low Control","Galium bifolium",0.25531914893617
"um2-4_nu_um2-4",2017,"Upper Montane","Low Control","Galium bifolium",0.25531914893617
"um2-5_ws_um2-5",2017,"Upper Montane","Low Control","Galium bifolium",0.25531914893617
"pf2-2_c1_um2-1",2017,"Pfeiler","Low C1","Galium bifolium",0.25531914893617
"mo2-3_c2_um2-3",2017,"Monument","Low C2","Galium bifolium",0.25531914893617
"um2-2_u_um2-2",2017,"Upper Montane","Low Control","Valeriana occidentalis",0.0638297872340425
"um2-4_nu_um2-4",2017,"Upper Montane","Low Control","Valeriana occidentalis",0.0638297872340425
"um2-5_ws_um2-5",2017,"Upper Montane","Low Control","Valeriana occidentalis",0.0638297872340425
"pf2-2_c1_um2-1",2017,"Pfeiler","Low C1","Valeriana occidentalis",0.0638297872340425
"mo2-3_c2_um2-3",2017,"Monument","Low C2","Valeriana occidentalis",0.0638297872340425
"um4-3_nu_um4-3",2017,"Upper Montane","Low Control","Valeriana occidentalis",0.305084745762712
"um4-4_u_um4-4",2017,"Upper Montane","Low Control","Valeriana occidentalis",0.305084745762712
"um4-5_ws_um4-5",2017,"Upper Montane","Low Control","Valeriana occidentalis",0.305084745762712
"pf4-3_c1_um4-1",2017,"Pfeiler","Low C1","Valeriana occidentalis",0.305084745762712
"mo4-3_c2_um4-2",2017,"Monument","Low C2","Valeriana occidentalis",0.305084745762712
"um5-1_ws_um5-1",2017,"Upper Montane","Low Control","Valeriana occidentalis",0.2
"um5-2_nu_um5-2",2017,"Upper Montane","Low Control","Valeriana occidentalis",0.2
"um5-3_u_um5-3",2017,"Upper Montane","Low Control","Valeriana occidentalis",0.2
"pf5-4_c1_um5-4",2017,"Pfeiler","Low C1","Valeriana occidentalis",0.2
"mo5-2_c2_um5-5",2017,"Monument","Low C2","Valeriana occidentalis",0.2
"um2-2_u_um2-2",2017,"Upper Montane","Low Control","Heliomeris multiflora",0.191489361702128
"um2-4_nu_um2-4",2017,"Upper Montane","Low Control","Heliomeris multiflora",0.191489361702128
"um2-5_ws_um2-5",2017,"Upper Montane","Low Control","Heliomeris multiflora",0.191489361702128
"pf2-2_c1_um2-1",2017,"Pfeiler","Low C1","Heliomeris multiflora",0.191489361702128
"mo2-3_c2_um2-3",2017,"Monument","Low C2","Heliomeris multiflora",0.191489361702128
"um1-3_u_um1-3",2017,"Upper Montane","Low Control","Linum lewisii",0.0307692307692308
"um1-4_ws_um1-1",2017,"Upper Montane","Low Control","Linum lewisii",0.0307692307692308
"pf1-4_c1_um1-5",2017,"Pfeiler","Low C1","Linum lewisii",0.0307692307692308
"mo1-2_c2_um1-2",2017,"Monument","Low C2","Linum lewisii",0.0307692307692308
"um2-2_u_um2-2",2017,"Upper Montane","Low Control","Linum lewisii",0.0212765957446809
"um2-4_nu_um2-4",2017,"Upper Montane","Low Control","Linum lewisii",0.0212765957446809
"um2-5_ws_um2-5",2017,"Upper Montane","Low Control","Linum lewisii",0.0212765957446809
"pf2-2_c1_um2-1",2017,"Pfeiler","Low C1","Linum lewisii",0.0212765957446809
"mo2-3_c2_um2-3",2017,"Monument","Low C2","Linum lewisii",0.0212765957446809
"um3-1_u_um3-1",2017,"Upper Montane","Low Control","Linum lewisii",0.139130434782609
"um3-3_ws_um3-3",2017,"Upper Montane","Low Control","Linum lewisii",0.139130434782609
"um3-5_nu_um3-5",2017,"Upper Montane","Low Control","Linum lewisii",0.139130434782609
"pf3-3_c1_um3-4",2017,"Pfeiler","Low C1","Linum lewisii",0.139130434782609
"mo3-3_c2_um3-2",2017,"Monument","Low C2","Linum lewisii",0.139130434782609
"um3-1_u_um3-1",2017,"Upper Montane","Low Control","Taraxacum officinale",0.0260869565217391
"um3-3_ws_um3-3",2017,"Upper Montane","Low Control","Taraxacum officinale",0.0260869565217391
"um3-5_nu_um3-5",2017,"Upper Montane","Low Control","Taraxacum officinale",0.0260869565217391
"pf3-3_c1_um3-4",2017,"Pfeiler","Low C1","Taraxacum officinale",0.0260869565217391
"mo3-3_c2_um3-2",2017,"Monument","Low C2","Taraxacum officinale",0.0260869565217391
"um3-1_u_um3-1",2017,"Upper Montane","Low Control","Erigeron speciosus",0.182608695652174
"um3-3_ws_um3-3",2017,"Upper Montane","Low Control","Erigeron speciosus",0.182608695652174
"um3-5_nu_um3-5",2017,"Upper Montane","Low Control","Erigeron speciosus",0.182608695652174
"pf3-3_c1_um3-4",2017,"Pfeiler","Low C1","Erigeron speciosus",0.182608695652174
"mo3-3_c2_um3-2",2017,"Monument","Low C2","Erigeron speciosus",0.182608695652174
"um4-3_nu_um4-3",2017,"Upper Montane","Low Control","Hymenoxys hoopesii",0.372881355932203
"um4-4_u_um4-4",2017,"Upper Montane","Low Control","Hymenoxys hoopesii",0.372881355932203
"um4-5_ws_um4-5",2017,"Upper Montane","Low Control","Hymenoxys hoopesii",0.372881355932203
"pf4-3_c1_um4-1",2017,"Pfeiler","Low C1","Hymenoxys hoopesii",0.372881355932203
"mo4-3_c2_um4-2",2017,"Monument","Low C2","Hymenoxys hoopesii",0.372881355932203
"um5-1_ws_um5-1",2017,"Upper Montane","Low Control","Hymenoxys hoopesii",0.0521739130434783
"um5-2_nu_um5-2",2017,"Upper Montane","Low Control","Hymenoxys hoopesii",0.0521739130434783
"um5-3_u_um5-3",2017,"Upper Montane","Low Control","Hymenoxys hoopesii",0.0521739130434783
"pf5-4_c1_um5-4",2017,"Pfeiler","Low C1","Hymenoxys hoopesii",0.0521739130434783
"mo5-2_c2_um5-5",2017,"Monument","Low C2","Hymenoxys hoopesii",0.0521739130434783
