community,ASV_id,LogAbundance_HighControl,LogAbundance_MidControl,LogAbundance_LowControl,weight_warmed_gradient,weight_warmed_experiment,weight_cooled_gradient,weight_cooled_experiment,Genus,Family,Phylum,Class,Order
bacteria and archaea,1526,3.22,3.54,NA,-0.46,-0.26,0.57,-0.26,mle1-7,Nitrosomonadaceae,Proteobacteria,Gammaproteobacteria,Burkholderiales
bacteria and archaea,548,4.03,2.78,NA,-0.6,-0.54,0.56,-0.36,NA,NA,Acidobacteria,Vicinamibacteria,Subgroup 17
bacteria and archaea,1534,4,3.65,2.98,-0.43,-0.29,0.53,-0.41,NA,SC-I-84,Proteobacteria,Gammaproteobacteria,Burkholderiales
bacteria and archaea,984,4,4.09,3.42,-0.36,-0.21,0.52,-0.27,NA,Gemmatimonadaceae,Gemmatimonadota,Gemmatimonadetes,Gemmatimonadales
bacteria and archaea,113,3.16,3.47,NA,-0.48,-0.45,0.51,-0.11,NA,Gemmataceae,Planctomycetota,Planctomycetes,Gemmatales
bacteria and archaea,1316,3.27,3.45,NA,-0.47,-0.33,0.51,-0.25,Gaiella,Gaiellaceae,Actinobacteria,Thermoleophilia,Gaiellales
bacteria and archaea,42,4.22,4.14,NA,-0.29,-0.19,0.5,-0.27,NA,WD2101 soil group,Planctomycetota,Phycisphaerae,Tepidisphaerales
bacteria and archaea,529,4.42,4.1,NA,-0.28,-0.1,0.5,-0.24,Candidatus Udaeobacter,Chthoniobacteraceae,Verrucomicrobiota,Verrucomicrobiae,Chthoniobacterales
bacteria and archaea,1452,3.84,3.52,2.94,-0.27,-0.11,0.5,0.04,NA,NA,Proteobacteria,Gammaproteobacteria,Burkholderiales
bacteria and archaea,224,3.69,3.83,2.48,-0.34,-0.21,0.49,-0.2,NA,NA,Actinobacteria,MB-A2-108,NA
bacteria and archaea,1064,3.98,4.27,NA,-0.48,-0.32,0.48,-0.2,RB41,Pyrinomonadaceae,Acidobacteria,Blastocatellia,Pyrinomonadales
bacteria and archaea,1112,3.53,3.3,3.09,-0.49,-0.46,0.48,-0.31,NA,NA,Acidobacteria,Vicinamibacteria,Vicinamibacterales
bacteria and archaea,1594,3.98,4.31,NA,-0.18,-0.03,0.48,0.06,Pseudonocardia,Pseudonocardiaceae,Actinobacteria,Actinobacteria,Pseudonocardiales
bacteria and archaea,669,2.98,3.42,NA,-0.28,-0.17,0.47,0.02,NA,Acetobacteraceae,Proteobacteria,Alphaproteobacteria,Acetobacterales
bacteria and archaea,378,3.51,3.64,2.58,-0.29,-0.2,0.45,-0.06,YC-ZSS-LKJ147,Longimicrobiaceae,Gemmatimonadota,Longimicrobia,Longimicrobiales
bacteria and archaea,1648,3.7,3.89,3.22,-0.52,-0.43,0.45,-0.27,NA,NA,Acidobacteria,Blastocatellia,11-24
bacteria and archaea,457,3.55,3.58,NA,-0.37,-0.13,0.45,-0.28,Candidatus Udaeobacter,Chthoniobacteraceae,Verrucomicrobiota,Verrucomicrobiae,Chthoniobacterales
bacteria and archaea,904,3.49,3.31,3,-0.27,-0.08,0.45,-0.28,NA,Chitinophagaceae,Bacteroidota,Bacteroidia,Chitinophagales
bacteria and archaea,1317,3.03,3.67,NA,-0.32,-0.18,0.45,-0.11,Gaiella,Gaiellaceae,Actinobacteria,Thermoleophilia,Gaiellales
bacteria and archaea,724,4.1,4.34,4.08,-0.38,-0.28,0.45,-0.33,NA,KF-JG30-B3,Proteobacteria,Alphaproteobacteria,Rhizobiales
bacteria and archaea,1022,3.98,4.03,NA,-0.33,-0.17,0.45,-0.19,Gemmatimonas,Gemmatimonadaceae,Gemmatimonadota,Gemmatimonadetes,Gemmatimonadales
bacteria and archaea,1307,3.72,4.11,3.78,-0.31,0,0.44,-0.46,NA,NA,Actinobacteria,Thermoleophilia,Gaiellales
bacteria and archaea,1151,4.24,4.15,3.34,-0.34,-0.2,0.44,-0.35,Bryobacter,Bryobacteraceae,Acidobacteria,Acidobacteriae,Bryobacterales
bacteria and archaea,1572,2.76,3.32,2.14,-0.27,-0.12,0.44,-0.07,NA,A21b,Proteobacteria,Gammaproteobacteria,Burkholderiales
bacteria and archaea,598,3.47,4.01,NA,-0.49,-0.42,0.44,-0.11,NA,NA,Proteobacteria,Alphaproteobacteria,Elsterales
bacteria and archaea,316,3.34,3.53,NA,-0.39,-0.23,0.44,-0.17,NA,NA,Acidobacteria,Holophagae,Subgroup 7
bacteria and archaea,339,3.41,3.4,3.4,-0.33,-0.1,0.44,-0.43,Anaeromyxobacter,Anaeromyxobacteraceae,Myxococcota,Myxococcia,Myxococcales
bacteria and archaea,1120,3.41,4.52,NA,-0.31,-0.19,0.44,NA,NA,NA,Acidobacteria,Vicinamibacteria,Vicinamibacterales
bacteria and archaea,1656,4.23,4.28,3.79,-0.33,-0.09,0.44,-0.42,NA,NA,Chloroflexi,KD4-96,NA
bacteria and archaea,1055,3.94,4.74,NA,-0.48,-0.52,0.44,NA,RB41,Pyrinomonadaceae,Acidobacteria,Blastocatellia,Pyrinomonadales
bacteria and archaea,12,3.22,2.99,2.67,-0.46,-0.26,0.44,-0.44,NA,Ilumatobacteraceae,Actinobacteria,Acidimicrobiia,Microtrichales
bacteria and archaea,934,3.57,4.19,NA,-0.22,-0.1,0.44,0.06,Ferruginibacter,Chitinophagaceae,Bacteroidota,Bacteroidia,Chitinophagales
bacteria and archaea,1136,3.63,3.8,3.78,-0.22,0.04,0.44,-0.35,NA,Gemmatimonadaceae,Gemmatimonadota,Gemmatimonadetes,Gemmatimonadales
bacteria and archaea,226,2.76,3.46,2.55,-0.23,0.1,0.44,-0.26,NA,NA,Actinobacteria,MB-A2-108,NA
bacteria and archaea,321,3.27,2.26,1.7,-0.35,-0.23,0.44,-0.29,NA,NA,Myxococcota,Polyangia,MSB-4B10
bacteria and archaea,1098,4.46,4.02,3.25,-0.37,-0.15,0.44,-0.43,NA,NA,Acidobacteria,Vicinamibacteria,Vicinamibacterales
bacteria and archaea,268,3.21,2.93,2.94,-0.36,-0.21,0.44,-0.23,NA,Roseiflexaceae,Chloroflexi,Chloroflexia,Chloroflexales
bacteria and archaea,330,3.44,4.57,NA,-0.32,-0.21,0.44,-0.19,Acidibacter,Unknown Family,Proteobacteria,Gammaproteobacteria,Gammaproteobacteria Incertae Sedis
bacteria and archaea,440,2.99,3.05,NA,-0.31,-0.18,0.43,-0.24,Candidatus Udaeobacter,Chthoniobacteraceae,Verrucomicrobiota,Verrucomicrobiae,Chthoniobacterales
bacteria and archaea,894,3.63,3.24,2.55,-0.52,-0.46,0.43,-0.28,NA,NA,Proteobacteria,Gammaproteobacteria,CCD24
bacteria and archaea,1233,3.4,3.43,2.23,-0.41,-0.15,0.43,-0.29,NA,Pseudonocardiaceae,Actinobacteria,Actinobacteria,Pseudonocardiales
bacteria and archaea,1663,3.39,1.59,NA,-0.5,-0.45,0.43,-0.15,NA,Mitochondria,Proteobacteria,Alphaproteobacteria,Rickettsiales
bacteria and archaea,89,3.88,4.33,NA,-0.49,-0.36,0.42,-0.21,NA,WD2101 soil group,Planctomycetota,Phycisphaerae,Tepidisphaerales
bacteria and archaea,976,3,3.23,2.4,-0.23,-0.03,0.42,-0.17,NA,NA,Bacteroidota,Bacteroidia,Cytophagales
bacteria and archaea,95,3.47,3.45,NA,-0.21,0.03,0.42,-0.2,NA,WD2101 soil group,Planctomycetota,Phycisphaerae,Tepidisphaerales
bacteria and archaea,637,4.15,4.45,2.94,-0.34,-0.13,0.42,-0.34,Rhodoplanes,Xanthobacteraceae,Proteobacteria,Alphaproteobacteria,Rhizobiales
bacteria and archaea,331,4.17,3.5,NA,-0.47,-0.45,0.42,-0.25,NA,NA,Proteobacteria,Gammaproteobacteria,JG36-TzT-191
bacteria and archaea,10,3.73,3.14,NA,-0.51,-0.45,0.42,-0.36,NA,NA,Latescibacterota,NA,NA
bacteria and archaea,1560,5.09,4.56,4.14,-0.31,-0.14,0.42,-0.31,Ellin6067,Nitrosomonadaceae,Proteobacteria,Gammaproteobacteria,Burkholderiales
bacteria and archaea,65,3.12,2.32,3.56,-0.28,-0.2,0.42,-0.23,NA,Sandaracinaceae,Myxococcota,Polyangia,Polyangiales
bacteria and archaea,1057,4.77,4.39,NA,-0.4,-0.25,0.41,-0.2,RB41,Pyrinomonadaceae,Acidobacteria,Blastocatellia,Pyrinomonadales
bacteria and archaea,1024,3.98,4.53,3.99,-0.35,-0.27,0.41,-0.3,Gemmatimonas,Gemmatimonadaceae,Gemmatimonadota,Gemmatimonadetes,Gemmatimonadales
bacteria and archaea,1159,4.31,4.25,NA,-0.33,-0.21,0.41,-0.28,Candidatus Solibacter,Solibacteraceae,Acidobacteria,Acidobacteriae,Solibacterales
bacteria and archaea,610,3.61,3.42,2.89,-0.3,-0.14,0.41,-0.28,Variibacter,Xanthobacteraceae,Proteobacteria,Alphaproteobacteria,Rhizobiales
bacteria and archaea,1058,4.43,4.61,NA,-0.38,-0.29,0.41,0.01,RB41,Pyrinomonadaceae,Acidobacteria,Blastocatellia,Pyrinomonadales
bacteria and archaea,300,3.36,3.24,NA,-0.41,-0.34,0.41,-0.12,Vicinamibacter,Vicinamibacteraceae,Acidobacteria,Vicinamibacteria,Vicinamibacterales
bacteria and archaea,865,3.5,2.59,NA,-0.47,-0.37,0.41,-0.36,NA,NA,Acidobacteria,Subgroup 22,NA
bacteria and archaea,328,3.57,4.08,NA,-0.32,-0.13,0.41,-0.15,Acidibacter,Unknown Family,Proteobacteria,Gammaproteobacteria,Gammaproteobacteria Incertae Sedis
bacteria and archaea,1030,3.4,NA,NA,-0.3,-0.28,0.41,0.06,NA,NA,Desulfobacterota,NA,NA
bacteria and archaea,1404,4.24,4.56,4.55,-0.28,-0.11,0.41,0,Solirubrobacter,Solirubrobacteraceae,Actinobacteria,Thermoleophilia,Solirubrobacterales
bacteria and archaea,1114,3.86,4.11,3.37,-0.25,0,0.4,-0.27,NA,NA,Acidobacteria,Vicinamibacteria,Vicinamibacterales
bacteria and archaea,1059,3.93,3.27,NA,-0.37,-0.29,0.4,-0.24,RB41,Pyrinomonadaceae,Acidobacteria,Blastocatellia,Pyrinomonadales
bacteria and archaea,645,4.11,4.19,3.58,-0.29,-0.09,0.4,-0.26,Microvirga,Beijerinckiaceae,Proteobacteria,Alphaproteobacteria,Rhizobiales
bacteria and archaea,961,3.83,3.1,1.61,-0.31,-0.09,0.4,-0.27,NA,NA,Bacteroidota,Bacteroidia,Chitinophagales
bacteria and archaea,595,3.73,3.89,3.14,-0.42,-0.33,0.4,-0.12,Dongia,Dongiaceae,Proteobacteria,Alphaproteobacteria,Dongiales
bacteria and archaea,733,3.74,3.64,NA,-0.5,-0.46,0.4,-0.21,NA,Micropepsaceae,Proteobacteria,Alphaproteobacteria,Micropepsales
bacteria and archaea,1032,3.96,2.96,2.4,-0.42,-0.28,0.4,-0.42,NA,NA,Latescibacterota,NA,NA
bacteria and archaea,1134,4.62,4.58,4.58,-0.29,-0.09,0.4,-0.31,NA,Gemmatimonadaceae,Gemmatimonadota,Gemmatimonadetes,Gemmatimonadales
bacteria and archaea,367,3.88,3.83,3.89,-0.38,-0.19,0.4,-0.2,Roseisolibacter,Gemmatimonadaceae,Gemmatimonadota,Gemmatimonadetes,Gemmatimonadales
bacteria and archaea,281,3.24,2.67,NA,-0.32,-0.2,0.4,-0.35,NA,WD2101 soil group,Planctomycetota,Phycisphaerae,Tepidisphaerales
bacteria and archaea,1126,3.15,3.91,2.94,-0.29,-0.16,0.4,-0.18,NA,NA,Acidobacteria,Vicinamibacteria,Vicinamibacterales
bacteria and archaea,1272,3.1,3.65,NA,-0.41,-0.31,0.4,-0.23,NA,67-14,Actinobacteria,Thermoleophilia,Solirubrobacterales
bacteria and archaea,650,4.74,4.79,NA,-0.39,-0.3,0.39,-0.24,Afipia,Xanthobacteraceae,Proteobacteria,Alphaproteobacteria,Rhizobiales
bacteria and archaea,1293,3.12,3.26,3.26,-0.18,0.01,0.39,-0.26,NA,67-14,Actinobacteria,Thermoleophilia,Solirubrobacterales
bacteria and archaea,941,3.02,3.47,NA,-0.24,-0.11,0.39,NA,Segetibacter,Chitinophagaceae,Bacteroidota,Bacteroidia,Chitinophagales
bacteria and archaea,652,4.75,3.64,NA,-0.3,-0.27,0.39,NA,Afipia,Xanthobacteraceae,Proteobacteria,Alphaproteobacteria,Rhizobiales
bacteria and archaea,1147,3.39,3.37,NA,-0.4,-0.25,0.39,-0.28,Bryobacter,Bryobacteraceae,Acidobacteria,Acidobacteriae,Bryobacterales
bacteria and archaea,988,2.85,2.95,2.56,-0.22,-0.12,0.39,-0.01,NA,Gemmatimonadaceae,Gemmatimonadota,Gemmatimonadetes,Gemmatimonadales
bacteria and archaea,1140,4.21,4.37,3.33,-0.37,-0.27,0.39,-0.25,NA,Gemmatimonadaceae,Gemmatimonadota,Gemmatimonadetes,Gemmatimonadales
bacteria and archaea,915,3.3,3.47,2.48,-0.38,-0.31,0.39,0.05,Terrimonas,Chitinophagaceae,Bacteroidota,Bacteroidia,Chitinophagales
bacteria and archaea,100,3.49,NA,NA,-0.47,-0.39,0.39,0.12,NA,WD2101 soil group,Planctomycetota,Phycisphaerae,Tepidisphaerales
bacteria and archaea,1038,4.03,4.74,NA,-0.23,-0.1,0.39,-0.29,RB41,Pyrinomonadaceae,Acidobacteria,Blastocatellia,Pyrinomonadales
bacteria and archaea,1365,4.24,3.45,4.06,-0.4,-0.37,0.38,-0.21,NA,NA,Acidobacteria,Acidobacteriae,Subgroup 2
bacteria and archaea,1069,2.99,2.66,3.04,-0.29,-0.16,0.38,-0.13,NA,NA,Acidobacteria,Vicinamibacteria,Vicinamibacterales
bacteria and archaea,949,3.56,4.04,NA,-0.31,-0.22,0.38,-0.2,Parafilimonas,Chitinophagaceae,Bacteroidota,Bacteroidia,Chitinophagales
bacteria and archaea,308,3.69,2.79,2.24,-0.31,-0.21,0.38,-0.21,NA,Vicinamibacteraceae,Acidobacteria,Vicinamibacteria,Vicinamibacterales
bacteria and archaea,907,3.7,3.5,3.33,-0.31,-0.33,0.38,0.07,Puia,Chitinophagaceae,Bacteroidota,Bacteroidia,Chitinophagales
bacteria and archaea,280,3.79,3.43,NA,-0.31,-0.27,0.38,-0.08,NA,WD2101 soil group,Planctomycetota,Phycisphaerae,Tepidisphaerales
bacteria and archaea,1332,3.43,3.27,NA,-0.16,-0.05,0.38,-0.22,NA,NA,Actinobacteria,Thermoleophilia,Gaiellales
bacteria and archaea,198,3.78,4.09,3.66,-0.14,0.04,0.38,-0.09,Dactylosporangium,Micromonosporaceae,Actinobacteria,Actinobacteria,Micromonosporales
bacteria and archaea,1235,3.53,3.83,3,-0.29,-0.05,0.37,-0.24,NA,NA,Actinobacteria,Thermoleophilia,Gaiellales
bacteria and archaea,872,4.48,4.51,NA,0,0.17,0.37,NA,Sphingomonas,Sphingomonadaceae,Proteobacteria,Alphaproteobacteria,Sphingomonadales
bacteria and archaea,1201,3.34,3.74,NA,-0.26,-0.08,0.37,-0.02,JGI 0001001-H03,Blastocatellaceae,Acidobacteria,Blastocatellia,Blastocatellales
bacteria and archaea,11,3.84,3.6,3.02,-0.32,-0.07,0.37,-0.19,CL500-29 marine group,Ilumatobacteraceae,Actinobacteria,Acidimicrobiia,Microtrichales
bacteria and archaea,34,3.33,3.78,NA,-0.25,-0.13,0.37,0.06,Pseudonocardia,Pseudonocardiaceae,Actinobacteria,Actinobacteria,Pseudonocardiales
bacteria and archaea,97,3.53,3.14,2.56,-0.43,-0.33,0.37,-0.19,NA,WD2101 soil group,Planctomycetota,Phycisphaerae,Tepidisphaerales
bacteria and archaea,1637,5.08,4.97,4.03,-0.32,-0.08,0.37,-0.24,NA,NA,Chloroflexi,KD4-96,NA
bacteria and archaea,167,3.48,3.03,2.24,-0.5,-0.41,0.37,-0.25,NA,Gemmataceae,Planctomycetota,Planctomycetes,Gemmatales
bacteria and archaea,408,3.82,3.3,NA,-0.41,-0.37,0.37,-0.3,NA,Pedosphaeraceae,Verrucomicrobiota,Verrucomicrobiae,Pedosphaerales
bacteria and archaea,246,3.51,3.35,1.95,-0.41,-0.31,0.37,-0.07,NA,NA,Actinobacteria,MB-A2-108,NA
bacteria and archaea,1631,4.02,4.33,NA,-0.21,0.06,0.37,0.2,NA,Planococcaceae,Firmicutes,Bacilli,Bacillales
bacteria and archaea,430,5.06,4.72,3.92,-0.29,-0.06,0.36,-0.41,Candidatus Udaeobacter,Chthoniobacteraceae,Verrucomicrobiota,Verrucomicrobiae,Chthoniobacterales
bacteria and archaea,234,4.47,4.33,NA,-0.44,-0.36,0.36,-0.23,NA,NA,Acidobacteria,Acidobacteriae,Subgroup 2
bacteria and archaea,1499,4.2,4.01,NA,-0.1,0.02,0.36,NA,NA,Kineosporiaceae,Actinobacteria,Actinobacteria,Kineosporiales
bacteria and archaea,919,3.66,3.7,3.76,-0.13,0.07,0.36,-0.19,Segetibacter,Chitinophagaceae,Bacteroidota,Bacteroidia,Chitinophagales
bacteria and archaea,1411,4.26,4.42,NA,-0.57,-0.53,0.36,-0.37,GOUTA6,Nitrosomonadaceae,Proteobacteria,Gammaproteobacteria,Burkholderiales
bacteria and archaea,1121,4.04,3.33,NA,-0.21,-0.05,0.36,-0.25,NA,NA,Acidobacteria,Vicinamibacteria,Vicinamibacterales
bacteria and archaea,989,3.98,NA,NA,-0.44,-0.43,0.36,-0.16,NA,Gemmatimonadaceae,Gemmatimonadota,Gemmatimonadetes,Gemmatimonadales
bacteria and archaea,1193,4.12,4.14,3.91,-0.32,-0.28,0.36,-0.3,JGI 0001001-H03,Blastocatellaceae,Acidobacteria,Blastocatellia,Blastocatellales
bacteria and archaea,1137,3.82,4.15,3.91,-0.1,0.15,0.36,-0.25,NA,Gemmatimonadaceae,Gemmatimonadota,Gemmatimonadetes,Gemmatimonadales
bacteria and archaea,1649,3.8,3.4,NA,-0.42,-0.33,0.36,-0.22,NA,NA,Acidobacteria,Blastocatellia,11-24
bacteria and archaea,154,3.85,NA,NA,-0.38,-0.31,0.36,NA,NA,Gemmataceae,Planctomycetota,Planctomycetes,Gemmatales
bacteria and archaea,1523,3.83,NA,NA,-0.31,-0.26,0.36,NA,NA,A21b,Proteobacteria,Gammaproteobacteria,Burkholderiales
bacteria and archaea,1079,4.45,4.51,NA,-0.35,-0.22,0.36,-0.23,NA,NA,Acidobacteria,Vicinamibacteria,Vicinamibacterales
bacteria and archaea,1542,4.35,4.44,3.87,-0.23,-0.05,0.35,-0.29,NA,SC-I-84,Proteobacteria,Gammaproteobacteria,Burkholderiales
bacteria and archaea,349,3.87,3.92,NA,-0.41,-0.28,0.35,-0.29,NA,NA,Proteobacteria,Gammaproteobacteria,WD260
bacteria and archaea,909,3.69,3.83,3.26,-0.2,-0.06,0.35,-0.23,NA,Chitinophagaceae,Bacteroidota,Bacteroidia,Chitinophagales
bacteria and archaea,624,3.85,NA,NA,-0.4,-0.4,0.35,NA,Rhodoplanes,Xanthobacteraceae,Proteobacteria,Alphaproteobacteria,Rhizobiales
bacteria and archaea,18,3.66,3.52,NA,-0.41,-0.38,0.35,-0.13,Acidothermus,Acidothermaceae,Actinobacteria,Actinobacteria,Frankiales
bacteria and archaea,50,2.92,3.13,2.6,-0.2,0,0.35,-0.16,NA,WD2101 soil group,Planctomycetota,Phycisphaerae,Tepidisphaerales
bacteria and archaea,123,3.43,3.3,2.85,-0.42,-0.3,0.35,-0.33,NA,Gemmataceae,Planctomycetota,Planctomycetes,Gemmatales
bacteria and archaea,359,3.65,4.06,2.3,-0.26,-0.08,0.35,-0.29,Acidibacter,Unknown Family,Proteobacteria,Gammaproteobacteria,Gammaproteobacteria Incertae Sedis
bacteria and archaea,935,3.31,3.47,2.08,-0.34,-0.34,0.35,-0.38,Niastella,Chitinophagaceae,Bacteroidota,Bacteroidia,Chitinophagales
bacteria and archaea,1091,4.14,4.79,4.36,-0.31,-0.18,0.35,-0.24,NA,NA,Acidobacteria,Vicinamibacteria,Vicinamibacterales
bacteria and archaea,1654,3.37,3.63,NA,-0.22,-0.13,0.35,-0.09,NA,NA,Chloroflexi,KD4-96,NA
bacteria and archaea,1662,3.34,2.66,2.09,-0.28,-0.03,0.34,-0.4,NA,NA,Chloroflexi,P2-11E,NA
bacteria and archaea,1158,3.19,3.03,3.14,-0.47,-0.37,0.34,-0.27,Candidatus Solibacter,Solibacteraceae,Acidobacteria,Acidobacteriae,Solibacterales
bacteria and archaea,464,3.17,3.01,2.54,-0.18,-0.05,0.34,-0.17,Candidatus Xiphinematobacter,Xiphinematobacteraceae,Verrucomicrobiota,Verrucomicrobiae,Chthoniobacterales
bacteria and archaea,1087,3.61,3.9,NA,-0.14,0.09,0.34,-0.08,NA,NA,Acidobacteria,Vicinamibacteria,Vicinamibacterales
bacteria and archaea,608,3.32,3.45,2.94,-0.28,-0.13,0.34,-0.17,NA,NA,Proteobacteria,Alphaproteobacteria,Elsterales
bacteria and archaea,21,3.29,3.96,NA,-0.35,-0.32,0.34,-0.14,NA,NA,Actinobacteria,MB-A2-108,NA
bacteria and archaea,576,3.11,3.29,2.86,-0.26,-0.06,0.34,-0.27,NA,Nitrososphaeraceae,Crenarchaeota,Nitrososphaeria,Nitrososphaerales
bacteria and archaea,56,4.65,4.52,4.13,-0.35,-0.26,0.34,-0.44,NA,NA,Methylomirabilota,Methylomirabilia,Rokubacteriales
bacteria and archaea,1031,3.68,NA,NA,-0.43,-0.4,0.34,-0.38,NA,NA,Latescibacterota,NA,NA
bacteria and archaea,1480,3.6,4.04,3.81,-0.23,-0.06,0.34,-0.11,NA,Sporichthyaceae,Actinobacteria,Actinobacteria,Frankiales
bacteria and archaea,927,3.81,NA,NA,-0.14,-0.08,0.34,-0.14,Terrimonas,Chitinophagaceae,Bacteroidota,Bacteroidia,Chitinophagales
bacteria and archaea,1001,3.84,3.83,NA,-0.5,-0.44,0.34,-0.29,NA,Gemmatimonadaceae,Gemmatimonadota,Gemmatimonadetes,Gemmatimonadales
bacteria and archaea,647,4.22,4.46,4.12,-0.14,0.01,0.34,-0.34,Afipia,Xanthobacteraceae,Proteobacteria,Alphaproteobacteria,Rhizobiales
bacteria and archaea,1000,3.12,3.5,NA,-0.24,-0.01,0.34,-0.12,Gemmatimonas,Gemmatimonadaceae,Gemmatimonadota,Gemmatimonadetes,Gemmatimonadales
bacteria and archaea,115,3.42,3.49,NA,-0.18,-0.05,0.34,-0.24,Zavarzinella,Gemmataceae,Planctomycetota,Planctomycetes,Gemmatales
bacteria and archaea,1310,4.33,5.26,NA,-0.3,-0.21,0.34,-0.09,NA,NA,Actinobacteria,Thermoleophilia,Gaiellales
bacteria and archaea,1242,5.51,4.92,4.74,-0.37,-0.2,0.34,-0.42,NA,NA,Chloroflexi,AD3,NA
bacteria and archaea,1013,4.46,4.08,4.34,-0.19,-0.07,0.34,-0.14,Gemmatimonas,Gemmatimonadaceae,Gemmatimonadota,Gemmatimonadetes,Gemmatimonadales
bacteria and archaea,1536,4.3,3.43,NA,-0.26,-0.18,0.34,-0.2,NA,SC-I-84,Proteobacteria,Gammaproteobacteria,Burkholderiales
bacteria and archaea,1585,4.13,4.16,NA,-0.26,-0.27,0.34,-0.14,Mycobacterium,Mycobacteriaceae,Actinobacteria,Actinobacteria,Corynebacteriales
bacteria and archaea,505,5.59,4.98,4.85,-0.49,-0.41,0.34,-0.29,Candidatus Udaeobacter,Chthoniobacteraceae,Verrucomicrobiota,Verrucomicrobiae,Chthoniobacterales
bacteria and archaea,409,3.93,NA,NA,-0.41,-0.38,0.34,-0.2,NA,Pedosphaeraceae,Verrucomicrobiota,Verrucomicrobiae,Pedosphaerales
bacteria and archaea,1074,4.08,4.04,3.34,-0.37,-0.36,0.33,0.03,NA,NA,Acidobacteria,Subgroup 5,NA
bacteria and archaea,990,3.58,3.27,NA,-0.51,-0.44,0.33,-0.41,NA,Gemmatimonadaceae,Gemmatimonadota,Gemmatimonadetes,Gemmatimonadales
bacteria and archaea,20,3.73,3.66,3.69,-0.31,-0.22,0.33,-0.21,Acidothermus,Acidothermaceae,Actinobacteria,Actinobacteria,Frankiales
bacteria and archaea,563,3.63,NA,NA,-0.4,-0.4,0.33,0.06,Haliangium,Haliangiaceae,Myxococcota,Polyangia,Haliangiales
bacteria and archaea,7,3.53,3.21,2.94,-0.19,-0.02,0.33,-0.14,NA,Anaerolineaceae,Chloroflexi,Anaerolineae,Anaerolineales
bacteria and archaea,1650,3.76,3.33,NA,-0.28,-0.17,0.33,NA,NA,NA,Acidobacteria,Blastocatellia,11-24
bacteria and archaea,930,3.37,2.54,NA,-0.45,-0.33,0.33,-0.15,NA,Chitinophagaceae,Bacteroidota,Bacteroidia,Chitinophagales
bacteria and archaea,1600,4.13,3.9,3.09,-0.19,0,0.33,-0.13,Kibdelosporangium,Pseudonocardiaceae,Actinobacteria,Actinobacteria,Pseudonocardiales
bacteria and archaea,717,4.35,3.94,NA,-0.16,-0.09,0.33,-0.28,Aminobacter,Rhizobiaceae,Proteobacteria,Alphaproteobacteria,Rhizobiales
bacteria and archaea,454,4.05,NA,NA,-0.22,-0.18,0.33,-0.08,Candidatus Udaeobacter,Chthoniobacteraceae,Verrucomicrobiota,Verrucomicrobiae,Chthoniobacterales
bacteria and archaea,1345,2.86,3.3,3.18,-0.07,0.18,0.33,-0.25,NA,NA,Actinobacteria,Thermoleophilia,Gaiellales
bacteria and archaea,749,3.09,3.43,NA,-0.3,-0.21,0.33,NA,Nordella,Rhizobiales Incertae Sedis,Proteobacteria,Alphaproteobacteria,Rhizobiales
bacteria and archaea,461,3.35,3.43,NA,-0.34,-0.26,0.33,0.09,NA,Verrucomicrobiaceae,Verrucomicrobiota,Verrucomicrobiae,Verrucomicrobiales
bacteria and archaea,1549,3.71,3.43,3.33,-0.24,-0.14,0.33,-0.06,NA,A21b,Proteobacteria,Gammaproteobacteria,Burkholderiales
bacteria and archaea,1258,3.68,4.38,NA,-0.21,-0.11,0.33,NA,Conexibacter,Solirubrobacteraceae,Actinobacteria,Thermoleophilia,Solirubrobacterales
bacteria and archaea,1163,3.97,3.63,3.94,-0.3,-0.17,0.33,-0.35,Candidatus Solibacter,Solibacteraceae,Acidobacteria,Acidobacteriae,Solibacterales
bacteria and archaea,413,3.79,3.33,NA,-0.34,-0.24,0.33,-0.2,NA,Pedosphaeraceae,Verrucomicrobiota,Verrucomicrobiae,Pedosphaerales
bacteria and archaea,1119,3.98,3.86,3.74,-0.47,-0.4,0.33,-0.32,NA,NA,Acidobacteria,Vicinamibacteria,Vicinamibacterales
bacteria and archaea,1641,3.35,4.14,NA,-0.19,-0.07,0.33,NA,NA,NA,Chloroflexi,Dehalococcoidia,S085
bacteria and archaea,79,3.66,3.96,3.13,-0.3,-0.15,0.33,-0.01,NA,BIrii41,Myxococcota,Polyangia,Polyangiales
bacteria and archaea,584,4.32,4.3,NA,-0.35,-0.2,0.33,-0.24,NA,NA,Planctomycetota,Planctomycetes,Planctomycetales
bacteria and archaea,487,3.37,4.47,NA,-0.15,-0.05,0.32,NA,Candidatus Udaeobacter,Chthoniobacteraceae,Verrucomicrobiota,Verrucomicrobiae,Chthoniobacterales
bacteria and archaea,1598,3.26,4.51,NA,-0.27,-0.16,0.32,NA,Lechevalieria,Pseudonocardiaceae,Actinobacteria,Actinobacteria,Pseudonocardiales
bacteria and archaea,1660,3.47,4.22,3.14,-0.34,-0.26,0.32,-0.24,NA,NA,Chloroflexi,KD4-96,NA
bacteria and archaea,1101,4.09,4.32,3.04,-0.33,-0.21,0.32,-0.42,NA,NA,Acidobacteria,Vicinamibacteria,Vicinamibacterales
bacteria and archaea,455,3.74,4.22,3.01,-0.35,-0.2,0.32,-0.31,Candidatus Udaeobacter,Chthoniobacteraceae,Verrucomicrobiota,Verrucomicrobiae,Chthoniobacterales
bacteria and archaea,1479,3.91,4.53,3.86,-0.26,-0.04,0.32,-0.35,Blastococcus,Geodermatophilaceae,Actinobacteria,Actinobacteria,Frankiales
bacteria and archaea,715,3.28,2.84,3.09,-0.39,-0.27,0.31,-0.33,NA,Rhizobiales Incertae Sedis,Proteobacteria,Alphaproteobacteria,Rhizobiales
bacteria and archaea,1410,4.47,3.36,NA,-0.28,-0.23,0.31,NA,GOUTA6,Nitrosomonadaceae,Proteobacteria,Gammaproteobacteria,Burkholderiales
bacteria and archaea,276,5.34,4.66,3.76,-0.41,-0.31,0.31,-0.22,NA,NA,Cyanobacteria,Cyanobacteriia,Chloroplast
bacteria and archaea,1007,4.67,4.55,4.2,-0.24,0.04,0.31,-0.38,Gemmatimonas,Gemmatimonadaceae,Gemmatimonadota,Gemmatimonadetes,Gemmatimonadales
bacteria and archaea,251,3.4,3.41,NA,-0.1,0.06,0.31,NA,NA,Micromonosporaceae,Actinobacteria,Actinobacteria,Micromonosporales
bacteria and archaea,301,4.66,4.26,4.05,-0.28,-0.07,0.31,-0.24,NA,Vicinamibacteraceae,Acidobacteria,Vicinamibacteria,Vicinamibacterales
bacteria and archaea,752,4.74,4.45,4.61,-0.16,-0.01,0.31,-0.06,Haliangium,Haliangiaceae,Myxococcota,Polyangia,Haliangiales
bacteria and archaea,1596,3.72,4.18,NA,-0.16,-0.01,0.31,-0.21,Pseudonocardia,Pseudonocardiaceae,Actinobacteria,Actinobacteria,Pseudonocardiales
bacteria and archaea,1571,3.81,3.64,3.46,-0.38,-0.23,0.3,-0.26,NA,A21b,Proteobacteria,Gammaproteobacteria,Burkholderiales
bacteria and archaea,94,3.61,NA,NA,-0.36,-0.34,0.3,-0.14,NA,WD2101 soil group,Planctomycetota,Phycisphaerae,Tepidisphaerales
bacteria and archaea,456,4.05,4.28,3,-0.33,-0.17,0.3,-0.31,Candidatus Udaeobacter,Chthoniobacteraceae,Verrucomicrobiota,Verrucomicrobiae,Chthoniobacterales
bacteria and archaea,837,4.39,4.33,4.17,-0.25,-0.18,0.3,0.03,Ellin6055,Sphingomonadaceae,Proteobacteria,Alphaproteobacteria,Sphingomonadales
bacteria and archaea,369,3.2,3.04,NA,-0.32,-0.21,0.3,-0.29,Gemmatimonas,Gemmatimonadaceae,Gemmatimonadota,Gemmatimonadetes,Gemmatimonadales
bacteria and archaea,591,3.44,3.09,2.77,-0.28,-0.24,0.3,0.11,NA,NA,Proteobacteria,Alphaproteobacteria,Rhizobiales
bacteria and archaea,1524,3.86,NA,NA,-0.4,-0.38,0.3,-0.24,NA,A21b,Proteobacteria,Gammaproteobacteria,Burkholderiales
bacteria and archaea,1547,3.3,3.37,NA,-0.54,-0.46,0.3,-0.29,NA,SC-I-84,Proteobacteria,Gammaproteobacteria,Burkholderiales
bacteria and archaea,1427,4.56,4.7,NA,-0.28,-0.23,0.3,-0.05,Piscinibacter,Comamonadaceae,Proteobacteria,Gammaproteobacteria,Burkholderiales
bacteria and archaea,1063,4.32,4.52,3.78,-0.08,0.17,0.3,-0.09,RB41,Pyrinomonadaceae,Acidobacteria,Blastocatellia,Pyrinomonadales
bacteria and archaea,889,3.11,3.1,2.99,-0.35,-0.31,0.3,-0.16,NA,NA,Proteobacteria,Alphaproteobacteria,NA
bacteria and archaea,1507,3.58,4.18,3.72,-0.25,0,0.3,-0.16,Actinocorallia,Thermomonosporaceae,Actinobacteria,Actinobacteria,Streptosporangiales
bacteria and archaea,70,3.24,3.34,NA,-0.33,-0.16,0.3,-0.08,Phaselicystis,Phaselicystidaceae,Myxococcota,Polyangia,Polyangiales
bacteria and archaea,285,3.37,NA,3.09,-0.26,-0.15,0.3,-0.16,NA,NA,Acidobacteria,Holophagae,Subgroup 7
bacteria and archaea,1587,4.41,NA,NA,-0.26,-0.25,0.3,0.13,Mycobacterium,Mycobacteriaceae,Actinobacteria,Actinobacteria,Corynebacteriales
bacteria and archaea,597,4.82,3.84,3.56,-0.47,-0.38,0.3,-0.4,NA,NA,Proteobacteria,Alphaproteobacteria,Elsterales
bacteria and archaea,1143,2.96,2.33,2.65,-0.15,0.02,0.3,-0.18,NA,Gimesiaceae,Planctomycetota,Planctomycetes,Planctomycetales
bacteria and archaea,287,4.01,NA,3.4,-0.4,-0.3,0.29,-0.16,NA,NA,Acidobacteria,Holophagae,Subgroup 7
bacteria and archaea,290,3.57,3.57,3.22,-0.11,0.16,0.29,-0.18,NA,NA,Acidobacteria,Holophagae,Subgroup 7
bacteria and archaea,257,4.75,NA,NA,-0.24,-0.15,0.29,NA,Opitutus,Opitutaceae,Verrucomicrobiota,Verrucomicrobiae,Opitutales
bacteria and archaea,1128,3.71,NA,NA,-0.21,-0.12,0.29,NA,NA,Gemmatimonadaceae,Gemmatimonadota,Gemmatimonadetes,Gemmatimonadales
bacteria and archaea,631,4.19,4.7,NA,-0.27,-0.17,0.29,-0.24,NA,Xanthobacteraceae,Proteobacteria,Alphaproteobacteria,Rhizobiales
bacteria and archaea,57,4.28,3.55,NA,-0.36,-0.32,0.29,-0.19,NA,NA,Methylomirabilota,Methylomirabilia,Rokubacteriales
bacteria and archaea,778,5.12,4.73,4.64,-0.35,-0.28,0.29,-0.42,NA,NA,Acidobacteria,Acidobacteriae,Acidobacteriales
bacteria and archaea,463,3.45,3.09,3.14,-0.17,-0.05,0.29,-0.03,Candidatus Xiphinematobacter,Xiphinematobacteraceae,Verrucomicrobiota,Verrucomicrobiae,Chthoniobacterales
bacteria and archaea,194,4.07,4.07,2.43,-0.38,-0.29,0.29,-0.1,NA,Mitochondria,Proteobacteria,Alphaproteobacteria,Rickettsiales
bacteria and archaea,1299,3.11,3.36,NA,-0.15,-0.08,0.29,-0.14,NA,67-14,Actinobacteria,Thermoleophilia,Solirubrobacterales
bacteria and archaea,1076,5.26,4.47,4.43,-0.42,-0.33,0.29,-0.37,NA,NA,Acidobacteria,Vicinamibacteria,Vicinamibacterales
bacteria and archaea,493,4.31,4.3,4.64,-0.26,-0.08,0.29,0.01,Candidatus Udaeobacter,Chthoniobacteraceae,Verrucomicrobiota,Verrucomicrobiae,Chthoniobacterales
bacteria and archaea,1100,3.78,4.1,3.31,-0.4,-0.4,0.29,-0.28,NA,NA,Acidobacteria,Vicinamibacteria,Vicinamibacterales
bacteria and archaea,671,3.45,3.28,3.22,-0.06,-0.02,0.29,-0.14,Acidisoma,Acetobacteraceae,Proteobacteria,Alphaproteobacteria,Acetobacterales
bacteria and archaea,1068,3.77,NA,NA,-0.28,-0.23,0.29,NA,NA,NA,Acidobacteria,Vicinamibacteria,Vicinamibacterales
bacteria and archaea,225,3.53,3.53,3.56,-0.21,-0.19,0.28,0.2,NA,NA,Actinobacteria,MB-A2-108,NA
bacteria and archaea,1127,3.49,4.06,3.62,-0.19,0.06,0.28,-0.26,NA,NA,Acidobacteria,Vicinamibacteria,Vicinamibacterales
bacteria and archaea,72,3.85,3.69,3.6,-0.38,-0.35,0.28,-0.23,Phaselicystis,Phaselicystidaceae,Myxococcota,Polyangia,Polyangiales
bacteria and archaea,398,3.15,3.16,2.71,0,0.18,0.28,-0.03,NA,NA,Acidobacteria,Acidobacteriae,Acidobacteriales
bacteria and archaea,9,3.23,2.83,2.57,-0.46,-0.47,0.28,-0.17,NA,NA,Latescibacterota,NA,NA
bacteria and archaea,1301,3.45,3.15,3.11,-0.33,-0.34,0.28,-0.17,Gaiella,Gaiellaceae,Actinobacteria,Thermoleophilia,Gaiellales
bacteria and archaea,191,3.39,2.94,3.23,-0.36,-0.29,0.28,-0.25,NA,NA,RCP2-54,NA,NA
bacteria and archaea,1653,3.97,3.78,3.33,-0.35,-0.21,0.28,-0.43,NA,NA,Chloroflexi,Gitt-GS-136,NA
bacteria and archaea,122,3.1,3.07,2.61,-0.13,-0.09,0.28,-0.15,NA,Gemmataceae,Planctomycetota,Planctomycetes,Gemmatales
bacteria and archaea,704,3.6,3.64,3.15,-0.34,-0.24,0.28,-0.2,Labrys,Labraceae,Proteobacteria,Alphaproteobacteria,Rhizobiales
bacteria and archaea,1188,2.83,3.7,NA,-0.18,-0.02,0.28,-0.2,NA,NA,Actinobacteria,Thermoleophilia,Gaiellales
bacteria and archaea,1371,3.5,2.86,2.77,-0.34,-0.23,0.28,-0.15,JG30a-KF-32,Ktedonobacteraceae,Chloroflexi,Ktedonobacteria,Ktedonobacterales
bacteria and archaea,1167,3.73,3.64,3.83,-0.51,-0.51,0.28,-0.2,Bryobacter,Bryobacteraceae,Acidobacteria,Acidobacteriae,Bryobacterales
bacteria and archaea,797,3.83,NA,NA,-0.11,-0.12,0.28,NA,NA,NA,Acidobacteria,Acidobacteriae,Acidobacteriales
bacteria and archaea,1107,4.31,4.49,3.72,-0.2,-0.17,0.28,-0.27,NA,NA,Acidobacteria,Vicinamibacteria,Vicinamibacterales
bacteria and archaea,447,2.9,2.93,2.08,-0.3,-0.19,0.27,-0.23,Chthoniobacter,Chthoniobacteraceae,Verrucomicrobiota,Verrucomicrobiae,Chthoniobacterales
bacteria and archaea,406,3.76,3.25,NA,-0.1,0.04,0.27,-0.15,Ellin517,Pedosphaeraceae,Verrucomicrobiota,Verrucomicrobiae,Pedosphaerales
bacteria and archaea,77,3.43,4.17,NA,-0.16,-0.19,0.27,NA,NA,BIrii41,Myxococcota,Polyangia,Polyangiales
bacteria and archaea,1086,3.91,4.04,NA,-0.12,-0.02,0.27,NA,NA,NA,Acidobacteria,Vicinamibacteria,Vicinamibacterales
bacteria and archaea,604,3.65,3.72,2.97,-0.02,0.19,0.27,-0.19,NA,NA,Proteobacteria,Alphaproteobacteria,Elsterales
bacteria and archaea,119,3.44,NA,NA,-0.05,0.09,0.27,-0.08,Zavarzinella,Gemmataceae,Planctomycetota,Planctomycetes,Gemmatales
bacteria and archaea,622,3.72,3.35,2.89,-0.31,-0.32,0.27,-0.27,NA,Xanthobacteraceae,Proteobacteria,Alphaproteobacteria,Rhizobiales
bacteria and archaea,1416,3.26,4.33,NA,-0.39,-0.31,0.27,0.02,Kribbella,Nocardioidaceae,Actinobacteria,Actinobacteria,Propionibacteriales
bacteria and archaea,1067,4.38,4.95,4.31,-0.08,0.06,0.27,-0.01,RB41,Pyrinomonadaceae,Acidobacteria,Blastocatellia,Pyrinomonadales
bacteria and archaea,333,3.53,NA,NA,-0.26,-0.18,0.27,-0.24,NA,NA,RCP2-54,NA,NA
bacteria and archaea,307,4,4.74,NA,-0.4,-0.27,0.27,-0.3,NA,Vicinamibacteraceae,Acidobacteria,Vicinamibacteria,Vicinamibacterales
bacteria and archaea,24,2.88,2.98,2.6,-0.21,-0.13,0.27,-0.19,NA,NA,Actinobacteria,Acidimicrobiia,Microtrichales
bacteria and archaea,1450,4.02,4.2,4.23,-0.14,0,0.27,-0.06,Noviherbaspirillum,Oxalobacteraceae,Proteobacteria,Gammaproteobacteria,Burkholderiales
bacteria and archaea,1535,3.81,3.31,2.81,-0.35,-0.24,0.27,-0.2,IS-44,Nitrosomonadaceae,Proteobacteria,Gammaproteobacteria,Burkholderiales
bacteria and archaea,628,4.15,4.45,3.96,-0.19,-0.13,0.27,-0.2,Rhodoplanes,Xanthobacteraceae,Proteobacteria,Alphaproteobacteria,Rhizobiales
bacteria and archaea,43,4.61,NA,NA,-0.29,-0.24,0.27,0.09,NA,WD2101 soil group,Planctomycetota,Phycisphaerae,Tepidisphaerales
bacteria and archaea,1017,3.93,4.42,NA,-0.19,-0.09,0.27,-0.16,Gemmatimonas,Gemmatimonadaceae,Gemmatimonadota,Gemmatimonadetes,Gemmatimonadales
bacteria and archaea,999,3.18,3.81,NA,-0.1,0.02,0.27,-0.25,Gemmatimonas,Gemmatimonadaceae,Gemmatimonadota,Gemmatimonadetes,Gemmatimonadales
bacteria and archaea,730,4.1,3.97,4.16,-0.07,0.04,0.27,-0.16,NA,Micropepsaceae,Proteobacteria,Alphaproteobacteria,Micropepsales
bacteria and archaea,1425,4.34,4.16,3.87,-0.14,0.02,0.26,-0.24,Rhizobacter,Comamonadaceae,Proteobacteria,Gammaproteobacteria,Burkholderiales
bacteria and archaea,1465,4.24,NA,NA,-0.45,-0.41,0.26,-0.09,NA,Microbacteriaceae,Actinobacteria,Actinobacteria,Micrococcales
bacteria and archaea,981,4.97,5.16,4.7,-0.23,0.03,0.26,-0.43,NA,Gemmatimonadaceae,Gemmatimonadota,Gemmatimonadetes,Gemmatimonadales
bacteria and archaea,1043,3.98,NA,NA,-0.21,-0.19,0.26,0.06,RB41,Pyrinomonadaceae,Acidobacteria,Blastocatellia,Pyrinomonadales
bacteria and archaea,567,3.84,3.92,3.34,-0.08,0.12,0.26,-0.28,Haliangium,Haliangiaceae,Myxococcota,Polyangia,Haliangiales
bacteria and archaea,1505,3.02,3.35,NA,-0.03,0.06,0.26,-0.09,Crossiella,Pseudonocardiaceae,Actinobacteria,Actinobacteria,Pseudonocardiales
bacteria and archaea,1554,3.18,3.05,NA,-0.39,-0.23,0.26,-0.25,Ellin6067,Nitrosomonadaceae,Proteobacteria,Gammaproteobacteria,Burkholderiales
bacteria and archaea,1550,3.45,3.69,2.96,0,0.16,0.26,-0.17,NA,A21b,Proteobacteria,Gammaproteobacteria,Burkholderiales
bacteria and archaea,416,3.89,3.78,3.18,-0.39,-0.47,0.26,-0.18,ADurb.Bin063-1,Pedosphaeraceae,Verrucomicrobiota,Verrucomicrobiae,Pedosphaerales
bacteria and archaea,518,3.99,4.48,NA,-0.04,0.12,0.26,NA,Candidatus Udaeobacter,Chthoniobacteraceae,Verrucomicrobiota,Verrucomicrobiae,Chthoniobacterales
bacteria and archaea,193,4.31,3.53,3.4,-0.41,-0.33,0.26,-0.35,NA,NA,RCP2-54,NA,NA
bacteria and archaea,539,3.11,3.32,2.76,-0.1,-0.01,0.26,-0.21,NA,WD2101 soil group,Planctomycetota,Phycisphaerae,Tepidisphaerales
bacteria and archaea,1036,4.33,4.57,3.69,-0.31,-0.21,0.26,-0.3,RB41,Pyrinomonadaceae,Acidobacteria,Blastocatellia,Pyrinomonadales
bacteria and archaea,675,3.62,3.72,3.26,-0.06,0.12,0.26,-0.28,NA,Acetobacteraceae,Proteobacteria,Alphaproteobacteria,Acetobacterales
bacteria and archaea,270,3.66,NA,NA,-0.21,-0.17,0.26,NA,NA,Roseiflexaceae,Chloroflexi,Chloroflexia,Chloroflexales
bacteria and archaea,1647,3.9,3.08,2.28,-0.48,-0.41,0.25,-0.36,NA,Microscillaceae,Bacteroidota,Bacteroidia,Cytophagales
bacteria and archaea,1108,5.39,5.15,4.69,-0.2,-0.15,0.25,-0.1,NA,NA,Acidobacteria,Vicinamibacteria,Vicinamibacterales
bacteria and archaea,726,3.27,3.81,2.71,-0.28,-0.15,0.25,-0.31,NA,Micropepsaceae,Proteobacteria,Alphaproteobacteria,Micropepsales
bacteria and archaea,375,3.46,3.56,3.48,-0.18,-0.02,0.25,-0.18,Gemmatimonas,Gemmatimonadaceae,Gemmatimonadota,Gemmatimonadetes,Gemmatimonadales
bacteria and archaea,1614,3.14,3.44,NA,-0.12,0,0.25,0.14,Nocardioides,Nocardioidaceae,Actinobacteria,Actinobacteria,Propionibacteriales
bacteria and archaea,525,5.81,5.29,5.15,-0.17,-0.12,0.25,-0.3,Candidatus Udaeobacter,Chthoniobacteraceae,Verrucomicrobiota,Verrucomicrobiae,Chthoniobacterales
bacteria and archaea,1568,2.81,3.75,NA,-0.26,-0.19,0.25,-0.16,NA,SC-I-84,Proteobacteria,Gammaproteobacteria,Burkholderiales
bacteria and archaea,515,3.64,4.42,NA,0.03,0.15,0.25,NA,Candidatus Udaeobacter,Chthoniobacteraceae,Verrucomicrobiota,Verrucomicrobiae,Chthoniobacterales
bacteria and archaea,581,4.74,2.77,NA,-0.25,-0.33,0.25,-0.25,NA,NA,Planctomycetota,Planctomycetes,Planctomycetales
bacteria and archaea,1368,3.7,3.42,2.87,-0.41,-0.26,0.25,-0.37,NA,NA,Chloroflexi,AD3,NA
bacteria and archaea,583,3.6,3.83,2.83,-0.32,-0.16,0.25,-0.28,NA,NA,Planctomycetota,Planctomycetes,Planctomycetales
bacteria and archaea,1179,4.28,4.39,4.23,-0.29,-0.12,0.25,-0.37,Candidatus Solibacter,Solibacteraceae,Acidobacteria,Acidobacteriae,Solibacterales
bacteria and archaea,145,3.44,3.66,NA,-0.29,-0.36,0.25,NA,NA,Gemmataceae,Planctomycetota,Planctomycetes,Gemmatales
bacteria and archaea,1351,3.77,4.23,4.11,-0.35,-0.22,0.25,-0.21,NA,NA,Actinobacteria,Thermoleophilia,Gaiellales
bacteria and archaea,444,3.95,4.03,3.14,-0.3,-0.28,0.25,-0.11,NA,Pedosphaeraceae,Verrucomicrobiota,Verrucomicrobiae,Pedosphaerales
bacteria and archaea,571,3.26,3.4,NA,-0.02,0.07,0.25,-0.2,Haliangium,Haliangiaceae,Myxococcota,Polyangia,Haliangiales
bacteria and archaea,593,4.4,4.13,3.76,-0.34,-0.15,0.25,-0.37,NA,URHD0088,Proteobacteria,Alphaproteobacteria,Elsterales
bacteria and archaea,1657,4.34,4.65,3.77,-0.38,-0.3,0.25,-0.23,NA,NA,Chloroflexi,KD4-96,NA
bacteria and archaea,693,3.84,3.14,3.04,-0.19,-0.12,0.25,-0.13,Phenylobacterium,Caulobacteraceae,Proteobacteria,Alphaproteobacteria,Caulobacterales
bacteria and archaea,372,3.33,3.48,3.67,-0.18,-0.04,0.25,-0.5,Gemmatimonas,Gemmatimonadaceae,Gemmatimonadota,Gemmatimonadetes,Gemmatimonadales
bacteria and archaea,158,2.38,3.44,3.61,-0.08,0,0.24,-0.23,NA,Gemmataceae,Planctomycetota,Planctomycetes,Gemmatales
bacteria and archaea,774,3.32,3.1,2.85,-0.24,-0.1,0.24,-0.29,Pirellula,Pirellulaceae,Planctomycetota,Planctomycetes,Pirellulales
bacteria and archaea,472,4.71,4.19,NA,-0.23,-0.15,0.24,-0.16,Candidatus Udaeobacter,Chthoniobacteraceae,Verrucomicrobiota,Verrucomicrobiae,Chthoniobacterales
bacteria and archaea,558,3.41,3.45,3.04,-0.21,-0.16,0.24,-0.14,NA,NA,Acidobacteria,Vicinamibacteria,Vicinamibacterales
bacteria and archaea,137,3.61,3.4,NA,-0.16,-0.08,0.24,-0.08,NA,Gemmataceae,Planctomycetota,Planctomycetes,Gemmatales
bacteria and archaea,602,3.75,3.83,3.51,-0.28,-0.28,0.24,-0.2,NA,NA,Proteobacteria,Alphaproteobacteria,Elsterales
bacteria and archaea,658,4.75,4.85,4.15,-0.29,-0.07,0.24,-0.44,Afipia,Xanthobacteraceae,Proteobacteria,Alphaproteobacteria,Rhizobiales
bacteria and archaea,306,3.52,3.82,3.88,-0.13,-0.06,0.24,-0.16,NA,Vicinamibacteraceae,Acidobacteria,Vicinamibacteria,Vicinamibacterales
bacteria and archaea,763,4.09,3.99,NA,-0.18,-0.09,0.24,-0.08,Rhodanobacter,Rhodanobacteraceae,Proteobacteria,Gammaproteobacteria,Xanthomonadales
bacteria and archaea,126,3.3,3.33,NA,-0.17,-0.04,0.24,-0.15,NA,Gemmataceae,Planctomycetota,Planctomycetes,Gemmatales
bacteria and archaea,479,3.57,4.19,NA,-0.22,-0.1,0.24,-0.21,Chthoniobacter,Chthoniobacteraceae,Verrucomicrobiota,Verrucomicrobiae,Chthoniobacterales
bacteria and archaea,776,3.11,3.06,3.5,-0.11,-0.14,0.24,0.02,Acidipila,Acidobacteriaceae (Subgroup 1),Acidobacteria,Acidobacteriae,Acidobacteriales
bacteria and archaea,33,4.19,4.56,4.01,-0.08,0.14,0.24,-0.2,Pseudonocardia,Pseudonocardiaceae,Actinobacteria,Actinobacteria,Pseudonocardiales
bacteria and archaea,714,3.59,4.12,3.81,-0.21,-0.14,0.24,-0.19,Methylocapsa,Beijerinckiaceae,Proteobacteria,Alphaproteobacteria,Rhizobiales
bacteria and archaea,1061,3.76,3.96,NA,-0.15,0.02,0.24,-0.05,RB41,Pyrinomonadaceae,Acidobacteria,Blastocatellia,Pyrinomonadales
bacteria and archaea,732,3.71,3.29,3.4,-0.35,-0.31,0.24,-0.32,NA,KF-JG30-B3,Proteobacteria,Alphaproteobacteria,Rhizobiales
bacteria and archaea,245,2.34,3.04,2.72,-0.21,-0.01,0.24,-0.32,NA,NA,Actinobacteria,MB-A2-108,NA
bacteria and archaea,429,6.4,6.3,5.96,-0.26,-0.1,0.24,-0.37,Candidatus Udaeobacter,Chthoniobacteraceae,Verrucomicrobiota,Verrucomicrobiae,Chthoniobacterales
bacteria and archaea,1274,4.18,4.52,4.19,-0.07,-0.01,0.23,-0.11,NA,Solirubrobacteraceae,Actinobacteria,Thermoleophilia,Solirubrobacterales
bacteria and archaea,1065,4.37,NA,NA,-0.26,-0.19,0.23,-0.23,RB41,Pyrinomonadaceae,Acidobacteria,Blastocatellia,Pyrinomonadales
bacteria and archaea,1559,4.41,NA,NA,-0.32,-0.26,0.23,-0.26,Ellin6067,Nitrosomonadaceae,Proteobacteria,Gammaproteobacteria,Burkholderiales
bacteria and archaea,680,3.25,3.73,2.77,-0.22,-0.15,0.23,-0.19,Pseudolabrys,Xanthobacteraceae,Proteobacteria,Alphaproteobacteria,Rhizobiales
bacteria and archaea,1014,NA,3.95,NA,-0.05,0.15,0.23,NA,Gemmatimonas,Gemmatimonadaceae,Gemmatimonadota,Gemmatimonadetes,Gemmatimonadales
bacteria and archaea,833,NA,3.66,NA,-0.08,0.11,0.23,NA,Novosphingobium,Sphingomonadaceae,Proteobacteria,Alphaproteobacteria,Sphingomonadales
bacteria and archaea,1328,NA,4.05,NA,-0.05,0.16,0.23,NA,NA,NA,Actinobacteria,Thermoleophilia,Gaiellales
bacteria and archaea,1016,3.94,NA,NA,0,0.13,0.23,-0.14,Gemmatimonas,Gemmatimonadaceae,Gemmatimonadota,Gemmatimonadetes,Gemmatimonadales
bacteria and archaea,1296,4.08,3.87,NA,-0.05,0.07,0.23,0.02,NA,67-14,Actinobacteria,Thermoleophilia,Solirubrobacterales
bacteria and archaea,205,4.2,4.69,4.06,-0.12,0.05,0.23,-0.08,NA,Micromonosporaceae,Actinobacteria,Actinobacteria,Micromonosporales
bacteria and archaea,923,4,4.4,4.3,-0.13,-0.01,0.23,-0.02,NA,Chitinophagaceae,Bacteroidota,Bacteroidia,Chitinophagales
bacteria and archaea,1619,5.04,5.02,4.56,-0.17,0.07,0.23,-0.33,NA,NA,Chloroflexi,KD4-96,NA
bacteria and archaea,1533,2.84,3.52,2.46,-0.42,-0.28,0.23,-0.39,NA,NA,Proteobacteria,Gammaproteobacteria,Burkholderiales
bacteria and archaea,465,3.24,3.12,NA,-0.14,0.06,0.23,-0.07,LD29,Chthoniobacteraceae,Verrucomicrobiota,Verrucomicrobiae,Chthoniobacterales
bacteria and archaea,1008,4.28,4.42,NA,-0.12,-0.01,0.23,-0.08,Gemmatimonas,Gemmatimonadaceae,Gemmatimonadota,Gemmatimonadetes,Gemmatimonadales
bacteria and archaea,271,3.43,3.56,NA,-0.07,0.04,0.23,-0.01,NA,Roseiflexaceae,Chloroflexi,Chloroflexia,Chloroflexales
bacteria and archaea,960,NA,4.17,NA,-0.18,NA,0.23,-0.2,Ferruginibacter,Chitinophagaceae,Bacteroidota,Bacteroidia,Chitinophagales
bacteria and archaea,1073,3.52,3.21,NA,-0.39,-0.29,0.23,-0.07,NA,NA,Acidobacteria,Subgroup 5,NA
bacteria and archaea,911,4.63,4.67,4.32,-0.14,-0.09,0.23,-0.06,NA,Chitinophagaceae,Bacteroidota,Bacteroidia,Chitinophagales
bacteria and archaea,648,3.09,NA,NA,-0.09,-0.04,0.23,-0.13,Bradyrhizobium,Xanthobacteraceae,Proteobacteria,Alphaproteobacteria,Rhizobiales
bacteria and archaea,1285,3.22,3.94,NA,-0.07,0.09,0.23,NA,Conexibacter,Solirubrobacteraceae,Actinobacteria,Thermoleophilia,Solirubrobacterales
bacteria and archaea,192,3.92,3.38,3.29,-0.28,-0.19,0.23,-0.24,NA,NA,RCP2-54,NA,NA
bacteria and archaea,1383,2.86,2.8,NA,-0.11,-0.05,0.23,0.05,NA,NA,Armatimonadota,NA,NA
bacteria and archaea,1579,3.69,3.74,NA,-0.25,-0.11,0.23,-0.15,MND1,Nitrosomonadaceae,Proteobacteria,Gammaproteobacteria,Burkholderiales
bacteria and archaea,1270,3.26,3.43,NA,-0.11,0.07,0.23,0.12,NA,67-14,Actinobacteria,Thermoleophilia,Solirubrobacterales
bacteria and archaea,1562,4.43,4.19,4.29,-0.19,-0.03,0.22,-0.15,Ellin6067,Nitrosomonadaceae,Proteobacteria,Gammaproteobacteria,Burkholderiales
bacteria and archaea,427,4.98,4.93,4,-0.23,-0.13,0.22,-0.23,Candidatus Udaeobacter,Chthoniobacteraceae,Verrucomicrobiota,Verrucomicrobiae,Chthoniobacterales
bacteria and archaea,23,4.02,3.66,NA,-0.1,0.02,0.22,-0.07,NA,NA,Actinobacteria,Acidimicrobiia,Microtrichales
bacteria and archaea,303,2.38,2.96,3.07,-0.09,0.07,0.22,-0.27,Vicinamibacter,Vicinamibacteraceae,Acidobacteria,Vicinamibacteria,Vicinamibacterales
bacteria and archaea,611,3.85,4.15,3.75,-0.1,0.02,0.22,-0.22,NA,Xanthobacteraceae,Proteobacteria,Alphaproteobacteria,Rhizobiales
bacteria and archaea,208,3.86,3.8,3.9,-0.08,0.06,0.22,-0.11,Actinoplanes,Micromonosporaceae,Actinobacteria,Actinobacteria,Micromonosporales
bacteria and archaea,1117,4.17,3.69,3.26,-0.17,-0.15,0.22,-0.06,NA,NA,Acidobacteria,Vicinamibacteria,Vicinamibacterales
bacteria and archaea,1104,4.99,4.83,4.36,-0.33,-0.11,0.22,-0.39,NA,NA,Acidobacteria,Vicinamibacteria,Vicinamibacterales
bacteria and archaea,600,3.73,3.59,3.64,-0.27,-0.09,0.22,-0.37,NA,NA,Proteobacteria,Alphaproteobacteria,Elsterales
bacteria and archaea,1504,5.43,5.85,5.22,-0.01,0.23,0.22,-0.25,Blastococcus,Geodermatophilaceae,Actinobacteria,Actinobacteria,Frankiales
bacteria and archaea,124,3.03,3.24,NA,-0.25,-0.16,0.22,-0.14,NA,Gemmataceae,Planctomycetota,Planctomycetes,Gemmatales
bacteria and archaea,1394,3.88,3.33,3.47,-0.23,-0.2,0.22,0.02,NA,67-14,Actinobacteria,Thermoleophilia,Solirubrobacterales
bacteria and archaea,1191,NA,3.35,NA,-0.07,0.14,0.22,NA,JGI 0001001-H03,Blastocatellaceae,Acidobacteria,Blastocatellia,Blastocatellales
bacteria and archaea,1051,3.37,3.05,3.04,-0.18,0.04,0.22,0,RB41,Pyrinomonadaceae,Acidobacteria,Blastocatellia,Pyrinomonadales
bacteria and archaea,274,5.29,NA,4.36,-0.34,-0.39,0.22,-0.16,NA,NA,Cyanobacteria,Cyanobacteriia,Chloroplast
bacteria and archaea,389,NA,3.46,NA,-0.18,NA,0.22,-0.19,NA,NA,Acidobacteria,Acidobacteriae,Acidobacteriales
bacteria and archaea,424,3.44,3.37,2.89,-0.31,-0.21,0.22,-0.16,Chthoniobacter,Chthoniobacteraceae,Verrucomicrobiota,Verrucomicrobiae,Chthoniobacterales
bacteria and archaea,1488,4.1,4.59,4.13,-0.22,-0.06,0.22,-0.2,Kineosporia,Kineosporiaceae,Actinobacteria,Actinobacteria,Kineosporiales
bacteria and archaea,215,3.5,3.54,NA,-0.03,0.12,0.22,-0.14,Actinoplanes,Micromonosporaceae,Actinobacteria,Actinobacteria,Micromonosporales
bacteria and archaea,541,3.93,3.55,NA,-0.13,0.07,0.22,-0.13,Chthoniobacter,Chthoniobacteraceae,Verrucomicrobiota,Verrucomicrobiae,Chthoniobacterales
bacteria and archaea,266,3.2,NA,NA,-0.37,-0.4,0.22,0.01,Lacunisphaera,Opitutaceae,Verrucomicrobiota,Verrucomicrobiae,Opitutales
bacteria and archaea,64,3.12,2.48,2.3,-0.25,-0.24,0.22,-0.24,NA,Sandaracinaceae,Myxococcota,Polyangia,Polyangiales
bacteria and archaea,1490,2.87,3.48,3.64,-0.1,0.08,0.22,-0.18,Angustibacter,Kineosporiaceae,Actinobacteria,Actinobacteria,Kineosporiales
bacteria and archaea,943,3.75,3.74,NA,-0.23,-0.22,0.22,-0.13,Terrimonas,Chitinophagaceae,Bacteroidota,Bacteroidia,Chitinophagales
bacteria and archaea,545,2.89,2.97,2.82,-0.11,0.11,0.22,-0.24,NA,WD2101 soil group,Planctomycetota,Phycisphaerae,Tepidisphaerales
bacteria and archaea,39,3.41,3.64,2.67,-0.01,0.22,0.22,-0.12,NA,WD2101 soil group,Planctomycetota,Phycisphaerae,Tepidisphaerales
bacteria and archaea,85,3.74,4.02,3.53,-0.19,-0.12,0.22,-0.21,NA,WD2101 soil group,Planctomycetota,Phycisphaerae,Tepidisphaerales
bacteria and archaea,1518,3.94,NA,3.5,-0.28,-0.19,0.22,-0.25,NA,A21b,Proteobacteria,Gammaproteobacteria,Burkholderiales
bacteria and archaea,1651,3.89,3.59,3.02,-0.34,-0.33,0.22,-0.21,NA,NA,Acidobacteria,Blastocatellia,11-24
bacteria and archaea,972,3.37,3.91,NA,-0.15,0.02,0.22,0.07,NA,Gemmatimonadaceae,Gemmatimonadota,Gemmatimonadetes,Gemmatimonadales
bacteria and archaea,1483,4.02,4.19,4,0,0.18,0.22,-0.2,Crossiella,Pseudonocardiaceae,Actinobacteria,Actinobacteria,Pseudonocardiales
bacteria and archaea,1028,3.67,NA,NA,-0.09,-0.05,0.22,-0.14,Gemmatimonas,Gemmatimonadaceae,Gemmatimonadota,Gemmatimonadetes,Gemmatimonadales
bacteria and archaea,185,4.1,3.58,3.93,-0.19,-0.13,0.22,-0.24,Reyranella,Reyranellaceae,Proteobacteria,Alphaproteobacteria,Reyranellales
bacteria and archaea,579,3.97,4.45,3.4,-0.04,0.29,0.22,-0.15,Candidatus Nitrocosmicus,Nitrososphaeraceae,Crenarchaeota,Nitrososphaeria,Nitrososphaerales
bacteria and archaea,1514,4.47,4.08,3.63,-0.28,-0.13,0.21,-0.26,NA,TRA3-20,Proteobacteria,Gammaproteobacteria,Burkholderiales
bacteria and archaea,851,4.1,4.49,3.85,-0.12,0.03,0.21,-0.06,Subgroup 10,Thermoanaerobaculaceae,Acidobacteria,Thermoanaerobaculia,Thermoanaerobaculales
bacteria and archaea,939,2.83,4.08,NA,-0.2,-0.15,0.21,-0.04,Terrimonas,Chitinophagaceae,Bacteroidota,Bacteroidia,Chitinophagales
bacteria and archaea,985,3.01,3.12,2.62,-0.2,-0.02,0.21,-0.39,Gemmatimonas,Gemmatimonadaceae,Gemmatimonadota,Gemmatimonadetes,Gemmatimonadales
bacteria and archaea,1238,3.74,4,3.67,-0.23,0,0.21,-0.4,NA,NA,Actinobacteria,Acidimicrobiia,IMCC26256
bacteria and archaea,537,3.93,3.79,3.32,0.01,0.16,0.21,0.02,NA,WD2101 soil group,Planctomycetota,Phycisphaerae,Tepidisphaerales
bacteria and archaea,1575,3.4,NA,3.47,-0.05,0,0.21,-0.16,Ellin6067,Nitrosomonadaceae,Proteobacteria,Gammaproteobacteria,Burkholderiales
bacteria and archaea,586,3.07,3.27,3.06,-0.26,-0.29,0.21,-0.15,NA,AKYH767,Bacteroidota,Bacteroidia,Sphingobacteriales
bacteria and archaea,1476,3,2.64,NA,-0.09,-0.02,0.21,-0.02,NA,Sporichthyaceae,Actinobacteria,Actinobacteria,Frankiales
bacteria and archaea,711,3.5,3.39,2.54,-0.34,-0.26,0.21,-0.03,Pseudaminobacter,Rhizobiaceae,Proteobacteria,Alphaproteobacteria,Rhizobiales
bacteria and archaea,719,3.88,4.62,3.83,-0.1,0.09,0.21,-0.22,NA,Micropepsaceae,Proteobacteria,Alphaproteobacteria,Micropepsales
bacteria and archaea,1199,4.1,4.37,4.03,-0.16,-0.04,0.21,-0.2,JGI 0001001-H03,Blastocatellaceae,Acidobacteria,Blastocatellia,Blastocatellales
bacteria and archaea,253,3.09,3.94,NA,-0.08,0.06,0.21,NA,NA,Mitochondria,Proteobacteria,Alphaproteobacteria,Rickettsiales
bacteria and archaea,641,4.05,3.72,NA,-0.14,-0.04,0.21,-0.11,Psychroglaciecola,Beijerinckiaceae,Proteobacteria,Alphaproteobacteria,Rhizobiales
bacteria and archaea,243,4.96,4.04,3.78,-0.39,-0.45,0.21,-0.22,NA,NA,Acidobacteria,Acidobacteriae,Subgroup 2
bacteria and archaea,1048,3.33,NA,NA,0.14,0.26,0.21,NA,RB41,Pyrinomonadaceae,Acidobacteria,Blastocatellia,Pyrinomonadales
bacteria and archaea,1252,3.66,NA,NA,-0.06,0.06,0.21,NA,NA,67-14,Actinobacteria,Thermoleophilia,Solirubrobacterales
bacteria and archaea,214,3.71,NA,NA,0.03,0.12,0.21,NA,Actinoplanes,Micromonosporaceae,Actinobacteria,Actinobacteria,Micromonosporales
bacteria and archaea,1206,3.99,4.05,NA,-0.11,-0.03,0.2,0.01,NA,67-14,Actinobacteria,Thermoleophilia,Solirubrobacterales
bacteria and archaea,850,4.8,5.02,4.21,-0.22,-0.09,0.2,-0.21,Subgroup 10,Thermoanaerobaculaceae,Acidobacteria,Thermoanaerobaculia,Thermoanaerobaculales
bacteria and archaea,1037,5.56,5.54,4.81,-0.14,0.01,0.2,-0.28,RB41,Pyrinomonadaceae,Acidobacteria,Blastocatellia,Pyrinomonadales
bacteria and archaea,415,4.01,3.9,3.82,-0.32,-0.24,0.2,-0.32,ADurb.Bin063-1,Pedosphaeraceae,Verrucomicrobiota,Verrucomicrobiae,Pedosphaerales
bacteria and archaea,383,3.79,3.44,3.06,-0.46,-0.48,0.2,-0.45,NA,NA,Acidobacteria,Acidobacteriae,Acidobacteriales
bacteria and archaea,1643,2.72,1.82,2.15,-0.37,-0.33,0.2,-0.28,NA,NA,Chloroflexi,JG30-KF-CM66,NA
bacteria and archaea,588,4.82,3.9,3.88,-0.39,-0.32,0.2,-0.24,Pedomicrobium,Hyphomicrobiaceae,Proteobacteria,Alphaproteobacteria,Rhizobiales
bacteria and archaea,509,3.71,4.26,3.81,0,0.12,0.2,-0.06,Candidatus Udaeobacter,Chthoniobacteraceae,Verrucomicrobiota,Verrucomicrobiae,Chthoniobacterales
bacteria and archaea,1286,3.61,3.86,3.66,-0.1,0.13,0.2,-0.29,Conexibacter,Solirubrobacteraceae,Actinobacteria,Thermoleophilia,Solirubrobacterales
bacteria and archaea,476,3.83,3.83,NA,-0.12,-0.09,0.2,-0.14,Candidatus Udaeobacter,Chthoniobacteraceae,Verrucomicrobiota,Verrucomicrobiae,Chthoniobacterales
bacteria and archaea,437,4.46,4.67,4.12,-0.09,0.02,0.2,-0.15,Candidatus Udaeobacter,Chthoniobacteraceae,Verrucomicrobiota,Verrucomicrobiae,Chthoniobacterales
bacteria and archaea,75,3.59,3.75,3.61,-0.18,-0.06,0.2,-0.34,Pajaroellobacter,Polyangiaceae,Myxococcota,Polyangia,Polyangiales
bacteria and archaea,186,3.5,3.14,NA,-0.18,-0.07,0.2,-0.09,Reyranella,Reyranellaceae,Proteobacteria,Alphaproteobacteria,Reyranellales
bacteria and archaea,1077,4.07,4.55,3.03,0.02,0.12,0.2,0.08,NA,NA,Acidobacteria,Vicinamibacteria,Vicinamibacterales
bacteria and archaea,796,3.64,3.84,3.67,-0.21,-0.03,0.2,-0.35,NA,NA,Acidobacteria,Acidobacteriae,Acidobacteriales
bacteria and archaea,391,4.27,3.83,NA,-0.31,-0.22,0.2,-0.41,NA,NA,Acidobacteria,Acidobacteriae,Acidobacteriales
bacteria and archaea,1511,3.66,4.37,NA,-0.22,-0.17,0.2,-0.04,NA,TRA3-20,Proteobacteria,Gammaproteobacteria,Burkholderiales
bacteria and archaea,1375,3.44,3.82,3.99,-0.18,-0.26,0.2,-0.1,NA,NA,Actinobacteria,Thermoleophilia,Gaiellales
bacteria and archaea,379,4.22,4.31,3.66,-0.31,-0.05,0.2,-0.41,Anaeromyxobacter,Anaeromyxobacteraceae,Myxococcota,Myxococcia,Myxococcales
bacteria and archaea,129,NA,3.27,NA,0.07,0.27,0.2,NA,Aquisphaera,Isosphaeraceae,Planctomycetota,Planctomycetes,Isosphaerales
bacteria and archaea,1513,3.48,3.5,2.91,-0.17,-0.02,0.2,-0.05,NA,TRA3-20,Proteobacteria,Gammaproteobacteria,Burkholderiales
bacteria and archaea,975,3.41,3.4,3.37,0.08,0.22,0.2,0.07,Gemmatimonas,Gemmatimonadaceae,Gemmatimonadota,Gemmatimonadetes,Gemmatimonadales
bacteria and archaea,1553,3.75,3.01,3.07,-0.21,-0.2,0.2,-0.28,NA,SC-I-84,Proteobacteria,Gammaproteobacteria,Burkholderiales
bacteria and archaea,801,2.52,3.15,2.89,-0.23,-0.12,0.2,-0.4,NA,Entotheonellaceae,Entotheonellaeota,Entotheonellia,Entotheonellales
bacteria and archaea,1283,3.61,4.44,NA,-0.14,-0.03,0.2,0.01,Conexibacter,Solirubrobacteraceae,Actinobacteria,Thermoleophilia,Solirubrobacterales
bacteria and archaea,1566,4.03,NA,3.37,-0.22,-0.19,0.19,-0.21,NA,SC-I-84,Proteobacteria,Gammaproteobacteria,Burkholderiales
bacteria and archaea,284,3.19,4.08,3.56,-0.08,0.04,0.19,-0.26,NA,NA,Acidobacteria,Holophagae,Subgroup 7
bacteria and archaea,1186,3.53,NA,NA,-0.23,-0.19,0.19,NA,NA,NA,Actinobacteria,Thermoleophilia,Gaiellales
bacteria and archaea,377,3.14,NA,NA,-0.1,-0.08,0.19,NA,YC-ZSS-LKJ147,Longimicrobiaceae,Gemmatimonadota,Longimicrobia,Longimicrobiales
bacteria and archaea,771,3.02,3,NA,-0.34,-0.25,0.19,-0.24,Pirellula,Pirellulaceae,Planctomycetota,Planctomycetes,Pirellulales
bacteria and archaea,1254,3.47,3.93,3.51,0.03,0.18,0.19,-0.22,NA,67-14,Actinobacteria,Thermoleophilia,Solirubrobacterales
bacteria and archaea,81,3.61,3.65,NA,-0.22,-0.16,0.19,-0.26,NA,BIrii41,Myxococcota,Polyangia,Polyangiales
bacteria and archaea,1581,3.54,3.7,3.48,-0.01,0.19,0.19,-0.18,NA,NA,Chloroflexi,TK10,NA
bacteria and archaea,1387,3.05,3.6,2.94,-0.31,-0.28,0.19,-0.21,NA,NA,Actinobacteria,Acidimicrobiia,IMCC26256
bacteria and archaea,853,3.74,NA,NA,-0.05,0.05,0.19,-0.2,Subgroup 10,Thermoanaerobaculaceae,Acidobacteria,Thermoanaerobaculia,Thermoanaerobaculales
bacteria and archaea,1627,3.35,3.52,3.17,0.02,0.07,0.19,0.12,Psychrobacillus,Planococcaceae,Firmicutes,Bacilli,Bacillales
bacteria and archaea,626,3.92,4.03,2.96,-0.31,-0.2,0.19,-0.36,Rhodoplanes,Xanthobacteraceae,Proteobacteria,Alphaproteobacteria,Rhizobiales
bacteria and archaea,348,4.48,3.96,4.06,-0.35,-0.34,0.19,-0.26,NA,NA,Proteobacteria,Gammaproteobacteria,WD260
bacteria and archaea,91,3.69,4.13,3.87,-0.28,-0.15,0.19,-0.17,NA,WD2101 soil group,Planctomycetota,Phycisphaerae,Tepidisphaerales
bacteria and archaea,643,4.09,4.5,3.79,-0.01,0.19,0.19,-0.13,Psychroglaciecola,Beijerinckiaceae,Proteobacteria,Alphaproteobacteria,Rhizobiales
bacteria and archaea,151,3.6,3.37,NA,-0.2,-0.2,0.19,-0.14,Gemmata,Gemmataceae,Planctomycetota,Planctomycetes,Gemmatales
bacteria and archaea,1152,2.81,3.55,2.93,0.12,0.33,0.19,-0.08,Bryobacter,Bryobacteraceae,Acidobacteria,Acidobacteriae,Bryobacterales
bacteria and archaea,1226,3.09,3.61,3.61,-0.09,0.02,0.19,0.09,Actinoallomurus,Thermomonosporaceae,Actinobacteria,Actinobacteria,Streptosporangiales
bacteria and archaea,312,3.93,NA,NA,-0.22,-0.1,0.19,-0.2,NA,NA,Acidobacteria,Holophagae,Subgroup 7
bacteria and archaea,1168,3.89,4.31,3.97,-0.18,0.06,0.19,-0.42,Bryobacter,Bryobacteraceae,Acidobacteria,Acidobacteriae,Bryobacterales
bacteria and archaea,549,3.56,3.36,3.69,0.02,0.16,0.19,-0.25,NA,NA,Acidobacteria,Vicinamibacteria,Subgroup 17
bacteria and archaea,293,3.83,3.84,3.99,-0.1,0.07,0.19,-0.22,NA,NA,Acidobacteria,Holophagae,Subgroup 7
bacteria and archaea,223,2.89,3.37,3.34,-0.08,0.03,0.19,-0.39,NA,Micromonosporaceae,Actinobacteria,Actinobacteria,Micromonosporales
bacteria and archaea,1303,3.12,NA,NA,-0.34,-0.31,0.19,-0.12,NA,Ktedonobacteraceae,Chloroflexi,Ktedonobacteria,Ktedonobacterales
bacteria and archaea,1555,3.29,2.78,3.53,-0.21,-0.08,0.19,-0.23,Georgfuchsia,Rhodocyclaceae,Proteobacteria,Gammaproteobacteria,Burkholderiales
bacteria and archaea,1216,5.68,6.1,5.51,0.03,0.23,0.19,-0.04,Pseudarthrobacter,Micrococcaceae,Actinobacteria,Actinobacteria,Micrococcales
bacteria and archaea,1624,5.53,5.57,5.22,0.03,0.13,0.19,0.04,NA,Planococcaceae,Firmicutes,Bacilli,Bacillales
bacteria and archaea,272,3.26,3.98,3.4,-0.12,0.02,0.18,-0.06,NA,Roseiflexaceae,Chloroflexi,Chloroflexia,Chloroflexales
bacteria and archaea,1146,4.11,4.1,3.79,-0.14,0,0.18,-0.39,Bryobacter,Bryobacteraceae,Acidobacteria,Acidobacteriae,Bryobacterales
bacteria and archaea,1486,3.63,4.27,4.22,-0.01,0.25,0.18,-0.2,Modestobacter,Geodermatophilaceae,Actinobacteria,Actinobacteria,Frankiales
bacteria and archaea,1046,3.69,3.99,NA,-0.09,-0.07,0.18,-0.16,RB41,Pyrinomonadaceae,Acidobacteria,Blastocatellia,Pyrinomonadales
bacteria and archaea,422,6.38,6.21,6.14,-0.15,-0.06,0.18,-0.28,Candidatus Udaeobacter,Chthoniobacteraceae,Verrucomicrobiota,Verrucomicrobiae,Chthoniobacterales
bacteria and archaea,1157,3.64,3.29,3.19,-0.29,-0.19,0.18,-0.39,Candidatus Solibacter,Solibacteraceae,Acidobacteria,Acidobacteriae,Solibacterales
bacteria and archaea,453,3.52,NA,NA,-0.11,-0.01,0.18,-0.17,Chthoniobacter,Chthoniobacteraceae,Verrucomicrobiota,Verrucomicrobiae,Chthoniobacterales
bacteria and archaea,1361,3.23,3.13,2.05,-0.18,0,0.18,0.06,NA,NA,Acidobacteria,Blastocatellia,DS-100
bacteria and archaea,361,3.89,3.17,2.74,-0.26,-0.19,0.18,-0.22,NA,NA,Proteobacteria,Gammaproteobacteria,JG36-TzT-191
bacteria and archaea,741,4.08,3.33,3.67,-0.21,-0.13,0.18,-0.21,NA,NA,Proteobacteria,Alphaproteobacteria,NA
bacteria and archaea,809,2.88,2.94,4.92,0.11,0.19,0.18,0.17,NA,KD3-93,Bacteroidota,Bacteroidia,Sphingobacteriales
bacteria and archaea,107,4.04,3.39,3.67,-0.23,-0.2,0.18,-0.17,NA,Pirellulaceae,Planctomycetota,Planctomycetes,Pirellulales
bacteria and archaea,110,4.27,NA,3.5,-0.3,-0.47,0.18,-0.2,Gemmata,Gemmataceae,Planctomycetota,Planctomycetes,Gemmatales
bacteria and archaea,138,3.28,NA,NA,-0.08,0.02,0.18,0.01,NA,Gemmataceae,Planctomycetota,Planctomycetes,Gemmatales
bacteria and archaea,220,4.29,3.83,NA,-0.08,0.12,0.18,-0.15,NA,Micromonosporaceae,Actinobacteria,Actinobacteria,Micromonosporales
bacteria and archaea,376,3.72,3.35,3.18,-0.36,-0.16,0.18,-0.46,Anaeromyxobacter,Anaeromyxobacteraceae,Myxococcota,Myxococcia,Myxococcales
bacteria and archaea,883,4.68,4.39,3.64,-0.18,-0.05,0.18,0.03,Sphingomonas,Sphingomonadaceae,Proteobacteria,Alphaproteobacteria,Sphingomonadales
bacteria and archaea,173,2.38,2.62,2.07,-0.11,-0.02,0.17,-0.28,NA,env.OPS 17,Bacteroidota,Bacteroidia,Sphingobacteriales
bacteria and archaea,1646,3.33,2.74,NA,-0.16,-0.08,0.17,-0.24,NA,Microscillaceae,Bacteroidota,Bacteroidia,Cytophagales
bacteria and archaea,623,4.56,3.99,4.03,-0.27,-0.19,0.17,-0.21,NA,Xanthobacteraceae,Proteobacteria,Alphaproteobacteria,Rhizobiales
bacteria and archaea,877,3.4,3.04,NA,0.08,0.11,0.17,NA,Sphingomonas,Sphingomonadaceae,Proteobacteria,Alphaproteobacteria,Sphingomonadales
bacteria and archaea,736,3.66,3.95,2.94,-0.2,-0.28,0.17,-0.07,Bauldia,Rhizobiales Incertae Sedis,Proteobacteria,Alphaproteobacteria,Rhizobiales
bacteria and archaea,553,5.48,5.23,5.25,-0.12,-0.02,0.17,-0.26,NA,NA,Acidobacteria,Vicinamibacteria,Vicinamibacterales
bacteria and archaea,277,5.43,5.57,3.33,-0.25,-0.24,0.17,-0.07,NA,NA,Cyanobacteria,Cyanobacteriia,Chloroplast
bacteria and archaea,644,2.66,2.76,2.29,-0.01,0.1,0.17,-0.23,Methylobacterium-Methylorubrum,Beijerinckiaceae,Proteobacteria,Alphaproteobacteria,Rhizobiales
bacteria and archaea,112,3.73,3.52,3.64,-0.25,-0.22,0.17,-0.22,Gemmata,Gemmataceae,Planctomycetota,Planctomycetes,Gemmatales
bacteria and archaea,953,2.95,2.94,2.73,-0.21,-0.12,0.17,-0.13,NA,Chitinophagaceae,Bacteroidota,Bacteroidia,Chitinophagales
bacteria and archaea,1052,3.93,3.99,3.91,-0.12,-0.13,0.17,0.08,RB41,Pyrinomonadaceae,Acidobacteria,Blastocatellia,Pyrinomonadales
bacteria and archaea,1599,3.5,NA,NA,0.11,0.15,0.17,-0.08,NA,Pseudonocardiaceae,Actinobacteria,Actinobacteria,Pseudonocardiales
bacteria and archaea,19,4.03,4.41,3.65,-0.03,0.15,0.17,-0.3,Acidothermus,Acidothermaceae,Actinobacteria,Actinobacteria,Frankiales
bacteria and archaea,235,4.35,4.48,4.19,-0.17,0.05,0.17,0.01,NA,NA,Acidobacteria,Acidobacteriae,Subgroup 2
bacteria and archaea,45,3.95,NA,NA,-0.11,-0.1,0.17,0.06,NA,WD2101 soil group,Planctomycetota,Phycisphaerae,Tepidisphaerales
bacteria and archaea,1105,4.94,5.01,5.03,-0.21,-0.09,0.17,-0.24,NA,NA,Acidobacteria,Vicinamibacteria,Vicinamibacterales
bacteria and archaea,480,4.48,3.87,4.14,-0.2,-0.14,0.17,-0.26,Chthoniobacter,Chthoniobacteraceae,Verrucomicrobiota,Verrucomicrobiae,Chthoniobacterales
bacteria and archaea,111,3.26,3.89,3.76,0.05,0.3,0.17,-0.13,Gemmata,Gemmataceae,Planctomycetota,Planctomycetes,Gemmatales
bacteria and archaea,996,3.75,3.87,3.65,-0.26,-0.25,0.17,0,Gemmatimonas,Gemmatimonadaceae,Gemmatimonadota,Gemmatimonadetes,Gemmatimonadales
bacteria and archaea,121,NA,4.01,NA,-0.05,0.09,0.17,-0.2,NA,Pirellulaceae,Planctomycetota,Planctomycetes,Pirellulales
bacteria and archaea,244,2.81,2.99,2.9,-0.31,-0.22,0.17,-0.44,NA,NA,NA,NA,NA
bacteria and archaea,666,2.71,3.26,NA,-0.12,-0.03,0.17,-0.01,NA,Acetobacteraceae,Proteobacteria,Alphaproteobacteria,Acetobacterales
bacteria and archaea,233,3.15,3.82,3.22,-0.11,0.05,0.17,-0.42,NA,NA,Acidobacteria,Acidobacteriae,Subgroup 2
bacteria and archaea,1256,NA,3.87,NA,0.08,0.26,0.17,-0.2,NA,NA,Actinobacteria,Thermoleophilia,Gaiellales
bacteria and archaea,1154,3.21,2.98,2.71,-0.03,0.08,0.17,-0.14,Candidatus Solibacter,Solibacteraceae,Acidobacteria,Acidobacteriae,Solibacterales
bacteria and archaea,1138,4.06,4.78,4.32,-0.14,0.13,0.17,-0.39,NA,Gemmatimonadaceae,Gemmatimonadota,Gemmatimonadetes,Gemmatimonadales
bacteria and archaea,866,4.54,3.69,3.75,-0.26,-0.23,0.16,-0.2,NA,Methyloligellaceae,Proteobacteria,Alphaproteobacteria,Rhizobiales
bacteria and archaea,1262,4.22,4.96,4.82,-0.1,0.09,0.16,-0.3,Conexibacter,Solirubrobacteraceae,Actinobacteria,Thermoleophilia,Solirubrobacterales
bacteria and archaea,323,4.32,4.11,4.06,-0.33,-0.28,0.16,-0.18,Pseudomonas,Pseudomonadaceae,Proteobacteria,Gammaproteobacteria,Pseudomonadales
bacteria and archaea,368,3.45,2.55,2.73,-0.26,-0.12,0.16,-0.29,NA,Gemmatimonadaceae,Gemmatimonadota,Gemmatimonadetes,Gemmatimonadales
bacteria and archaea,709,3.14,3.89,NA,-0.09,-0.02,0.16,NA,Microvirga,Beijerinckiaceae,Proteobacteria,Alphaproteobacteria,Rhizobiales
bacteria and archaea,977,3.93,1.95,NA,-0.16,-0.12,0.16,-0.32,NA,NA,Desulfobacterota,NA,NA
bacteria and archaea,633,NA,4.78,NA,0.12,0.29,0.16,NA,Rhodoplanes,Xanthobacteraceae,Proteobacteria,Alphaproteobacteria,Rhizobiales
bacteria and archaea,1309,NA,4.52,NA,0,0.15,0.16,NA,NA,NA,Actinobacteria,Thermoleophilia,Gaiellales
bacteria and archaea,867,NA,3.97,NA,0.19,0.36,0.16,NA,Sphingomonas,Sphingomonadaceae,Proteobacteria,Alphaproteobacteria,Sphingomonadales
bacteria and archaea,569,NA,3.7,NA,-0.12,-0.02,0.16,-0.01,Haliangium,Haliangiaceae,Myxococcota,Polyangia,Haliangiales
bacteria and archaea,53,4.54,3.38,3.24,-0.28,-0.24,0.16,-0.31,NA,NA,Methylomirabilota,Methylomirabilia,Rokubacteriales
bacteria and archaea,370,3.44,3.26,3.14,-0.1,-0.16,0.16,0.01,Gemmatimonas,Gemmatimonadaceae,Gemmatimonadota,Gemmatimonadetes,Gemmatimonadales
bacteria and archaea,993,4.43,3.67,3.11,-0.4,-0.42,0.16,-0.3,NA,Gemmatimonadaceae,Gemmatimonadota,Gemmatimonadetes,Gemmatimonadales
bacteria and archaea,317,3.66,4.19,4.4,0.04,0.2,0.16,-0.12,NA,NA,Acidobacteria,Holophagae,Subgroup 7
bacteria and archaea,1078,3.87,3.84,3.36,-0.1,0.09,0.16,-0.27,NA,NA,Acidobacteria,Vicinamibacteria,Vicinamibacterales
bacteria and archaea,654,4.05,4.23,3.75,-0.22,-0.12,0.16,-0.04,Bradyrhizobium,Xanthobacteraceae,Proteobacteria,Alphaproteobacteria,Rhizobiales
bacteria and archaea,52,4.64,3.93,3.97,-0.32,-0.26,0.16,-0.38,NA,NA,Methylomirabilota,Methylomirabilia,Rokubacteriales
bacteria and archaea,1495,4.13,3.37,4.37,-0.05,0.02,0.16,-0.05,NA,NA,Actinobacteria,Actinobacteria,Frankiales
bacteria and archaea,980,3.98,4.33,3.96,-0.19,-0.17,0.16,-0.24,NA,Gemmatimonadaceae,Gemmatimonadota,Gemmatimonadetes,Gemmatimonadales
bacteria and archaea,1658,4.48,4.99,4.24,-0.15,0.02,0.16,-0.32,NA,NA,Chloroflexi,KD4-96,NA
bacteria and archaea,1215,NA,3.73,NA,0,0.15,0.16,-0.06,NA,67-14,Actinobacteria,Thermoleophilia,Solirubrobacterales
bacteria and archaea,679,4.86,4.39,4.51,-0.15,-0.11,0.16,-0.4,Pseudolabrys,Xanthobacteraceae,Proteobacteria,Alphaproteobacteria,Rhizobiales
bacteria and archaea,612,5.26,5.14,4.6,-0.14,-0.01,0.16,-0.28,NA,Xanthobacteraceae,Proteobacteria,Alphaproteobacteria,Rhizobiales
bacteria and archaea,436,5.24,5.02,4.5,-0.21,-0.12,0.16,-0.3,Candidatus Udaeobacter,Chthoniobacteraceae,Verrucomicrobiota,Verrucomicrobiae,Chthoniobacterales
bacteria and archaea,90,3.53,3.32,NA,0.01,0.14,0.16,-0.06,NA,WD2101 soil group,Planctomycetota,Phycisphaerae,Tepidisphaerales
bacteria and archaea,139,3.78,3.37,2.89,-0.24,-0.16,0.16,-0.39,Fimbriiglobus,Gemmataceae,Planctomycetota,Planctomycetes,Gemmatales
bacteria and archaea,1322,3.43,3.47,NA,0.02,0.17,0.16,-0.05,NA,NA,Actinobacteria,Thermoleophilia,Gaiellales
bacteria and archaea,1144,3.33,3.53,3.3,0.08,0.19,0.16,-0.08,NA,NA,Chloroflexi,Ktedonobacteria,C0119
bacteria and archaea,421,3.33,3.45,3.21,-0.13,-0.06,0.15,-0.14,NA,Pedosphaeraceae,Verrucomicrobiota,Verrucomicrobiae,Pedosphaerales
bacteria and archaea,1123,4.93,4.95,4.58,-0.13,0,0.15,-0.19,NA,NA,Acidobacteria,Vicinamibacteria,Vicinamibacterales
bacteria and archaea,812,3.48,NA,3.88,-0.15,-0.15,0.15,-0.19,Mucilaginibacter,Sphingobacteriaceae,Bacteroidota,Bacteroidia,Sphingobacteriales
bacteria and archaea,458,3.84,4.09,NA,-0.29,-0.21,0.15,0.08,Chthoniobacter,Chthoniobacteraceae,Verrucomicrobiota,Verrucomicrobiae,Chthoniobacterales
bacteria and archaea,1352,3.84,3.49,3.3,-0.16,0,0.15,-0.39,NA,NA,Actinobacteria,Thermoleophilia,Gaiellales
bacteria and archaea,1577,2.99,3.3,2.67,-0.07,0.1,0.15,-0.17,MND1,Nitrosomonadaceae,Proteobacteria,Gammaproteobacteria,Burkholderiales
bacteria and archaea,929,NA,3.97,NA,-0.09,NA,0.15,-0.2,Puia,Chitinophagaceae,Bacteroidota,Bacteroidia,Chitinophagales
bacteria and archaea,1103,5.57,5.2,4.82,-0.3,-0.21,0.15,-0.35,NA,NA,Acidobacteria,Vicinamibacteria,Vicinamibacterales
bacteria and archaea,1508,3.56,3.95,3.89,0.01,0.17,0.15,0.06,Nocardioides,Nocardioidaceae,Actinobacteria,Actinobacteria,Propionibacteriales
bacteria and archaea,713,4.02,3.66,3.2,-0.27,-0.14,0.15,-0.02,Mesorhizobium,Rhizobiaceae,Proteobacteria,Alphaproteobacteria,Rhizobiales
bacteria and archaea,25,3.09,2.79,NA,0.04,0.22,0.15,-0.11,Iamia,Iamiaceae,Actinobacteria,Acidimicrobiia,Microtrichales
bacteria and archaea,944,3.12,3.56,3.04,-0.26,-0.19,0.15,-0.26,Terrimonas,Chitinophagaceae,Bacteroidota,Bacteroidia,Chitinophagales
bacteria and archaea,400,4.77,4.43,4.08,-0.08,-0.01,0.15,-0.16,NA,NA,Acidobacteria,Acidobacteriae,Acidobacteriales
bacteria and archaea,789,4.21,3.91,3.88,-0.27,-0.16,0.15,-0.27,NA,NA,Acidobacteria,Acidobacteriae,Acidobacteriales
bacteria and archaea,606,3.92,3.81,3.7,-0.24,-0.12,0.15,-0.13,NA,NA,Proteobacteria,Alphaproteobacteria,Elsterales
bacteria and archaea,1426,4.41,3.89,NA,-0.33,-0.24,0.15,-0.12,Rhizobacter,Comamonadaceae,Proteobacteria,Gammaproteobacteria,Burkholderiales
bacteria and archaea,432,4.34,4.38,3.61,-0.22,-0.17,0.15,-0.16,Candidatus Udaeobacter,Chthoniobacteraceae,Verrucomicrobiota,Verrucomicrobiae,Chthoniobacterales
bacteria and archaea,1015,3.66,NA,NA,-0.05,-0.01,0.15,-0.24,Gemmatimonas,Gemmatimonadaceae,Gemmatimonadota,Gemmatimonadetes,Gemmatimonadales
bacteria and archaea,905,2.89,2.99,3.53,-0.01,0.1,0.15,-0.14,NA,Chitinophagaceae,Bacteroidota,Bacteroidia,Chitinophagales
bacteria and archaea,824,NA,4.16,NA,0,0.18,0.15,-0.08,Mucilaginibacter,Sphingobacteriaceae,Bacteroidota,Bacteroidia,Sphingobacteriales
bacteria and archaea,342,NA,3.73,NA,0.08,0.24,0.15,-0.31,NA,NA,Acidobacteria,Acidobacteriae,Acidobacteriales
bacteria and archaea,190,3.13,3.74,2.56,-0.19,-0.07,0.15,-0.22,NA,NA,Gemmatimonadota,S0134 terrestrial group,NA
bacteria and archaea,737,3.49,4.11,3.3,-0.02,0.09,0.15,0.22,Bauldia,Rhizobiales Incertae Sedis,Proteobacteria,Alphaproteobacteria,Rhizobiales
bacteria and archaea,136,NA,4.06,NA,0.11,0.26,0.15,0.06,NA,Isosphaeraceae,Planctomycetota,Planctomycetes,Isosphaerales
bacteria and archaea,1257,3.54,NA,3.19,-0.17,-0.15,0.15,-0.27,NA,NA,Actinobacteria,Thermoleophilia,Gaiellales
bacteria and archaea,1618,4.1,3.99,3.97,-0.31,-0.23,0.15,-0.27,NA,NA,Chloroflexi,KD4-96,NA
bacteria and archaea,874,4.85,4.77,4.69,-0.05,0.06,0.15,-0.16,Sphingomonas,Sphingomonadaceae,Proteobacteria,Alphaproteobacteria,Sphingomonadales
bacteria and archaea,1111,4.57,4.43,4.13,-0.15,-0.01,0.15,-0.12,NA,NA,Acidobacteria,Vicinamibacteria,Vicinamibacterales
bacteria and archaea,748,3.11,3.16,2.94,-0.27,-0.12,0.14,-0.15,Nordella,Rhizobiales Incertae Sedis,Proteobacteria,Alphaproteobacteria,Rhizobiales
bacteria and archaea,1249,3.46,3.76,3.46,0,0.21,0.14,-0.31,NA,67-14,Actinobacteria,Thermoleophilia,Solirubrobacterales
bacteria and archaea,1149,2.93,2.91,2.58,-0.18,0.04,0.14,-0.01,NA,NA,Acidobacteria,Acidobacteriae,Paludibaculum
bacteria and archaea,294,3.71,NA,NA,-0.26,-0.21,0.14,-0.2,NA,NA,Acidobacteria,Holophagae,Subgroup 7
bacteria and archaea,283,NA,3.61,NA,-0.08,0.11,0.14,-0.22,NA,NA,Acidobacteria,Holophagae,Subgroup 7
bacteria and archaea,768,3.38,3.14,2.64,-0.17,-0.18,0.14,-0.06,Nitrospira,Nitrospiraceae,Nitrospirota,Nitrospiria,Nitrospirales
bacteria and archaea,550,3.87,4.41,3.47,-0.3,-0.29,0.14,-0.22,NA,NA,Acidobacteria,Vicinamibacteria,Subgroup 17
bacteria and archaea,627,4.39,4.55,4.09,-0.26,-0.17,0.14,-0.26,Rhodoplanes,Xanthobacteraceae,Proteobacteria,Alphaproteobacteria,Rhizobiales
bacteria and archaea,1389,2.79,3.83,2.63,-0.04,0.07,0.14,-0.21,NA,Ktedonobacteraceae,Chloroflexi,Ktedonobacteria,Ktedonobacterales
bacteria and archaea,1047,3.82,3.55,NA,-0.11,0.06,0.14,-0.13,RB41,Pyrinomonadaceae,Acidobacteria,Blastocatellia,Pyrinomonadales
bacteria and archaea,1304,2.95,3.67,NA,-0.27,-0.27,0.14,-0.27,Gaiella,Gaiellaceae,Actinobacteria,Thermoleophilia,Gaiellales
bacteria and archaea,510,3.84,4.08,4.25,-0.07,-0.17,0.14,0.03,Chthoniobacter,Chthoniobacteraceae,Verrucomicrobiota,Verrucomicrobiae,Chthoniobacterales
bacteria and archaea,1050,NA,4.07,NA,0.01,0.17,0.14,NA,RB41,Pyrinomonadaceae,Acidobacteria,Blastocatellia,Pyrinomonadales
bacteria and archaea,700,3.33,3.48,3.7,-0.08,0,0.14,-0.12,NA,Caulobacteraceae,Proteobacteria,Alphaproteobacteria,Caulobacterales
bacteria and archaea,519,5.42,5.13,4.72,-0.12,0,0.14,-0.31,Candidatus Udaeobacter,Chthoniobacteraceae,Verrucomicrobiota,Verrucomicrobiae,Chthoniobacterales
bacteria and archaea,156,3.42,2.5,3.31,-0.02,0.08,0.14,-0.04,NA,Gemmataceae,Planctomycetota,Planctomycetes,Gemmatales
bacteria and archaea,311,4.22,4.5,NA,-0.31,-0.28,0.14,-0.22,NA,NA,Acidobacteria,Holophagae,Subgroup 7
bacteria and archaea,1183,3.76,3.83,3.39,-0.28,-0.25,0.14,-0.26,Candidatus Solibacter,Solibacteraceae,Acidobacteria,Acidobacteriae,Solibacterales
bacteria and archaea,1661,3.05,3.16,2.08,-0.26,-0.22,0.14,-0.18,NA,NA,Chloroflexi,P2-11E,NA
bacteria and archaea,1035,3.94,3.26,3.11,-0.18,-0.03,0.14,-0.31,RB41,Pyrinomonadaceae,Acidobacteria,Blastocatellia,Pyrinomonadales
bacteria and archaea,1312,3.73,4.3,3.8,-0.04,0.12,0.14,-0.33,NA,NA,Actinobacteria,Thermoleophilia,Gaiellales
bacteria and archaea,298,3.61,3.56,3.09,-0.1,0.04,0.14,-0.33,NA,NA,Acidobacteria,Holophagae,Subgroup 7
bacteria and archaea,670,3.22,NA,NA,0.07,0.09,0.14,-0.24,Acidiphilium,Acetobacteraceae,Proteobacteria,Alphaproteobacteria,Acetobacterales
bacteria and archaea,994,NA,2.88,NA,0.15,0.29,0.14,-0.01,Roseisolibacter,Gemmatimonadaceae,Gemmatimonadota,Gemmatimonadetes,Gemmatimonadales
bacteria and archaea,1243,NA,3.93,NA,-0.05,0.09,0.14,-0.31,NA,NA,Chloroflexi,AD3,NA
bacteria and archaea,570,3.71,3.33,3.08,-0.27,-0.22,0.14,-0.25,Haliangium,Haliangiaceae,Myxococcota,Polyangia,Haliangiales
bacteria and archaea,1182,NA,3.7,NA,-0.07,0.02,0.14,0.09,Candidatus Solibacter,Solibacteraceae,Acidobacteria,Acidobacteriae,Solibacterales
bacteria and archaea,469,5.2,4.88,4.73,-0.07,0.02,0.14,-0.1,Candidatus Udaeobacter,Chthoniobacteraceae,Verrucomicrobiota,Verrucomicrobiae,Chthoniobacterales
bacteria and archaea,547,2.93,2.58,3.22,-0.1,0.03,0.14,-0.08,NA,NA,Acidobacteria,Vicinamibacteria,Subgroup 17
bacteria and archaea,1343,3.73,3.37,3.8,-0.04,-0.01,0.14,-0.18,NA,NA,Actinobacteria,Thermoleophilia,Gaiellales
bacteria and archaea,1080,4.26,4.12,3.62,-0.26,-0.2,0.13,-0.29,NA,NA,Acidobacteria,Vicinamibacteria,Vicinamibacterales
bacteria and archaea,504,3.74,3.93,NA,-0.02,0.09,0.13,-0.15,Candidatus Udaeobacter,Chthoniobacteraceae,Verrucomicrobiota,Verrucomicrobiae,Chthoniobacterales
bacteria and archaea,721,NA,3.52,NA,0.11,0.26,0.13,0.06,NA,Micropepsaceae,Proteobacteria,Alphaproteobacteria,Micropepsales
bacteria and archaea,1148,3.73,3.62,3.42,-0.17,-0.15,0.13,-0.25,Bryobacter,Bryobacteraceae,Acidobacteria,Acidobacteriae,Bryobacterales
bacteria and archaea,116,NA,3.67,NA,-0.03,0.09,0.13,NA,Zavarzinella,Gemmataceae,Planctomycetota,Planctomycetes,Gemmatales
bacteria and archaea,252,NA,3.64,NA,-0.04,0.09,0.13,-0.08,NA,Mitochondria,Proteobacteria,Alphaproteobacteria,Rickettsiales
bacteria and archaea,202,3.87,4.79,NA,-0.2,-0.04,0.13,-0.15,Actinoplanes,Micromonosporaceae,Actinobacteria,Actinobacteria,Micromonosporales
bacteria and archaea,1399,NA,3.66,NA,-0.12,-0.01,0.13,-0.07,NA,NA,Actinobacteria,Thermoleophilia,NA
bacteria and archaea,459,3.72,3.96,3.26,-0.3,-0.22,0.13,-0.19,Chthoniobacter,Chthoniobacteraceae,Verrucomicrobiota,Verrucomicrobiae,Chthoniobacterales
bacteria and archaea,1617,5.26,4.89,5.01,-0.17,-0.09,0.13,-0.37,NA,NA,Chloroflexi,KD4-96,NA
bacteria and archaea,1124,3.69,4.43,3.75,-0.06,0.06,0.13,-0.06,NA,NA,Acidobacteria,Vicinamibacteria,Vicinamibacterales
bacteria and archaea,1434,3.53,NA,NA,-0.26,-0.26,0.13,-0.16,Xylophilus,Comamonadaceae,Proteobacteria,Gammaproteobacteria,Burkholderiales
bacteria and archaea,211,4.43,3.92,2.91,0.07,0.05,0.13,-0.14,Asanoa,Micromonosporaceae,Actinobacteria,Actinobacteria,Micromonosporales
bacteria and archaea,446,3.88,3.73,3.58,-0.2,-0.13,0.13,-0.29,NA,WD2101 soil group,Planctomycetota,Phycisphaerae,Tepidisphaerales
bacteria and archaea,1380,3.67,3.4,3.41,-0.22,-0.15,0.13,-0.35,HSB OF53-F07,Ktedonobacteraceae,Chloroflexi,Ktedonobacteria,Ktedonobacterales
bacteria and archaea,792,3.4,3.5,NA,-0.01,0.05,0.13,0.01,Granulicella,Acidobacteriaceae (Subgroup 1),Acidobacteria,Acidobacteriae,Acidobacteriales
bacteria and archaea,522,4.05,3.43,NA,-0.34,-0.29,0.13,-0.19,Candidatus Udaeobacter,Chthoniobacteraceae,Verrucomicrobiota,Verrucomicrobiae,Chthoniobacterales
bacteria and archaea,799,3.02,3.54,3.6,0.01,0.08,0.13,-0.13,Occallatibacter,Acidobacteriaceae (Subgroup 1),Acidobacteria,Acidobacteriae,Acidobacteriales
bacteria and archaea,275,NA,4.05,NA,-0.1,NA,0.13,-0.23,NA,NA,Cyanobacteria,Cyanobacteriia,Chloroplast
bacteria and archaea,695,4.13,3.99,3.47,-0.16,-0.04,0.13,-0.33,Phenylobacterium,Caulobacteraceae,Proteobacteria,Alphaproteobacteria,Caulobacterales
bacteria and archaea,1002,3.27,4.26,NA,-0.36,-0.36,0.13,-0.28,NA,Gemmatimonadaceae,Gemmatimonadota,Gemmatimonadetes,Gemmatimonadales
bacteria and archaea,1288,3.58,4.19,3.53,-0.1,0.01,0.13,-0.29,Conexibacter,Solirubrobacteraceae,Actinobacteria,Thermoleophilia,Solirubrobacterales
bacteria and archaea,468,5.98,5.35,5.45,-0.23,-0.22,0.13,-0.29,Candidatus Udaeobacter,Chthoniobacteraceae,Verrucomicrobiota,Verrucomicrobiae,Chthoniobacterales
bacteria and archaea,105,NA,3.84,NA,0.11,0.22,0.13,-0.04,Nitrospira,Nitrospiraceae,Nitrospirota,Nitrospiria,Nitrospirales
bacteria and archaea,1020,3.81,NA,NA,-0.12,-0.15,0.13,-0.14,Gemmatimonas,Gemmatimonadaceae,Gemmatimonadota,Gemmatimonadetes,Gemmatimonadales
bacteria and archaea,373,4.12,4.17,4.01,-0.24,-0.09,0.13,-0.3,Gemmatimonas,Gemmatimonadaceae,Gemmatimonadota,Gemmatimonadetes,Gemmatimonadales
bacteria and archaea,299,3.92,4.84,3.55,-0.02,0.01,0.13,-0.22,NA,NA,Acidobacteria,Holophagae,Subgroup 7
bacteria and archaea,315,3.01,NA,NA,-0.11,-0.06,0.13,0.01,Vicinamibacter,Vicinamibacteraceae,Acidobacteria,Vicinamibacteria,Vicinamibacterales
bacteria and archaea,512,4.7,4.18,4.66,-0.01,0.11,0.13,0,Chthoniobacter,Chthoniobacteraceae,Verrucomicrobiota,Verrucomicrobiae,Chthoniobacterales
bacteria and archaea,1402,3.76,3.62,3.09,-0.07,0.13,0.13,-0.26,NA,NA,Actinobacteria,Thermoleophilia,NA
bacteria and archaea,954,2.46,2.28,2.1,-0.06,-0.02,0.13,-0.19,NA,NA,Bacteroidota,Bacteroidia,Chitinophagales
bacteria and archaea,1204,3.72,3.49,3.8,-0.12,-0.11,0.13,-0.32,NA,67-14,Actinobacteria,Thermoleophilia,Solirubrobacterales
bacteria and archaea,526,5.33,4.81,4.94,-0.22,-0.06,0.13,-0.24,Candidatus Udaeobacter,Chthoniobacteraceae,Verrucomicrobiota,Verrucomicrobiae,Chthoniobacterales
bacteria and archaea,592,3.37,3.44,3.14,-0.02,0.01,0.13,-0.16,NA,URHD0088,Proteobacteria,Alphaproteobacteria,Elsterales
bacteria and archaea,1558,4.22,NA,NA,-0.33,-0.28,0.13,-0.02,Ellin6067,Nitrosomonadaceae,Proteobacteria,Gammaproteobacteria,Burkholderiales
bacteria and archaea,629,3.78,NA,3.58,-0.1,-0.13,0.13,-0.3,NA,Xanthobacteraceae,Proteobacteria,Alphaproteobacteria,Rhizobiales
bacteria and archaea,442,6.09,6.11,6.01,-0.07,0.03,0.12,-0.29,Candidatus Udaeobacter,Chthoniobacteraceae,Verrucomicrobiota,Verrucomicrobiae,Chthoniobacterales
bacteria and archaea,1578,3.62,3.73,3.33,-0.1,-0.04,0.12,-0.2,MND1,Nitrosomonadaceae,Proteobacteria,Gammaproteobacteria,Burkholderiales
bacteria and archaea,217,NA,3.37,2.94,-0.01,0.11,0.12,-0.18,NA,Micromonosporaceae,Actinobacteria,Actinobacteria,Micromonosporales
bacteria and archaea,1118,3.76,3.5,3.78,-0.35,-0.32,0.12,-0.26,NA,NA,Acidobacteria,Vicinamibacteria,Vicinamibacterales
bacteria and archaea,1194,NA,3.43,2.94,0.03,0.15,0.12,0.2,Stenotrophobacter,Blastocatellaceae,Acidobacteria,Blastocatellia,Blastocatellales
bacteria and archaea,478,3.22,2.77,3.09,-0.05,-0.05,0.12,-0.03,Chthoniobacter,Chthoniobacteraceae,Verrucomicrobiota,Verrucomicrobiae,Chthoniobacterales
bacteria and archaea,1593,3.5,3.61,3.17,-0.11,-0.1,0.12,0.18,Pseudonocardia,Pseudonocardiaceae,Actinobacteria,Actinobacteria,Pseudonocardiales
bacteria and archaea,1033,3.22,2.91,2.52,-0.33,-0.35,0.12,-0.25,NA,NA,Latescibacterota,NA,NA
bacteria and archaea,4,3.57,NA,3.74,-0.19,-0.18,0.12,-0.35,NA,Anaerolineaceae,Chloroflexi,Anaerolineae,Anaerolineales
bacteria and archaea,1358,2.8,3.64,2.93,0.02,0.07,0.12,-0.12,NA,NA,Actinobacteria,Thermoleophilia,Gaiellales
bacteria and archaea,1172,4.02,3.95,3.98,-0.08,0.03,0.12,-0.16,Bryobacter,Bryobacteraceae,Acidobacteria,Acidobacteriae,Bryobacterales
bacteria and archaea,562,3.27,3.26,NA,-0.1,0.02,0.12,-0.43,Haliangium,Haliangiaceae,Myxococcota,Polyangia,Haliangiales
bacteria and archaea,1042,3.99,4.38,4.3,-0.24,-0.12,0.12,-0.32,RB41,Pyrinomonadaceae,Acidobacteria,Blastocatellia,Pyrinomonadales
bacteria and archaea,387,4.32,4.25,NA,-0.43,-0.38,0.12,-0.18,NA,NA,Acidobacteria,Acidobacteriae,Acidobacteriales
bacteria and archaea,1527,3.24,2.93,2.3,-0.21,-0.07,0.12,-0.11,MND1,Nitrosomonadaceae,Proteobacteria,Gammaproteobacteria,Burkholderiales
bacteria and archaea,945,3.48,NA,3.81,-0.22,-0.16,0.12,-0.17,Terrimonas,Chitinophagaceae,Bacteroidota,Bacteroidia,Chitinophagales
bacteria and archaea,134,3.27,3.35,3.37,-0.19,-0.18,0.12,-0.28,NA,Isosphaeraceae,Planctomycetota,Planctomycetes,Isosphaerales
bacteria and archaea,673,3.47,3.43,2.48,-0.13,-0.04,0.12,-0.24,NA,Acetobacteraceae,Proteobacteria,Alphaproteobacteria,Acetobacterales
bacteria and archaea,1344,4.06,3.8,3.69,-0.13,-0.01,0.12,-0.12,NA,NA,Actinobacteria,Thermoleophilia,Gaiellales
bacteria and archaea,917,NA,3.81,NA,-0.01,0.16,0.12,0.09,Segetibacter,Chitinophagaceae,Bacteroidota,Bacteroidia,Chitinophagales
bacteria and archaea,269,3.63,3.62,2.91,0.1,0.1,0.12,-0.2,NA,Roseiflexaceae,Chloroflexi,Chloroflexia,Chloroflexales
bacteria and archaea,278,3.86,2.4,3.71,0.03,0.08,0.12,-0.09,NA,WD2101 soil group,Planctomycetota,Phycisphaerae,Tepidisphaerales
bacteria and archaea,1315,3.43,3.22,NA,-0.34,-0.29,0.12,-0.31,Gaiella,Gaiellaceae,Actinobacteria,Thermoleophilia,Gaiellales
bacteria and archaea,1346,4.22,4.5,4.04,-0.03,0.09,0.12,-0.18,NA,NA,Actinobacteria,Thermoleophilia,Gaiellales
bacteria and archaea,1324,NA,3.85,4.06,-0.07,0.03,0.12,-0.31,NA,NA,Actinobacteria,Thermoleophilia,Gaiellales
bacteria and archaea,1139,5.79,5.66,5.43,-0.05,0.09,0.12,-0.31,NA,Gemmatimonadaceae,Gemmatimonadota,Gemmatimonadetes,Gemmatimonadales
bacteria and archaea,674,3.48,3.93,3.21,-0.13,-0.41,0.12,-0.01,NA,Acetobacteraceae,Proteobacteria,Alphaproteobacteria,Acetobacterales
bacteria and archaea,295,4.44,5,4.78,0.1,0.26,0.12,-0.19,NA,NA,Acidobacteria,Holophagae,Subgroup 7
bacteria and archaea,334,3.1,3.37,2.31,-0.24,-0.1,0.11,-0.29,NA,Myxococcaceae,Myxococcota,Myxococcia,Myxococcales
bacteria and archaea,30,3,3.61,NA,-0.2,-0.18,0.11,-0.24,NA,NA,Actinobacteria,MB-A2-108,NA
bacteria and archaea,490,4.26,NA,NA,0.13,0.16,0.11,-0.06,Candidatus Udaeobacter,Chthoniobacteraceae,Verrucomicrobiota,Verrucomicrobiae,Chthoniobacterales
bacteria and archaea,543,3.87,4.2,3.5,-0.05,0.01,0.11,-0.27,Chthoniobacter,Chthoniobacteraceae,Verrucomicrobiota,Verrucomicrobiae,Chthoniobacterales
bacteria and archaea,326,3.36,3.48,3.29,-0.04,0.03,0.11,-0.2,Acidibacter,Unknown Family,Proteobacteria,Gammaproteobacteria,Gammaproteobacteria Incertae Sedis
bacteria and archaea,263,2.69,2.95,2.9,-0.03,0.03,0.11,-0.22,NA,Opitutaceae,Verrucomicrobiota,Verrucomicrobiae,Opitutales
bacteria and archaea,678,3.99,3.85,3.88,-0.26,-0.28,0.11,-0.1,Pseudolabrys,Xanthobacteraceae,Proteobacteria,Alphaproteobacteria,Rhizobiales
bacteria and archaea,1023,3.92,3.67,3.19,-0.15,0.07,0.11,-0.29,Gemmatimonas,Gemmatimonadaceae,Gemmatimonadota,Gemmatimonadetes,Gemmatimonadales
bacteria and archaea,438,4.34,4.42,3.61,-0.1,-0.03,0.11,-0.13,Candidatus Udaeobacter,Chthoniobacteraceae,Verrucomicrobiota,Verrucomicrobiae,Chthoniobacterales
bacteria and archaea,127,NA,2.71,NA,0.07,0.19,0.11,-0.25,NA,Gemmataceae,Planctomycetota,Planctomycetes,Gemmatales
bacteria and archaea,614,3.93,3.77,3.34,-0.03,0.03,0.11,-0.17,NA,Xanthobacteraceae,Proteobacteria,Alphaproteobacteria,Rhizobiales
bacteria and archaea,912,4.39,3.75,3.97,-0.2,-0.18,0.11,-0.25,Puia,Chitinophagaceae,Bacteroidota,Bacteroidia,Chitinophagales
bacteria and archaea,1197,3.85,3.86,3.79,0.1,0.2,0.11,0.12,NA,Blastocatellaceae,Acidobacteria,Blastocatellia,Blastocatellales
bacteria and archaea,402,3.36,3.43,3.23,-0.19,-0.02,0.11,-0.27,NA,NA,Acidobacteria,Acidobacteriae,Acidobacteriales
bacteria and archaea,1122,4.49,4.75,3.9,-0.2,-0.11,0.11,-0.24,NA,NA,Acidobacteria,Vicinamibacteria,Vicinamibacterales
bacteria and archaea,1570,4.7,4.66,4.54,-0.28,-0.23,0.11,-0.26,NA,A21b,Proteobacteria,Gammaproteobacteria,Burkholderiales
bacteria and archaea,160,3.57,3.81,3.69,-0.21,-0.16,0.11,-0.35,NA,Gemmataceae,Planctomycetota,Planctomycetes,Gemmatales
bacteria and archaea,286,3.45,3.9,3.83,-0.04,0.17,0.11,-0.27,NA,NA,Acidobacteria,Holophagae,Subgroup 7
bacteria and archaea,1308,4.14,3.98,4.09,-0.29,-0.2,0.11,-0.34,NA,NA,Actinobacteria,Thermoleophilia,Gaiellales
bacteria and archaea,559,3.53,4.26,3.37,-0.07,0.08,0.11,-0.09,Haliangium,Haliangiaceae,Myxococcota,Polyangia,Haliangiales
bacteria and archaea,1099,3.99,4.27,3.96,-0.22,-0.04,0.11,-0.42,NA,NA,Acidobacteria,Vicinamibacteria,Vicinamibacterales
bacteria and archaea,1115,3.06,3.33,3.14,-0.08,0.02,0.11,-0.22,NA,NA,Acidobacteria,Subgroup 5,NA
bacteria and archaea,992,4.37,3.62,3.87,-0.19,-0.1,0.11,-0.24,NA,Gemmatimonadaceae,Gemmatimonadota,Gemmatimonadetes,Gemmatimonadales
bacteria and archaea,1582,4.32,4.57,4.45,-0.11,0,0.11,-0.21,NA,NA,Chloroflexi,TK10,NA
bacteria and archaea,1463,4.06,4.09,NA,-0.03,0.19,0.11,-0.19,Massilia,Oxalobacteraceae,Proteobacteria,Gammaproteobacteria,Burkholderiales
bacteria and archaea,118,3.14,3.87,3.87,0.06,0.16,0.11,-0.17,Zavarzinella,Gemmataceae,Planctomycetota,Planctomycetes,Gemmatales
bacteria and archaea,1424,3.76,4.14,3.85,-0.1,-0.08,0.11,0.12,Rhizobacter,Comamonadaceae,Proteobacteria,Gammaproteobacteria,Burkholderiales
bacteria and archaea,1621,3.52,3.88,3.61,0.01,0.21,0.11,-0.43,NA,NA,Chloroflexi,KD4-96,NA
bacteria and archaea,1208,NA,3.42,NA,0.08,0.24,0.11,-0.14,NA,67-14,Actinobacteria,Thermoleophilia,Solirubrobacterales
bacteria and archaea,620,4.02,3.95,3.81,-0.09,0.08,0.11,-0.35,Rhodoplanes,Xanthobacteraceae,Proteobacteria,Alphaproteobacteria,Rhizobiales
bacteria and archaea,227,2.73,3.05,2.63,-0.1,0.02,0.1,-0.4,NA,NA,Actinobacteria,MB-A2-108,NA
bacteria and archaea,1539,3.92,3.97,4.42,-0.11,-0.1,0.1,-0.21,Burkholderia-Caballeronia-Paraburkholderia,Burkholderiaceae,Proteobacteria,Gammaproteobacteria,Burkholderiales
bacteria and archaea,1360,NA,3.15,NA,0.14,0.28,0.1,-0.14,NA,NA,Chloroflexi,TK10,NA
bacteria and archaea,242,3.58,4.08,3.64,-0.42,-0.4,0.1,-0.31,NA,NA,Acidobacteria,Acidobacteriae,Subgroup 2
bacteria and archaea,1489,3.76,3.87,3.78,0.07,0.15,0.1,-0.14,NA,Kineosporiaceae,Actinobacteria,Actinobacteria,Kineosporiales
bacteria and archaea,1470,3.54,3.25,3.28,-0.11,-0.11,0.1,-0.19,NA,Solirubrobacteraceae,Actinobacteria,Thermoleophilia,Solirubrobacterales
bacteria and archaea,521,3.61,3.41,3.19,-0.04,-0.01,0.1,0.23,Chthoniobacter,Chthoniobacteraceae,Verrucomicrobiota,Verrucomicrobiae,Chthoniobacterales
bacteria and archaea,289,NA,3.55,NA,0.05,0.3,0.1,-0.19,NA,NA,Acidobacteria,Holophagae,Subgroup 7
bacteria and archaea,1240,4.16,4.09,3.92,-0.18,-0.12,0.1,-0.19,NA,NA,Chloroflexi,AD3,NA
bacteria and archaea,920,3.33,3.46,4.04,0.03,0.24,0.1,-0.19,Segetibacter,Chitinophagaceae,Bacteroidota,Bacteroidia,Chitinophagales
bacteria and archaea,108,3.33,3.41,3.31,0.09,0.3,0.1,-0.14,NA,Gemmataceae,Planctomycetota,Planctomycetes,Gemmatales
bacteria and archaea,410,3.15,NA,NA,-0.29,-0.33,0.1,-0.1,Ellin516,Pedosphaeraceae,Verrucomicrobiota,Verrucomicrobiae,Pedosphaerales
bacteria and archaea,1189,NA,3.19,2.77,-0.04,0.06,0.1,0.02,Blastocatella,Blastocatellaceae,Acidobacteria,Blastocatellia,Blastocatellales
bacteria and archaea,1544,3.73,2.79,2.67,-0.06,0.02,0.1,-0.33,NA,SC-I-84,Proteobacteria,Gammaproteobacteria,Burkholderiales
bacteria and archaea,1428,4.93,5.02,4.74,0,0.16,0.1,-0.22,Piscinibacter,Comamonadaceae,Proteobacteria,Gammaproteobacteria,Burkholderiales
bacteria and archaea,1056,3.92,4.21,3.83,0.13,0.39,0.1,-0.16,RB41,Pyrinomonadaceae,Acidobacteria,Blastocatellia,Pyrinomonadales
bacteria and archaea,764,4.45,4.22,3.82,-0.15,-0.11,0.1,-0.14,Rhodanobacter,Rhodanobacteraceae,Proteobacteria,Gammaproteobacteria,Xanthomonadales
bacteria and archaea,1603,3.6,4.01,3.9,-0.16,-0.01,0.1,-0.22,Lapillicoccus,Intrasporangiaceae,Actinobacteria,Actinobacteria,Micrococcales
bacteria and archaea,513,4.32,4.29,3.74,-0.15,-0.14,0.1,-0.07,Candidatus Udaeobacter,Chthoniobacteraceae,Verrucomicrobiota,Verrucomicrobiae,Chthoniobacterales
bacteria and archaea,903,NA,3.41,2.89,0.14,0.3,0.1,0.17,Chitinophaga,Chitinophagaceae,Bacteroidota,Bacteroidia,Chitinophagales
bacteria and archaea,1327,5.07,5.29,5.03,-0.05,0.09,0.1,-0.11,Gaiella,Gaiellaceae,Actinobacteria,Thermoleophilia,Gaiellales
bacteria and archaea,405,3.99,3.29,3.64,-0.12,-0.25,0.1,-0.08,NA,NA,NA,NA,NA
bacteria and archaea,1516,3.96,4.03,3.19,-0.32,-0.25,0.1,-0.35,NA,A21b,Proteobacteria,Gammaproteobacteria,Burkholderiales
bacteria and archaea,780,4.93,5.04,4.84,-0.24,-0.17,0.09,-0.38,NA,NA,Acidobacteria,Acidobacteriae,Acidobacteriales
bacteria and archaea,1264,2.79,3.34,3.22,0.06,0.08,0.09,0.05,NA,67-14,Actinobacteria,Thermoleophilia,Solirubrobacterales
bacteria and archaea,394,4.04,4.41,4.2,-0.1,-0.02,0.09,-0.22,NA,NA,Acidobacteria,Acidobacteriae,Acidobacteriales
bacteria and archaea,49,3.64,3.65,3.86,-0.22,-0.03,0.09,-0.35,NA,WD2101 soil group,Planctomycetota,Phycisphaerae,Tepidisphaerales
bacteria and archaea,1088,4.88,4.63,NA,-0.06,0.03,0.09,-0.16,NA,NA,Acidobacteria,Vicinamibacteria,Vicinamibacterales
bacteria and archaea,1225,3.97,3.51,3.2,-0.23,-0.23,0.09,-0.07,Streptomyces,Streptomycetaceae,Actinobacteria,Actinobacteria,Streptomycetales
bacteria and archaea,382,3.33,3.59,3.46,-0.01,0.1,0.09,-0.07,NA,NA,Acidobacteria,Acidobacteriae,Acidobacteriales
bacteria and archaea,495,3.74,3.58,3.22,-0.25,-0.17,0.09,-0.29,Candidatus Udaeobacter,Chthoniobacteraceae,Verrucomicrobiota,Verrucomicrobiae,Chthoniobacterales
bacteria and archaea,808,NA,4.11,NA,0.12,0.27,0.09,0.12,NA,KD3-93,Bacteroidota,Bacteroidia,Sphingobacteriales
bacteria and archaea,340,3.85,4.15,3.67,-0.19,-0.05,0.09,-0.38,NA,NA,Acidobacteria,Acidobacteriae,Acidobacteriales
bacteria and archaea,133,3.51,3.8,3.96,-0.14,-0.06,0.09,-0.33,Singulisphaera,Isosphaeraceae,Planctomycetota,Planctomycetes,Isosphaerales
bacteria and archaea,902,3.7,3.83,1.95,-0.08,-0.01,0.09,-0.08,Chitinophaga,Chitinophagaceae,Bacteroidota,Bacteroidia,Chitinophagales
bacteria and archaea,159,3.26,3.12,2.62,-0.15,-0.07,0.09,-0.22,NA,Gemmataceae,Planctomycetota,Planctomycetes,Gemmatales
bacteria and archaea,891,2.83,3.4,NA,-0.22,-0.13,0.09,-0.15,Haliangium,Haliangiaceae,Myxococcota,Polyangia,Haliangiales
bacteria and archaea,1156,2.85,3.16,2.58,-0.07,0.01,0.09,-0.04,Candidatus Solibacter,Solibacteraceae,Acidobacteria,Acidobacteriae,Solibacterales
bacteria and archaea,341,3.64,3.46,3.68,-0.2,-0.23,0.09,-0.27,NA,NA,Acidobacteria,Acidobacteriae,Acidobacteriales
bacteria and archaea,130,3.53,4.03,3.49,-0.09,-0.12,0.09,-0.16,Aquisphaera,Isosphaeraceae,Planctomycetota,Planctomycetes,Isosphaerales
bacteria and archaea,147,NA,3.85,NA,0.03,0.13,0.09,-0.14,NA,Gemmataceae,Planctomycetota,Planctomycetes,Gemmatales
bacteria and archaea,1436,2.83,2.51,2.7,-0.36,-0.39,0.09,-0.24,Undibacterium,Oxalobacteraceae,Proteobacteria,Gammaproteobacteria,Burkholderiales
bacteria and archaea,350,4.52,4.15,4.15,-0.16,-0.12,0.09,-0.11,NA,NA,Proteobacteria,Gammaproteobacteria,WD260
bacteria and archaea,345,NA,3.29,3.22,0.04,0.13,0.09,-0.1,Candidatus Koribacter,Koribacteraceae,Acidobacteria,Acidobacteriae,Acidobacteriales
bacteria and archaea,132,4.11,NA,3.61,0.09,0.09,0.09,-0.01,NA,Isosphaeraceae,Planctomycetota,Planctomycetes,Isosphaerales
bacteria and archaea,514,3.66,3.76,3.61,-0.14,-0.04,0.09,-0.26,Chthoniobacter,Chthoniobacteraceae,Verrucomicrobiota,Verrucomicrobiae,Chthoniobacterales
bacteria and archaea,66,3.59,3.55,3.13,-0.02,0.12,0.09,-0.07,Pajaroellobacter,Polyangiaceae,Myxococcota,Polyangia,Polyangiales
bacteria and archaea,279,2.87,2.96,2.54,-0.03,0.15,0.09,-0.12,NA,WD2101 soil group,Planctomycetota,Phycisphaerae,Tepidisphaerales
bacteria and archaea,906,3.73,3.45,2.77,-0.04,0.01,0.09,-0.06,Sediminibacterium,Chitinophagaceae,Bacteroidota,Bacteroidia,Chitinophagales
bacteria and archaea,104,4,NA,3.66,-0.14,-0.28,0.09,-0.15,Nitrospira,Nitrospiraceae,Nitrospirota,Nitrospiria,Nitrospirales
bacteria and archaea,672,3.1,3.12,3.42,0.06,0.03,0.09,0.13,NA,Acetobacteraceae,Proteobacteria,Alphaproteobacteria,Acetobacterales
bacteria and archaea,895,3.27,2.75,NA,-0.08,0.04,0.09,-0.11,Cellvibrio,Cellvibrionaceae,Proteobacteria,Gammaproteobacteria,Cellvibrionales
bacteria and archaea,1251,3.96,4.08,4.15,0.05,0.22,0.08,-0.2,NA,67-14,Actinobacteria,Thermoleophilia,Solirubrobacterales
bacteria and archaea,656,7.06,6.94,6.96,-0.16,-0.08,0.08,-0.26,NA,Xanthobacteraceae,Proteobacteria,Alphaproteobacteria,Rhizobiales
bacteria and archaea,73,4.43,4.2,4.04,-0.11,-0.1,0.08,-0.07,Aetherobacter,Polyangiaceae,Myxococcota,Polyangia,Polyangiales
bacteria and archaea,1337,NA,3.35,NA,-0.03,0.18,0.08,-0.12,NA,NA,Actinobacteria,Thermoleophilia,Gaiellales
bacteria and archaea,497,3.95,4.16,4.13,-0.07,0,0.08,-0.03,Candidatus Udaeobacter,Chthoniobacteraceae,Verrucomicrobiota,Verrucomicrobiae,Chthoniobacterales
bacteria and archaea,755,3.19,NA,2.48,-0.12,-0.04,0.08,-0.22,Arenimonas,Xanthomonadaceae,Proteobacteria,Gammaproteobacteria,Xanthomonadales
bacteria and archaea,922,3.14,3.37,NA,-0.04,0.04,0.08,-0.21,NA,Chitinophagaceae,Bacteroidota,Bacteroidia,Chitinophagales
bacteria and archaea,1082,4.23,4.65,4.18,-0.1,0.06,0.08,-0.18,NA,NA,Acidobacteria,Vicinamibacteria,Vicinamibacterales
bacteria and archaea,149,3.32,3.35,2.7,-0.27,-0.31,0.08,-0.29,NA,Gemmataceae,Planctomycetota,Planctomycetes,Gemmatales
bacteria and archaea,1236,3.73,3.84,3.84,0.11,0.13,0.08,-0.02,NA,NA,Actinobacteria,Acidimicrobiia,IMCC26256
bacteria and archaea,1341,3.91,4.02,NA,0.02,0.06,0.08,-0.08,NA,NA,Actinobacteria,Thermoleophilia,Gaiellales
bacteria and archaea,667,4.01,4.11,3.9,0.12,0.22,0.08,-0.14,NA,Acetobacteraceae,Proteobacteria,Alphaproteobacteria,Acetobacterales
bacteria and archaea,1537,3.54,3.53,3.63,-0.2,-0.16,0.08,-0.32,NA,SC-I-84,Proteobacteria,Gammaproteobacteria,Burkholderiales
bacteria and archaea,388,2.93,3.59,3.56,0,-0.01,0.08,-0.03,NA,NA,Acidobacteria,Acidobacteriae,Acidobacteriales
bacteria and archaea,1227,NA,3.62,2.83,-0.07,0.15,0.08,-0.3,Actinomadura,Thermomonosporaceae,Actinobacteria,Actinobacteria,Streptosporangiales
bacteria and archaea,1237,3.54,NA,3.81,-0.16,-0.09,0.08,-0.14,NA,NA,Actinobacteria,Acidimicrobiia,IMCC26256
bacteria and archaea,433,4.95,4.69,4.65,-0.21,-0.16,0.08,-0.26,Candidatus Udaeobacter,Chthoniobacteraceae,Verrucomicrobiota,Verrucomicrobiae,Chthoniobacterales
bacteria and archaea,488,4.9,4.9,4.91,0.07,0.17,0.08,-0.18,Candidatus Udaeobacter,Chthoniobacteraceae,Verrucomicrobiota,Verrucomicrobiae,Chthoniobacterales
bacteria and archaea,1221,NA,4.55,3.81,-0.09,-0.02,0.08,0.01,Streptomyces,Streptomycetaceae,Actinobacteria,Actinobacteria,Streptomycetales
bacteria and archaea,1545,3.98,4.15,3.78,-0.1,0.01,0.08,-0.3,NA,SC-I-84,Proteobacteria,Gammaproteobacteria,Burkholderiales
bacteria and archaea,1573,3.73,3.89,3.54,-0.17,-0.12,0.08,-0.12,NA,SC-I-84,Proteobacteria,Gammaproteobacteria,Burkholderiales
bacteria and archaea,1083,5.84,5.46,5.45,-0.12,-0.04,0.08,-0.15,NA,NA,Acidobacteria,Vicinamibacteria,Vicinamibacterales
bacteria and archaea,1160,3.82,NA,4.19,-0.31,-0.25,0.08,-0.33,Candidatus Solibacter,Solibacteraceae,Acidobacteria,Acidobacteriae,Solibacterales
bacteria and archaea,166,3.65,3.69,3.4,-0.3,-0.27,0.08,-0.23,NA,Gemmataceae,Planctomycetota,Planctomycetes,Gemmatales
bacteria and archaea,1441,3.91,4.07,3.84,-0.12,0,0.08,-0.16,Variovorax,Comamonadaceae,Proteobacteria,Gammaproteobacteria,Burkholderiales
bacteria and archaea,520,NA,NA,NA,0.06,0.07,0.08,-0.2,Chthoniobacter,Chthoniobacteraceae,Verrucomicrobiota,Verrucomicrobiae,Chthoniobacterales
bacteria and archaea,791,3.75,3.77,3.54,0.02,0.02,0.08,-0.26,Granulicella,Acidobacteriaceae (Subgroup 1),Acidobacteria,Acidobacteriae,Acidobacteriales
bacteria and archaea,1230,3.3,3.45,3.56,-0.04,0.02,0.08,0.21,Actinoallomurus,Thermomonosporaceae,Actinobacteria,Actinobacteria,Streptosporangiales
bacteria and archaea,1442,2.77,3.12,2.65,-0.03,0.03,0.08,0.09,Limnobacter,Burkholderiaceae,Proteobacteria,Gammaproteobacteria,Burkholderiales
bacteria and archaea,848,4.69,3.8,4.07,-0.07,-0.11,0.08,-0.15,Hyphomicrobium,Hyphomicrobiaceae,Proteobacteria,Alphaproteobacteria,Rhizobiales
bacteria and archaea,793,3.7,3.61,3.82,-0.13,-0.1,0.08,-0.27,Granulicella,Acidobacteriaceae (Subgroup 1),Acidobacteria,Acidobacteriae,Acidobacteriales
bacteria and archaea,998,NA,3.25,2.2,0.14,0.29,0.08,-0.14,Gemmatimonas,Gemmatimonadaceae,Gemmatimonadota,Gemmatimonadetes,Gemmatimonadales
bacteria and archaea,35,3.64,4.27,3.74,-0.18,-0.14,0.08,-0.2,NA,NA,Cyanobacteria,Cyanobacteriia,Chloroplast
bacteria and archaea,782,4.69,4.38,4.23,-0.19,-0.08,0.07,-0.33,NA,NA,Acidobacteria,Acidobacteriae,Acidobacteriales
bacteria and archaea,1519,4.13,4.05,4.02,-0.06,0.03,0.07,-0.09,NA,A21b,Proteobacteria,Gammaproteobacteria,Burkholderiales
bacteria and archaea,1153,3.82,3.46,3.53,-0.15,-0.09,0.07,-0.23,Bryobacter,Bryobacteraceae,Acidobacteria,Acidobacteriae,Bryobacterales
bacteria and archaea,1141,5.9,5.02,4.8,-0.2,-0.15,0.07,-0.34,NA,Gemmatimonadaceae,Gemmatimonadota,Gemmatimonadetes,Gemmatimonadales
bacteria and archaea,93,3.19,3.58,3.43,0.02,0.19,0.07,-0.25,NA,WD2101 soil group,Planctomycetota,Phycisphaerae,Tepidisphaerales
bacteria and archaea,551,4.99,4.47,3.91,-0.21,-0.16,0.07,-0.14,NA,NA,Acidobacteria,Vicinamibacteria,Subgroup 17
bacteria and archaea,397,2.97,2.67,3.61,-0.36,-0.37,0.07,-0.32,NA,NA,Acidobacteria,Acidobacteriae,Acidobacteriales
bacteria and archaea,554,4.02,4.42,3.95,0.02,0.15,0.07,-0.22,NA,NA,Acidobacteria,Vicinamibacteria,Vicinamibacterales
bacteria and archaea,237,4.33,NA,NA,-0.31,-0.29,0.07,-0.14,NA,NA,Acidobacteria,Acidobacteriae,Subgroup 2
bacteria and archaea,1548,5.06,4.82,4.8,-0.14,-0.03,0.07,-0.24,NA,A21b,Proteobacteria,Gammaproteobacteria,Burkholderiales
bacteria and archaea,1423,3.41,NA,NA,-0.2,-0.18,0.07,-0.08,Rhizobacter,Comamonadaceae,Proteobacteria,Gammaproteobacteria,Burkholderiales
bacteria and archaea,901,3.3,3.24,3.09,-0.02,0.16,0.07,-0.23,Flavisolibacter,Chitinophagaceae,Bacteroidota,Bacteroidia,Chitinophagales
bacteria and archaea,169,3.81,NA,NA,-0.08,-0.03,0.07,-0.18,NA,NA,Planctomycetota,Planctomycetes,Planctomycetales
bacteria and archaea,1602,2.94,3.45,NA,0.13,0.32,0.07,0.21,NA,Intrasporangiaceae,Actinobacteria,Actinobacteria,Micrococcales
bacteria and archaea,142,1.39,2.71,3.22,0.13,0.24,0.07,-0.07,Gemmata,Gemmataceae,Planctomycetota,Planctomycetes,Gemmatales
bacteria and archaea,642,3.96,4.16,3.52,-0.07,-0.12,0.07,0.25,Psychroglaciecola,Beijerinckiaceae,Proteobacteria,Alphaproteobacteria,Rhizobiales
bacteria and archaea,861,3.99,4.33,3.88,0.13,0.25,0.07,0,Chthonomonas,Chthonomonadaceae,Armatimonadota,Chthonomonadetes,Chthonomonadales
bacteria and archaea,1580,2.83,3.64,3.18,-0.21,-0.28,0.07,-0.34,NA,NA,Chloroflexi,TK10,NA
bacteria and archaea,745,3.3,3.84,3.76,0.05,0.06,0.07,-0.07,Methylorosula,Beijerinckiaceae,Proteobacteria,Alphaproteobacteria,Rhizobiales
bacteria and archaea,1062,5.46,5.07,4.8,-0.17,-0.13,0.07,-0.2,RB41,Pyrinomonadaceae,Acidobacteria,Blastocatellia,Pyrinomonadales
bacteria and archaea,1382,4.16,3.66,4.02,-0.2,-0.14,0.07,-0.32,HSB OF53-F07,Ktedonobacteraceae,Chloroflexi,Ktedonobacteria,Ktedonobacterales
bacteria and archaea,1355,3.32,3.57,3.74,-0.07,0.05,0.07,-0.24,NA,NA,Actinobacteria,Acidimicrobiia,IMCC26256
bacteria and archaea,1336,NA,3.57,3.64,0.18,0.34,0.07,0.15,NA,NA,Actinobacteria,Thermoleophilia,Gaiellales
bacteria and archaea,1498,3.28,3.65,3.25,0.05,0.2,0.07,-0.04,Angustibacter,Kineosporiaceae,Actinobacteria,Actinobacteria,Kineosporiales
bacteria and archaea,908,4.83,4.96,4.67,0.07,0.24,0.07,-0.18,NA,Chitinophagaceae,Bacteroidota,Bacteroidia,Chitinophagales
bacteria and archaea,347,3.05,3.32,2.61,0.03,0.11,0.07,-0.03,NA,NA,Proteobacteria,Gammaproteobacteria,R7C24
bacteria and archaea,366,NA,NA,NA,0.15,0.21,0.07,-0.2,Roseisolibacter,Gemmatimonadaceae,Gemmatimonadota,Gemmatimonadetes,Gemmatimonadales
bacteria and archaea,696,3.33,3.78,3.59,0.19,0.41,0.07,-0.06,Belnapia,Acetobacteraceae,Proteobacteria,Alphaproteobacteria,Acetobacterales
bacteria and archaea,216,3.78,4.96,3.69,-0.03,0.06,0.07,0.15,Dactylosporangium,Micromonosporaceae,Actinobacteria,Actinobacteria,Micromonosporales
bacteria and archaea,599,3.53,4.25,4.06,0.17,0.23,0.06,0.13,NA,NA,Proteobacteria,Alphaproteobacteria,Elsterales
bacteria and archaea,1211,4.14,NA,4.6,-0.02,0.07,0.06,-0.12,NA,67-14,Actinobacteria,Thermoleophilia,Solirubrobacterales
bacteria and archaea,1132,3.68,3.86,3.43,-0.02,0.05,0.06,-0.25,NA,Gemmatimonadaceae,Gemmatimonadota,Gemmatimonadetes,Gemmatimonadales
bacteria and archaea,418,3.93,3.76,3.72,-0.18,-0.04,0.06,-0.28,NA,Pedosphaeraceae,Verrucomicrobiota,Verrucomicrobiae,Pedosphaerales
bacteria and archaea,761,3.01,3.26,3.39,0.2,0.24,0.06,0.01,Lysobacter,Xanthomonadaceae,Proteobacteria,Gammaproteobacteria,Xanthomonadales
bacteria and archaea,962,3.44,3.37,3.21,-0.12,-0.11,0.06,-0.11,NA,NA,Bacteroidota,Bacteroidia,Chitinophagales
bacteria and archaea,507,4.38,5,4.2,-0.04,0.14,0.06,-0.19,Candidatus Udaeobacter,Chthoniobacteraceae,Verrucomicrobiota,Verrucomicrobiae,Chthoniobacterales
bacteria and archaea,931,3.73,3.95,3.88,-0.08,-0.01,0.06,0.08,Ferruginibacter,Chitinophagaceae,Bacteroidota,Bacteroidia,Chitinophagales
bacteria and archaea,47,3.45,3.33,3.23,-0.25,-0.35,0.06,-0.17,NA,WD2101 soil group,Planctomycetota,Phycisphaerae,Tepidisphaerales
bacteria and archaea,1429,3.81,3.69,4.04,0.09,0.21,0.06,-0.2,Xylophilus,Comamonadaceae,Proteobacteria,Gammaproteobacteria,Burkholderiales
bacteria and archaea,552,3.52,3,3.35,0.01,0.2,0.06,-0.2,NA,NA,Acidobacteria,Vicinamibacteria,Vicinamibacterales
bacteria and archaea,973,4.24,4.23,4.11,-0.06,0.01,0.06,-0.2,Gemmatimonas,Gemmatimonadaceae,Gemmatimonadota,Gemmatimonadetes,Gemmatimonadales
bacteria and archaea,842,3.7,4.06,3.6,-0.02,0.09,0.06,-0.2,Ellin6055,Sphingomonadaceae,Proteobacteria,Alphaproteobacteria,Sphingomonadales
bacteria and archaea,1012,3.39,3.7,4.33,-0.03,0.12,0.06,-0.28,Gemmatimonas,Gemmatimonadaceae,Gemmatimonadota,Gemmatimonadetes,Gemmatimonadales
bacteria and archaea,380,3.6,3.12,2.89,0.06,0.15,0.06,-0.22,Anaeromyxobacter,Anaeromyxobacteraceae,Myxococcota,Myxococcia,Myxococcales
bacteria and archaea,255,NA,4.2,NA,0,NA,0.06,0.09,NA,Mitochondria,Proteobacteria,Alphaproteobacteria,Rickettsiales
bacteria and archaea,256,NA,3.78,NA,0.06,0.09,0.06,NA,NA,Mitochondria,Proteobacteria,Alphaproteobacteria,Rickettsiales
bacteria and archaea,1150,2.73,3.19,2.99,-0.26,-0.15,0.06,-0.4,Bryobacter,Bryobacteraceae,Acidobacteria,Acidobacteriae,Bryobacterales
bacteria and archaea,1268,4.28,4.49,4.57,-0.03,0.06,0.06,-0.18,Conexibacter,Solirubrobacteraceae,Actinobacteria,Thermoleophilia,Solirubrobacterales
bacteria and archaea,1451,3.88,4.01,3.51,-0.19,-0.2,0.06,-0.22,Collimonas,Oxalobacteraceae,Proteobacteria,Gammaproteobacteria,Burkholderiales
bacteria and archaea,603,3.63,3.68,3.64,-0.05,0.04,0.06,-0.26,NA,NA,Proteobacteria,Alphaproteobacteria,Elsterales
bacteria and archaea,395,4.52,4.3,4.39,-0.22,-0.25,0.06,-0.05,NA,NA,Acidobacteria,Acidobacteriae,Acidobacteriales
bacteria and archaea,218,NA,3.26,NA,0.04,0.11,0.06,-0.2,Luedemannella,Micromonosporaceae,Actinobacteria,Actinobacteria,Micromonosporales
bacteria and archaea,1,2.41,2.74,1.99,-0.17,-0.11,0.06,-0.17,NA,A4b,Chloroflexi,Anaerolineae,SBR1031
bacteria and archaea,661,3.37,3.13,3.22,-0.31,-0.37,0.06,-0.34,Afipia,Xanthobacteraceae,Proteobacteria,Alphaproteobacteria,Rhizobiales
bacteria and archaea,1397,NA,3.99,NA,-0.01,0.06,0.06,0.06,Solirubrobacter,Solirubrobacteraceae,Actinobacteria,Thermoleophilia,Solirubrobacterales
bacteria and archaea,196,3.45,3.95,3.7,-0.04,0.14,0.06,-0.27,NA,NA,Actinobacteria,MB-A2-108,NA
bacteria and archaea,544,3.68,NA,NA,0.04,0.09,0.06,-0.01,Chthoniobacter,Chthoniobacteraceae,Verrucomicrobiota,Verrucomicrobiae,Chthoniobacterales
bacteria and archaea,1492,4.42,4.18,4.26,-0.09,0.04,0.06,-0.1,Nakamurella,Nakamurellaceae,Actinobacteria,Actinobacteria,Frankiales
bacteria and archaea,1255,2.97,3.31,3.11,0.18,0.31,0.06,0.13,NA,NA,Actinobacteria,Thermoleophilia,Gaiellales
bacteria and archaea,1363,3.78,3.52,3.31,-0.26,-0.31,0.06,-0.28,NA,NA,Acidobacteria,Acidobacteriae,Subgroup 2
bacteria and archaea,913,3.14,3.6,3.15,0.01,0.14,0.06,-0.09,Flavitalea,Chitinophagaceae,Bacteroidota,Bacteroidia,Chitinophagales
bacteria and archaea,439,3.43,3.46,3.32,-0.09,-0.08,0.06,-0.05,Candidatus Udaeobacter,Chthoniobacteraceae,Verrucomicrobiota,Verrucomicrobiae,Chthoniobacterales
bacteria and archaea,84,3.14,3.39,3.17,-0.06,0.04,0.06,-0.23,NA,WD2101 soil group,Planctomycetota,Phycisphaerae,Tepidisphaerales
bacteria and archaea,653,6.19,5.94,6.1,-0.14,-0.05,0.06,-0.3,Bradyrhizobium,Xanthobacteraceae,Proteobacteria,Alphaproteobacteria,Rhizobiales
bacteria and archaea,1039,4.26,4.14,4.31,-0.17,-0.12,0.06,-0.3,RB41,Pyrinomonadaceae,Acidobacteria,Blastocatellia,Pyrinomonadales
bacteria and archaea,2,3.25,2.77,2.44,-0.04,0.03,0.06,-0.12,NA,A4b,Chloroflexi,Anaerolineae,SBR1031
bacteria and archaea,1313,3.18,3.3,3.74,0.16,0.33,0.05,-0.01,Gaiella,Gaiellaceae,Actinobacteria,Thermoleophilia,Gaiellales
bacteria and archaea,27,4.03,4.11,4.07,-0.08,-0.03,0.05,-0.18,NA,NA,Actinobacteria,Acidimicrobiia,Microtrichales
bacteria and archaea,1474,4.38,3.89,4.29,-0.01,0,0.05,-0.11,Jatrophihabitans,Frankiaceae,Actinobacteria,Actinobacteria,Frankiales
bacteria and archaea,1642,2.74,2.61,2.57,-0.32,-0.3,0.05,-0.25,NA,NA,Chloroflexi,Dehalococcoidia,S085
bacteria and archaea,864,4.04,4.27,3.83,-0.09,0.07,0.05,-0.35,Chthonomonas,Chthonomonadaceae,Armatimonadota,Chthonomonadetes,Chthonomonadales
bacteria and archaea,662,NA,3.02,NA,-0.07,0.09,0.05,-0.12,Rhodopseudomonas,Xanthobacteraceae,Proteobacteria,Alphaproteobacteria,Rhizobiales
bacteria and archaea,795,4.67,4.12,4.42,-0.18,-0.08,0.05,-0.36,NA,NA,Acidobacteria,Acidobacteriae,Acidobacteriales
bacteria and archaea,414,2.64,NA,NA,-0.2,-0.12,0.05,-0.24,ADurb.Bin063-1,Pedosphaeraceae,Verrucomicrobiota,Verrucomicrobiae,Pedosphaerales
bacteria and archaea,899,2.89,3.04,3.69,0.14,0.16,0.05,0.11,Flavisolibacter,Chitinophagaceae,Bacteroidota,Bacteroidia,Chitinophagales
bacteria and archaea,770,NA,3.12,2.96,0.13,0.31,0.05,-0.08,Pirellula,Pirellulaceae,Planctomycetota,Planctomycetes,Pirellulales
bacteria and archaea,199,3,3.53,3.52,-0.07,0.03,0.05,-0.17,Actinoplanes,Micromonosporaceae,Actinobacteria,Actinobacteria,Micromonosporales
bacteria and archaea,1561,3.37,3.89,3.71,0.18,0.26,0.05,-0.11,Ellin6067,Nitrosomonadaceae,Proteobacteria,Gammaproteobacteria,Burkholderiales
bacteria and archaea,687,4.05,3.96,3.93,-0.16,-0.07,0.05,-0.17,Phenylobacterium,Caulobacteraceae,Proteobacteria,Alphaproteobacteria,Caulobacterales
bacteria and archaea,663,4.25,3.64,3.53,-0.03,0.05,0.05,-0.16,Tardiphaga,Xanthobacteraceae,Proteobacteria,Alphaproteobacteria,Rhizobiales
bacteria and archaea,6,2.48,3.21,NA,0.1,0.23,0.05,-0.06,NA,Anaerolineaceae,Chloroflexi,Anaerolineae,Anaerolineales
bacteria and archaea,743,4.61,3.9,3.75,-0.15,-0.13,0.05,-0.21,Allorhizobium-Neorhizobium-Pararhizobium-Rhizobium,Rhizobiaceae,Proteobacteria,Alphaproteobacteria,Rhizobiales
bacteria and archaea,1437,3.91,4.02,NA,-0.02,0.14,0.05,-0.17,NA,Comamonadaceae,Proteobacteria,Gammaproteobacteria,Burkholderiales
bacteria and archaea,1220,3,3.26,3.52,-0.11,-0.2,0.05,-0.2,Streptomyces,Streptomycetaceae,Actinobacteria,Actinobacteria,Streptomycetales
bacteria and archaea,475,4.86,3.89,3.79,-0.18,-0.16,0.05,-0.19,Candidatus Udaeobacter,Chthoniobacteraceae,Verrucomicrobiota,Verrucomicrobiae,Chthoniobacterales
bacteria and archaea,477,4.9,5.12,5.16,-0.19,-0.06,0.05,-0.33,Candidatus Udaeobacter,Chthoniobacteraceae,Verrucomicrobiota,Verrucomicrobiae,Chthoniobacterales
bacteria and archaea,249,3.24,3.38,3.66,-0.34,-0.4,0.05,-0.33,NA,NA,Actinobacteria,MB-A2-108,NA
bacteria and archaea,28,NA,3.13,3.33,0.17,0.26,0.05,-0.01,Iamia,Iamiaceae,Actinobacteria,Acidimicrobiia,Microtrichales
bacteria and archaea,868,2.4,3.18,2.83,0.23,0.35,0.05,-0.12,Sphingomonas,Sphingomonadaceae,Proteobacteria,Alphaproteobacteria,Sphingomonadales
bacteria and archaea,1248,2.17,3.04,2.96,-0.27,-0.27,0.05,-0.18,NA,NA,Chloroflexi,NA,NA
bacteria and archaea,335,4.37,NA,4.51,0.05,0.12,0.04,0.22,Archangium,Myxococcaceae,Myxococcota,Myxococcia,Myxococcales
bacteria and archaea,1195,3.34,3.06,3.57,-0.03,0.05,0.04,-0.12,NA,Blastocatellaceae,Acidobacteria,Blastocatellia,Blastocatellales
bacteria and archaea,1334,4.58,4.6,4.41,-0.06,0.02,0.04,-0.3,NA,NA,Actinobacteria,Thermoleophilia,Gaiellales
bacteria and archaea,201,3.69,3.5,NA,0,0.02,0.04,-0.17,Micromonospora,Micromonosporaceae,Actinobacteria,Actinobacteria,Micromonosporales
bacteria and archaea,131,3.97,3.71,3.74,0.06,0.19,0.04,-0.12,Singulisphaera,Isosphaeraceae,Planctomycetota,Planctomycetes,Isosphaerales
bacteria and archaea,324,4.84,4.27,3.51,-0.07,-0.07,0.04,-0.17,Pseudomonas,Pseudomonadaceae,Proteobacteria,Gammaproteobacteria,Pseudomonadales
bacteria and archaea,701,3,NA,2.83,0.21,0.21,0.04,-0.12,Bauldia,Rhizobiales Incertae Sedis,Proteobacteria,Alphaproteobacteria,Rhizobiales
bacteria and archaea,860,3.47,3.93,3.72,0.03,0.12,0.04,-0.19,Subgroup 10,Thermoanaerobaculaceae,Acidobacteria,Thermoanaerobaculia,Thermoanaerobaculales
bacteria and archaea,292,3.93,4.17,4.09,-0.12,-0.13,0.04,-0.31,NA,NA,Acidobacteria,Holophagae,Subgroup 7
bacteria and archaea,987,2.93,2.3,NA,0.09,0.16,0.04,-0.22,NA,Gemmatimonadaceae,Gemmatimonadota,Gemmatimonadetes,Gemmatimonadales
bacteria and archaea,1393,3.87,4.23,3.18,-0.04,0.03,0.04,-0.07,NA,NA,Actinobacteria,Thermoleophilia,NA
bacteria and archaea,910,3.88,3.98,3.87,0.05,0.09,0.04,-0.01,NA,Chitinophagaceae,Bacteroidota,Bacteroidia,Chitinophagales
bacteria and archaea,560,NA,3.4,NA,-0.13,0.02,0.04,-0.2,Haliangium,Haliangiaceae,Myxococcota,Polyangia,Haliangiales
bacteria and archaea,900,3.93,3.89,3.85,-0.01,0.04,0.04,-0.15,Flavisolibacter,Chitinophagaceae,Bacteroidota,Bacteroidia,Chitinophagales
bacteria and archaea,1501,NA,3.77,3,0.15,0.26,0.04,0.09,Angustibacter,Kineosporiaceae,Actinobacteria,Actinobacteria,Kineosporiales
bacteria and archaea,1181,3.49,3.35,4.05,0.1,0.08,0.04,0.05,Candidatus Solibacter,Solibacteraceae,Acidobacteria,Acidobacteriae,Solibacterales
bacteria and archaea,319,3.64,NA,3.25,-0.27,-0.38,0.04,-0.24,NA,NA,Acidobacteria,Holophagae,Subgroup 7
bacteria and archaea,153,NA,3.27,2.89,0.05,0.24,0.04,-0.19,NA,Gemmataceae,Planctomycetota,Planctomycetes,Gemmatales
bacteria and archaea,473,6.05,5.59,5.82,-0.17,-0.13,0.04,-0.25,Candidatus Udaeobacter,Chthoniobacteraceae,Verrucomicrobiota,Verrucomicrobiae,Chthoniobacterales
bacteria and archaea,37,4.16,NA,4.08,-0.05,-0.06,0.04,-0.22,NA,WD2101 soil group,Planctomycetota,Phycisphaerae,Tepidisphaerales
bacteria and archaea,1259,3.45,3.81,3.04,0.04,0.25,0.04,-0.04,NA,Solirubrobacteraceae,Actinobacteria,Thermoleophilia,Solirubrobacterales
bacteria and archaea,1396,3.96,4.24,4.38,0.04,0.17,0.04,-0.41,NA,67-14,Actinobacteria,Thermoleophilia,Solirubrobacterales
bacteria and archaea,1418,NA,3.63,2.98,0.1,0.28,0.04,0.09,Kribbella,Nocardioidaceae,Actinobacteria,Actinobacteria,Propionibacteriales
bacteria and archaea,1053,NA,3.43,NA,0.11,0.17,0.04,-0.04,RB41,Pyrinomonadaceae,Acidobacteria,Blastocatellia,Pyrinomonadales
bacteria and archaea,1471,4.81,4.89,4.82,-0.22,-0.14,0.04,-0.41,NA,Solirubrobacteraceae,Actinobacteria,Thermoleophilia,Solirubrobacterales
bacteria and archaea,802,2.87,3.19,2.71,-0.11,-0.04,0.04,0.1,Flavobacterium,Flavobacteriaceae,Bacteroidota,Bacteroidia,Flavobacteriales
bacteria and archaea,971,NA,4.45,3.89,-0.06,0.06,0.04,0.04,NA,NA,Bdellovibrionota,Oligoflexia,0319-6G20
bacteria and archaea,527,3.58,3.62,3.83,0.08,0.06,0.04,-0.12,Candidatus Udaeobacter,Chthoniobacteraceae,Verrucomicrobiota,Verrucomicrobiae,Chthoniobacterales
bacteria and archaea,40,3.43,NA,3,0,0.02,0.04,-0.12,NA,WD2101 soil group,Planctomycetota,Phycisphaerae,Tepidisphaerales
bacteria and archaea,731,3.8,NA,3.53,-0.18,-0.26,0.04,0.2,NA,Micropepsaceae,Proteobacteria,Alphaproteobacteria,Micropepsales
bacteria and archaea,1279,NA,NA,NA,0.04,0.01,0.04,0.06,NA,67-14,Actinobacteria,Thermoleophilia,Solirubrobacterales
bacteria and archaea,995,NA,2.92,3.5,0.04,0.07,0.04,0.2,Gemmatimonas,Gemmatimonadaceae,Gemmatimonadota,Gemmatimonadetes,Gemmatimonadales
bacteria and archaea,1275,3.47,3.48,3.36,-0.05,0,0.04,0.01,NA,67-14,Actinobacteria,Thermoleophilia,Solirubrobacterales
bacteria and archaea,769,4.03,3.71,3.7,-0.25,-0.17,0.04,-0.31,Nitrospira,Nitrospiraceae,Nitrospirota,Nitrospiria,Nitrospirales
bacteria and archaea,685,3.74,3.3,3.34,-0.09,-0.02,0.04,-0.25,Caulobacter,Caulobacteraceae,Proteobacteria,Alphaproteobacteria,Caulobacterales
bacteria and archaea,267,3.78,3.04,2.4,-0.25,-0.24,0.04,-0.1,NA,NA,Verrucomicrobiota,Verrucomicrobiae,S-BQ2-57 soil group
bacteria and archaea,1512,3.81,3.09,3.56,-0.11,-0.13,0.04,0.22,NA,TRA3-20,Proteobacteria,Gammaproteobacteria,Burkholderiales
bacteria and archaea,1054,4.46,4.9,4.35,0.17,0.3,0.04,-0.1,RB41,Pyrinomonadaceae,Acidobacteria,Blastocatellia,Pyrinomonadales
bacteria and archaea,1253,4.68,5.19,4.9,0.07,0.18,0.04,-0.23,NA,67-14,Actinobacteria,Thermoleophilia,Solirubrobacterales
bacteria and archaea,206,3.79,2.88,3.23,-0.1,-0.11,0.04,-0.13,Luedemannella,Micromonosporaceae,Actinobacteria,Actinobacteria,Micromonosporales
bacteria and archaea,754,3,2.4,3.24,0.04,0.07,0.03,-0.18,NA,Xanthomonadaceae,Proteobacteria,Gammaproteobacteria,Xanthomonadales
bacteria and archaea,1029,3.13,NA,NA,-0.14,-0.13,0.03,-0.09,Dyadobacter,Spirosomaceae,Bacteroidota,Bacteroidia,Cytophagales
bacteria and archaea,710,3.38,4.08,3.04,-0.13,-0.06,0.03,-0.07,Microvirga,Beijerinckiaceae,Proteobacteria,Alphaproteobacteria,Rhizobiales
bacteria and archaea,1180,3.5,3.93,3.38,0.01,0.11,0.03,-0.18,Candidatus Solibacter,Solibacteraceae,Acidobacteria,Acidobacteriae,Solibacterales
bacteria and archaea,630,NA,4.27,3.99,0.05,0.06,0.03,-0.02,NA,Xanthobacteraceae,Proteobacteria,Alphaproteobacteria,Rhizobiales
bacteria and archaea,854,3.26,3.87,3.61,-0.08,-0.02,0.03,0.22,Subgroup 10,Thermoanaerobaculaceae,Acidobacteria,Thermoanaerobaculia,Thermoanaerobaculales
bacteria and archaea,338,2.83,3.76,3.39,-0.1,-0.26,0.03,-0.04,NA,Myxococcaceae,Myxococcota,Myxococcia,Myxococcales
bacteria and archaea,1164,3.76,3.83,3.71,-0.02,0.12,0.03,-0.3,Candidatus Solibacter,Solibacteraceae,Acidobacteria,Acidobacteriae,Solibacterales
bacteria and archaea,609,4.01,4.33,4.21,0.11,0.19,0.03,-0.05,Acidicaldus,Acetobacteraceae,Proteobacteria,Alphaproteobacteria,Acetobacterales
bacteria and archaea,1493,2.74,3.47,3.64,0.11,0.22,0.03,-0.1,Jatrophihabitans,Frankiaceae,Actinobacteria,Actinobacteria,Frankiales
bacteria and archaea,1102,5.2,5.28,4.87,-0.1,-0.04,0.03,-0.2,NA,NA,Acidobacteria,Vicinamibacteria,Vicinamibacterales
bacteria and archaea,1130,NA,3.61,NA,0.23,0.39,0.03,-0.2,NA,Gemmatimonadaceae,Gemmatimonadota,Gemmatimonadetes,Gemmatimonadales
bacteria and archaea,353,2.2,2.56,NA,0,0.09,0.03,-0.15,Steroidobacter,Steroidobacteraceae,Proteobacteria,Gammaproteobacteria,Steroidobacterales
bacteria and archaea,318,4.37,4.04,4.57,-0.23,-0.26,0.03,-0.33,NA,NA,Acidobacteria,Holophagae,Subgroup 7
bacteria and archaea,219,NA,3.85,2.94,-0.2,-0.02,0.03,-0.16,Dactylosporangium,Micromonosporaceae,Actinobacteria,Actinobacteria,Micromonosporales
bacteria and archaea,1413,3.12,NA,NA,-0.02,-0.03,0.03,-0.07,Mycobacterium,Mycobacteriaceae,Actinobacteria,Actinobacteria,Corynebacteriales
bacteria and archaea,1444,NA,3.29,2.94,0.1,0.15,0.03,0.19,Burkholderia-Caballeronia-Paraburkholderia,Burkholderiaceae,Proteobacteria,Gammaproteobacteria,Burkholderiales
bacteria and archaea,884,NA,3.87,NA,-0.04,0.11,0.03,-0.11,Sphingomonas,Sphingomonadaceae,Proteobacteria,Alphaproteobacteria,Sphingomonadales
bacteria and archaea,1084,4.87,4.68,4.57,-0.21,-0.2,0.03,-0.15,NA,NA,Acidobacteria,Vicinamibacteria,Vicinamibacterales
bacteria and archaea,1529,NA,3.57,NA,-0.04,0.19,0.03,-0.14,Rhodoferax,Comamonadaceae,Proteobacteria,Gammaproteobacteria,Burkholderiales
bacteria and archaea,486,4.22,4.05,4.34,0.08,0.15,0.03,-0.15,Candidatus Udaeobacter,Chthoniobacteraceae,Verrucomicrobiota,Verrucomicrobiae,Chthoniobacterales
bacteria and archaea,1616,4.12,4.46,3.66,0.1,0.28,0.03,-0.11,Amycolatopsis,Pseudonocardiaceae,Actinobacteria,Actinobacteria,Pseudonocardiales
bacteria and archaea,705,3.97,4.26,4.06,0.17,0.27,0.03,-0.02,NA,Beijerinckiaceae,Proteobacteria,Alphaproteobacteria,Rhizobiales
bacteria and archaea,840,3.09,NA,NA,-0.03,0.04,0.03,-0.07,Novosphingobium,Sphingomonadaceae,Proteobacteria,Alphaproteobacteria,Sphingomonadales
bacteria and archaea,1386,3.61,4.13,4.09,-0.14,0.06,0.03,-0.36,NA,NA,Actinobacteria,Acidimicrobiia,NA
bacteria and archaea,734,2.94,3.43,3.09,0.05,0.24,0.03,-0.29,NA,Micropepsaceae,Proteobacteria,Alphaproteobacteria,Micropepsales
bacteria and archaea,613,4.67,4.65,4.6,-0.06,0.03,0.02,-0.25,Rhodoplanes,Xanthobacteraceae,Proteobacteria,Alphaproteobacteria,Rhizobiales
bacteria and archaea,589,3.87,3.76,3.26,-0.01,0.04,0.02,0.06,Hyphomicrobium,Hyphomicrobiaceae,Proteobacteria,Alphaproteobacteria,Rhizobiales
bacteria and archaea,1412,3.79,3.43,3.86,0.01,0.05,0.02,-0.12,NA,NA,Patescibacteria,Saccharimonadia,Saccharimonadales
bacteria and archaea,1610,2.98,3.25,3.49,0.04,0.12,0.02,-0.05,Marmoricola,Nocardioidaceae,Actinobacteria,Actinobacteria,Propionibacteriales
bacteria and archaea,517,4.83,4.73,5.13,-0.09,0,0.02,-0.3,Candidatus Udaeobacter,Chthoniobacteraceae,Verrucomicrobiota,Verrucomicrobiae,Chthoniobacterales
bacteria and archaea,565,3.26,NA,NA,-0.32,-0.29,0.02,-0.02,Haliangium,Haliangiaceae,Myxococcota,Polyangia,Haliangiales
bacteria and archaea,689,3.69,3.2,3.4,-0.05,0.11,0.02,-0.24,Phenylobacterium,Caulobacteraceae,Proteobacteria,Alphaproteobacteria,Caulobacterales
bacteria and archaea,1354,3.26,3.1,3.24,-0.16,-0.2,0.02,-0.05,NA,NA,Actinobacteria,Acidimicrobiia,IMCC26256
bacteria and archaea,568,3.56,3.54,3.36,-0.19,-0.13,0.02,-0.29,Haliangium,Haliangiaceae,Myxococcota,Polyangia,Haliangiales
bacteria and archaea,524,3.78,4.55,3.61,0.09,0.09,0.02,0.05,Candidatus Udaeobacter,Chthoniobacteraceae,Verrucomicrobiota,Verrucomicrobiae,Chthoniobacterales
bacteria and archaea,1244,5.19,5.23,4.91,-0.28,-0.29,0.02,-0.21,NA,NA,Chloroflexi,AD3,NA
bacteria and archaea,1321,3.48,3,3.57,-0.14,-0.07,0.02,-0.28,Gaiella,Gaiellaceae,Actinobacteria,Thermoleophilia,Gaiellales
bacteria and archaea,450,3.54,NA,3.98,0.01,0.07,0.02,-0.21,Chthoniobacter,Chthoniobacteraceae,Verrucomicrobiota,Verrucomicrobiae,Chthoniobacterales
bacteria and archaea,858,3.01,3.76,3.59,0.12,0.11,0.02,0.04,Subgroup 10,Thermoanaerobaculaceae,Acidobacteria,Thermoanaerobaculia,Thermoanaerobaculales
bacteria and archaea,358,3.64,NA,NA,-0.08,-0.02,0.02,-0.02,Acidibacter,Unknown Family,Proteobacteria,Gammaproteobacteria,Gammaproteobacteria Incertae Sedis
bacteria and archaea,978,3.68,3.47,3.83,-0.11,-0.04,0.02,-0.03,NA,NA,Desulfobacterota,NA,NA
bacteria and archaea,254,NA,4.06,NA,0.1,0.13,0.02,NA,NA,Mitochondria,Proteobacteria,Alphaproteobacteria,Rickettsiales
bacteria and archaea,1218,2.48,3.43,3.01,0.14,0.24,0.02,-0.01,Paenarthrobacter,Micrococcaceae,Actinobacteria,Actinobacteria,Micrococcales
bacteria and archaea,1586,4.65,4.45,4.54,-0.06,0.02,0.02,-0.24,Mycobacterium,Mycobacteriaceae,Actinobacteria,Actinobacteria,Corynebacteriales
bacteria and archaea,1131,3.37,3.37,3.37,0.16,0.29,0.02,-0.13,NA,Gemmatimonadaceae,Gemmatimonadota,Gemmatimonadetes,Gemmatimonadales
bacteria and archaea,870,3.88,4.14,4.43,0.06,0.09,0.02,-0.1,Sphingomonas,Sphingomonadaceae,Proteobacteria,Alphaproteobacteria,Sphingomonadales
bacteria and archaea,766,NA,3.69,4.01,0,0.1,0.02,-0.06,NA,AKYH767,Bacteroidota,Bacteroidia,Sphingobacteriales
bacteria and archaea,1364,4.08,3.23,3.13,-0.16,-0.09,0.02,-0.21,NA,NA,Acidobacteria,Acidobacteriae,Subgroup 2
bacteria and archaea,564,3.32,2.79,2.26,-0.16,-0.02,0.02,-0.33,Haliangium,Haliangiaceae,Myxococcota,Polyangia,Haliangiales
bacteria and archaea,1484,3.96,NA,4.45,-0.15,-0.34,0.02,0.2,Crossiella,Pseudonocardiaceae,Actinobacteria,Actinobacteria,Pseudonocardiales
bacteria and archaea,1353,3.56,3.7,3.71,-0.03,0,0.01,-0.08,NA,NA,Actinobacteria,Thermoleophilia,Gaiellales
bacteria and archaea,1506,NA,3.22,3.91,0.15,0.2,0.01,0.2,Oryzihumus,Intrasporangiaceae,Actinobacteria,Actinobacteria,Micrococcales
bacteria and archaea,1287,3.6,3.64,3.58,-0.05,0.01,0.01,-0.05,Conexibacter,Solirubrobacteraceae,Actinobacteria,Thermoleophilia,Solirubrobacterales
bacteria and archaea,1609,4.28,NA,4.17,-0.06,0.02,0.01,-0.27,Marmoricola,Nocardioidaceae,Actinobacteria,Actinobacteria,Propionibacteriales
bacteria and archaea,964,NA,3.64,3.14,0.12,0.28,0.01,-0.08,Edaphobaculum,Chitinophagaceae,Bacteroidota,Bacteroidia,Chitinophagales
bacteria and archaea,69,3.01,3.33,2.82,-0.06,0.11,0.01,-0.26,NA,BIrii41,Myxococcota,Polyangia,Polyangiales
bacteria and archaea,1234,3.4,3.43,3.04,0.02,0.01,0.01,0.03,Patulibacter,Solirubrobacteraceae,Actinobacteria,Thermoleophilia,Solirubrobacterales
bacteria and archaea,22,2.79,3.1,3.17,-0.15,-0.16,0.01,-0.27,NA,Ilumatobacteraceae,Actinobacteria,Acidimicrobiia,Microtrichales
bacteria and archaea,1066,3.18,3.87,3.59,0.07,0.05,0.01,0.05,RB41,Pyrinomonadaceae,Acidobacteria,Blastocatellia,Pyrinomonadales
bacteria and archaea,556,3.47,3.78,3.4,0.03,0.16,0.01,-0.2,NA,NA,Acidobacteria,Vicinamibacteria,Vicinamibacterales
bacteria and archaea,282,4.12,NA,3.99,-0.1,-0.05,0.01,-0.16,NA,NA,Acidobacteria,Holophagae,Subgroup 7
bacteria and archaea,881,3.76,4.5,3.78,0.05,0,0.01,-0.01,Sphingomonas,Sphingomonadaceae,Proteobacteria,Alphaproteobacteria,Sphingomonadales
bacteria and archaea,1070,3.4,4.09,2.85,-0.24,-0.25,0.01,-0.14,NA,Vicinamibacteraceae,Acidobacteria,Vicinamibacteria,Vicinamibacterales
bacteria and archaea,327,4.59,4.37,4.41,-0.06,0.01,0.01,-0.23,Acidibacter,Unknown Family,Proteobacteria,Gammaproteobacteria,Gammaproteobacteria Incertae Sedis
bacteria and archaea,1611,4.13,4.03,4.28,-0.01,-0.01,0.01,0.13,Marmoricola,Nocardioidaceae,Actinobacteria,Actinobacteria,Propionibacteriales
bacteria and archaea,1034,3.64,NA,3.7,-0.14,-0.28,0.01,-0.34,RB41,Pyrinomonadaceae,Acidobacteria,Blastocatellia,Pyrinomonadales
bacteria and archaea,738,3.26,3.24,3.85,0.02,0.09,0.01,-0.37,NA,Micropepsaceae,Proteobacteria,Alphaproteobacteria,Micropepsales
bacteria and archaea,183,4.45,4.39,4.48,-0.06,0,0.01,-0.24,Reyranella,Reyranellaceae,Proteobacteria,Alphaproteobacteria,Reyranellales
bacteria and archaea,703,NA,3.9,2.89,0.18,0.28,0.01,-0.21,Methylocella,Beijerinckiaceae,Proteobacteria,Alphaproteobacteria,Rhizobiales
bacteria and archaea,144,3.12,2.97,3.36,0.01,0.08,0.01,-0.16,NA,Gemmataceae,Planctomycetota,Planctomycetes,Gemmatales
bacteria and archaea,155,3.33,3.76,3.37,0.06,0.21,0.01,-0.37,NA,Gemmataceae,Planctomycetota,Planctomycetes,Gemmatales
bacteria and archaea,54,4.26,NA,NA,-0.34,-0.4,0,-0.17,NA,NA,Methylomirabilota,Methylomirabilia,Rokubacteriales
bacteria and archaea,314,NA,3.6,3.14,0.05,0.19,0,0.13,NA,NA,Acidobacteria,Holophagae,Subgroup 7
bacteria and archaea,187,3.6,3.09,3.29,-0.15,-0.25,0,-0.13,Reyranella,Reyranellaceae,Proteobacteria,Alphaproteobacteria,Reyranellales
bacteria and archaea,177,3.61,2.94,2.08,-0.14,-0.06,0,-0.06,NA,env.OPS 17,Bacteroidota,Bacteroidia,Sphingobacteriales
bacteria and archaea,1601,3.47,4.16,4.92,-0.02,0,0,0.02,Umezawaea,Pseudonocardiaceae,Actinobacteria,Actinobacteria,Pseudonocardiales
bacteria and archaea,540,3.88,4.1,3.74,0.05,0.13,0,-0.14,NA,WD2101 soil group,Planctomycetota,Phycisphaerae,Tepidisphaerales
bacteria and archaea,651,4.66,4.72,5.28,0.07,0.22,0,-0.26,NA,Xanthobacteraceae,Proteobacteria,Alphaproteobacteria,Rhizobiales
bacteria and archaea,841,4.31,4.55,4.35,0,0.11,0,-0.19,Ellin6055,Sphingomonadaceae,Proteobacteria,Alphaproteobacteria,Sphingomonadales
bacteria and archaea,1515,NA,3.8,3.5,0,0.1,0,-0.17,NA,TRA3-20,Proteobacteria,Gammaproteobacteria,Burkholderiales
bacteria and archaea,712,3.71,3.02,2.91,-0.06,-0.1,0,0.05,Allorhizobium-Neorhizobium-Pararhizobium-Rhizobium,Rhizobiaceae,Proteobacteria,Alphaproteobacteria,Rhizobiales
bacteria and archaea,365,4.02,4.19,3.8,0.05,0.08,0,0.02,Roseisolibacter,Gemmatimonadaceae,Gemmatimonadota,Gemmatimonadetes,Gemmatimonadales
bacteria and archaea,932,3.26,3.33,2.71,0.09,0.15,0,-0.19,Ferruginibacter,Chitinophagaceae,Bacteroidota,Bacteroidia,Chitinophagales
bacteria and archaea,722,3.37,3.59,3.15,0.2,0.25,0,0.12,NA,Micropepsaceae,Proteobacteria,Alphaproteobacteria,Micropepsales
bacteria and archaea,616,5.45,5.47,5.51,0,0.04,0,-0.26,NA,Xanthobacteraceae,Proteobacteria,Alphaproteobacteria,Rhizobiales
bacteria and archaea,481,3.83,3.78,3.14,-0.08,0.07,0,-0.24,Chthoniobacter,Chthoniobacteraceae,Verrucomicrobiota,Verrucomicrobiae,Chthoniobacterales
bacteria and archaea,1166,3.3,3.53,3.18,-0.08,0.01,0,-0.31,Candidatus Solibacter,Solibacteraceae,Acidobacteria,Acidobacteriae,Solibacterales
bacteria and archaea,1655,3.14,3.61,3.37,-0.05,0.11,0,-0.27,NA,NA,Chloroflexi,KD4-96,NA
bacteria and archaea,1019,NA,3.48,2.91,0.09,0.21,0,0.11,Gemmatimonas,Gemmatimonadaceae,Gemmatimonadota,Gemmatimonadetes,Gemmatimonadales
bacteria and archaea,574,3.57,4.43,3.83,0.15,0.31,0,-0.06,NA,Nitrososphaeraceae,Crenarchaeota,Nitrososphaeria,Nitrososphaerales
bacteria and archaea,403,NA,3.84,3.37,-0.17,-0.04,0,-0.12,NA,NA,RCP2-54,NA,NA
bacteria and archaea,344,2.63,NA,3.21,0.04,0.01,0,-0.04,NA,NA,Acidobacteria,Acidobacteriae,Acidobacteriales
bacteria and archaea,1282,2.46,3.04,2.82,0.07,0.2,0,-0.14,Parviterribacter,Solirubrobacteraceae,Actinobacteria,Thermoleophilia,Solirubrobacterales
bacteria and archaea,288,3.54,4.23,3.88,0.08,0.09,0,0,NA,NA,Acidobacteria,Holophagae,Subgroup 7
bacteria and archaea,697,3.79,4.1,3.61,-0.05,-0.02,0,-0.18,NA,Acetobacteraceae,Proteobacteria,Alphaproteobacteria,Acetobacterales
bacteria and archaea,1060,4.28,NA,4.03,0.14,0.1,0,0.07,RB41,Pyrinomonadaceae,Acidobacteria,Blastocatellia,Pyrinomonadales
bacteria and archaea,1297,2.86,3.28,3.59,0.06,0.1,0,0.03,Paenibacillus,Paenibacillaceae,Firmicutes,Bacilli,Paenibacillales
bacteria and archaea,928,3.09,NA,3.09,-0.12,-0.02,0,-0.34,Puia,Chitinophagaceae,Bacteroidota,Bacteroidia,Chitinophagales
bacteria and archaea,1049,NA,3.57,3.87,0.03,0.08,0,-0.21,RB41,Pyrinomonadaceae,Acidobacteria,Blastocatellia,Pyrinomonadales
bacteria and archaea,708,3.58,3.55,3.78,-0.03,-0.04,0,-0.11,Microvirga,Beijerinckiaceae,Proteobacteria,Alphaproteobacteria,Rhizobiales
bacteria and archaea,869,2.77,2.94,NA,0.21,0.28,0,-0.03,Sphingomonas,Sphingomonadaceae,Proteobacteria,Alphaproteobacteria,Sphingomonadales
bacteria and archaea,1640,2.33,2.41,2.26,0.21,0.27,-0.01,0.17,Abditibacterium,Abditibacteriaceae,Abditibacteriota,Abditibacteria,Abditibacteriales
bacteria and archaea,942,3.04,NA,2.77,0.22,0.27,-0.01,-0.16,Flavisolibacter,Chitinophagaceae,Bacteroidota,Bacteroidia,Chitinophagales
bacteria and archaea,412,NA,NA,2.48,0,0.1,-0.01,-0.33,NA,Pedosphaeraceae,Verrucomicrobiota,Verrucomicrobiae,Pedosphaerales
bacteria and archaea,1095,3.86,4.25,3.83,0.12,0.21,-0.01,-0.08,NA,NA,Acidobacteria,Vicinamibacteria,Vicinamibacterales
bacteria and archaea,607,3.55,3.33,3.47,0.03,-0.13,-0.01,-0.19,NA,NA,Proteobacteria,Alphaproteobacteria,Elsterales
bacteria and archaea,1331,3.3,3.38,3.67,-0.09,-0.22,-0.01,-0.11,Gaiella,Gaiellaceae,Actinobacteria,Thermoleophilia,Gaiellales
bacteria and archaea,1606,4.4,4.99,4.56,0.12,0.3,-0.01,-0.14,Oryzihumus,Intrasporangiaceae,Actinobacteria,Actinobacteria,Micrococcales
bacteria and archaea,1584,3.87,4.01,3.88,0.06,0.2,-0.01,-0.03,Mycobacterium,Mycobacteriaceae,Actinobacteria,Actinobacteria,Corynebacteriales
bacteria and archaea,1005,3.59,4,3.96,0.16,0.32,-0.01,-0.11,Gemmatimonas,Gemmatimonadaceae,Gemmatimonadota,Gemmatimonadetes,Gemmatimonadales
bacteria and archaea,1311,4.52,4.58,4.63,0.02,0.26,-0.01,-0.32,NA,NA,Actinobacteria,Thermoleophilia,Gaiellales
bacteria and archaea,779,3.55,3.92,3.44,0.11,0.19,-0.01,-0.19,NA,NA,Acidobacteria,Acidobacteriae,Acidobacteriales
bacteria and archaea,313,2.97,NA,NA,-0.14,-0.12,-0.01,-0.14,NA,NA,Acidobacteria,Holophagae,Subgroup 7
bacteria and archaea,1446,3.85,3.75,3.79,-0.05,0.03,-0.01,-0.33,NA,Comamonadaceae,Proteobacteria,Gammaproteobacteria,Burkholderiales
bacteria and archaea,844,NA,3.58,NA,0.02,0.16,-0.01,0.01,Novosphingobium,Sphingomonadaceae,Proteobacteria,Alphaproteobacteria,Sphingomonadales
bacteria and archaea,856,NA,3.3,4.34,0.19,0.24,-0.01,0.2,Subgroup 10,Thermoanaerobaculaceae,Acidobacteria,Thermoanaerobaculia,Thermoanaerobaculales
bacteria and archaea,1300,NA,3.16,3.28,0.12,0.26,-0.01,-0.05,NA,67-14,Actinobacteria,Thermoleophilia,Solirubrobacterales
bacteria and archaea,646,2.19,2.74,3.15,0.11,0.21,-0.01,0.11,Methylobacterium-Methylorubrum,Beijerinckiaceae,Proteobacteria,Alphaproteobacteria,Rhizobiales
bacteria and archaea,302,3.06,3.33,2.98,-0.08,0.01,-0.01,-0.14,Vicinamibacter,Vicinamibacteraceae,Acidobacteria,Vicinamibacteria,Vicinamibacterales
bacteria and archaea,871,3.12,3.16,3.13,0.07,0.09,-0.01,-0.11,Plot4-2H12,Sphingomonadaceae,Proteobacteria,Alphaproteobacteria,Sphingomonadales
bacteria and archaea,180,NA,3.69,NA,0,0.15,-0.01,-0.21,NA,env.OPS 17,Bacteroidota,Bacteroidia,Sphingobacteriales
bacteria and archaea,1477,3.83,4.31,3.89,0.16,0.29,-0.01,-0.17,Jatrophihabitans,Frankiaceae,Actinobacteria,Actinobacteria,Frankiales
bacteria and archaea,1517,NA,4.33,NA,0.01,0.13,-0.01,-0.23,NA,A21b,Proteobacteria,Gammaproteobacteria,Burkholderiales
bacteria and archaea,983,3.97,3.81,3.55,0.08,0.28,-0.01,-0.13,NA,Gemmatimonadaceae,Gemmatimonadota,Gemmatimonadetes,Gemmatimonadales
bacteria and archaea,937,3.47,NA,NA,0.08,0.18,-0.01,-0.02,Ferruginibacter,Chitinophagaceae,Bacteroidota,Bacteroidia,Chitinophagales
bacteria and archaea,849,NA,3.69,NA,0.27,0.36,-0.01,0.05,Subgroup 10,Thermoanaerobaculaceae,Acidobacteria,Thermoanaerobaculia,Thermoanaerobaculales
bacteria and archaea,725,4.14,4.01,3.69,-0.05,-0.1,-0.01,0.08,NA,KF-JG30-B3,Proteobacteria,Alphaproteobacteria,Rhizobiales
bacteria and archaea,1459,NA,NA,3.87,0.15,0.22,-0.02,-0.06,Massilia,Oxalobacteraceae,Proteobacteria,Gammaproteobacteria,Burkholderiales
bacteria and archaea,787,2.94,3.36,3.85,0.08,0.14,-0.02,0.17,Terracidiphilus,Acidobacteriaceae (Subgroup 1),Acidobacteria,Acidobacteriae,Acidobacteriales
bacteria and archaea,1431,3.53,3.58,3.76,0.12,0.26,-0.02,-0.2,NA,Comamonadaceae,Proteobacteria,Gammaproteobacteria,Burkholderiales
bacteria and archaea,1381,3.61,3.56,3.61,-0.22,-0.28,-0.02,-0.19,HSB OF53-F07,Ktedonobacteraceae,Chloroflexi,Ktedonobacteria,Ktedonobacterales
bacteria and archaea,1400,2.47,2.95,3.26,0.01,0.2,-0.02,0.01,NA,67-14,Actinobacteria,Thermoleophilia,Solirubrobacterales
bacteria and archaea,1607,NA,3.73,3.73,0.18,0.18,-0.02,-0.02,Oryzihumus,Intrasporangiaceae,Actinobacteria,Actinobacteria,Micrococcales
bacteria and archaea,236,4.27,4.48,4.28,-0.08,0.01,-0.02,-0.37,NA,NA,Acidobacteria,Acidobacteriae,Subgroup 2
bacteria and archaea,1185,3.71,4.26,4.24,0.1,0.25,-0.02,-0.19,NA,NA,Actinobacteria,Thermoleophilia,Gaiellales
bacteria and archaea,74,3.81,4.05,3.33,0.13,0.22,-0.02,-0.12,Aetherobacter,Polyangiaceae,Myxococcota,Polyangia,Polyangiales
bacteria and archaea,325,NA,3.1,4.66,0.02,0.11,-0.02,-0.11,Acidibacter,Unknown Family,Proteobacteria,Gammaproteobacteria,Gammaproteobacteria Incertae Sedis
bacteria and archaea,921,2.96,3.18,3.08,-0.06,-0.12,-0.02,0.03,NA,Chitinophagaceae,Bacteroidota,Bacteroidia,Chitinophagales
bacteria and archaea,1551,NA,3.56,NA,-0.04,0.09,-0.02,-0.22,NA,SC-I-84,Proteobacteria,Gammaproteobacteria,Burkholderiales
bacteria and archaea,355,NA,NA,3.46,-0.04,-0.02,-0.02,-0.34,Acidibacter,Unknown Family,Proteobacteria,Gammaproteobacteria,Gammaproteobacteria Incertae Sedis
bacteria and archaea,441,4.74,4.64,4.98,-0.04,0,-0.02,-0.21,Candidatus Udaeobacter,Chthoniobacteraceae,Verrucomicrobiota,Verrucomicrobiae,Chthoniobacterales
bacteria and archaea,533,3.99,4.17,4,0.14,0.21,-0.02,-0.25,Candidatus Xiphinematobacter,Xiphinematobacteraceae,Verrucomicrobiota,Verrucomicrobiae,Chthoniobacterales
bacteria and archaea,260,NA,3.46,NA,0.13,0.29,-0.02,-0.05,Opitutus,Opitutaceae,Verrucomicrobiota,Verrucomicrobiae,Opitutales
bacteria and archaea,1467,2.61,2.98,2.43,-0.02,0.03,-0.02,-0.02,NA,67-14,Actinobacteria,Thermoleophilia,Solirubrobacterales
bacteria and archaea,304,NA,3.61,NA,-0.13,NA,-0.02,-0.15,NA,Vicinamibacteraceae,Acidobacteria,Vicinamibacteria,Vicinamibacterales
bacteria and archaea,1350,3.38,3.76,3.96,0.22,0.29,-0.02,0.01,NA,NA,Actinobacteria,Thermoleophilia,Gaiellales
bacteria and archaea,617,3.57,3.86,3.94,-0.14,-0.2,-0.02,-0.21,NA,Xanthobacteraceae,Proteobacteria,Alphaproteobacteria,Rhizobiales
bacteria and archaea,835,NA,4.56,NA,-0.06,0.07,-0.02,-0.09,Ellin6055,Sphingomonadaceae,Proteobacteria,Alphaproteobacteria,Sphingomonadales
bacteria and archaea,485,4.26,3.6,NA,-0.12,0.03,-0.02,-0.19,Chthoniobacter,Chthoniobacteraceae,Verrucomicrobiota,Verrucomicrobiae,Chthoniobacterales
bacteria and archaea,1521,2.51,3.11,2.87,0.22,0.25,-0.02,0.1,NA,A21b,Proteobacteria,Gammaproteobacteria,Burkholderiales
bacteria and archaea,103,3.47,4.03,3.61,0.01,-0.08,-0.02,-0.04,Nitrospira,Nitrospiraceae,Nitrospirota,Nitrospiria,Nitrospirales
bacteria and archaea,823,3.13,NA,3.53,0.02,0.06,-0.02,-0.08,Mucilaginibacter,Sphingobacteriaceae,Bacteroidota,Bacteroidia,Sphingobacteriales
bacteria and archaea,728,4.04,NA,4.17,0.05,0.15,-0.02,-0.23,NA,Micropepsaceae,Proteobacteria,Alphaproteobacteria,Micropepsales
bacteria and archaea,1384,2.67,2.67,3.38,0.08,0.03,-0.03,0.07,NA,NA,Actinobacteria,Thermoleophilia,Gaiellales
bacteria and archaea,164,3.25,2.94,3.13,-0.27,-0.38,-0.03,-0.26,NA,Pirellulaceae,Planctomycetota,Planctomycetes,Pirellulales
bacteria and archaea,1362,2.97,2.3,2.44,-0.15,-0.19,-0.03,-0.18,NA,NA,Acidobacteria,Acidobacteriae,Subgroup 2
bacteria and archaea,140,2.71,2.74,2.54,0.15,0.16,-0.03,0.18,Fimbriiglobus,Gemmataceae,Planctomycetota,Planctomycetes,Gemmatales
bacteria and archaea,484,3.26,3.7,4.06,-0.23,-0.18,-0.03,-0.29,Candidatus Udaeobacter,Chthoniobacteraceae,Verrucomicrobiota,Verrucomicrobiae,Chthoniobacterales
bacteria and archaea,1277,3.35,3.44,3.85,0,0.02,-0.03,-0.09,NA,67-14,Actinobacteria,Thermoleophilia,Solirubrobacterales
bacteria and archaea,1338,3.97,4.02,3.59,-0.12,-0.12,-0.03,-0.14,NA,NA,Actinobacteria,Thermoleophilia,Gaiellales
bacteria and archaea,892,3.96,3.27,3.8,-0.17,-0.11,-0.03,-0.21,Haliangium,Haliangiaceae,Myxococcota,Polyangia,Haliangiales
bacteria and archaea,702,NA,3.78,3.85,0.19,0.2,-0.03,0.14,Methylorosula,Beijerinckiaceae,Proteobacteria,Alphaproteobacteria,Rhizobiales
bacteria and archaea,356,3.17,4.14,3.64,-0.24,-0.32,-0.03,-0.23,Acidibacter,Unknown Family,Proteobacteria,Gammaproteobacteria,Gammaproteobacteria Incertae Sedis
bacteria and archaea,1438,3.31,3.47,NA,-0.15,-0.07,-0.03,-0.24,Actimicrobium,Oxalobacteraceae,Proteobacteria,Gammaproteobacteria,Burkholderiales
bacteria and archaea,1110,2.89,3.58,3.22,0.02,0.17,-0.03,-0.12,NA,NA,Acidobacteria,Vicinamibacteria,Vicinamibacterales
bacteria and archaea,1325,NA,3.75,NA,0.07,0.34,-0.03,-0.08,NA,NA,Actinobacteria,Thermoleophilia,Gaiellales
bacteria and archaea,161,3.37,2.44,2.47,-0.18,-0.1,-0.03,-0.48,NA,Gemmataceae,Planctomycetota,Planctomycetes,Gemmatales
bacteria and archaea,62,3.22,NA,3.28,0.01,0.03,-0.03,-0.03,NA,Sandaracinaceae,Myxococcota,Polyangia,Polyangiales
bacteria and archaea,296,3.75,4.35,4.48,0.06,0.13,-0.03,0,NA,NA,Acidobacteria,Holophagae,Subgroup 7
bacteria and archaea,1045,NA,4.06,3.83,0.13,0.2,-0.03,-0.06,RB41,Pyrinomonadaceae,Acidobacteria,Blastocatellia,Pyrinomonadales
bacteria and archaea,1212,3.37,NA,4.03,0.17,0.18,-0.03,0.12,NA,67-14,Actinobacteria,Thermoleophilia,Solirubrobacterales
bacteria and archaea,466,4.45,4.32,4.36,0.04,0.16,-0.03,-0.26,Candidatus Udaeobacter,Chthoniobacteraceae,Verrucomicrobiota,Verrucomicrobiae,Chthoniobacterales
bacteria and archaea,431,3.76,NA,3.76,-0.06,0,-0.03,-0.03,Candidatus Udaeobacter,Chthoniobacteraceae,Verrucomicrobiota,Verrucomicrobiae,Chthoniobacterales
bacteria and archaea,1541,2.79,3.19,2.95,0.11,0.2,-0.04,-0.03,NA,SC-I-84,Proteobacteria,Gammaproteobacteria,Burkholderiales
bacteria and archaea,1292,3.58,3.64,3.73,0.05,0.01,-0.04,-0.18,NA,67-14,Actinobacteria,Thermoleophilia,Solirubrobacterales
bacteria and archaea,1196,3.76,NA,2.83,0.12,0.07,-0.04,-0.12,JGI 0001001-H03,Blastocatellaceae,Acidobacteria,Blastocatellia,Blastocatellales
bacteria and archaea,1018,NA,3.58,3.22,0.18,0.15,-0.04,-0.05,Gemmatimonas,Gemmatimonadaceae,Gemmatimonadota,Gemmatimonadetes,Gemmatimonadales
bacteria and archaea,336,4.13,NA,NA,-0.02,-0.03,-0.04,-0.14,Corallococcus,Myxococcaceae,Myxococcota,Myxococcia,Myxococcales
bacteria and archaea,739,3.53,3.32,3.19,0.05,0.07,-0.04,-0.07,Skermanella,Azospirillaceae,Proteobacteria,Alphaproteobacteria,Azospirillales
bacteria and archaea,966,NA,3.63,3.64,-0.03,0.04,-0.04,-0.11,Edaphobaculum,Chitinophagaceae,Bacteroidota,Bacteroidia,Chitinophagales
bacteria and archaea,758,3.69,3.42,3.19,0.03,0.1,-0.04,-0.16,Arenimonas,Xanthomonadaceae,Proteobacteria,Gammaproteobacteria,Xanthomonadales
bacteria and archaea,777,3.4,3.86,3.6,0.32,0.39,-0.04,0.03,NA,NA,Acidobacteria,Acidobacteriae,Acidobacteriales
bacteria and archaea,1305,3.26,3.55,3.73,-0.02,-0.04,-0.04,-0.2,NA,NA,Actinobacteria,Thermoleophilia,Gaiellales
bacteria and archaea,855,3.74,4.08,3.75,-0.13,-0.23,-0.04,-0.26,Subgroup 10,Thermoanaerobaculaceae,Acidobacteria,Thermoanaerobaculia,Thermoanaerobaculales
bacteria and archaea,291,3.98,4.12,4.11,-0.07,-0.01,-0.04,-0.23,NA,NA,Acidobacteria,Holophagae,Subgroup 7
bacteria and archaea,744,3.82,3.68,3.74,0.04,0.08,-0.04,-0.06,Devosia,Devosiaceae,Proteobacteria,Alphaproteobacteria,Rhizobiales
bacteria and archaea,699,2.83,2.89,3.11,-0.05,0.12,-0.04,-0.11,NA,Caulobacteraceae,Proteobacteria,Alphaproteobacteria,Caulobacterales
bacteria and archaea,1187,3.8,NA,3.95,0.13,0.08,-0.04,-0.01,NA,NA,Actinobacteria,Thermoleophilia,Gaiellales
bacteria and archaea,918,NA,NA,2.56,0.19,0.28,-0.04,-0.16,Segetibacter,Chitinophagaceae,Bacteroidota,Bacteroidia,Chitinophagales
bacteria and archaea,102,3.27,3.72,3.42,0.06,0.16,-0.04,-0.21,NA,WD2101 soil group,Planctomycetota,Phycisphaerae,Tepidisphaerales
bacteria and archaea,264,3.22,NA,3.47,-0.08,-0.23,-0.04,-0.17,Opitutus,Opitutaceae,Verrucomicrobiota,Verrucomicrobiae,Opitutales
bacteria and archaea,248,3.02,3.42,3.09,0.15,0.08,-0.04,-0.04,NA,NA,Actinobacteria,MB-A2-108,NA
bacteria and archaea,230,NA,4.06,4.04,0.01,0.12,-0.04,-0.2,NA,NA,WPS-2,NA,NA
bacteria and archaea,1217,NA,3.26,3.41,-0.05,NA,-0.04,-0.15,NA,Micrococcaceae,Actinobacteria,Actinobacteria,Micrococcales
bacteria and archaea,1622,2.71,3.21,2.89,0.08,0,-0.04,-0.02,Bacillus,Bacillaceae,Firmicutes,Bacilli,Bacillales
bacteria and archaea,1472,NA,3.85,4.13,-0.09,NA,-0.04,-0.27,Conexibacter,Solirubrobacteraceae,Actinobacteria,Thermoleophilia,Solirubrobacterales
bacteria and archaea,174,NA,2.6,NA,0.13,0.29,-0.04,-0.28,NA,env.OPS 17,Bacteroidota,Bacteroidia,Sphingobacteriales
bacteria and archaea,448,4.1,4.23,3.99,0.02,0.09,-0.04,-0.12,Chthoniobacter,Chthoniobacteraceae,Verrucomicrobiota,Verrucomicrobiae,Chthoniobacterales
bacteria and archaea,880,3.51,NA,3.87,0.11,0.24,-0.04,-0.14,Sphingomonas,Sphingomonadaceae,Proteobacteria,Alphaproteobacteria,Sphingomonadales
bacteria and archaea,1192,3.28,3.8,4.11,0.14,0.24,-0.04,-0.1,JGI 0001001-H03,Blastocatellaceae,Acidobacteria,Blastocatellia,Blastocatellales
bacteria and archaea,71,3.81,3.36,3.41,-0.07,-0.05,-0.04,-0.1,NA,BIrii41,Myxococcota,Polyangia,Polyangiales
bacteria and archaea,817,4.09,4.22,4.34,0.08,0.09,-0.04,-0.1,Pedobacter,Sphingobacteriaceae,Bacteroidota,Bacteroidia,Sphingobacteriales
bacteria and archaea,692,3.78,3.93,4.06,0.2,0.29,-0.04,-0.17,Phenylobacterium,Caulobacteraceae,Proteobacteria,Alphaproteobacteria,Caulobacterales
bacteria and archaea,1177,NA,3.58,NA,0.02,0.08,-0.04,-0.16,Candidatus Solibacter,Solibacteraceae,Acidobacteria,Acidobacteriae,Solibacterales
bacteria and archaea,1155,3.26,3.65,3.31,0,0.08,-0.04,-0.33,Candidatus Solibacter,Solibacteraceae,Acidobacteria,Acidobacteriae,Solibacterales
bacteria and archaea,195,3.56,3.96,3.62,-0.03,-0.05,-0.04,-0.13,NA,Mitochondria,Proteobacteria,Alphaproteobacteria,Rickettsiales
bacteria and archaea,1421,4.32,3.83,3.7,0.12,0.15,-0.04,0.03,Aeromicrobium,Nocardioidaceae,Actinobacteria,Actinobacteria,Propionibacteriales
bacteria and archaea,157,3.74,NA,3.2,-0.07,-0.18,-0.04,-0.21,NA,Gemmataceae,Planctomycetota,Planctomycetes,Gemmatales
bacteria and archaea,1564,2.89,3.12,3.15,0.05,0.21,-0.05,-0.09,Nitrosospira,Nitrosomonadaceae,Proteobacteria,Gammaproteobacteria,Burkholderiales
bacteria and archaea,86,3.45,NA,NA,-0.17,-0.17,-0.05,0.02,NA,WD2101 soil group,Planctomycetota,Phycisphaerae,Tepidisphaerales
bacteria and archaea,1632,3.23,3,2.92,0.12,0.09,-0.05,0.03,NA,NA,Chloroflexi,KD4-96,NA
bacteria and archaea,1072,NA,3.81,3.36,0.11,0.16,-0.05,-0.01,NA,NA,Acidobacteria,Subgroup 5,NA
bacteria and archaea,374,NA,3.39,3.51,0.1,NA,-0.05,0.31,Gemmatimonas,Gemmatimonadaceae,Gemmatimonadota,Gemmatimonadetes,Gemmatimonadales
bacteria and archaea,1298,NA,3.5,NA,0.15,0.24,-0.05,-0.03,Paenibacillus,Paenibacillaceae,Firmicutes,Bacilli,Paenibacillales
bacteria and archaea,707,4.01,3.89,4.22,0.17,0.22,-0.05,0.24,Microvirga,Beijerinckiaceae,Proteobacteria,Alphaproteobacteria,Rhizobiales
bacteria and archaea,1481,4.18,4.34,4.13,0.11,0.11,-0.05,0.1,Modestobacter,Geodermatophilaceae,Actinobacteria,Actinobacteria,Frankiales
bacteria and archaea,165,3.22,2.8,2.81,-0.02,0.07,-0.05,-0.24,NA,Pirellulaceae,Planctomycetota,Planctomycetes,Pirellulales
bacteria and archaea,1207,4.8,3.89,3.14,-0.04,0.03,-0.05,-0.08,NA,67-14,Actinobacteria,Thermoleophilia,Solirubrobacterales
bacteria and archaea,1615,3.72,4.42,4.1,0.06,0.14,-0.05,-0.17,Nocardioides,Nocardioidaceae,Actinobacteria,Actinobacteria,Propionibacteriales
bacteria and archaea,435,3.49,3.26,3.28,0.05,0.08,-0.05,-0.07,Candidatus Udaeobacter,Chthoniobacteraceae,Verrucomicrobiota,Verrucomicrobiae,Chthoniobacterales
bacteria and archaea,805,4.79,NA,3.14,-0.06,-0.13,-0.05,0.1,Flavobacterium,Flavobacteriaceae,Bacteroidota,Bacteroidia,Flavobacteriales
bacteria and archaea,783,3.71,4.01,4.06,-0.03,0.03,-0.05,-0.14,NA,NA,Acidobacteria,Acidobacteriae,Acidobacteriales
bacteria and archaea,63,2.71,NA,NA,0.09,0.11,-0.05,-0.19,NA,Sandaracinaceae,Myxococcota,Polyangia,Polyangiales
bacteria and archaea,171,NA,2.69,2.24,0.01,0.15,-0.05,-0.33,NA,NA,Planctomycetota,Planctomycetes,Planctomycetales
bacteria and archaea,1203,3.87,3.39,3.84,-0.02,-0.02,-0.05,-0.1,NA,67-14,Actinobacteria,Thermoleophilia,Solirubrobacterales
bacteria and archaea,5,3.85,3.99,3.15,-0.02,-0.2,-0.05,0.05,NA,Anaerolineaceae,Chloroflexi,Anaerolineae,Anaerolineales
bacteria and archaea,528,3.45,3.19,3.17,-0.1,-0.2,-0.05,-0.17,Candidatus Udaeobacter,Chthoniobacteraceae,Verrucomicrobiota,Verrucomicrobiae,Chthoniobacterales
bacteria and archaea,933,2.97,3.28,3.26,0.13,0.13,-0.05,-0.1,Ferruginibacter,Chitinophagaceae,Bacteroidota,Bacteroidia,Chitinophagales
bacteria and archaea,1085,4.83,4.87,4.99,0.06,0.22,-0.05,-0.14,NA,NA,Acidobacteria,Vicinamibacteria,Vicinamibacterales
bacteria and archaea,735,3.39,3.4,3.7,0.13,0.04,-0.05,-0.02,Roseiarcus,Beijerinckiaceae,Proteobacteria,Alphaproteobacteria,Rhizobiales
bacteria and archaea,297,3.57,4.37,3.96,-0.19,-0.16,-0.06,-0.29,NA,NA,Acidobacteria,Holophagae,Subgroup 7
bacteria and archaea,32,3,NA,3.18,-0.14,-0.07,-0.06,-0.05,NA,NA,Actinobacteria,Acidimicrobiia,Microtrichales
bacteria and archaea,1281,3,3.4,3.62,0.12,0.18,-0.06,0.04,NA,67-14,Actinobacteria,Thermoleophilia,Solirubrobacterales
bacteria and archaea,502,NA,3.91,3.6,0.01,NA,-0.06,-0.18,Candidatus Udaeobacter,Chthoniobacteraceae,Verrucomicrobiota,Verrucomicrobiae,Chthoniobacterales
bacteria and archaea,1659,3.47,3.34,2.7,0.16,0.32,-0.06,0.02,NA,NA,Chloroflexi,Dehalococcoidia,S085
bacteria and archaea,640,4.14,NA,NA,0.04,0.03,-0.06,0.01,Bosea,Beijerinckiaceae,Proteobacteria,Alphaproteobacteria,Rhizobiales
bacteria and archaea,1106,4.41,4.3,4.07,-0.15,0.01,-0.06,-0.18,NA,NA,Acidobacteria,Vicinamibacteria,Vicinamibacterales
bacteria and archaea,168,4.08,4.02,3.56,0.08,0.17,-0.06,-0.23,NA,Gemmataceae,Planctomycetota,Planctomycetes,Gemmatales
bacteria and archaea,946,NA,3.33,3.55,0.28,0.37,-0.06,-0.22,Segetibacter,Chitinophagaceae,Bacteroidota,Bacteroidia,Chitinophagales
bacteria and archaea,1494,3.14,4.16,NA,0.14,0.2,-0.06,-0.03,NA,NA,Actinobacteria,Actinobacteria,Frankiales
bacteria and archaea,178,NA,NA,NA,0.09,0.14,-0.06,-0.18,NA,env.OPS 17,Bacteroidota,Bacteroidia,Sphingobacteriales
bacteria and archaea,143,4.02,4.06,3.87,0.06,0.05,-0.06,-0.3,NA,Gemmataceae,Planctomycetota,Planctomycetes,Gemmatales
bacteria and archaea,445,3.7,NA,3.66,0.02,0,-0.06,-0.05,NA,Pedosphaeraceae,Verrucomicrobiota,Verrucomicrobiae,Pedosphaerales
bacteria and archaea,189,2.39,NA,1.39,0,-0.05,-0.06,-0.17,Tychonema CCAP 1459-11B,Phormidiaceae,Cyanobacteria,Cyanobacteriia,Cyanobacteriales
bacteria and archaea,150,3,3.4,2.9,0.06,0.03,-0.06,-0.1,Fimbriiglobus,Gemmataceae,Planctomycetota,Planctomycetes,Gemmatales
bacteria and archaea,125,3.43,3,3.04,0.16,0.21,-0.06,-0.08,NA,Gemmataceae,Planctomycetota,Planctomycetes,Gemmatales
bacteria and archaea,991,NA,NA,3.35,0.22,0.11,-0.06,-0.01,Gemmatimonas,Gemmatimonadaceae,Gemmatimonadota,Gemmatimonadetes,Gemmatimonadales
bacteria and archaea,825,3.66,3.97,3.89,0.02,-0.09,-0.06,-0.09,Mucilaginibacter,Sphingobacteriaceae,Bacteroidota,Bacteroidia,Sphingobacteriales
bacteria and archaea,1440,4,3.82,3.68,0.1,0.22,-0.06,-0.34,Caenimonas,Comamonadaceae,Proteobacteria,Gammaproteobacteria,Burkholderiales
bacteria and archaea,1330,4.61,4.37,4.71,0.07,0.1,-0.06,-0.26,Gaiella,Gaiellaceae,Actinobacteria,Thermoleophilia,Gaiellales
bacteria and archaea,420,3.91,NA,NA,-0.09,-0.03,-0.06,-0.14,ADurb.Bin063-1,Pedosphaeraceae,Verrucomicrobiota,Verrucomicrobiae,Pedosphaerales
bacteria and archaea,240,NA,NA,3.92,0.08,0.17,-0.06,-0.27,NA,NA,Acidobacteria,Acidobacteriae,Subgroup 2
bacteria and archaea,1081,3.81,NA,2.71,-0.1,-0.13,-0.06,-0.16,NA,NA,Acidobacteria,Vicinamibacteria,Vicinamibacterales
bacteria and archaea,888,2.48,3.44,3.2,0.14,0.23,-0.06,0.08,Polymorphobacter,Sphingomonadaceae,Proteobacteria,Alphaproteobacteria,Sphingomonadales
bacteria and archaea,262,3.11,NA,3.09,0.14,0.24,-0.06,-0.24,Opitutus,Opitutaceae,Verrucomicrobiota,Verrucomicrobiae,Opitutales
bacteria and archaea,16,4.59,4.21,4.74,-0.1,-0.1,-0.06,-0.25,Acidothermus,Acidothermaceae,Actinobacteria,Actinobacteria,Frankiales
bacteria and archaea,815,3.53,NA,2.89,0.1,0.13,-0.06,-0.09,Mucilaginibacter,Sphingobacteriaceae,Bacteroidota,Bacteroidia,Sphingobacteriales
bacteria and archaea,265,3.16,3.3,2.08,-0.19,-0.14,-0.06,-0.21,Lacunisphaera,Opitutaceae,Verrucomicrobiota,Verrucomicrobiae,Opitutales
bacteria and archaea,601,3.38,3.32,3.56,-0.16,-0.18,-0.06,-0.25,NA,NA,Proteobacteria,Alphaproteobacteria,Elsterales
bacteria and archaea,1349,2.83,NA,3.4,0,-0.06,-0.06,0.08,NA,NA,Actinobacteria,Thermoleophilia,Gaiellales
bacteria and archaea,1170,NA,3.73,3.23,0.27,0.34,-0.06,0.05,Bryobacter,Bryobacteraceae,Acidobacteria,Acidobacteriae,Bryobacterales
bacteria and archaea,258,4.29,4.22,3.47,-0.04,0.04,-0.07,-0.08,Opitutus,Opitutaceae,Verrucomicrobiota,Verrucomicrobiae,Opitutales
bacteria and archaea,31,3.18,3.74,3.43,0.18,0.26,-0.07,0.05,NA,NA,Actinobacteria,Acidimicrobiia,Microtrichales
bacteria and archaea,1466,4.86,4.48,4.03,-0.01,0.03,-0.07,-0.07,Galbitalea,Microbacteriaceae,Actinobacteria,Actinobacteria,Micrococcales
bacteria and archaea,67,NA,3.22,3.43,-0.02,0.04,-0.07,-0.24,NA,BIrii41,Myxococcota,Polyangia,Polyangiales
bacteria and archaea,1468,2.46,3,2.61,0.03,-0.01,-0.07,0.01,Rhodococcus,Nocardiaceae,Actinobacteria,Actinobacteria,Corynebacteriales
bacteria and archaea,958,NA,2.87,3.14,0.18,0.23,-0.07,0.2,Ferruginibacter,Chitinophagaceae,Bacteroidota,Bacteroidia,Chitinophagales
bacteria and archaea,1129,NA,3.84,3.89,0.24,0.33,-0.07,-0.09,NA,Gemmatimonadaceae,Gemmatimonadota,Gemmatimonadetes,Gemmatimonadales
bacteria and archaea,816,NA,3.52,3.33,0.12,0.26,-0.07,0.05,Pedobacter,Sphingobacteriaceae,Bacteroidota,Bacteroidia,Sphingobacteriales
bacteria and archaea,200,3.3,3.04,NA,-0.14,-0.11,-0.07,-0.11,Micromonospora,Micromonosporaceae,Actinobacteria,Actinobacteria,Micromonosporales
bacteria and archaea,360,3.74,3.9,3.54,0,-0.06,-0.07,0.04,Acidibacter,Unknown Family,Proteobacteria,Gammaproteobacteria,Gammaproteobacteria Incertae Sedis
bacteria and archaea,879,3.26,3.66,4.22,0.2,0.29,-0.07,-0.05,Sphingomonas,Sphingomonadaceae,Proteobacteria,Alphaproteobacteria,Sphingomonadales
bacteria and archaea,682,NA,NA,NA,0.12,0.16,-0.07,-0.11,NA,Caulobacteraceae,Proteobacteria,Alphaproteobacteria,Caulobacterales
bacteria and archaea,757,2.95,2.56,2.96,0.11,0.21,-0.07,-0.19,NA,Xanthomonadaceae,Proteobacteria,Gammaproteobacteria,Xanthomonadales
bacteria and archaea,982,4.61,4.63,4.31,0.01,0.06,-0.07,-0.22,NA,Gemmatimonadaceae,Gemmatimonadota,Gemmatimonadetes,Gemmatimonadales
bacteria and archaea,804,4.23,3.6,4.66,0.07,0.09,-0.07,0.16,Flavobacterium,Flavobacteriaceae,Bacteroidota,Bacteroidia,Flavobacteriales
bacteria and archaea,1357,3.19,3.43,3.45,0.14,0.37,-0.07,-0.33,1921-3,Ktedonobacteraceae,Chloroflexi,Ktedonobacteria,Ktedonobacterales
bacteria and archaea,948,3.89,4.26,4.06,0.08,0.21,-0.07,-0.2,Segetibacter,Chitinophagaceae,Bacteroidota,Bacteroidia,Chitinophagales
bacteria and archaea,542,4.31,4.28,3.89,-0.09,-0.12,-0.07,-0.05,Candidatus Udaeobacter,Chthoniobacteraceae,Verrucomicrobiota,Verrucomicrobiae,Chthoniobacterales
bacteria and archaea,1458,4.89,4.89,4.63,0.04,0.19,-0.07,-0.15,Massilia,Oxalobacteraceae,Proteobacteria,Gammaproteobacteria,Burkholderiales
bacteria and archaea,1487,3.33,3.57,4,0.17,0.28,-0.07,-0.09,Modestobacter,Geodermatophilaceae,Actinobacteria,Actinobacteria,Frankiales
bacteria and archaea,575,2.56,3.23,2.75,0.11,0.08,-0.07,-0.08,NA,Nitrososphaeraceae,Crenarchaeota,Nitrososphaeria,Nitrososphaerales
bacteria and archaea,750,4.65,NA,NA,0,0.05,-0.07,-0.17,Haliangium,Haliangiaceae,Myxococcota,Polyangia,Haliangiales
bacteria and archaea,1522,2.56,3.25,3.21,0.13,0.28,-0.08,0.06,NA,A21b,Proteobacteria,Gammaproteobacteria,Burkholderiales
bacteria and archaea,1414,NA,3.64,NA,0,0.11,-0.08,-0.18,Mycobacterium,Mycobacteriaceae,Actinobacteria,Actinobacteria,Corynebacteriales
bacteria and archaea,309,4.31,4.05,3.9,-0.01,-0.01,-0.08,-0.21,NA,NA,Acidobacteria,Holophagae,Subgroup 7
bacteria and archaea,897,NA,NA,NA,0.09,0.14,-0.08,-0.03,Cellvibrio,Cellvibrionaceae,Proteobacteria,Gammaproteobacteria,Cellvibrionales
bacteria and archaea,1224,NA,3.2,3.34,0.14,0.25,-0.08,-0.16,Actinoallomurus,Thermomonosporaceae,Actinobacteria,Actinobacteria,Streptosporangiales
bacteria and archaea,965,NA,3.04,NA,0.21,0.33,-0.08,-0.11,Edaphobaculum,Chitinophagaceae,Bacteroidota,Bacteroidia,Chitinophagales
bacteria and archaea,197,4.23,3.7,3.67,0.07,0.12,-0.08,-0.26,NA,NA,Actinobacteria,MB-A2-108,NA
bacteria and archaea,1228,1.79,3.49,3.18,-0.01,0.12,-0.08,-0.35,Acidothermus,Acidothermaceae,Actinobacteria,Actinobacteria,Frankiales
bacteria and archaea,1026,NA,4.04,3.3,0.13,0.21,-0.08,0.19,Gemmatimonas,Gemmatimonadaceae,Gemmatimonadota,Gemmatimonadetes,Gemmatimonadales
bacteria and archaea,753,3.63,3.78,3.85,0,0.01,-0.08,-0.2,Dokdonella,Rhodanobacteraceae,Proteobacteria,Gammaproteobacteria,Xanthomonadales
bacteria and archaea,516,4.34,4.07,4.2,0.11,0.27,-0.08,-0.24,Candidatus Udaeobacter,Chthoniobacteraceae,Verrucomicrobiota,Verrucomicrobiae,Chthoniobacterales
bacteria and archaea,1200,3.71,3.29,3.16,0.09,0.13,-0.08,-0.08,Stenotrophobacter,Blastocatellaceae,Acidobacteria,Blastocatellia,Blastocatellales
bacteria and archaea,1469,NA,4.11,3.81,0.08,0.24,-0.08,-0.06,NA,Solirubrobacteraceae,Actinobacteria,Thermoleophilia,Solirubrobacterales
bacteria and archaea,148,3.26,3.76,3.21,0.15,0.24,-0.08,-0.15,NA,Gemmataceae,Planctomycetota,Planctomycetes,Gemmatales
bacteria and archaea,827,3.05,3.14,3.22,0.13,0.1,-0.08,0.12,Mucilaginibacter,Sphingobacteriaceae,Bacteroidota,Bacteroidia,Sphingobacteriales
bacteria and archaea,876,3.14,NA,4.44,0.22,0.21,-0.08,0.21,Sphingomonas,Sphingomonadaceae,Proteobacteria,Alphaproteobacteria,Sphingomonadales
bacteria and archaea,172,NA,4.28,2.4,0.16,0.27,-0.08,-0.06,NA,env.OPS 17,Bacteroidota,Bacteroidia,Sphingobacteriales
bacteria and archaea,751,NA,3.53,NA,-0.03,0.11,-0.08,0.1,Haliangium,Haliangiaceae,Myxococcota,Polyangia,Haliangiales
bacteria and archaea,228,2.6,3.29,3.37,0.03,0.03,-0.08,-0.15,NA,NA,Actinobacteria,MB-A2-108,NA
bacteria and archaea,636,4.03,3.56,3.32,0.01,-0.13,-0.08,-0.23,NA,Amb-16S-1323,Proteobacteria,Alphaproteobacteria,Rhizobiales
bacteria and archaea,863,3.64,2.77,2.5,0.01,0.01,-0.08,-0.08,Rhizorhapis,Sphingomonadaceae,Proteobacteria,Alphaproteobacteria,Sphingomonadales
bacteria and archaea,179,NA,3.53,NA,0.11,0.25,-0.08,-0.11,NA,env.OPS 17,Bacteroidota,Bacteroidia,Sphingobacteriales
bacteria and archaea,845,NA,2.83,3,0.14,0.22,-0.08,-0.16,Altererythrobacter,Sphingomonadaceae,Proteobacteria,Alphaproteobacteria,Sphingomonadales
bacteria and archaea,857,2.4,2.83,4.03,-0.02,-0.07,-0.08,0.15,Subgroup 10,Thermoanaerobaculaceae,Acidobacteria,Thermoanaerobaculia,Thermoanaerobaculales
bacteria and archaea,26,2.87,NA,2.22,0.14,0.19,-0.08,-0.25,Iamia,Iamiaceae,Actinobacteria,Acidimicrobiia,Microtrichales
bacteria and archaea,1403,NA,4.17,3.71,0.21,0.21,-0.08,-0.04,Solirubrobacter,Solirubrobacteraceae,Actinobacteria,Thermoleophilia,Solirubrobacterales
bacteria and archaea,1133,NA,3,3.47,0.2,0.21,-0.09,0.17,NA,Gemmatimonadaceae,Gemmatimonadota,Gemmatimonadetes,Gemmatimonadales
bacteria and archaea,426,3.04,4.14,3.52,0.07,0.13,-0.09,-0.11,Candidatus Udaeobacter,Chthoniobacteraceae,Verrucomicrobiota,Verrucomicrobiae,Chthoniobacterales
bacteria and archaea,425,4.33,NA,3.85,0.08,-0.06,-0.09,0,Candidatus Udaeobacter,Chthoniobacteraceae,Verrucomicrobiota,Verrucomicrobiae,Chthoniobacterales
bacteria and archaea,821,NA,3.97,3.56,0.22,0.33,-0.09,-0.04,Mucilaginibacter,Sphingobacteriaceae,Bacteroidota,Bacteroidia,Sphingobacteriales
bacteria and archaea,120,3.29,3.46,3.66,0.04,0.15,-0.09,-0.13,NA,Gemmataceae,Planctomycetota,Planctomycetes,Gemmatales
bacteria and archaea,746,NA,3.5,3.81,-0.03,-0.04,-0.09,0.07,Devosia,Devosiaceae,Proteobacteria,Alphaproteobacteria,Rhizobiales
bacteria and archaea,1420,NA,3,3.95,0.1,0.1,-0.09,0.04,Aeromicrobium,Nocardioidaceae,Actinobacteria,Actinobacteria,Propionibacteriales
bacteria and archaea,1623,3.37,3.45,3.32,0.05,0.05,-0.09,0.02,Psychrobacillus,Planococcaceae,Firmicutes,Bacilli,Bacillales
bacteria and archaea,239,NA,3.4,3.83,0.05,0.22,-0.09,-0.26,NA,NA,Acidobacteria,Acidobacteriae,Subgroup 2
bacteria and archaea,587,NA,2.8,2.18,0.19,0.3,-0.09,-0.14,NA,env.OPS 17,Bacteroidota,Bacteroidia,Sphingobacteriales
bacteria and archaea,829,2.43,2.89,2.89,0.17,0.19,-0.09,-0.17,Sphingomonas,Sphingomonadaceae,Proteobacteria,Alphaproteobacteria,Sphingomonadales
bacteria and archaea,765,3.2,3.51,3.36,-0.02,-0.03,-0.09,-0.08,NA,Rhodanobacteraceae,Proteobacteria,Gammaproteobacteria,Xanthomonadales
bacteria and archaea,1291,NA,NA,3.87,0.13,0.17,-0.09,0.01,NA,67-14,Actinobacteria,Thermoleophilia,Solirubrobacterales
bacteria and archaea,691,NA,NA,2.28,0.3,0.34,-0.09,-0.22,Phenylobacterium,Caulobacteraceae,Proteobacteria,Alphaproteobacteria,Caulobacterales
bacteria and archaea,531,3.91,3.7,4.23,0.03,0,-0.09,-0.14,Candidatus Udaeobacter,Chthoniobacteraceae,Verrucomicrobiota,Verrucomicrobiae,Chthoniobacterales
bacteria and archaea,619,4.5,4.62,4.68,-0.03,-0.11,-0.09,-0.13,NA,Xanthobacteraceae,Proteobacteria,Alphaproteobacteria,Rhizobiales
bacteria and archaea,683,2.39,2.68,3.56,0.07,0.1,-0.09,-0.01,Brevundimonas,Caulobacteraceae,Proteobacteria,Alphaproteobacteria,Caulobacterales
bacteria and archaea,1239,2.75,3.62,3.23,-0.03,0.02,-0.09,-0.31,NA,NA,Chloroflexi,AD3,NA
bacteria and archaea,1222,4.18,4.29,4.04,0.23,0.32,-0.09,-0.24,Streptomyces,Streptomycetaceae,Actinobacteria,Actinobacteria,Streptomycetales
bacteria and archaea,963,NA,3.51,2.91,0.13,0.19,-0.09,0.15,Edaphobaculum,Chitinophagaceae,Bacteroidota,Bacteroidia,Chitinophagales
bacteria and archaea,1531,3.37,NA,NA,-0.29,-0.25,-0.09,-0.13,Rhodoferax,Comamonadaceae,Proteobacteria,Gammaproteobacteria,Burkholderiales
bacteria and archaea,660,3.58,4.22,3.55,0.17,0.19,-0.09,-0.12,Tardiphaga,Xanthobacteraceae,Proteobacteria,Alphaproteobacteria,Rhizobiales
bacteria and archaea,886,2.82,3.31,3.62,0.06,0.1,-0.1,-0.09,Polymorphobacter,Sphingomonadaceae,Proteobacteria,Alphaproteobacteria,Sphingomonadales
bacteria and archaea,1456,3.89,3.97,4.57,0.16,0.3,-0.1,-0.06,Massilia,Oxalobacteraceae,Proteobacteria,Gammaproteobacteria,Burkholderiales
bacteria and archaea,1266,3.42,3.66,3.78,0.12,0.15,-0.1,-0.16,Conexibacter,Solirubrobacteraceae,Actinobacteria,Thermoleophilia,Solirubrobacterales
bacteria and archaea,36,3.47,3.69,3.67,0.27,0.39,-0.1,0,NA,WD2101 soil group,Planctomycetota,Phycisphaerae,Tepidisphaerales
bacteria and archaea,1532,3.7,3.59,3.4,-0.11,-0.09,-0.1,0.05,Polaromonas,Comamonadaceae,Proteobacteria,Gammaproteobacteria,Burkholderiales
bacteria and archaea,8,2.64,NA,3.78,-0.01,0.04,-0.1,-0.09,NA,Mitochondria,Proteobacteria,Alphaproteobacteria,Rickettsiales
bacteria and archaea,655,NA,4.75,4.24,0.23,0.33,-0.1,-0.07,Bradyrhizobium,Xanthobacteraceae,Proteobacteria,Alphaproteobacteria,Rhizobiales
bacteria and archaea,1241,NA,4.33,NA,-0.13,NA,-0.1,-0.22,NA,NA,Chloroflexi,AD3,NA
bacteria and archaea,503,4.55,4.28,4.71,-0.09,-0.04,-0.1,-0.14,Candidatus Udaeobacter,Chthoniobacteraceae,Verrucomicrobiota,Verrucomicrobiae,Chthoniobacterales
bacteria and archaea,940,NA,NA,2.89,0.16,0.23,-0.1,-0.18,Segetibacter,Chitinophagaceae,Bacteroidota,Bacteroidia,Chitinophagales
bacteria and archaea,1401,4.04,4.3,4.6,0.03,0.02,-0.1,-0.03,NA,67-14,Actinobacteria,Thermoleophilia,Solirubrobacterales
bacteria and archaea,1376,3.64,3.2,3.22,-0.16,-0.15,-0.1,-0.26,HSB OF53-F07,Ktedonobacteraceae,Chloroflexi,Ktedonobacteria,Ktedonobacterales
bacteria and archaea,1608,3.02,3.6,3.48,0.3,0.36,-0.1,-0.11,Terrabacter,Intrasporangiaceae,Actinobacteria,Actinobacteria,Micrococcales
bacteria and archaea,1369,NA,3.14,3.44,0.09,NA,-0.1,0.05,NA,NA,Chloroflexi,AD3,NA
bacteria and archaea,135,NA,NA,2.48,0,NA,-0.1,-0.04,NA,Isosphaeraceae,Planctomycetota,Planctomycetes,Isosphaerales
bacteria and archaea,873,5.49,5.87,6.02,0.3,0.42,-0.1,-0.09,Sphingomonas,Sphingomonadaceae,Proteobacteria,Alphaproteobacteria,Sphingomonadales
bacteria and archaea,1209,NA,4.19,3.87,0.05,NA,-0.1,-0.03,NA,67-14,Actinobacteria,Thermoleophilia,Solirubrobacterales
bacteria and archaea,1567,NA,2.57,3.22,0.21,0.23,-0.1,-0.07,NA,SC-I-84,Proteobacteria,Gammaproteobacteria,Burkholderiales
bacteria and archaea,419,3.05,3,2.89,-0.02,0.08,-0.1,-0.06,NA,Pedosphaeraceae,Verrucomicrobiota,Verrucomicrobiae,Pedosphaerales
bacteria and archaea,546,3.15,3.23,2.92,0.11,0.18,-0.1,0.06,NA,Vicinamibacteraceae,Acidobacteria,Vicinamibacteria,Vicinamibacterales
bacteria and archaea,417,NA,4.47,NA,-0.12,0.01,-0.1,-0.08,ADurb.Bin063-1,Pedosphaeraceae,Verrucomicrobiota,Verrucomicrobiae,Pedosphaerales
bacteria and archaea,1329,4.84,4.75,5.32,-0.07,-0.08,-0.1,-0.05,Gaiella,Gaiellaceae,Actinobacteria,Thermoleophilia,Gaiellales
bacteria and archaea,209,3.4,5.03,3.71,0.18,0.21,-0.1,-0.06,Phytohabitans,Micromonosporaceae,Actinobacteria,Actinobacteria,Micromonosporales
bacteria and archaea,1388,2.67,2.95,2.64,0.08,0.09,-0.1,-0.22,NA,NA,Actinobacteria,Acidimicrobiia,IMCC26256
bacteria and archaea,974,NA,3.46,3.68,0.1,0.13,-0.1,-0.15,Gemmatimonas,Gemmatimonadaceae,Gemmatimonadota,Gemmatimonadetes,Gemmatimonadales
bacteria and archaea,1633,NA,3.43,2.64,0.12,0.21,-0.1,-0.21,NA,NA,Chloroflexi,KD4-96,NA
bacteria and archaea,1430,NA,NA,NA,0.19,0.29,-0.1,-0.01,NA,Comamonadaceae,Proteobacteria,Gammaproteobacteria,Burkholderiales
bacteria and archaea,836,3.99,4.31,4.42,0.29,0.37,-0.11,-0.08,Ellin6055,Sphingomonadaceae,Proteobacteria,Alphaproteobacteria,Sphingomonadales
bacteria and archaea,594,3.56,2.86,3.47,0.11,0.21,-0.11,-0.32,NA,NA,Acidobacteria,Acidobacteriae,Acidobacteriales
bacteria and archaea,411,NA,3.05,3.27,0.28,0.32,-0.11,-0.11,Ellin516,Pedosphaeraceae,Verrucomicrobiota,Verrucomicrobiae,Pedosphaerales
bacteria and archaea,970,3.77,NA,4.06,0.2,0.11,-0.11,0.21,Chryseobacterium,Weeksellaceae,Bacteroidota,Bacteroidia,Flavobacteriales
bacteria and archaea,1482,NA,NA,4.26,0.16,0.21,-0.11,-0.12,NA,NA,Actinobacteria,Actinobacteria,Frankiales
bacteria and archaea,1135,NA,NA,NA,0.18,0.22,-0.11,-0.16,NA,Gemmatimonadaceae,Gemmatimonadota,Gemmatimonadetes,Gemmatimonadales
bacteria and archaea,1574,2.22,2.48,NA,0.04,0.19,-0.11,-0.16,Uliginosibacterium,Rhodocyclaceae,Proteobacteria,Gammaproteobacteria,Burkholderiales
bacteria and archaea,534,3.3,3.1,3.04,0.16,0.16,-0.11,0.2,NA,WD2101 soil group,Planctomycetota,Phycisphaerae,Tepidisphaerales
bacteria and archaea,1510,3.29,3.34,3.29,0.14,0.16,-0.11,-0.19,NA,TRA3-20,Proteobacteria,Gammaproteobacteria,Burkholderiales
bacteria and archaea,936,NA,2.86,3.44,0.24,0.32,-0.11,-0.04,Flavisolibacter,Chitinophagaceae,Bacteroidota,Bacteroidia,Chitinophagales
bacteria and archaea,688,NA,NA,NA,0.2,0.24,-0.11,-0.21,Phenylobacterium,Caulobacteraceae,Proteobacteria,Alphaproteobacteria,Caulobacterales
bacteria and archaea,207,NA,NA,3.56,0.27,0.27,-0.11,0.15,Actinoplanes,Micromonosporaceae,Actinobacteria,Actinobacteria,Micromonosporales
bacteria and archaea,716,4.16,4.4,3.98,0.1,0.2,-0.11,-0.09,Aminobacter,Rhizobiaceae,Proteobacteria,Alphaproteobacteria,Rhizobiales
bacteria and archaea,1250,NA,3.83,4.28,0.07,NA,-0.11,-0.02,NA,67-14,Actinobacteria,Thermoleophilia,Solirubrobacterales
bacteria and archaea,1478,NA,3.83,3.49,0.31,0.35,-0.11,0.04,NA,NA,Actinobacteria,Actinobacteria,Frankiales
bacteria and archaea,496,3.69,3.64,4.36,0.12,0.2,-0.11,-0.2,Candidatus Udaeobacter,Chthoniobacteraceae,Verrucomicrobiota,Verrucomicrobiae,Chthoniobacterales
bacteria and archaea,210,2.64,NA,3.33,0.14,0.1,-0.11,0.14,Actinoplanes,Micromonosporaceae,Actinobacteria,Actinobacteria,Micromonosporales
bacteria and archaea,364,3.33,4.16,4.41,0.22,0.37,-0.11,-0.34,NA,Gemmatimonadaceae,Gemmatimonadota,Gemmatimonadetes,Gemmatimonadales
bacteria and archaea,1367,4.36,NA,3.78,0.03,-0.05,-0.12,-0.12,NA,NA,Chloroflexi,AD3,NA
bacteria and archaea,1348,2.78,3.32,3.34,0.13,0.1,-0.12,0.01,NA,NA,Actinobacteria,Thermoleophilia,Gaiellales
bacteria and archaea,261,NA,NA,NA,0.22,0.28,-0.12,0.01,Opitutus,Opitutaceae,Verrucomicrobiota,Verrucomicrobiae,Opitutales
bacteria and archaea,959,3.76,NA,NA,0.06,0.08,-0.12,-0.08,Ferruginibacter,Chitinophagaceae,Bacteroidota,Bacteroidia,Chitinophagales
bacteria and archaea,810,NA,NA,NA,0.27,0.34,-0.12,-0.21,Mucilaginibacter,Sphingobacteriaceae,Bacteroidota,Bacteroidia,Sphingobacteriales
bacteria and archaea,555,4.31,4.03,3.43,-0.01,-0.03,-0.12,-0.12,NA,NA,Acidobacteria,Vicinamibacteria,Vicinamibacterales
bacteria and archaea,668,NA,4.25,4.33,0.17,0.13,-0.12,0.14,NA,Acetobacteraceae,Proteobacteria,Alphaproteobacteria,Acetobacterales
bacteria and archaea,1184,3.18,3.7,3.82,0.1,0.09,-0.12,-0.25,Candidatus Solibacter,Solibacteraceae,Acidobacteria,Acidobacteriae,Solibacterales
bacteria and archaea,1398,3.32,3.98,3.99,0.12,0.16,-0.12,-0.04,Solirubrobacter,Solirubrobacteraceae,Actinobacteria,Thermoleophilia,Solirubrobacterales
bacteria and archaea,1613,NA,NA,3.61,0.15,0.24,-0.12,-0.22,Nocardioides,Nocardioidaceae,Actinobacteria,Actinobacteria,Propionibacteriales
bacteria and archaea,590,4.09,NA,2.56,-0.09,-0.13,-0.12,-0.17,Hyphomicrobium,Hyphomicrobiaceae,Proteobacteria,Alphaproteobacteria,Rhizobiales
bacteria and archaea,1445,3.56,3.14,3.71,0.21,0.29,-0.12,-0.02,Sphaerotilus,Comamonadaceae,Proteobacteria,Gammaproteobacteria,Burkholderiales
bacteria and archaea,832,NA,3.97,3.37,0.17,0.24,-0.12,-0.06,Sphingomonas,Sphingomonadaceae,Proteobacteria,Alphaproteobacteria,Sphingomonadales
bacteria and archaea,1169,NA,3.62,4.38,0.2,0.2,-0.12,0.16,Bryobacter,Bryobacteraceae,Acidobacteria,Acidobacteriae,Bryobacterales
bacteria and archaea,1432,NA,3.95,3.91,0.22,0.36,-0.12,-0.18,Ramlibacter,Comamonadaceae,Proteobacteria,Gammaproteobacteria,Burkholderiales
bacteria and archaea,885,3.78,4.69,4.12,0.1,0.13,-0.12,0.05,Sphingomonas,Sphingomonadaceae,Proteobacteria,Alphaproteobacteria,Sphingomonadales
bacteria and archaea,727,4.77,5.03,4.27,-0.05,-0.17,-0.12,-0.1,NA,Micropepsaceae,Proteobacteria,Alphaproteobacteria,Micropepsales
bacteria and archaea,1027,NA,NA,4.04,0.13,0.16,-0.12,-0.17,Gemmatimonas,Gemmatimonadaceae,Gemmatimonadota,Gemmatimonadetes,Gemmatimonadales
bacteria and archaea,1229,NA,3.28,3.74,0.08,0.24,-0.12,-0.02,NA,NA,Actinobacteria,Actinobacteria,Frankiales
bacteria and archaea,1453,4.82,3.14,3.01,0.06,0.1,-0.12,0.01,Duganella,Oxalobacteraceae,Proteobacteria,Gammaproteobacteria,Burkholderiales
bacteria and archaea,1433,NA,3.87,3.22,0.21,0.32,-0.12,-0.11,Ramlibacter,Comamonadaceae,Proteobacteria,Gammaproteobacteria,Burkholderiales
bacteria and archaea,1075,NA,NA,3.09,0.17,0.24,-0.12,-0.26,NA,NA,Acidobacteria,Subgroup 5,NA
bacteria and archaea,1592,4.16,4.05,3.97,0.17,0.31,-0.12,-0.14,Pseudonocardia,Pseudonocardiaceae,Actinobacteria,Actinobacteria,Pseudonocardiales
bacteria and archaea,1223,NA,NA,3.34,0.16,0.23,-0.12,-0.23,Streptomyces,Streptomycetaceae,Actinobacteria,Actinobacteria,Streptomycetales
bacteria and archaea,834,NA,2.89,3.69,0.27,0.34,-0.12,0.09,Qipengyuania,Sphingomonadaceae,Proteobacteria,Alphaproteobacteria,Sphingomonadales
bacteria and archaea,1359,NA,NA,3.53,0.18,0.25,-0.12,-0.22,NA,NA,Actinobacteria,Thermoleophilia,Gaiellales
bacteria and archaea,1318,NA,NA,3.83,-0.02,-0.02,-0.12,-0.24,NA,NA,Actinobacteria,Thermoleophilia,Gaiellales
bacteria and archaea,386,3.52,2.94,3.29,-0.05,0.01,-0.12,-0.3,NA,NA,Acidobacteria,Acidobacteriae,Acidobacteriales
bacteria and archaea,947,3.39,3.8,4.17,0.16,0.24,-0.12,0.05,Segetibacter,Chitinophagaceae,Bacteroidota,Bacteroidia,Chitinophagales
bacteria and archaea,1595,NA,3.47,3.18,0.04,0.11,-0.12,0.03,Actinomycetospora,Pseudonocardiaceae,Actinobacteria,Actinobacteria,Pseudonocardiales
bacteria and archaea,1625,3.81,4.36,4.31,0.18,0.26,-0.12,0.13,Paenisporosarcina,Planococcaceae,Firmicutes,Bacilli,Bacillales
bacteria and archaea,896,NA,NA,NA,0.11,0.15,-0.12,-0.13,Cellvibrio,Cellvibrionaceae,Proteobacteria,Gammaproteobacteria,Cellvibrionales
bacteria and archaea,1116,NA,NA,NA,-0.06,-0.02,-0.13,-0.14,NA,NA,Acidobacteria,Subgroup 5,NA
bacteria and archaea,1485,3.83,4.36,3.59,0.32,0.27,-0.13,0.36,Blastococcus,Geodermatophilaceae,Actinobacteria,Actinobacteria,Frankiales
bacteria and archaea,176,NA,NA,NA,0.2,0.24,-0.13,-0.15,NA,env.OPS 17,Bacteroidota,Bacteroidia,Sphingobacteriales
bacteria and archaea,1457,4.5,NA,3.38,0.08,0.06,-0.13,0.24,Duganella,Oxalobacteraceae,Proteobacteria,Gammaproteobacteria,Burkholderiales
bacteria and archaea,204,4.37,5.05,4.58,0.01,-0.16,-0.13,0.02,NA,Micromonosporaceae,Actinobacteria,Actinobacteria,Micromonosporales
bacteria and archaea,773,2.64,2.56,2.96,0,-0.09,-0.13,0.11,Pirellula,Pirellulaceae,Planctomycetota,Planctomycetes,Pirellulales
bacteria and archaea,1405,4.35,4.39,4.55,0.08,0.07,-0.13,0,Solirubrobacter,Solirubrobacteraceae,Actinobacteria,Thermoleophilia,Solirubrobacterales
bacteria and archaea,1260,4.05,4.71,4.42,0.13,0.07,-0.13,-0.01,Conexibacter,Solirubrobacteraceae,Actinobacteria,Thermoleophilia,Solirubrobacterales
bacteria and archaea,1323,NA,3.7,3.25,0,0.05,-0.13,-0.15,Gaiella,Gaiellaceae,Actinobacteria,Thermoleophilia,Gaiellales
bacteria and archaea,1374,2.56,4.06,3.26,0.08,0.16,-0.13,-0.09,NA,NA,Actinobacteria,Thermoleophilia,Gaiellales
bacteria and archaea,1040,NA,NA,4.17,0.09,0.04,-0.13,-0.04,RB41,Pyrinomonadaceae,Acidobacteria,Blastocatellia,Pyrinomonadales
bacteria and archaea,747,3.33,3.43,2.46,0.08,0.17,-0.13,-0.16,Devosia,Devosiaceae,Proteobacteria,Alphaproteobacteria,Rhizobiales
bacteria and archaea,1407,4.59,4.6,5.05,0.12,0.15,-0.13,-0.13,NA,NA,Actinobacteria,Thermoleophilia,Gaiellales
bacteria and archaea,346,3.56,3.39,3.44,0.18,0.28,-0.13,-0.28,Candidatus Koribacter,Koribacteraceae,Acidobacteria,Acidobacteriae,Acidobacteriales
bacteria and archaea,638,4.04,4.06,3.93,-0.13,-0.04,-0.13,-0.2,NA,Xanthobacteraceae,Proteobacteria,Alphaproteobacteria,Rhizobiales
bacteria and archaea,1041,NA,NA,4.04,0,NA,-0.13,-0.22,RB41,Pyrinomonadaceae,Acidobacteria,Blastocatellia,Pyrinomonadales
bacteria and archaea,98,2.6,3.19,2.61,0.15,0.27,-0.13,-0.07,NA,WD2101 soil group,Planctomycetota,Phycisphaerae,Tepidisphaerales
bacteria and archaea,1525,NA,NA,3.97,0.04,0.07,-0.13,-0.2,NA,A21b,Proteobacteria,Gammaproteobacteria,Burkholderiales
bacteria and archaea,1245,4.2,NA,3.47,-0.06,-0.12,-0.13,-0.07,NA,NA,Chloroflexi,AD3,NA
bacteria and archaea,76,NA,NA,NA,0.08,0.11,-0.13,-0.02,NA,BIrii41,Myxococcota,Polyangia,Polyangiales
bacteria and archaea,1464,NA,4.63,4.48,0.16,0.24,-0.14,-0.08,Galbitalea,Microbacteriaceae,Actinobacteria,Actinobacteria,Micrococcales
bacteria and archaea,657,NA,3.5,3.07,0.21,0.25,-0.14,-0.04,Tardiphaga,Xanthobacteraceae,Proteobacteria,Alphaproteobacteria,Rhizobiales
bacteria and archaea,1422,NA,NA,NA,NA,NA,-0.14,-0.08,Aeromicrobium,Nocardioidaceae,Actinobacteria,Actinobacteria,Propionibacteriales
bacteria and archaea,846,NA,2.4,3.4,0.32,0.31,-0.14,0.08,Altererythrobacter,Sphingomonadaceae,Proteobacteria,Alphaproteobacteria,Sphingomonadales
bacteria and archaea,506,NA,NA,3.91,0.08,NA,-0.14,-0.25,Candidatus Udaeobacter,Chthoniobacteraceae,Verrucomicrobiota,Verrucomicrobiae,Chthoniobacterales
bacteria and archaea,46,4.03,4.2,4.37,0.25,0.24,-0.14,-0.17,NA,WD2101 soil group,Planctomycetota,Phycisphaerae,Tepidisphaerales
bacteria and archaea,742,3.09,NA,3.14,0.03,-0.12,-0.14,0,Phyllobacterium,Rhizobiaceae,Proteobacteria,Alphaproteobacteria,Rhizobiales
bacteria and archaea,231,2.51,2.89,3.04,-0.03,-0.04,-0.14,-0.13,NA,NA,WPS-2,NA,NA
bacteria and archaea,1373,NA,2.48,2.39,0.28,0.29,-0.14,-0.12,NA,NA,Armatimonadota,Chthonomonadetes,Chthonomonadales
bacteria and archaea,1379,NA,3.04,2.97,0.02,0.05,-0.14,-0.16,JG30a-KF-32,Ktedonobacteraceae,Chloroflexi,Ktedonobacteria,Ktedonobacterales
bacteria and archaea,273,NA,3.95,3.76,0.15,0.19,-0.14,-0.1,NA,NA,Cyanobacteria,Cyanobacteriia,Chloroplast
bacteria and archaea,241,4.04,3.64,4.05,0.02,-0.04,-0.14,-0.22,NA,NA,Acidobacteria,Acidobacteriae,Subgroup 2
bacteria and archaea,109,2.23,NA,2.4,0.14,0.13,-0.14,-0.07,Zavarzinella,Gemmataceae,Planctomycetota,Planctomycetes,Gemmatales
bacteria and archaea,343,NA,NA,3.43,0.25,0.25,-0.14,-0.07,Candidatus Koribacter,Koribacteraceae,Acidobacteria,Acidobacteriae,Acidobacteriales
bacteria and archaea,573,3.21,3.73,3.39,0.16,0.09,-0.14,-0.03,NA,Nitrososphaeraceae,Crenarchaeota,Nitrososphaeria,Nitrososphaerales
bacteria and archaea,80,3.93,3.91,3.58,0.06,0.12,-0.14,-0.02,NA,BIrii41,Myxococcota,Polyangia,Polyangiales
bacteria and archaea,434,4.24,4.36,4.72,0.18,0.22,-0.14,-0.19,Candidatus Udaeobacter,Chthoniobacteraceae,Verrucomicrobiota,Verrucomicrobiae,Chthoniobacterales
bacteria and archaea,1289,3.53,3.56,3.74,0.1,0.17,-0.14,-0.12,Conexibacter,Solirubrobacteraceae,Actinobacteria,Thermoleophilia,Solirubrobacterales
bacteria and archaea,887,NA,3.17,3.49,0.22,0.23,-0.14,0.29,Polymorphobacter,Sphingomonadaceae,Proteobacteria,Alphaproteobacteria,Sphingomonadales
bacteria and archaea,698,NA,2.48,3.38,0.31,0.34,-0.14,-0.1,NA,Caulobacteraceae,Proteobacteria,Alphaproteobacteria,Caulobacterales
bacteria and archaea,494,NA,NA,NA,0.19,0.22,-0.15,-0.01,Candidatus Udaeobacter,Chthoniobacteraceae,Verrucomicrobiota,Verrucomicrobiae,Chthoniobacterales
bacteria and archaea,956,NA,3.04,NA,-0.13,NA,-0.15,-0.08,Ferruginibacter,Chitinophagaceae,Bacteroidota,Bacteroidia,Chitinophagales
bacteria and archaea,14,3.7,3.96,4.16,0.23,0.24,-0.15,-0.22,Acidothermus,Acidothermaceae,Actinobacteria,Actinobacteria,Frankiales
bacteria and archaea,818,NA,3.78,3.5,0.26,0.35,-0.15,-0.06,Pedobacter,Sphingobacteriaceae,Bacteroidota,Bacteroidia,Sphingobacteriales
bacteria and archaea,3,NA,NA,NA,-0.07,-0.04,-0.15,-0.04,NA,A4b,Chloroflexi,Anaerolineae,SBR1031
bacteria and archaea,320,2.91,3.81,3.66,-0.08,0.06,-0.15,-0.33,NA,NA,Acidobacteria,Holophagae,Subgroup 7
bacteria and archaea,951,2.3,3.24,3.14,0.21,0.24,-0.15,-0.03,Parafilimonas,Chitinophagaceae,Bacteroidota,Bacteroidia,Chitinophagales
bacteria and archaea,665,NA,NA,NA,NA,NA,-0.15,-0.02,Tardiphaga,Xanthobacteraceae,Proteobacteria,Alphaproteobacteria,Rhizobiales
bacteria and archaea,491,NA,NA,3.97,0.21,NA,-0.15,-0.13,Candidatus Udaeobacter,Chthoniobacteraceae,Verrucomicrobiota,Verrucomicrobiae,Chthoniobacterales
bacteria and archaea,511,4.52,4.28,4.9,0.09,0.13,-0.15,-0.06,Chthoniobacter,Chthoniobacteraceae,Verrucomicrobiota,Verrucomicrobiae,Chthoniobacterales
bacteria and archaea,462,1.95,2.08,NA,0.13,0.23,-0.15,-0.11,Prosthecobacter,Verrucomicrobiaceae,Verrucomicrobiota,Verrucomicrobiae,Verrucomicrobiales
bacteria and archaea,392,NA,NA,NA,NA,NA,-0.15,-0.24,NA,NA,Acidobacteria,Acidobacteriae,Acidobacteriales
bacteria and archaea,1604,NA,NA,3.4,0.18,0.26,-0.15,-0.06,NA,Intrasporangiaceae,Actinobacteria,Actinobacteria,Micrococcales
bacteria and archaea,1205,3.66,4.38,3.22,0,0,-0.15,-0.05,NA,67-14,Actinobacteria,Thermoleophilia,Solirubrobacterales
bacteria and archaea,404,4.22,3.09,3.26,0.17,0.14,-0.15,0.16,NA,NA,Myxococcota,bacteriap25,NA
bacteria and archaea,329,3.32,NA,3.55,-0.04,-0.16,-0.15,0,Acidibacter,Unknown Family,Proteobacteria,Gammaproteobacteria,Gammaproteobacteria Incertae Sedis
bacteria and archaea,60,NA,2.48,3.37,0.08,0.02,-0.15,0.1,NA,Sandaracinaceae,Myxococcota,Polyangia,Polyangiales
bacteria and archaea,831,4,4.04,4.29,0.09,0.06,-0.15,-0.12,Sphingomonas,Sphingomonadaceae,Proteobacteria,Alphaproteobacteria,Sphingomonadales
bacteria and archaea,532,4.81,4.07,4.98,-0.04,-0.09,-0.15,-0.23,Candidatus Udaeobacter,Chthoniobacteraceae,Verrucomicrobiota,Verrucomicrobiae,Chthoniobacterales
bacteria and archaea,1202,3.11,3.37,3.48,0.16,0.18,-0.15,-0.18,NA,NA,Actinobacteria,Thermoleophilia,Gaiellales
bacteria and archaea,1294,3.4,3.26,3.98,0.05,0.05,-0.15,-0.07,NA,NA,Actinobacteria,Thermoleophilia,Gaiellales
bacteria and archaea,677,3.47,4.08,3.93,0.32,0.38,-0.15,0.06,NA,Xanthobacteraceae,Proteobacteria,Alphaproteobacteria,Rhizobiales
bacteria and archaea,1597,NA,3.5,3.81,0.19,0.26,-0.15,-0.13,Kutzneria,Pseudonocardiaceae,Actinobacteria,Actinobacteria,Pseudonocardiales
bacteria and archaea,1552,3.55,3.56,3.55,0.06,0.03,-0.15,-0.01,Burkholderia-Caballeronia-Paraburkholderia,Burkholderiaceae,Proteobacteria,Gammaproteobacteria,Burkholderiales
bacteria and archaea,354,NA,NA,NA,0.16,0.16,-0.16,-0.12,Acidibacter,Unknown Family,Proteobacteria,Gammaproteobacteria,Gammaproteobacteria Incertae Sedis
bacteria and archaea,146,4,4.18,3.95,-0.05,-0.07,-0.16,-0.26,NA,Gemmataceae,Planctomycetota,Planctomycetes,Gemmatales
bacteria and archaea,471,NA,NA,4.37,0.16,0.07,-0.16,-0.07,Candidatus Udaeobacter,Chthoniobacteraceae,Verrucomicrobiota,Verrucomicrobiae,Chthoniobacterales
bacteria and archaea,822,3.14,3.53,3.94,0.27,0.27,-0.16,0.06,Mucilaginibacter,Sphingobacteriaceae,Bacteroidota,Bacteroidia,Sphingobacteriales
bacteria and archaea,957,NA,NA,3.3,0.23,0.31,-0.16,-0.23,Ferruginibacter,Chitinophagaceae,Bacteroidota,Bacteroidia,Chitinophagales
bacteria and archaea,859,NA,3.23,3.58,0.12,0.11,-0.16,0,Subgroup 10,Thermoanaerobaculaceae,Acidobacteria,Thermoanaerobaculia,Thermoanaerobaculales
bacteria and archaea,1011,NA,NA,NA,0.07,0.12,-0.16,-0.23,Gemmatimonas,Gemmatimonadaceae,Gemmatimonadota,Gemmatimonadetes,Gemmatimonadales
bacteria and archaea,78,NA,NA,NA,NA,NA,-0.16,-0.03,NA,BIrii41,Myxococcota,Polyangia,Polyangiales
bacteria and archaea,718,3.01,3.05,3.51,-0.15,-0.21,-0.16,-0.27,NA,Micropepsaceae,Proteobacteria,Alphaproteobacteria,Micropepsales
bacteria and archaea,1377,2.91,NA,2.9,-0.05,-0.09,-0.16,-0.29,HSB OF53-F07,Ktedonobacteraceae,Chloroflexi,Ktedonobacteria,Ktedonobacterales
bacteria and archaea,259,4.17,4.02,3.84,0.14,0.19,-0.16,-0.23,Opitutus,Opitutaceae,Verrucomicrobiota,Verrucomicrobiae,Opitutales
bacteria and archaea,1284,NA,3.9,3.72,0.17,0.23,-0.16,0.01,Solirubrobacter,Solirubrobacteraceae,Actinobacteria,Thermoleophilia,Solirubrobacterales
bacteria and archaea,1175,3.14,3.32,3.24,0.2,0.18,-0.16,0.18,Bryobacter,Bryobacteraceae,Acidobacteria,Acidobacteriae,Bryobacterales
bacteria and archaea,843,3.89,3.45,3.08,0.11,0.15,-0.16,-0.06,Parablastomonas,Sphingomonadaceae,Proteobacteria,Alphaproteobacteria,Sphingomonadales
bacteria and archaea,1295,3.61,4.25,3.49,0.04,0.17,-0.16,-0.18,NA,67-14,Actinobacteria,Thermoleophilia,Solirubrobacterales
bacteria and archaea,875,NA,3.37,3.52,0.3,0.35,-0.16,-0.17,Sphingomonas,Sphingomonadaceae,Proteobacteria,Alphaproteobacteria,Sphingomonadales
bacteria and archaea,1462,4.12,NA,3.5,0.09,0.08,-0.16,-0.02,Duganella,Oxalobacteraceae,Proteobacteria,Gammaproteobacteria,Burkholderiales
bacteria and archaea,396,3.76,4.39,4.26,0.24,0.16,-0.16,0.06,NA,NA,Acidobacteria,Acidobacteriae,Acidobacteriales
bacteria and archaea,44,NA,3.5,3.92,0.17,0.19,-0.16,0.04,NA,WD2101 soil group,Planctomycetota,Phycisphaerae,Tepidisphaerales
bacteria and archaea,1273,3.85,NA,3.8,0.17,0.03,-0.17,-0.14,Conexibacter,Solirubrobacteraceae,Actinobacteria,Thermoleophilia,Solirubrobacterales
bacteria and archaea,1003,3.47,3.58,3.32,0.2,0.27,-0.17,0,Gemmatimonas,Gemmatimonadaceae,Gemmatimonadota,Gemmatimonadetes,Gemmatimonadales
bacteria and archaea,759,2.14,NA,2.44,0.22,0.29,-0.17,0.03,Lysobacter,Xanthomonadaceae,Proteobacteria,Gammaproteobacteria,Xanthomonadales
bacteria and archaea,203,3.52,4.08,3.67,0.16,0.12,-0.17,0.12,Actinoplanes,Micromonosporaceae,Actinobacteria,Actinobacteria,Micromonosporales
bacteria and archaea,1214,NA,3.47,3.09,0.04,0.04,-0.17,-0.03,NA,Blastocatellaceae,Acidobacteria,Blastocatellia,Blastocatellales
bacteria and archaea,1556,NA,NA,3.71,0.14,0.24,-0.17,-0.15,Georgfuchsia,Rhodocyclaceae,Proteobacteria,Gammaproteobacteria,Burkholderiales
bacteria and archaea,1356,NA,NA,3.27,0.14,NA,-0.17,-0.02,NA,NA,Actinobacteria,Acidimicrobiia,IMCC26256
bacteria and archaea,1025,NA,NA,3.95,0.27,0.31,-0.17,-0.18,Gemmatimonas,Gemmatimonadaceae,Gemmatimonadota,Gemmatimonadetes,Gemmatimonadales
bacteria and archaea,898,2.71,2.4,3.06,0.07,0.08,-0.17,-0.13,Luteibacter,Rhodanobacteraceae,Proteobacteria,Gammaproteobacteria,Xanthomonadales
bacteria and archaea,492,5.64,6.25,6.42,0.16,0.21,-0.17,-0.17,Candidatus Udaeobacter,Chthoniobacteraceae,Verrucomicrobiota,Verrucomicrobiae,Chthoniobacterales
bacteria and archaea,690,4.06,4.29,3.58,0.24,0.3,-0.17,0,Phenylobacterium,Caulobacteraceae,Proteobacteria,Alphaproteobacteria,Caulobacterales
bacteria and archaea,806,NA,NA,4.01,-0.07,-0.04,-0.17,-0.13,Flavobacterium,Flavobacteriaceae,Bacteroidota,Bacteroidia,Flavobacteriales
bacteria and archaea,1628,3.56,3.87,3.94,0.19,0.24,-0.17,-0.11,Lysinibacillus,Planococcaceae,Firmicutes,Bacilli,Bacillales
bacteria and archaea,68,3.71,3.03,3.36,0.25,0.24,-0.17,-0.16,Phaselicystis,Phaselicystidaceae,Myxococcota,Polyangia,Polyangiales
bacteria and archaea,1339,NA,3.33,2.91,0.25,0.26,-0.17,0.03,NA,NA,Actinobacteria,Thermoleophilia,Gaiellales
bacteria and archaea,371,NA,NA,2.4,0.15,0.19,-0.17,-0.04,Gemmatimonas,Gemmatimonadaceae,Gemmatimonadota,Gemmatimonadetes,Gemmatimonadales
bacteria and archaea,1454,NA,NA,3.41,0.24,0.22,-0.17,0.02,Massilia,Oxalobacteraceae,Proteobacteria,Gammaproteobacteria,Burkholderiales
bacteria and archaea,332,NA,NA,3.56,0.09,NA,-0.18,-0.22,NA,NA,RCP2-54,NA,NA
bacteria and archaea,1090,NA,NA,3.56,0.15,NA,-0.18,-0.03,NA,NA,Acidobacteria,Vicinamibacteria,Vicinamibacterales
bacteria and archaea,452,NA,3.3,3.43,0.13,0.21,-0.18,-0.21,Chthoniobacter,Chthoniobacteraceae,Verrucomicrobiota,Verrucomicrobiae,Chthoniobacterales
bacteria and archaea,694,NA,NA,2.89,0.28,0.33,-0.18,-0.05,NA,Caulobacteraceae,Proteobacteria,Alphaproteobacteria,Caulobacterales
bacteria and archaea,362,4.17,3.67,4.77,0.11,0.1,-0.18,-0.16,NA,Gemmatimonadaceae,Gemmatimonadota,Gemmatimonadetes,Gemmatimonadales
bacteria and archaea,772,3.3,NA,3.17,0.17,0.02,-0.18,0,Pirellula,Pirellulaceae,Planctomycetota,Planctomycetes,Pirellulales
bacteria and archaea,482,NA,NA,3.76,0.24,0.22,-0.18,-0.01,Candidatus Udaeobacter,Chthoniobacteraceae,Verrucomicrobiota,Verrucomicrobiae,Chthoniobacterales
bacteria and archaea,557,NA,3.18,3.4,0.06,0.02,-0.18,-0.06,NA,NA,Acidobacteria,Vicinamibacteria,Vicinamibacterales
bacteria and archaea,1044,3.26,3.62,3.4,0.33,0.32,-0.18,0.15,RB41,Pyrinomonadaceae,Acidobacteria,Blastocatellia,Pyrinomonadales
bacteria and archaea,1246,2.73,3.43,4.03,0.02,0.13,-0.18,-0.26,NA,NA,Chloroflexi,AD3,NA
bacteria and archaea,99,3.53,2.77,3.42,0.3,0.26,-0.18,0.01,NA,WD2101 soil group,Planctomycetota,Phycisphaerae,Tepidisphaerales
bacteria and archaea,443,NA,NA,3.85,0.09,NA,-0.18,-0.13,Candidatus Udaeobacter,Chthoniobacteraceae,Verrucomicrobiota,Verrucomicrobiae,Chthoniobacterales
bacteria and archaea,1415,4.45,4.57,4.59,0.12,0.11,-0.18,-0.04,Mycobacterium,Mycobacteriaceae,Actinobacteria,Actinobacteria,Corynebacteriales
bacteria and archaea,48,4.06,3.54,4,-0.05,-0.12,-0.18,-0.31,NA,WD2101 soil group,Planctomycetota,Phycisphaerae,Tepidisphaerales
bacteria and archaea,483,3.78,NA,3.6,0.04,0.02,-0.18,-0.2,Candidatus Udaeobacter,Chthoniobacteraceae,Verrucomicrobiota,Verrucomicrobiae,Chthoniobacterales
bacteria and archaea,1280,4.03,3.69,3.69,0.06,0.07,-0.18,-0.19,NA,67-14,Actinobacteria,Thermoleophilia,Solirubrobacterales
bacteria and archaea,785,NA,2.95,3.4,0.3,0.31,-0.18,0.11,Granulicella,Acidobacteriaceae (Subgroup 1),Acidobacteria,Acidobacteriae,Acidobacteriales
bacteria and archaea,1165,4.11,NA,3.95,0.24,0.28,-0.18,-0.14,Candidatus Solibacter,Solibacteraceae,Acidobacteria,Acidobacteriae,Solibacterales
bacteria and archaea,58,NA,NA,NA,NA,NA,-0.18,-0.13,NA,Sandaracinaceae,Myxococcota,Polyangia,Polyangiales
bacteria and archaea,182,NA,1.79,NA,0.17,0.26,-0.18,-0.13,NA,env.OPS 17,Bacteroidota,Bacteroidia,Sphingobacteriales
bacteria and archaea,1448,NA,NA,3.78,0.19,0.26,-0.18,-0.08,NA,Oxalobacteraceae,Proteobacteria,Gammaproteobacteria,Burkholderiales
bacteria and archaea,1290,NA,NA,3.53,0.25,0.25,-0.18,-0.03,Solirubrobacter,Solirubrobacteraceae,Actinobacteria,Thermoleophilia,Solirubrobacterales
bacteria and archaea,561,NA,3.85,3.45,0.16,0.11,-0.18,0.09,Haliangium,Haliangiaceae,Myxococcota,Polyangia,Haliangiales
bacteria and archaea,1198,3.73,3.73,4.12,0.25,0.31,-0.18,-0.04,Stenotrophobacter,Blastocatellaceae,Acidobacteria,Blastocatellia,Blastocatellales
bacteria and archaea,1455,3,3.61,3.07,0.1,0.03,-0.18,0.11,Janthinobacterium,Oxalobacteraceae,Proteobacteria,Gammaproteobacteria,Burkholderiales
bacteria and archaea,1509,NA,3.3,3.42,0.21,0.24,-0.18,-0.28,NA,NA,Actinobacteria,Actinobacteria,Frankiales
bacteria and archaea,914,NA,3.56,2.48,0.15,0.25,-0.19,0.08,Niastella,Chitinophagaceae,Bacteroidota,Bacteroidia,Chitinophagales
bacteria and archaea,1210,NA,NA,NA,0.2,0.24,-0.19,0.14,NA,67-14,Actinobacteria,Thermoleophilia,Solirubrobacterales
bacteria and archaea,460,NA,NA,3.18,0.27,0.29,-0.19,0.06,Chthoniobacter,Chthoniobacteraceae,Verrucomicrobiota,Verrucomicrobiae,Chthoniobacterales
bacteria and archaea,1392,NA,NA,NA,0.07,0.05,-0.19,-0.15,Romboutsia,Peptostreptococcaceae,Firmicutes,Clostridia,Peptostreptococcales-Tissierellales
bacteria and archaea,1021,NA,NA,3.95,0.15,0.23,-0.19,-0.18,Gemmatimonas,Gemmatimonadaceae,Gemmatimonadota,Gemmatimonadetes,Gemmatimonadales
bacteria and archaea,577,2.86,3.69,3.75,0.08,0.15,-0.19,-0.24,NA,Nitrososphaeraceae,Crenarchaeota,Nitrososphaeria,Nitrososphaerales
bacteria and archaea,1004,3.73,3.95,3.64,0.08,0.07,-0.19,-0.14,Gemmatimonas,Gemmatimonadaceae,Gemmatimonadota,Gemmatimonadetes,Gemmatimonadales
bacteria and archaea,819,NA,3.54,4.49,0.28,0.33,-0.19,0.12,Pedobacter,Sphingobacteriaceae,Bacteroidota,Bacteroidia,Sphingobacteriales
bacteria and archaea,238,3.56,3.87,3.95,0.04,0.01,-0.19,-0.13,NA,NA,Acidobacteria,Acidobacteriae,Subgroup 2
bacteria and archaea,1636,NA,3.91,3.74,0.05,0.05,-0.19,-0.19,NA,NA,Chloroflexi,KD4-96,NA
bacteria and archaea,968,NA,1.95,2.89,0.1,0.16,-0.19,-0.14,Taibaiella,Chitinophagaceae,Bacteroidota,Bacteroidia,Chitinophagales
bacteria and archaea,1460,3.93,4.46,4.02,0.14,0.09,-0.19,-0.15,Massilia,Oxalobacteraceae,Proteobacteria,Gammaproteobacteria,Burkholderiales
bacteria and archaea,813,NA,3.04,3.54,0.23,0.23,-0.19,0.18,Pedobacter,Sphingobacteriaceae,Bacteroidota,Bacteroidia,Sphingobacteriales
bacteria and archaea,1557,NA,NA,NA,0.19,0.23,-0.19,0.04,Ellin6067,Nitrosomonadaceae,Proteobacteria,Gammaproteobacteria,Burkholderiales
bacteria and archaea,1009,NA,NA,2.4,0.15,0.22,-0.19,-0.17,Gemmatimonas,Gemmatimonadaceae,Gemmatimonadota,Gemmatimonadetes,Gemmatimonadales
bacteria and archaea,1447,NA,3.76,3.92,0.32,0.39,-0.19,0.19,Oxalicibacterium,Oxalobacteraceae,Proteobacteria,Gammaproteobacteria,Burkholderiales
bacteria and archaea,775,3,NA,2.94,0.09,0.12,-0.19,-0.17,possible genus 04,Fibrobacteraceae,Fibrobacterota,Fibrobacteria,Fibrobacterales
bacteria and archaea,1630,NA,NA,3.22,0.24,0.18,-0.19,0.2,Bacillus,Bacillaceae,Firmicutes,Bacilli,Bacillales
bacteria and archaea,681,4.01,4.13,3.25,0.2,0.22,-0.2,-0.07,Pseudolabrys,Xanthobacteraceae,Proteobacteria,Alphaproteobacteria,Rhizobiales
bacteria and archaea,451,NA,NA,3.48,0.28,0.32,-0.2,0.01,Chthoniobacter,Chthoniobacteraceae,Verrucomicrobiota,Verrucomicrobiae,Chthoniobacterales
bacteria and archaea,979,NA,2.07,2.46,0.28,0.28,-0.2,0.03,Edaphobaculum,Chitinophagaceae,Bacteroidota,Bacteroidia,Chitinophagales
bacteria and archaea,967,NA,NA,NA,0.2,0.25,-0.2,0.03,Edaphobaculum,Chitinophagaceae,Bacteroidota,Bacteroidia,Chitinophagales
bacteria and archaea,952,NA,NA,3.43,0.3,0.35,-0.2,-0.08,Parafilimonas,Chitinophagaceae,Bacteroidota,Bacteroidia,Chitinophagales
bacteria and archaea,1635,NA,NA,3,0.2,0.29,-0.2,-0.08,NA,NA,Chloroflexi,KD4-96,NA
bacteria and archaea,1496,NA,3.82,4.05,0.25,0.28,-0.2,0.03,NA,Microbacteriaceae,Actinobacteria,Actinobacteria,Micrococcales
bacteria and archaea,162,3.08,3.15,3.15,0.24,0.3,-0.2,-0.1,NA,Gemmataceae,Planctomycetota,Planctomycetes,Gemmatales
bacteria and archaea,55,NA,3.66,4.33,0.03,NA,-0.2,-0.26,NA,NA,Methylomirabilota,Methylomirabilia,Rokubacteriales
bacteria and archaea,807,3.54,NA,4.98,0.29,0.28,-0.2,0.15,Flavobacterium,Flavobacteriaceae,Bacteroidota,Bacteroidia,Flavobacteriales
bacteria and archaea,1605,NA,NA,2.64,0.22,0.17,-0.2,0.06,Intrasporangium,Intrasporangiaceae,Actinobacteria,Actinobacteria,Micrococcales
bacteria and archaea,1173,NA,NA,2.89,0.33,0.32,-0.2,0.17,Bryobacter,Bryobacteraceae,Acidobacteria,Acidobacteriae,Bryobacterales
bacteria and archaea,170,NA,NA,NA,0.24,0.29,-0.2,-0.11,NA,NA,Planctomycetota,Planctomycetes,Planctomycetales
bacteria and archaea,925,NA,NA,4.33,0.27,0.25,-0.2,0.09,Ferruginibacter,Chitinophagaceae,Bacteroidota,Bacteroidia,Chitinophagales
bacteria and archaea,449,NA,NA,4.11,0.24,0.24,-0.2,0.09,Chthoniobacter,Chthoniobacteraceae,Verrucomicrobiota,Verrucomicrobiae,Chthoniobacterales
bacteria and archaea,1347,3.85,4.25,4.39,0.19,0.24,-0.2,-0.11,NA,NA,Actinobacteria,Thermoleophilia,Gaiellales
bacteria and archaea,175,NA,NA,2.64,0.29,0.3,-0.2,0.05,NA,env.OPS 17,Bacteroidota,Bacteroidia,Sphingobacteriales
bacteria and archaea,788,NA,NA,4.08,0.26,0.13,-0.2,0.03,NA,NA,Acidobacteria,Acidobacteriae,Acidobacteriales
bacteria and archaea,152,NA,NA,NA,0.02,0.02,-0.2,-0.21,Gemmata,Gemmataceae,Planctomycetota,Planctomycetes,Gemmatales
bacteria and archaea,635,3,2.69,3.31,0.16,0.11,-0.2,0.07,NA,Xanthobacteraceae,Proteobacteria,Alphaproteobacteria,Rhizobiales
bacteria and archaea,1314,NA,NA,3.71,0.08,NA,-0.2,-0.12,Gaiella,Gaiellaceae,Actinobacteria,Thermoleophilia,Gaiellales
bacteria and archaea,467,NA,NA,4.52,0.33,0.24,-0.2,-0.02,Candidatus Udaeobacter,Chthoniobacteraceae,Verrucomicrobiota,Verrucomicrobiae,Chthoniobacterales
bacteria and archaea,632,3.72,3.98,4.61,-0.03,-0.03,-0.21,-0.16,NA,Xanthobacteraceae,Proteobacteria,Alphaproteobacteria,Rhizobiales
bacteria and archaea,1588,4.63,NA,2.3,0.19,0.16,-0.21,-0.07,Williamsia,Nocardiaceae,Actinobacteria,Actinobacteria,Corynebacteriales
bacteria and archaea,1092,NA,NA,3.36,0.21,0.24,-0.21,0.05,NA,NA,Acidobacteria,Vicinamibacteria,Vicinamibacterales
bacteria and archaea,83,NA,NA,NA,NA,NA,-0.21,-0.09,NA,Sandaracinaceae,Myxococcota,Polyangia,Polyangiales
bacteria and archaea,82,NA,NA,2.73,0.24,0.27,-0.21,-0.22,NA,BIrii41,Myxococcota,Polyangia,Polyangiales
bacteria and archaea,639,2.77,3.04,3.17,-0.01,-0.19,-0.21,-0.15,NA,Xanthobacteraceae,Proteobacteria,Alphaproteobacteria,Rhizobiales
bacteria and archaea,1372,3.71,NA,2.76,0.11,0.08,-0.21,-0.28,JG30a-KF-32,Ktedonobacteraceae,Chloroflexi,Ktedonobacteria,Ktedonobacterales
bacteria and archaea,790,NA,NA,2.71,0.15,0.07,-0.21,-0.12,NA,NA,Acidobacteria,Acidobacteriae,Acidobacteriales
bacteria and archaea,803,NA,3.4,2.64,0.27,0.31,-0.21,0.07,Flavobacterium,Flavobacteriaceae,Bacteroidota,Bacteroidia,Flavobacteriales
bacteria and archaea,1419,NA,3.37,2.83,0.24,0.23,-0.21,0.02,Aeromicrobium,Nocardioidaceae,Actinobacteria,Actinobacteria,Propionibacteriales
bacteria and archaea,1263,NA,NA,3.48,0.13,NA,-0.21,-0.06,Conexibacter,Solirubrobacteraceae,Actinobacteria,Thermoleophilia,Solirubrobacterales
bacteria and archaea,61,NA,NA,2.72,0.29,0.33,-0.21,-0.14,NA,Sandaracinaceae,Myxococcota,Polyangia,Polyangiales
bacteria and archaea,916,NA,NA,3.59,0.29,0.28,-0.21,0.19,Segetibacter,Chitinophagaceae,Bacteroidota,Bacteroidia,Chitinophagales
bacteria and archaea,114,3.5,3.69,3.32,0.17,0.23,-0.21,-0.08,Zavarzinella,Gemmataceae,Planctomycetota,Planctomycetes,Gemmatales
bacteria and archaea,814,3.34,3.73,3.69,0.24,0.23,-0.21,-0.12,Mucilaginibacter,Sphingobacteriaceae,Bacteroidota,Bacteroidia,Sphingobacteriales
bacteria and archaea,322,NA,3.56,4.46,0.25,0.18,-0.21,-0.03,Pseudomonas,Pseudomonadaceae,Proteobacteria,Gammaproteobacteria,Pseudomonadales
bacteria and archaea,1408,NA,NA,3.36,0.25,0.22,-0.21,0.02,NA,NA,Actinobacteria,Thermoleophilia,Gaiellales
bacteria and archaea,938,3.26,NA,3.58,0.22,0.12,-0.21,0.02,Ferruginibacter,Chitinophagaceae,Bacteroidota,Bacteroidia,Chitinophagales
bacteria and archaea,1449,NA,NA,3.4,0.33,0.39,-0.21,-0.06,Noviherbaspirillum,Oxalobacteraceae,Proteobacteria,Gammaproteobacteria,Burkholderiales
bacteria and archaea,800,2.71,3.13,3.33,0.12,0.05,-0.21,-0.24,Acidipila,Acidobacteriaceae (Subgroup 1),Acidobacteria,Acidobacteriae,Acidobacteriales
bacteria and archaea,781,NA,NA,3.83,0.21,NA,-0.22,0.06,NA,NA,Acidobacteria,Acidobacteriae,Acidobacteriales
bacteria and archaea,955,3.04,4,3.36,0.28,0.3,-0.22,0,Ferruginibacter,Chitinophagaceae,Bacteroidota,Bacteroidia,Chitinophagales
bacteria and archaea,87,NA,NA,3.53,0.29,0.22,-0.22,0.04,NA,WD2101 soil group,Planctomycetota,Phycisphaerae,Tepidisphaerales
bacteria and archaea,1142,NA,4.91,4.29,0.09,0.04,-0.22,-0.18,NA,Gemmatimonadaceae,Gemmatimonadota,Gemmatimonadetes,Gemmatimonadales
bacteria and archaea,1278,3.21,3.27,3.7,0.26,0.23,-0.22,-0.01,NA,67-14,Actinobacteria,Thermoleophilia,Solirubrobacterales
bacteria and archaea,767,3.43,1.61,2.3,0.22,0.23,-0.22,0.06,Luteolibacter,Rubritaleaceae,Verrucomicrobiota,Verrucomicrobiae,Verrucomicrobiales
bacteria and archaea,1634,NA,3.81,3.17,0.26,0.27,-0.22,-0.04,NA,NA,Chloroflexi,KD4-96,NA
bacteria and archaea,535,3.56,NA,3.85,0.22,0.12,-0.22,-0.02,NA,WD2101 soil group,Planctomycetota,Phycisphaerae,Tepidisphaerales
bacteria and archaea,686,NA,3.89,4.08,0.13,0.04,-0.22,0.09,Phenylobacterium,Caulobacteraceae,Proteobacteria,Alphaproteobacteria,Caulobacterales
bacteria and archaea,684,NA,NA,3.61,0.29,0.24,-0.22,0.03,Caulobacter,Caulobacteraceae,Proteobacteria,Alphaproteobacteria,Caulobacterales
bacteria and archaea,585,NA,4.66,4.23,0.13,0.16,-0.22,-0.06,NA,NA,Planctomycetota,Planctomycetes,Planctomycetales
bacteria and archaea,659,4.14,NA,3.84,0.05,-0.09,-0.22,-0.01,Tardiphaga,Xanthobacteraceae,Proteobacteria,Alphaproteobacteria,Rhizobiales
bacteria and archaea,826,3.71,NA,3.47,0.03,0.02,-0.22,-0.02,Mucilaginibacter,Sphingobacteriaceae,Bacteroidota,Bacteroidia,Sphingobacteriales
bacteria and archaea,621,4.47,4.29,4.2,0.12,0.12,-0.22,-0.08,Rhodoplanes,Xanthobacteraceae,Proteobacteria,Alphaproteobacteria,Rhizobiales
bacteria and archaea,634,3.66,3.69,3.59,-0.03,-0.24,-0.22,-0.09,NA,Xanthobacteraceae,Proteobacteria,Alphaproteobacteria,Rhizobiales
bacteria and archaea,1435,5.16,NA,3.36,0.24,0.25,-0.22,-0.06,NA,Comamonadaceae,Proteobacteria,Gammaproteobacteria,Burkholderiales
bacteria and archaea,385,NA,NA,3.1,0.24,0.13,-0.22,-0.08,NA,NA,Acidobacteria,Acidobacteriae,Acidobacteriales
bacteria and archaea,1612,NA,NA,3.69,0.4,0.41,-0.22,-0.06,Nocardioides,Nocardioidaceae,Actinobacteria,Actinobacteria,Propionibacteriales
bacteria and archaea,580,NA,3.3,2.92,0.13,0.21,-0.22,0.01,NA,NA,Planctomycetota,Planctomycetes,Planctomycetales
bacteria and archaea,474,5.23,5.27,5.07,0.1,0.11,-0.22,-0.2,Candidatus Udaeobacter,Chthoniobacteraceae,Verrucomicrobiota,Verrucomicrobiae,Chthoniobacterales
bacteria and archaea,1093,3.23,4.01,3.09,0.2,0.11,-0.23,0.02,NA,NA,Acidobacteria,Vicinamibacteria,Vicinamibacterales
bacteria and archaea,1190,NA,3.62,3.65,0.25,0.27,-0.23,0.09,JGI 0001001-H03,Blastocatellaceae,Acidobacteria,Blastocatellia,Blastocatellales
bacteria and archaea,59,2.4,NA,2.41,0.23,0.2,-0.23,0.03,NA,Sandaracinaceae,Myxococcota,Polyangia,Polyangiales
bacteria and archaea,523,4.76,4.42,5.25,0.14,0.12,-0.23,-0.18,Candidatus Udaeobacter,Chthoniobacteraceae,Verrucomicrobiota,Verrucomicrobiae,Chthoniobacterales
bacteria and archaea,141,NA,NA,3.29,0.34,0.36,-0.23,-0.02,NA,Gemmataceae,Planctomycetota,Planctomycetes,Gemmatales
bacteria and archaea,969,3.66,3.78,3.64,0.17,0.21,-0.23,-0.03,Edaphobaculum,Chitinophagaceae,Bacteroidota,Bacteroidia,Chitinophagales
bacteria and archaea,15,NA,NA,3.51,0.21,-0.02,-0.23,0.1,Acidothermus,Acidothermaceae,Actinobacteria,Actinobacteria,Frankiales
bacteria and archaea,1096,NA,NA,NA,0.19,0.23,-0.23,0.01,NA,NA,Acidobacteria,Vicinamibacteria,Vicinamibacterales
bacteria and archaea,838,NA,NA,3.95,0.24,0.25,-0.23,-0.02,Sphingomonas,Sphingomonadaceae,Proteobacteria,Alphaproteobacteria,Sphingomonadales
bacteria and archaea,500,NA,NA,3.75,0.25,0.27,-0.23,-0.14,Candidatus Udaeobacter,Chthoniobacteraceae,Verrucomicrobiota,Verrucomicrobiae,Chthoniobacterales
bacteria and archaea,310,NA,3.47,4.18,0.28,0.16,-0.23,0.24,NA,NA,Acidobacteria,Holophagae,Subgroup 7
bacteria and archaea,51,3.3,NA,3.08,0.11,0.01,-0.23,-0.19,NA,NA,Methylomirabilota,Methylomirabilia,Rokubacteriales
bacteria and archaea,1390,2.89,2.56,2,0.18,0.15,-0.23,-0.19,NA,Ktedonobacteraceae,Chloroflexi,Ktedonobacteria,Ktedonobacterales
bacteria and archaea,566,NA,4.26,3.59,0.2,0.23,-0.23,0.06,Haliangium,Haliangiaceae,Myxococcota,Polyangia,Haliangiales
bacteria and archaea,720,NA,NA,4.09,0.07,-0.04,-0.23,-0.08,NA,Micropepsaceae,Proteobacteria,Alphaproteobacteria,Micropepsales
bacteria and archaea,381,3.45,3.86,4.26,0.04,0.11,-0.23,-0.24,NA,NA,Acidobacteria,Acidobacteriae,Acidobacteriales
bacteria and archaea,1629,NA,NA,4.13,0.17,NA,-0.23,-0.11,Solibacillus,Planococcaceae,Firmicutes,Bacilli,Bacillales
bacteria and archaea,615,4.07,4.26,4.21,0.05,-0.01,-0.23,-0.21,NA,Xanthobacteraceae,Proteobacteria,Alphaproteobacteria,Rhizobiales
bacteria and archaea,756,2.98,NA,2.94,0.08,0.04,-0.23,-0.09,Dokdonella,Rhodanobacteraceae,Proteobacteria,Gammaproteobacteria,Xanthomonadales
bacteria and archaea,1219,NA,NA,3.88,0.16,NA,-0.23,-0.07,Acidothermus,Acidothermaceae,Actinobacteria,Actinobacteria,Frankiales
bacteria and archaea,1247,2.67,2.54,3.28,0.23,0.23,-0.23,-0.3,NA,NA,Chloroflexi,AD3,NA
bacteria and archaea,1565,NA,NA,3.14,0.34,0.38,-0.23,0.08,NA,A21b,Proteobacteria,Gammaproteobacteria,Burkholderiales
bacteria and archaea,1502,NA,NA,3.62,0.09,NA,-0.24,-0.08,NA,Microbacteriaceae,Actinobacteria,Actinobacteria,Micrococcales
bacteria and archaea,596,NA,NA,2.77,0.15,0.18,-0.24,-0.16,Dongia,Dongiaceae,Proteobacteria,Alphaproteobacteria,Dongiales
bacteria and archaea,188,NA,NA,3.02,0.36,0.29,-0.24,-0.24,Bdellovibrio,Bdellovibrionaceae,Bdellovibrionota,Bdellovibrionia,Bdellovibrionales
bacteria and archaea,1644,NA,NA,NA,0.33,0.43,-0.24,-0.11,Cytophaga,Cytophagaceae,Bacteroidota,Bacteroidia,Cytophagales
bacteria and archaea,1638,NA,NA,2.95,0.2,0.24,-0.24,-0.28,NA,NA,Chloroflexi,KD4-96,NA
bacteria and archaea,250,NA,NA,3.63,0.08,0.04,-0.24,-0.21,NA,NA,Actinobacteria,MB-A2-108,NA
bacteria and archaea,1439,NA,3.06,3.2,0.25,0.29,-0.24,-0.2,Caenimonas,Comamonadaceae,Proteobacteria,Gammaproteobacteria,Burkholderiales
bacteria and archaea,924,NA,NA,4.48,0.25,0.24,-0.24,-0.01,NA,Chitinophagaceae,Bacteroidota,Bacteroidia,Chitinophagales
bacteria and archaea,1306,NA,NA,3.41,0.12,NA,-0.24,-0.2,NA,NA,Actinobacteria,Thermoleophilia,Gaiellales
bacteria and archaea,862,NA,NA,NA,NA,NA,-0.24,-0.02,Sphingomonas,Sphingomonadaceae,Proteobacteria,Alphaproteobacteria,Sphingomonadales
bacteria and archaea,1546,NA,NA,3.69,0.22,0.11,-0.24,-0.08,NA,SC-I-84,Proteobacteria,Gammaproteobacteria,Burkholderiales
bacteria and archaea,1370,NA,2.6,3.25,0.08,0.17,-0.24,-0.2,NA,NA,Chloroflexi,AD3,NA
bacteria and archaea,1178,NA,NA,4.32,0.35,0.29,-0.24,0.06,Candidatus Solibacter,Solibacteraceae,Acidobacteria,Acidobacteriae,Solibacterales
bacteria and archaea,92,3.58,3.84,3.69,0.24,0.36,-0.25,-0.07,NA,WD2101 soil group,Planctomycetota,Phycisphaerae,Tepidisphaerales
bacteria and archaea,582,NA,3.5,4.12,0.2,0.24,-0.25,-0.01,NA,NA,Planctomycetota,Planctomycetes,Planctomycetales
bacteria and archaea,1530,NA,NA,3.64,0.28,0.29,-0.25,0.04,Hylemonella,Comamonadaceae,Proteobacteria,Gammaproteobacteria,Burkholderiales
bacteria and archaea,1540,NA,NA,3.33,0.24,0.33,-0.25,-0.12,NA,SC-I-84,Proteobacteria,Gammaproteobacteria,Burkholderiales
bacteria and archaea,530,NA,NA,4.01,0.35,0.28,-0.25,-0.04,Candidatus Udaeobacter,Chthoniobacteraceae,Verrucomicrobiota,Verrucomicrobiae,Chthoniobacterales
bacteria and archaea,1589,NA,NA,4,0.4,0.42,-0.25,0.27,NA,Streptomycetaceae,Actinobacteria,Actinobacteria,Streptomycetales
bacteria and archaea,706,NA,NA,3.92,0.23,0.24,-0.25,-0.04,Microvirga,Beijerinckiaceae,Proteobacteria,Alphaproteobacteria,Rhizobiales
bacteria and archaea,1590,NA,NA,3.96,0.2,0.03,-0.25,-0.01,Streptacidiphilus,Streptomycetaceae,Actinobacteria,Actinobacteria,Streptomycetales
bacteria and archaea,1335,1.95,2.63,3.27,0.11,0.11,-0.25,-0.17,NA,NA,Actinobacteria,Thermoleophilia,Gaiellales
bacteria and archaea,1231,2.5,2.3,3.31,0.2,0.24,-0.25,-0.19,Cellulomonas,Cellulomonadaceae,Actinobacteria,Actinobacteria,Micrococcales
bacteria and archaea,423,4.11,4.84,4.07,0.16,0.09,-0.25,-0.02,Candidatus Udaeobacter,Chthoniobacteraceae,Verrucomicrobiota,Verrucomicrobiae,Chthoniobacterales
bacteria and archaea,794,NA,3.14,3.13,0.2,0.24,-0.25,0.05,Acidipila,Acidobacteriaceae (Subgroup 1),Acidobacteria,Acidobacteriae,Acidobacteriales
bacteria and archaea,498,3.53,4.16,3.82,0.09,0.05,-0.26,-0.1,Candidatus Udaeobacter,Chthoniobacteraceae,Verrucomicrobiota,Verrucomicrobiae,Chthoniobacterales
bacteria and archaea,390,2.6,3.14,3.64,0.08,0.03,-0.26,-0.17,NA,NA,Acidobacteria,Acidobacteriae,Acidobacteriales
bacteria and archaea,1639,NA,2.95,3.41,0.31,0.31,-0.26,0.14,NA,NA,Chloroflexi,KD4-96,NA
bacteria and archaea,38,NA,NA,2.77,0.22,0.24,-0.26,0.09,NA,WD2101 soil group,Planctomycetota,Phycisphaerae,Tepidisphaerales
bacteria and archaea,1569,NA,NA,3.52,0.15,NA,-0.26,-0.04,NA,SC-I-84,Proteobacteria,Gammaproteobacteria,Burkholderiales
bacteria and archaea,1583,NA,NA,2.89,0.23,0.26,-0.26,0.04,NA,Nocardiaceae,Actinobacteria,Actinobacteria,Corynebacteriales
bacteria and archaea,762,3.95,2.48,3.98,0.21,0.14,-0.26,-0.02,NA,Rhodanobacteraceae,Proteobacteria,Gammaproteobacteria,Xanthomonadales
bacteria and archaea,1125,NA,NA,NA,NA,NA,-0.26,-0.05,NA,NA,Acidobacteria,Vicinamibacteria,Vicinamibacterales
bacteria and archaea,128,2.96,3.18,3.31,0.17,0.05,-0.26,-0.14,Aquisphaera,Isosphaeraceae,Planctomycetota,Planctomycetes,Isosphaerales
bacteria and archaea,926,2.89,3.18,3.91,0.13,0.07,-0.26,-0.11,Puia,Chitinophagaceae,Bacteroidota,Bacteroidia,Chitinophagales
bacteria and archaea,1563,4.25,3.43,4.16,0.22,0.15,-0.26,-0.15,Ellin6067,Nitrosomonadaceae,Proteobacteria,Gammaproteobacteria,Burkholderiales
bacteria and archaea,878,NA,NA,4.13,0.35,0.39,-0.26,-0.06,Sphingomonas,Sphingomonadaceae,Proteobacteria,Alphaproteobacteria,Sphingomonadales
bacteria and archaea,828,4.37,3.03,3.77,0.34,0.31,-0.26,0.02,Sphingomonas,Sphingomonadaceae,Proteobacteria,Alphaproteobacteria,Sphingomonadales
bacteria and archaea,222,NA,NA,3.47,0.22,NA,-0.26,0.13,NA,Micromonosporaceae,Actinobacteria,Actinobacteria,Micromonosporales
bacteria and archaea,618,NA,4.14,4.63,0.17,0.22,-0.26,-0.29,NA,Xanthobacteraceae,Proteobacteria,Alphaproteobacteria,Rhizobiales
bacteria and archaea,893,NA,NA,3.09,0.26,0.24,-0.27,0.01,Haliangium,Haliangiaceae,Myxococcota,Polyangia,Haliangiales
bacteria and archaea,784,2.88,2.56,3.66,0.22,0.14,-0.27,0.02,Edaphobacter,Acidobacteriaceae (Subgroup 1),Acidobacteria,Acidobacteriae,Acidobacteriales
bacteria and archaea,229,2.4,3.62,3.88,0.32,0.25,-0.27,-0.06,NA,NA,WPS-2,NA,NA
bacteria and archaea,1626,4.44,4.88,4.93,0.32,0.31,-0.27,0.09,NA,NA,Firmicutes,Bacilli,Bacillales
bacteria and archaea,1543,NA,NA,3.64,0.21,NA,-0.27,0.17,NA,SC-I-84,Proteobacteria,Gammaproteobacteria,Burkholderiales
bacteria and archaea,1342,4.17,4.46,4.49,0.29,0.34,-0.27,-0.1,NA,NA,Actinobacteria,Thermoleophilia,Gaiellales
bacteria and archaea,401,3.13,3.6,4.07,0.18,0.2,-0.27,-0.09,NA,NA,Acidobacteria,Acidobacteriae,Acidobacteriales
bacteria and archaea,247,NA,NA,3.18,0.08,0.02,-0.27,-0.17,NA,NA,Actinobacteria,MB-A2-108,NA
bacteria and archaea,337,NA,NA,3.71,0.33,0.24,-0.27,0.23,NA,Myxococcaceae,Myxococcota,Myxococcia,Myxococcales
bacteria and archaea,1417,3.43,NA,3.25,0.26,0.11,-0.27,-0.04,Kribbella,Nocardioidaceae,Actinobacteria,Actinobacteria,Propionibacteriales
bacteria and archaea,1161,NA,2.56,3.78,0.16,0.11,-0.27,0.1,Candidatus Solibacter,Solibacteraceae,Acidobacteria,Acidobacteriae,Solibacterales
bacteria and archaea,811,2.71,2.56,2.58,0.24,0.19,-0.27,-0.07,Mucilaginibacter,Sphingobacteriaceae,Bacteroidota,Bacteroidia,Sphingobacteriales
bacteria and archaea,351,2.4,NA,3.77,0.17,-0.05,-0.27,-0.04,NA,NA,Proteobacteria,Gammaproteobacteria,WD260
bacteria and archaea,163,2.08,NA,2.95,0.12,0.13,-0.28,-0.16,NA,Gemmataceae,Planctomycetota,Planctomycetes,Gemmatales
bacteria and archaea,1591,3.46,3.95,3.62,0.25,0.31,-0.28,0.08,Pseudonocardia,Pseudonocardiaceae,Actinobacteria,Actinobacteria,Pseudonocardiales
bacteria and archaea,106,NA,4.39,4.44,0.1,0.22,-0.28,-0.24,Nitrospira,Nitrospiraceae,Nitrospirota,Nitrospiria,Nitrospirales
bacteria and archaea,213,NA,NA,3.46,0.24,0.16,-0.28,0.09,Actinoplanes,Micromonosporaceae,Actinobacteria,Actinobacteria,Micromonosporales
bacteria and archaea,1171,NA,NA,3.98,0.26,0.25,-0.28,-0.09,Bryobacter,Bryobacteraceae,Acidobacteria,Acidobacteriae,Bryobacterales
bacteria and archaea,101,NA,2.71,2.57,0.36,0.37,-0.28,-0.14,NA,WD2101 soil group,Planctomycetota,Phycisphaerae,Tepidisphaerales
bacteria and archaea,740,1.79,2.3,3.11,0.24,0.22,-0.28,-0.03,Skermanella,Azospirillaceae,Proteobacteria,Alphaproteobacteria,Azospirillales
bacteria and archaea,117,NA,NA,3.71,0.18,0.04,-0.28,-0.04,Zavarzinella,Gemmataceae,Planctomycetota,Planctomycetes,Gemmatales
bacteria and archaea,1333,NA,NA,4.41,0.24,0.2,-0.28,0.22,Gaiella,Gaiellaceae,Actinobacteria,Thermoleophilia,Gaiellales
bacteria and archaea,760,3.48,3.07,3.75,0.27,0.3,-0.28,0.03,Luteimonas,Xanthomonadaceae,Proteobacteria,Gammaproteobacteria,Xanthomonadales
bacteria and archaea,605,3.64,3.47,4.26,0.2,0.01,-0.28,0.05,NA,NA,Proteobacteria,Alphaproteobacteria,Elsterales
bacteria and archaea,508,4.33,4.55,4.87,0.19,0.18,-0.28,-0.07,Candidatus Udaeobacter,Chthoniobacteraceae,Verrucomicrobiota,Verrucomicrobiae,Chthoniobacterales
bacteria and archaea,723,NA,3.39,4,0.25,0.24,-0.28,0.15,NA,Micropepsaceae,Proteobacteria,Alphaproteobacteria,Micropepsales
bacteria and archaea,384,3.43,4.06,4.48,0.33,0.34,-0.29,-0.17,NA,NA,Acidobacteria,Acidobacteriae,Acidobacteriales
bacteria and archaea,357,NA,NA,3.61,0.24,0.2,-0.29,0.16,Acidibacter,Unknown Family,Proteobacteria,Gammaproteobacteria,Gammaproteobacteria Incertae Sedis
bacteria and archaea,536,NA,NA,3.1,0.24,0.16,-0.29,-0.08,NA,WD2101 soil group,Planctomycetota,Phycisphaerae,Tepidisphaerales
bacteria and archaea,839,NA,3.78,4.01,0.36,0.35,-0.29,0.21,Sphingomonas,Sphingomonadaceae,Proteobacteria,Alphaproteobacteria,Sphingomonadales
bacteria and archaea,1174,NA,NA,2.67,0.22,0.22,-0.29,-0.05,Bryobacter,Bryobacteraceae,Acidobacteria,Acidobacteriae,Bryobacterales
bacteria and archaea,1176,2.08,1.61,2.68,0.39,0.35,-0.29,0.03,Bryobacter,Bryobacteraceae,Acidobacteria,Acidobacteriae,Bryobacterales
bacteria and archaea,29,NA,NA,3.33,0.06,0.1,-0.29,-0.01,NA,NA,Actinobacteria,MB-A2-108,NA
bacteria and archaea,852,NA,NA,3.71,0.18,0.11,-0.29,0.02,Subgroup 10,Thermoanaerobaculaceae,Acidobacteria,Thermoanaerobaculia,Thermoanaerobaculales
bacteria and archaea,1475,NA,NA,3.49,0.32,0.25,-0.29,0.08,NA,Sporichthyaceae,Actinobacteria,Actinobacteria,Frankiales
bacteria and archaea,1409,NA,NA,2.86,0.37,0.37,-0.29,-0.02,NA,JG30-KF-CM45,Chloroflexi,Chloroflexia,Thermomicrobiales
bacteria and archaea,499,NA,NA,4.61,0.27,0.18,-0.3,0.02,Candidatus Udaeobacter,Chthoniobacteraceae,Verrucomicrobiota,Verrucomicrobiae,Chthoniobacterales
bacteria and archaea,649,NA,NA,4.36,0.35,0.29,-0.3,0.07,Bradyrhizobium,Xanthobacteraceae,Proteobacteria,Alphaproteobacteria,Rhizobiales
bacteria and archaea,882,NA,NA,3.03,0.15,0.25,-0.3,-0.21,Sphingomonas,Sphingomonadaceae,Proteobacteria,Alphaproteobacteria,Sphingomonadales
bacteria and archaea,1145,NA,3.46,3.37,0.27,0.25,-0.3,0.1,Bryobacter,Bryobacteraceae,Acidobacteria,Acidobacteriae,Bryobacterales
bacteria and archaea,1538,NA,NA,4.26,0.35,0.29,-0.3,0.13,NA,SC-I-84,Proteobacteria,Gammaproteobacteria,Burkholderiales
bacteria and archaea,232,NA,NA,3.19,0.14,0.11,-0.3,-0.11,NA,NA,Acidobacteria,Acidobacteriae,Subgroup 2
bacteria and archaea,950,NA,2.83,3.31,0.42,0.38,-0.3,0.2,Parafilimonas,Chitinophagaceae,Bacteroidota,Bacteroidia,Chitinophagales
bacteria and archaea,1326,3.46,3.41,4.15,0.25,0.14,-0.31,-0.04,NA,NA,Actinobacteria,Thermoleophilia,Gaiellales
bacteria and archaea,820,NA,NA,3.98,0.3,0.32,-0.31,-0.01,Mucilaginibacter,Sphingobacteriaceae,Bacteroidota,Bacteroidia,Sphingobacteriales
bacteria and archaea,352,1.79,2.08,2.3,0.18,0.17,-0.31,0.07,Alkanindiges,Moraxellaceae,Proteobacteria,Gammaproteobacteria,Pseudomonadales
bacteria and archaea,1276,4.21,3.89,4.12,0.06,-0.12,-0.31,0.12,NA,67-14,Actinobacteria,Thermoleophilia,Solirubrobacterales
bacteria and archaea,1443,NA,3.37,3.63,0.29,0.29,-0.31,-0.04,Burkholderia-Caballeronia-Paraburkholderia,Burkholderiaceae,Proteobacteria,Gammaproteobacteria,Burkholderiales
bacteria and archaea,41,NA,NA,3.15,0.27,0.29,-0.32,-0.09,NA,WD2101 soil group,Planctomycetota,Phycisphaerae,Tepidisphaerales
bacteria and archaea,1213,NA,NA,3.3,0.36,0.27,-0.32,0.08,NA,Blastocatellaceae,Acidobacteria,Blastocatellia,Blastocatellales
bacteria and archaea,1071,NA,NA,4.07,0.26,0.24,-0.32,0.09,Vicinamibacter,Vicinamibacteraceae,Acidobacteria,Vicinamibacteria,Vicinamibacterales
bacteria and archaea,428,NA,3.68,4.08,0.17,0.2,-0.32,-0.16,Candidatus Udaeobacter,Chthoniobacteraceae,Verrucomicrobiota,Verrucomicrobiae,Chthoniobacterales
bacteria and archaea,17,5.1,5.13,5.91,0.23,0.19,-0.32,-0.16,Acidothermus,Acidothermaceae,Actinobacteria,Actinobacteria,Frankiales
bacteria and archaea,578,NA,NA,3.2,0.35,0.22,-0.32,0.25,Candidatus Nitrocosmicus,Nitrososphaeraceae,Crenarchaeota,Nitrososphaeria,Nitrososphaerales
bacteria and archaea,830,NA,3.43,4.66,0.4,0.39,-0.32,0.11,Sphingomonas,Sphingomonadaceae,Proteobacteria,Alphaproteobacteria,Sphingomonadales
bacteria and archaea,1395,3.09,NA,4.12,0.22,0.1,-0.32,0.14,NA,67-14,Actinobacteria,Thermoleophilia,Solirubrobacterales
bacteria and archaea,890,NA,NA,3.01,0.31,0.25,-0.32,-0.02,Flavobacterium,Flavobacteriaceae,Bacteroidota,Bacteroidia,Flavobacteriales
bacteria and archaea,88,NA,3.78,3.61,0.26,0.23,-0.32,0.03,NA,WD2101 soil group,Planctomycetota,Phycisphaerae,Tepidisphaerales
bacteria and archaea,1261,NA,NA,4.4,0.28,0.18,-0.33,0.07,Conexibacter,Solirubrobacteraceae,Actinobacteria,Thermoleophilia,Solirubrobacterales
bacteria and archaea,538,NA,NA,3.34,0.29,0.21,-0.33,-0.07,NA,WD2101 soil group,Planctomycetota,Phycisphaerae,Tepidisphaerales
bacteria and archaea,1320,4.53,4.57,5.58,0.2,0.13,-0.33,-0.15,NA,NA,Actinobacteria,Thermoleophilia,Gaiellales
bacteria and archaea,407,NA,NA,3.71,0.15,NA,-0.33,0.06,Ellin517,Pedosphaeraceae,Verrucomicrobiota,Verrucomicrobiae,Pedosphaerales
bacteria and archaea,847,NA,NA,3.15,0.33,0.36,-0.34,-0.06,Altererythrobacter,Sphingomonadaceae,Proteobacteria,Alphaproteobacteria,Sphingomonadales
bacteria and archaea,1267,NA,3.79,3.88,0.22,0.21,-0.34,-0.15,Conexibacter,Solirubrobacteraceae,Actinobacteria,Thermoleophilia,Solirubrobacterales
bacteria and archaea,1461,NA,3.56,4.12,0.34,0.33,-0.34,0.03,Massilia,Oxalobacteraceae,Proteobacteria,Gammaproteobacteria,Burkholderiales
bacteria and archaea,729,NA,NA,3.9,0.23,0.14,-0.34,0,NA,Micropepsaceae,Proteobacteria,Alphaproteobacteria,Micropepsales
bacteria and archaea,1620,NA,NA,3.86,0.29,0.22,-0.34,0.07,NA,NA,Chloroflexi,KD4-96,NA
bacteria and archaea,1576,NA,NA,2.97,0.39,0.28,-0.34,0.23,Ellin6067,Nitrosomonadaceae,Proteobacteria,Gammaproteobacteria,Burkholderiales
bacteria and archaea,1366,NA,2.64,3.35,0.31,0.29,-0.35,-0.01,NA,NA,Chloroflexi,AD3,NA
bacteria and archaea,1097,NA,NA,4.06,0.37,0.24,-0.35,0.25,NA,NA,Acidobacteria,Vicinamibacteria,Vicinamibacterales
bacteria and archaea,676,NA,2.08,3.22,0.35,0.22,-0.35,0.14,Rhodopila,Acetobacteraceae,Proteobacteria,Alphaproteobacteria,Acetobacterales
bacteria and archaea,181,NA,1.61,6.16,0.32,0.32,-0.35,-0.02,NA,env.OPS 17,Bacteroidota,Bacteroidia,Sphingobacteriales
bacteria and archaea,1162,NA,NA,3.45,0.39,0.31,-0.36,0,Candidatus Solibacter,Solibacteraceae,Acidobacteria,Acidobacteriae,Solibacterales
bacteria and archaea,1113,NA,2.71,2.91,0.2,0.2,-0.36,-0.1,NA,NA,Acidobacteria,Vicinamibacteria,Vicinamibacterales
bacteria and archaea,1006,4.28,4.23,4.74,0.23,0.1,-0.36,-0.15,Gemmatimonas,Gemmatimonadaceae,Gemmatimonadota,Gemmatimonadetes,Gemmatimonadales
bacteria and archaea,1645,NA,NA,2.55,0.29,0.27,-0.36,-0.13,Chryseolinea,Microscillaceae,Bacteroidota,Bacteroidia,Cytophagales
bacteria and archaea,393,3.74,NA,4.15,0.22,0.09,-0.36,-0.09,NA,NA,Acidobacteria,Acidobacteriae,Acidobacteriales
bacteria and archaea,363,NA,NA,4.41,0.27,0.06,-0.36,0.23,NA,Gemmatimonadaceae,Gemmatimonadota,Gemmatimonadetes,Gemmatimonadales
bacteria and archaea,1010,NA,NA,4.05,0.52,0.42,-0.36,0.02,Gemmatimonas,Gemmatimonadaceae,Gemmatimonadota,Gemmatimonadetes,Gemmatimonadales
bacteria and archaea,1652,NA,NA,3.81,0.2,0.17,-0.36,-0.06,NA,NA,Chloroflexi,Gitt-GS-136,NA
bacteria and archaea,1520,NA,NA,4.17,0.3,0.22,-0.36,0.11,NA,A21b,Proteobacteria,Gammaproteobacteria,Burkholderiales
bacteria and archaea,1340,3,3.55,3.58,0.25,0.22,-0.37,-0.02,Gaiella,Gaiellaceae,Actinobacteria,Thermoleophilia,Gaiellales
bacteria and archaea,1265,3.25,3.41,4.15,0.26,0.21,-0.37,0.01,Conexibacter,Solirubrobacteraceae,Actinobacteria,Thermoleophilia,Solirubrobacterales
bacteria and archaea,625,NA,NA,4,0.26,0.15,-0.37,-0.07,Rhodoplanes,Xanthobacteraceae,Proteobacteria,Alphaproteobacteria,Rhizobiales
bacteria and archaea,786,NA,2.39,2.94,0.28,0.21,-0.37,-0.12,Granulicella,Acidobacteriaceae (Subgroup 1),Acidobacteria,Acidobacteriae,Acidobacteriales
bacteria and archaea,1473,4.46,4.34,4.78,0.17,0.16,-0.37,-0.11,Jatrophihabitans,Frankiaceae,Actinobacteria,Actinobacteria,Frankiales
bacteria and archaea,997,NA,NA,3.55,0.22,0.15,-0.37,0.06,Gemmatimonas,Gemmatimonadaceae,Gemmatimonadota,Gemmatimonadetes,Gemmatimonadales
bacteria and archaea,184,3.27,3.04,3.74,0.2,0.13,-0.38,-0.03,Reyranella,Reyranellaceae,Proteobacteria,Alphaproteobacteria,Reyranellales
bacteria and archaea,1528,NA,2.89,3.01,0.18,0.05,-0.38,0.16,NA,SC-I-84,Proteobacteria,Gammaproteobacteria,Burkholderiales
bacteria and archaea,96,2.75,2.48,3.16,0.33,0.15,-0.38,0.07,NA,WD2101 soil group,Planctomycetota,Phycisphaerae,Tepidisphaerales
bacteria and archaea,664,NA,NA,3.75,0.3,0.25,-0.38,-0.07,Bradyrhizobium,Xanthobacteraceae,Proteobacteria,Alphaproteobacteria,Rhizobiales
bacteria and archaea,1109,NA,NA,3.59,0.3,0.25,-0.39,0.07,NA,NA,Acidobacteria,Vicinamibacteria,Vicinamibacterales
bacteria and archaea,212,NA,3.68,3.74,0.4,0.36,-0.39,0.11,NA,Micromonosporaceae,Actinobacteria,Actinobacteria,Micromonosporales
bacteria and archaea,489,NA,NA,3.63,0.27,0.2,-0.4,-0.08,Candidatus Udaeobacter,Chthoniobacteraceae,Verrucomicrobiota,Verrucomicrobiae,Chthoniobacterales
bacteria and archaea,1269,NA,NA,3.25,0.26,0.24,-0.4,-0.12,NA,NA,Actinobacteria,Thermoleophilia,Gaiellales
bacteria and archaea,798,2.48,2.74,2.85,0.31,0.21,-0.4,-0.02,Occallatibacter,Acidobacteriaceae (Subgroup 1),Acidobacteria,Acidobacteriae,Acidobacteriales
bacteria and archaea,1089,NA,3.94,4.09,0.31,0.24,-0.41,-0.02,NA,NA,Acidobacteria,Vicinamibacteria,Vicinamibacterales
bacteria and archaea,305,NA,NA,3.53,0.37,0.26,-0.41,0.28,NA,Vicinamibacteraceae,Acidobacteria,Vicinamibacteria,Vicinamibacterales
bacteria and archaea,221,NA,NA,3.9,0.31,0.24,-0.41,-0.03,NA,Micromonosporaceae,Actinobacteria,Actinobacteria,Micromonosporales
bacteria and archaea,13,NA,NA,3.42,0.3,0.2,-0.42,-0.19,Acidothermus,Acidothermaceae,Actinobacteria,Actinobacteria,Frankiales
bacteria and archaea,1271,NA,3.47,3.69,0.31,0.19,-0.42,-0.03,NA,67-14,Actinobacteria,Thermoleophilia,Solirubrobacterales
bacteria and archaea,1391,NA,2.85,3.79,0.24,0.2,-0.42,-0.21,NA,NA,Chloroflexi,AD3,NA
bacteria and archaea,1378,3.04,NA,3.33,0.3,0.18,-0.43,-0.15,HSB OF53-F07,Ktedonobacteraceae,Chloroflexi,Ktedonobacteria,Ktedonobacterales
bacteria and archaea,1385,NA,3.19,2.57,0.37,0.21,-0.43,-0.11,NA,NA,Actinobacteria,Actinobacteria,0319-7L14
bacteria and archaea,1500,3.88,4.14,4.28,0.31,0.23,-0.43,0.06,NA,Kineosporiaceae,Actinobacteria,Actinobacteria,Kineosporiales
bacteria and archaea,1302,NA,2.64,3.33,0.29,0.27,-0.43,-0.02,Gaiella,Gaiellaceae,Actinobacteria,Thermoleophilia,Gaiellales
bacteria and archaea,399,NA,3.14,3.36,0.35,0.23,-0.45,0.12,NA,NA,Acidobacteria,Acidobacteriae,Acidobacteriales
bacteria and archaea,572,NA,NA,2.77,0.3,0.23,-0.45,-0.02,NA,Nitrososphaeraceae,Crenarchaeota,Nitrososphaeria,Nitrososphaerales
bacteria and archaea,1491,NA,NA,3.9,0.31,0.21,-0.45,0.15,Jatrophihabitans,Frankiaceae,Actinobacteria,Actinobacteria,Frankiales
bacteria and archaea,501,NA,NA,4.48,0.4,0.2,-0.47,0.11,Candidatus Udaeobacter,Chthoniobacteraceae,Verrucomicrobiota,Verrucomicrobiae,Chthoniobacterales
bacteria and archaea,1319,NA,NA,4.41,0.35,0.22,-0.47,0.06,NA,NA,Actinobacteria,Thermoleophilia,Gaiellales
bacteria and archaea,470,NA,4.41,4.7,0.32,0.25,-0.49,-0.07,Candidatus Udaeobacter,Chthoniobacteraceae,Verrucomicrobiota,Verrucomicrobiae,Chthoniobacterales
bacteria and archaea,1094,NA,3.4,4.04,0.46,0.35,-0.55,-0.06,NA,NA,Acidobacteria,Vicinamibacteria,Vicinamibacterales
bacteria and archaea,1232,NA,NA,3.5,0.34,0.21,-0.55,-0.12,Acidothermus,Acidothermaceae,Actinobacteria,Actinobacteria,Frankiales
bacteria and archaea,1406,NA,NA,4.6,0.38,0.22,-0.61,0,NA,NA,Actinobacteria,Thermoleophilia,Gaiellales
bacteria and archaea,1497,NA,NA,NA,0.09,0.14,NA,NA,Amnibacterium,Microbacteriaceae,Actinobacteria,Actinobacteria,Micrococcales
bacteria and archaea,1503,NA,NA,NA,0.11,0.16,NA,NA,NA,Microbacteriaceae,Actinobacteria,Actinobacteria,Micrococcales
bacteria and archaea,986,NA,NA,NA,0.16,0.21,NA,NA,Gemmatimonas,Gemmatimonadaceae,Gemmatimonadota,Gemmatimonadetes,Gemmatimonadales
fungi,605,3.1,2.85,2.07,-0.52,-0.17,0.61,0.51,NA,NA,Ascomycota,GS37,GS37
fungi,355,6.66,5.46,5.17,-0.57,-0.39,0.55,0.47,Laetinaevia,Dermateaceae,Ascomycota,Leotiomycetes,Helotiales
fungi,640,3.25,1.39,NA,-0.56,-0.56,0.55,0.12,Clavaria,Clavariaceae,Basidiomycota,Agaricomycetes,Agaricales
fungi,346,4.21,3.69,4.55,-0.58,-0.5,0.54,0.35,Tetracladium,Helotiaceae,Ascomycota,Leotiomycetes,Helotiales
fungi,417,5.47,4.34,3.68,-0.55,-0.18,0.54,0.6,Endophoma,Didymellaceae,Ascomycota,Dothideomycetes,Pleosporales
fungi,227,2.95,1.59,NA,-0.41,-0.24,0.53,0.43,Cryptosporiopsis,Dermateaceae,Ascomycota,Leotiomycetes,Helotiales
fungi,184,4.89,NA,NA,-0.59,-0.55,0.53,0.32,NA,NA,Ascomycota,NA,NA
fungi,299,3.55,3.35,4.3,-0.44,-0.22,0.52,0.55,NA,NA,Ascomycota,Eurotiomycetes,NA
fungi,633,4.51,NA,NA,-0.47,-0.38,0.52,0.49,NA,NA,Ascomycota,NA,NA
fungi,319,3.55,2.42,2.37,-0.42,-0.21,0.52,0.54,NA,Herpotrichiellaceae,Ascomycota,Eurotiomycetes,Chaetothyriales
fungi,336,5.11,5.56,4.06,-0.5,-0.09,0.52,0.48,Knufia,Trichomeriaceae,Ascomycota,Eurotiomycetes,Chaetothyriales
fungi,679,3.22,3.82,NA,-0.43,-0.14,0.5,0.51,Mortierella,Mortierellaceae,Mortierellomycota,Mortierellomycetes,Mortierellales
fungi,606,2.8,3.22,2.64,-0.42,-0.05,0.5,0.5,NA,NA,Ascomycota,GS37,GS37
fungi,692,5.67,NA,NA,-0.55,-0.52,0.5,0.29,NA,NA,NA,NA,NA
fungi,281,4.98,3.73,NA,-0.42,-0.21,0.5,0.6,Archaeorhizomyces,Archaeorhizomycetaceae,Ascomycota,Archaeorhizomycetes,Archaeorhizomycetales
fungi,454,5.46,3.99,NA,-0.46,-0.35,0.49,0.5,Archaeorhizomyces,Archaeorhizomycetaceae,Ascomycota,Archaeorhizomycetes,Archaeorhizomycetales
fungi,469,5.34,NA,3.78,-0.49,-0.56,0.49,0.25,Archaeorhizomyces,Archaeorhizomycetaceae,Ascomycota,Archaeorhizomycetes,Archaeorhizomycetales
fungi,93,5.31,5.49,NA,-0.55,-0.49,0.48,0.44,Archaeorhizomyces,Archaeorhizomycetaceae,Ascomycota,Archaeorhizomycetes,Archaeorhizomycetales
fungi,450,5.5,4.23,NA,-0.53,-0.48,0.48,0.23,Archaeorhizomyces,Archaeorhizomycetaceae,Ascomycota,Archaeorhizomycetes,Archaeorhizomycetales
fungi,523,4.24,NA,NA,-0.48,-0.38,0.48,0.19,NA,NA,Ascomycota,Leotiomycetes,NA
fungi,298,4.76,4.21,4.39,-0.42,0.02,0.47,0.42,NA,Verrucariaceae,Ascomycota,Eurotiomycetes,Verrucariales
fungi,359,4.02,3,NA,-0.4,-0.32,0.47,0.22,Laetinaevia,Dermateaceae,Ascomycota,Leotiomycetes,Helotiales
fungi,419,5.15,5.81,4.26,-0.44,-0.05,0.47,0.53,Paraboeremia,Didymellaceae,Ascomycota,Dothideomycetes,Pleosporales
fungi,327,2.73,2.95,1.95,-0.4,-0.2,0.47,0.53,NA,NA,Ascomycota,Eurotiomycetes,Chaetothyriales
fungi,201,5.09,4.32,3.98,-0.52,-0.33,0.46,0.56,Fontanospora,Helotiaceae,Ascomycota,Leotiomycetes,Helotiales
fungi,277,2.67,2.21,1.39,-0.42,-0.2,0.46,0.44,NA,NA,Ascomycota,Dothideomycetes,Capnodiales
fungi,2,3.83,2.06,NA,-0.5,-0.37,0.46,0.18,Tausonia,Mrakiaceae,Basidiomycota,Tremellomycetes,Cystofilobasidiales
fungi,571,7.5,4.84,4.43,-0.41,-0.32,0.46,0.5,Archaeorhizomyces,Archaeorhizomycetaceae,Ascomycota,Archaeorhizomycetes,Archaeorhizomycetales
fungi,384,4.85,3.45,NA,-0.55,-0.48,0.46,0.33,Ilyonectria,Nectriaceae,Ascomycota,Sordariomycetes,Hypocreales
fungi,235,4.14,2.77,NA,-0.33,-0.2,0.45,0.47,Schizothecium,Lasiosphaeriaceae,Ascomycota,Sordariomycetes,Sordariales
fungi,499,3.17,2.76,2.4,-0.41,-0.44,0.45,0.26,NA,Glomeraceae,Glomeromycota,Glomeromycetes,Glomerales
fungi,460,5.99,6.31,4.28,-0.47,-0.4,0.45,0.47,Archaeorhizomyces,Archaeorhizomycetaceae,Ascomycota,Archaeorhizomycetes,Archaeorhizomycetales
fungi,112,3.89,4.32,2.93,-0.4,-0.28,0.44,0.46,NA,NA,NA,NA,NA
fungi,597,2.47,2.48,1.39,-0.34,-0.19,0.44,0.38,Preussia,Sporormiaceae,Ascomycota,Dothideomycetes,Pleosporales
fungi,406,3.74,3.41,NA,-0.38,-0.18,0.44,0.35,Petrakia,Melanommataceae,Ascomycota,Dothideomycetes,Pleosporales
fungi,356,4.01,2.71,3.16,-0.38,-0.13,0.44,0.45,NA,NA,Ascomycota,Leotiomycetes,Helotiales
fungi,14,4.41,4.38,NA,-0.47,-0.45,0.44,0.46,Archaeorhizomyces,Archaeorhizomycetaceae,Ascomycota,Archaeorhizomycetes,Archaeorhizomycetales
fungi,405,4.55,2.45,4.04,-0.53,-0.52,0.44,0.45,NA,Melanommataceae,Ascomycota,Dothideomycetes,Pleosporales
fungi,570,5.67,3.27,5.77,-0.41,-0.48,0.44,0.31,Archaeorhizomyces,Archaeorhizomycetaceae,Ascomycota,Archaeorhizomycetes,Archaeorhizomycetales
fungi,471,4.79,NA,NA,-0.33,-0.28,0.43,NA,Archaeorhizomyces,Archaeorhizomycetaceae,Ascomycota,Archaeorhizomycetes,Archaeorhizomycetales
fungi,252,2.55,1.61,0.69,-0.38,-0.21,0.43,0.44,Cercophora,Lasiosphaeriaceae,Ascomycota,Sordariomycetes,Sordariales
fungi,691,5.74,NA,NA,-0.39,-0.39,0.43,NA,NA,NA,NA,NA,NA
fungi,135,4.03,1.39,NA,-0.35,-0.25,0.43,0.21,NA,NA,NA,NA,NA
fungi,134,3.45,NA,NA,-0.45,-0.45,0.43,0.09,Archaeorhizomyces,Archaeorhizomycetaceae,Ascomycota,Archaeorhizomycetes,Archaeorhizomycetales
fungi,341,2.43,3.17,3.69,-0.47,-0.48,0.43,0.36,Tolypocladium,Ophiocordycipitaceae,Ascomycota,Sordariomycetes,Hypocreales
fungi,197,2.68,NA,NA,-0.47,-0.44,0.43,0.46,NA,Hyaloscyphaceae,Ascomycota,Leotiomycetes,Helotiales
fungi,361,7.25,6.57,5.54,-0.37,-0.32,0.42,0.41,Laetinaevia,Dermateaceae,Ascomycota,Leotiomycetes,Helotiales
fungi,572,5.45,4.98,NA,-0.34,-0.17,0.42,0.52,Archaeorhizomyces,Archaeorhizomycetaceae,Ascomycota,Archaeorhizomycetes,Archaeorhizomycetales
fungi,641,3.97,2.75,NA,-0.32,-0.3,0.42,0.47,NA,NA,NA,NA,NA
fungi,649,2.3,1.55,1.7,-0.3,-0.02,0.42,0.45,Mortierella,Mortierellaceae,Mortierellomycota,Mortierellomycetes,Mortierellales
fungi,363,4.06,3.11,3.14,-0.32,-0.02,0.42,0.53,Tetracladium,Helotiaceae,Ascomycota,Leotiomycetes,Helotiales
fungi,117,3.34,3.4,NA,-0.33,-0.06,0.41,0.57,NA,Olpidiaceae,Olpidiomycota,Olpidiomycetes,Olpidiales
fungi,148,3.08,2.4,NA,-0.36,-0.19,0.41,0.33,Venturia,Venturiaceae,Ascomycota,Dothideomycetes,Venturiales
fungi,77,4.22,3.36,NA,-0.34,-0.11,0.4,0.25,Alatospora,Leotiaceae,Ascomycota,Leotiomycetes,Helotiales
fungi,569,3.27,NA,NA,-0.47,-0.43,0.4,0.22,Archaeorhizomyces,Archaeorhizomycetaceae,Ascomycota,Archaeorhizomycetes,Archaeorhizomycetales
fungi,198,4.32,4.48,5.51,-0.38,-0.24,0.4,0.33,NA,NA,Ascomycota,Leotiomycetes,Helotiales
fungi,451,5.69,4.32,3.04,-0.44,-0.42,0.39,0.21,Archaeorhizomyces,Archaeorhizomycetaceae,Ascomycota,Archaeorhizomycetes,Archaeorhizomycetales
fungi,306,3.32,3.82,4.03,-0.25,0.05,0.39,0.56,NA,Extremaceae,Ascomycota,Dothideomycetes,Capnodiales
fungi,57,2.95,NA,NA,-0.39,-0.34,0.39,0.47,NA,NA,Ascomycota,Leotiomycetes,Helotiales
fungi,587,4.79,NA,3.87,-0.34,-0.41,0.39,0.27,Clavaria,Clavariaceae,Basidiomycota,Agaricomycetes,Agaricales
fungi,453,6.69,2.6,4.58,-0.45,-0.5,0.38,0.33,Archaeorhizomyces,Archaeorhizomycetaceae,Ascomycota,Archaeorhizomycetes,Archaeorhizomycetales
fungi,141,1.69,2.21,2.2,-0.15,0.17,0.38,0.52,NA,NA,Ascomycota,Leotiomycetes,Helotiales
fungi,636,3.21,1.39,NA,-0.4,-0.31,0.38,0.43,NA,NA,NA,NA,NA
fungi,685,2.17,1.61,NA,-0.34,-0.17,0.38,0.33,NA,NA,Mortierellomycota,NA,NA
fungi,579,6.24,4.24,4.4,-0.3,-0.25,0.38,0.42,NA,NA,NA,NA,NA
fungi,573,4.69,NA,NA,-0.4,-0.38,0.38,0.13,Archaeorhizomyces,Archaeorhizomycetaceae,Ascomycota,Archaeorhizomycetes,Archaeorhizomycetales
fungi,625,2.71,3.32,NA,-0.2,-0.11,0.37,NA,Glomus,Glomeraceae,Glomeromycota,Glomeromycetes,Glomerales
fungi,659,4.02,3.85,2.08,-0.32,-0.25,0.37,0.38,Mortierella,Mortierellaceae,Mortierellomycota,Mortierellomycetes,Mortierellales
fungi,612,4.29,NA,NA,-0.36,-0.24,0.37,0.31,Clavulinopsis,Clavariaceae,Basidiomycota,Agaricomycetes,Agaricales
fungi,145,3.7,3.04,NA,-0.53,-0.44,0.37,0.24,Naganishia,Filobasidiaceae,Basidiomycota,Tremellomycetes,Filobasidiales
fungi,149,4.01,3,2.71,-0.41,-0.3,0.36,0.18,Venturia,Venturiaceae,Ascomycota,Dothideomycetes,Venturiales
fungi,351,4.73,NA,3.43,-0.37,-0.08,0.36,0.33,Tetracladium,Helotiaceae,Ascomycota,Leotiomycetes,Helotiales
fungi,475,2.94,2.4,NA,-0.36,-0.34,0.36,0.31,Mycocentrospora,Mycosphaerellaceae,Ascomycota,Dothideomycetes,Capnodiales
fungi,623,2.84,3.19,NA,-0.24,-0.27,0.36,0.37,Glomus,Glomeraceae,Glomeromycota,Glomeromycetes,Glomerales
fungi,278,4.82,NA,NA,-0.31,-0.29,0.36,0.46,NA,NA,Basidiomycota,Agaricomycetes,NA
fungi,467,3.78,3.09,NA,-0.39,-0.36,0.36,0.35,Archaeorhizomyces,Archaeorhizomycetaceae,Ascomycota,Archaeorhizomycetes,Archaeorhizomycetales
fungi,94,5.46,NA,NA,-0.38,-0.31,0.36,0.31,Archaeorhizomyces,Archaeorhizomycetaceae,Ascomycota,Archaeorhizomycetes,Archaeorhizomycetales
fungi,498,3.41,4.11,NA,-0.32,-0.43,0.36,0.3,NA,Glomeraceae,Glomeromycota,Glomeromycetes,Glomerales
fungi,524,3.96,2.48,NA,-0.26,-0.17,0.35,0.44,NA,NA,Ascomycota,Leotiomycetes,NA
fungi,75,3.77,NA,NA,-0.49,-0.46,0.35,-0.05,Alatospora,Leotiaceae,Ascomycota,Leotiomycetes,Helotiales
fungi,155,3.9,NA,1.39,-0.33,-0.26,0.35,-0.15,NA,NA,NA,NA,NA
fungi,208,4.25,NA,NA,-0.37,-0.33,0.35,NA,Heterosphaeria,Helotiaceae,Ascomycota,Leotiomycetes,Helotiales
fungi,581,4.45,1.61,NA,-0.31,-0.18,0.34,0.35,Clavaria,Clavariaceae,Basidiomycota,Agaricomycetes,Agaricales
fungi,290,3.74,4.6,3.06,-0.17,0,0.34,0.01,NA,NA,Ascomycota,Dothideomycetes,Pleosporales
fungi,439,3.68,NA,NA,-0.22,-0.13,0.34,NA,Cadophora,Helotiales_fam_Incertae_sedis,Ascomycota,Leotiomycetes,Helotiales
fungi,8,5.28,NA,NA,-0.37,-0.31,0.34,NA,NA,NA,NA,NA,NA
fungi,584,5.12,NA,NA,-0.29,-0.29,0.34,NA,NA,NA,NA,NA,NA
fungi,67,4,NA,1.97,-0.37,-0.4,0.34,-0.12,Alatospora,Leotiaceae,Ascomycota,Leotiomycetes,Helotiales
fungi,4,4.43,NA,1.39,-0.36,-0.3,0.34,-0.04,NA,Orbiliaceae,Ascomycota,Orbiliomycetes,Orbiliales
fungi,339,3.65,4.86,3.43,-0.27,-0.14,0.34,0.39,Knufia,Trichomeriaceae,Ascomycota,Eurotiomycetes,Chaetothyriales
fungi,455,6.15,3.91,NA,-0.35,-0.16,0.33,0.36,Archaeorhizomyces,Archaeorhizomycetaceae,Ascomycota,Archaeorhizomycetes,Archaeorhizomycetales
fungi,188,2.89,NA,NA,-0.26,-0.07,0.33,0.31,NA,NA,NA,NA,NA
fungi,582,4.51,NA,NA,-0.44,-0.43,0.33,0.22,NA,NA,NA,NA,NA
fungi,172,4.13,2.88,2.94,-0.36,-0.21,0.33,0.42,NA,NA,Ascomycota,Leotiomycetes,Helotiales
fungi,86,3.55,1.1,NA,-0.24,-0.26,0.33,0.34,NA,NA,Ascomycota,Dothideomycetes,Pleosporales
fungi,457,6.12,NA,4.73,-0.22,-0.23,0.33,0.28,Archaeorhizomyces,Archaeorhizomycetaceae,Ascomycota,Archaeorhizomycetes,Archaeorhizomycetales
fungi,317,5.15,NA,NA,-0.23,-0.12,0.33,0.4,NA,Verrucariaceae,Ascomycota,Eurotiomycetes,Verrucariales
fungi,382,4.83,NA,NA,-0.32,-0.34,0.33,0.32,Ilyonectria,Nectriaceae,Ascomycota,Sordariomycetes,Hypocreales
fungi,285,3.68,NA,3.5,-0.2,-0.06,0.32,0.14,NA,NA,NA,NA,NA
fungi,267,2.68,2.44,1.39,-0.29,-0.19,0.32,0.39,Glarea,Helotiaceae,Ascomycota,Leotiomycetes,Helotiales
fungi,604,2.88,2.33,2.05,-0.31,-0.25,0.32,0.32,Glomus,Glomeraceae,Glomeromycota,Glomeromycetes,Glomerales
fungi,64,3.06,3.17,NA,-0.31,-0.02,0.32,0.37,Cladophialophora,Herpotrichiellaceae,Ascomycota,Eurotiomycetes,Chaetothyriales
fungi,347,3.35,NA,NA,-0.31,-0.18,0.32,0.45,Tetracladium,Helotiaceae,Ascomycota,Leotiomycetes,Helotiales
fungi,96,4.84,NA,NA,-0.41,-0.33,0.32,0.21,Archaeorhizomyces,Archaeorhizomycetaceae,Ascomycota,Archaeorhizomycetes,Archaeorhizomycetales
fungi,183,4.09,6.63,3.06,-0.28,-0.35,0.31,0.27,NA,NA,NA,NA,NA
fungi,150,3.98,NA,NA,-0.42,-0.31,0.3,0.23,Venturia,Venturiaceae,Ascomycota,Dothideomycetes,Venturiales
fungi,574,5.22,NA,NA,-0.23,-0.15,0.3,0.13,Archaeorhizomyces,Archaeorhizomycetaceae,Ascomycota,Archaeorhizomycetes,Archaeorhizomycetales
fungi,47,3.09,2.68,2.78,-0.19,-0.03,0.3,0.42,Monodictys,Pleosporales_fam_Incertae_sedis,Ascomycota,Dothideomycetes,Pleosporales
fungi,104,4.93,4.8,4.84,-0.26,0.04,0.3,0.31,Exophiala,Herpotrichiellaceae,Ascomycota,Eurotiomycetes,Chaetothyriales
fungi,547,4.08,2.7,NA,-0.06,0.31,0.3,0.54,Slooffia,Chrysozymaceae,Basidiomycota,Microbotryomycetes,Microbotryomycetes_ord_Incertae_sedis
fungi,76,4.05,2.56,3.33,-0.18,0,0.3,0.35,Alatospora,Leotiaceae,Ascomycota,Leotiomycetes,Helotiales
fungi,458,4.48,6.3,NA,-0.27,-0.39,0.3,0.19,Archaeorhizomyces,Archaeorhizomycetaceae,Ascomycota,Archaeorhizomycetes,Archaeorhizomycetales
fungi,210,5.87,4.36,5.28,-0.29,-0.3,0.3,0.38,Leohumicola,Helotiales_fam_Incertae_sedis,Ascomycota,Leotiomycetes,Helotiales
fungi,110,3.95,4.43,NA,-0.14,0.09,0.29,0.21,NA,NA,NA,NA,NA
fungi,315,3.19,2.78,2.96,-0.09,0.28,0.29,0.28,NA,NA,Ascomycota,Eurotiomycetes,Chaetothyriales
fungi,195,3.15,3.84,4.62,-0.13,-0.04,0.29,0.22,Lachnum,Hyaloscyphaceae,Ascomycota,Leotiomycetes,Helotiales
fungi,613,4.9,NA,NA,-0.41,-0.26,0.28,0.28,Clavulinopsis,Clavariaceae,Basidiomycota,Agaricomycetes,Agaricales
fungi,468,7.07,8.19,NA,-0.26,-0.23,0.28,0.21,Archaeorhizomyces,Archaeorhizomycetaceae,Ascomycota,Archaeorhizomycetes,Archaeorhizomycetales
fungi,575,3.44,NA,NA,-0.31,-0.18,0.28,0.39,Clavulinopsis,Clavariaceae,Basidiomycota,Agaricomycetes,Agaricales
fungi,228,2.17,2.32,NA,-0.18,0.01,0.28,0.53,Cryptosporiopsis,Dermateaceae,Ascomycota,Leotiomycetes,Helotiales
fungi,494,4.82,4.14,3.65,-0.27,-0.19,0.27,0.36,Dominikia,Glomeraceae,Glomeromycota,Glomeromycetes,Glomerales
fungi,526,2.69,3.07,4.75,-0.26,-0.2,0.27,0.37,NA,NA,Ascomycota,Leotiomycetes,NA
fungi,385,5.69,3.41,2.89,-0.03,0.27,0.27,0.41,Fusarium,Nectriaceae,Ascomycota,Sordariomycetes,Hypocreales
fungi,85,3.65,NA,NA,-0.32,-0.26,0.27,0.37,Phaeosphaeria,Phaeosphaeriaceae,Ascomycota,Dothideomycetes,Pleosporales
fungi,274,3.11,2.24,2.2,-0.32,-0.31,0.27,0.13,Barnettozyma,Phaffomycetaceae,Ascomycota,Saccharomycetes,Saccharomycetales
fungi,219,2.88,1.95,2.3,-0.24,-0.07,0.27,0.11,NA,NA,Ascomycota,Leotiomycetes,Helotiales
fungi,133,2.79,3.43,3.15,-0.37,-0.31,0.26,0.21,Naganishia,Filobasidiaceae,Basidiomycota,Tremellomycetes,Filobasidiales
fungi,221,3.04,2.59,NA,-0.3,-0.19,0.26,0.36,Hymenoscyphus,Helotiaceae,Ascomycota,Leotiomycetes,Helotiales
fungi,520,2.2,2.4,0.69,-0.08,0.14,0.26,0.59,NA,NA,Ascomycota,Sordariomycetes,NA
fungi,531,3.82,4.54,NA,-0.29,-0.08,0.26,0.41,Solicoccozyma,Piskurozymaceae,Basidiomycota,Tremellomycetes,Filobasidiales
fungi,446,5.17,5.1,3.91,-0.2,-0.22,0.25,0.22,Archaeorhizomyces,Archaeorhizomycetaceae,Ascomycota,Archaeorhizomycetes,Archaeorhizomycetales
fungi,80,3.25,NA,4.22,-0.2,-0.09,0.25,0.24,NA,NA,Ascomycota,NA,NA
fungi,409,1.9,3.2,NA,-0.14,0.05,0.25,0.16,NA,NA,Ascomycota,Dothideomycetes,Pleosporales
fungi,445,4.6,4.02,NA,-0.32,-0.17,0.25,0,Hygrocybe,Hygrophoraceae,Basidiomycota,Agaricomycetes,Agaricales
fungi,533,4.23,4.5,3.98,-0.08,0.17,0.25,0.38,Solicoccozyma,Piskurozymaceae,Basidiomycota,Tremellomycetes,Filobasidiales
fungi,378,2.5,2.69,2.08,-0.21,-0.1,0.25,0.15,Monocillium,Hypocreaceae,Ascomycota,Sordariomycetes,Hypocreales
fungi,325,4.95,2.32,NA,-0.2,-0.18,0.25,0.27,NA,Herpotrichiellaceae,Ascomycota,Eurotiomycetes,Chaetothyriales
fungi,239,3.64,NA,NA,-0.22,-0.08,0.25,0.27,Schizothecium,Lasiosphaeriaceae,Ascomycota,Sordariomycetes,Sordariales
fungi,658,3.33,3.87,2.2,-0.12,0.2,0.24,0.55,Mortierella,Mortierellaceae,Mortierellomycota,Mortierellomycetes,Mortierellales
fungi,665,5.85,4.55,5.72,-0.16,-0.07,0.24,0.35,Mortierella,Mortierellaceae,Mortierellomycota,Mortierellomycetes,Mortierellales
fungi,28,2.64,2.64,NA,-0.03,0.18,0.24,0.41,Ambispora,Ambisporaceae,Glomeromycota,Archaeosporomycetes,Archaeosporales
fungi,532,4.14,NA,NA,-0.38,-0.23,0.24,0.08,Solicoccozyma,Piskurozymaceae,Basidiomycota,Tremellomycetes,Filobasidiales
fungi,316,2.29,2.62,2.45,-0.13,-0.03,0.24,0.37,Striatibotrys,Stachybotryaceae,Ascomycota,Sordariomycetes,Hypocreales
fungi,286,4.85,3.76,2.68,-0.24,-0.3,0.24,0.17,NA,NA,Ascomycota,NA,NA
fungi,328,5.48,4.48,5.74,-0.14,-0.13,0.23,0.3,NA,NA,Ascomycota,Eurotiomycetes,Chaetothyriales
fungi,364,3.73,NA,4.63,-0.12,-0.05,0.23,0.09,Tetracladium,Helotiaceae,Ascomycota,Leotiomycetes,Helotiales
fungi,558,3.37,3.53,3.72,-0.17,-0.21,0.23,0.01,NA,NA,Ascomycota,Xylonomycetes,GS34
fungi,442,1.7,2.86,NA,-0.23,-0.03,0.23,0.28,NA,NA,Ascomycota,Lecanoromycetes,Lecanorales
fungi,466,5.47,NA,5.69,-0.21,-0.22,0.22,0.25,Archaeorhizomyces,Archaeorhizomycetaceae,Ascomycota,Archaeorhizomycetes,Archaeorhizomycetales
fungi,305,5.04,NA,NA,-0.27,-0.23,0.22,NA,NA,Extremaceae,Ascomycota,Dothideomycetes,Capnodiales
fungi,519,2.26,2.64,3,-0.23,-0.1,0.22,0.07,NA,NA,Ascomycota,Sordariomycetes,NA
fungi,370,3.82,3.58,NA,-0.31,-0.26,0.22,0.02,Gliomastix,Bionectriaceae,Ascomycota,Sordariomycetes,Hypocreales
fungi,481,4.45,3.87,3.71,-0.24,-0.09,0.22,0.12,Ramularia,Mycosphaerellaceae,Ascomycota,Dothideomycetes,Capnodiales
fungi,264,3.86,NA,3.22,-0.15,0,0.22,-0.15,NA,Helotiaceae,Ascomycota,Leotiomycetes,Helotiales
fungi,214,3.34,4.38,NA,-0.22,-0.04,0.22,0.59,Gyoerffyella,Hyaloscyphaceae,Ascomycota,Leotiomycetes,Helotiales
fungi,515,2.93,NA,NA,-0.3,-0.19,0.21,0.36,NA,NA,Basidiomycota,Tremellomycetes,Tremellales
fungi,213,3.48,NA,NA,-0.27,-0.24,0.21,-0.1,Fontanospora,Helotiaceae,Ascomycota,Leotiomycetes,Helotiales
fungi,62,2.31,NA,NA,-0.27,-0.2,0.21,0.42,Aureobasidium,Aureobasidiaceae,Ascomycota,Dothideomycetes,Dothideales
fungi,193,4,NA,NA,-0.23,-0.06,0.21,0.26,NA,Hyaloscyphaceae,Ascomycota,Leotiomycetes,Helotiales
fungi,329,3.61,2.48,3.93,-0.15,-0.12,0.21,0.29,NA,Herpotrichiellaceae,Ascomycota,Eurotiomycetes,Chaetothyriales
fungi,637,3.97,NA,NA,-0.11,-0.01,0.2,-0.11,Thanatephorus,Ceratobasidiaceae,Basidiomycota,Agaricomycetes,Cantharellales
fungi,411,4.14,4.4,4.07,-0.21,-0.08,0.2,0.29,NA,Melanommataceae,Ascomycota,Dothideomycetes,Pleosporales
fungi,530,2.96,2.95,2.55,-0.08,0.12,0.2,0.48,Udeniozyma,Chrysozymaceae,Basidiomycota,Microbotryomycetes,Microbotryomycetes_ord_Incertae_sedis
fungi,263,4.31,2.48,2.48,-0.21,-0.28,0.2,0.27,Crocicreas,Helotiaceae,Ascomycota,Leotiomycetes,Helotiales
fungi,634,2.83,4.92,NA,-0.08,0.07,0.2,0.38,NA,NA,Basidiomycota,Agaricomycetes,NA
fungi,404,2.56,2.47,NA,-0.26,-0.12,0.2,0.33,NA,Melanommataceae,Ascomycota,Dothideomycetes,Pleosporales
fungi,464,6.17,NA,NA,-0.3,-0.2,0.2,0.42,Archaeorhizomyces,Archaeorhizomycetaceae,Ascomycota,Archaeorhizomycetes,Archaeorhizomycetales
fungi,474,4.31,3.6,4.17,-0.16,-0.06,0.2,0.12,NA,NA,Ascomycota,Leotiomycetes,Helotiales
fungi,452,5.54,NA,1.79,-0.27,-0.13,0.2,-0.15,NA,NA,NA,NA,NA
fungi,59,2.11,2.27,2.44,0.02,0.18,0.2,0.4,Leuconeurospora,Pseudeurotiaceae,Ascomycota,Leotiomycetes,Thelebolales
fungi,585,4.59,NA,2.14,-0.15,-0.2,0.2,0.23,NA,NA,NA,NA,NA
fungi,516,4.39,NA,NA,-0.2,-0.13,0.19,0.21,Archaeorhizomyces,Archaeorhizomycetaceae,Ascomycota,Archaeorhizomycetes,Archaeorhizomycetales
fungi,209,4.96,2.3,NA,-0.19,0,0.19,0.19,NA,Helotiaceae,Ascomycota,Leotiomycetes,Helotiales
fungi,5,2.89,5.17,NA,-0.05,0.17,0.19,0.34,NA,Orbiliaceae,Ascomycota,Orbiliomycetes,Orbiliales
fungi,127,5.44,4.57,NA,-0.3,-0.23,0.19,0.17,NA,Sebacinaceae,Basidiomycota,Agaricomycetes,Sebacinales
fungi,666,4.7,4.04,3.91,-0.26,-0.4,0.19,0.01,Mortierella,Mortierellaceae,Mortierellomycota,Mortierellomycetes,Mortierellales
fungi,426,1.99,2.23,2.81,-0.21,0.02,0.19,0.22,Paraphoma,Phaeosphaeriaceae,Ascomycota,Dothideomycetes,Pleosporales
fungi,215,3.13,3.3,4.52,-0.22,-0.18,0.19,0.03,Cistella,Hyaloscyphaceae,Ascomycota,Leotiomycetes,Helotiales
fungi,81,3.76,NA,1.1,-0.12,-0.13,0.19,0.11,NA,NA,Ascomycota,NA,NA
fungi,660,3.99,5.43,3.64,-0.08,0.03,0.18,0.41,Mortierella,Mortierellaceae,Mortierellomycota,Mortierellomycetes,Mortierellales
fungi,337,3.28,NA,3.47,-0.21,-0.12,0.18,-0.15,Knufia,Trichomeriaceae,Ascomycota,Eurotiomycetes,Chaetothyriales
fungi,212,5.26,NA,NA,-0.29,-0.26,0.18,-0.02,Leohumicola,Helotiales_fam_Incertae_sedis,Ascomycota,Leotiomycetes,Helotiales
fungi,357,NA,2.56,NA,0.11,0.33,0.17,0.54,NA,NA,Ascomycota,Leotiomycetes,Helotiales
fungi,435,2.89,NA,2.54,-0.21,-0.22,0.17,0.19,NA,NA,Ascomycota,NA,NA
fungi,108,2.98,NA,3.19,-0.08,-0.06,0.17,0.08,Cladophialophora,Herpotrichiellaceae,Ascomycota,Eurotiomycetes,Chaetothyriales
fungi,470,5.36,2.71,3.45,-0.27,-0.42,0.17,0.26,Archaeorhizomyces,Archaeorhizomycetaceae,Ascomycota,Archaeorhizomycetes,Archaeorhizomycetales
fungi,140,3.34,3.59,2.55,-0.13,-0.01,0.17,0.32,Minimedusa,Cantharellales_fam_Incertae_sedis,Basidiomycota,Agaricomycetes,Cantharellales
fungi,593,3.97,NA,NA,-0.27,-0.14,0.17,0.29,NA,Melanommataceae,Ascomycota,Dothideomycetes,Pleosporales
fungi,397,3.71,2.58,0.69,-0.02,0.17,0.17,0.26,Rhizophagus,Glomeraceae,Glomeromycota,Glomeromycetes,Glomerales
fungi,248,3.5,2.85,4.76,-0.21,0.03,0.17,0.13,Apodus,Lasiosphaeriaceae,Ascomycota,Sordariomycetes,Sordariales
fungi,15,4.42,3.71,NA,-0.2,-0.24,0.17,0.12,Archaeorhizomyces,Archaeorhizomycetaceae,Ascomycota,Archaeorhizomycetes,Archaeorhizomycetales
fungi,313,3.83,1.79,2.71,-0.15,0.02,0.16,0.05,Pectenia,Pannariaceae,Ascomycota,Lecanoromycetes,Peltigerales
fungi,566,4.43,NA,1.79,0.04,0.08,0.16,0.36,NA,NA,Ascomycota,Orbiliomycetes,GS33
fungi,415,3.49,2.81,NA,-0.03,0.19,0.16,0.44,Didymella,Didymellaceae,Ascomycota,Dothideomycetes,Pleosporales
fungi,21,3.01,NA,1.39,-0.39,-0.36,0.16,0.17,Amphosoma,Orbiliaceae,Ascomycota,Orbiliomycetes,Orbiliales
fungi,84,5.16,2.2,3.89,-0.24,-0.31,0.16,0.04,Phaeosphaeria,Phaeosphaeriaceae,Ascomycota,Dothideomycetes,Pleosporales
fungi,449,4.69,NA,NA,-0.17,-0.01,0.16,0.09,Archaeorhizomyces,Archaeorhizomycetaceae,Ascomycota,Archaeorhizomycetes,Archaeorhizomycetales
fungi,461,3.43,NA,NA,-0.22,-0.16,0.16,0.24,Archaeorhizomyces,Archaeorhizomycetaceae,Ascomycota,Archaeorhizomycetes,Archaeorhizomycetales
fungi,30,3.34,4.4,3.15,0.03,0.27,0.16,0.28,NA,NA,Ascomycota,Sordariomycetes,Coniochaetales
fungi,71,2.73,NA,4.04,-0.08,-0.02,0.15,0.14,NA,NA,Ascomycota,Sordariomycetes,Sordariales
fungi,564,3.69,2.48,NA,-0.07,0,0.15,0.29,Glomus,Glomeraceae,Glomeromycota,Glomeromycetes,Glomerales
fungi,234,4.53,1.61,2.44,-0.27,-0.24,0.15,0.01,Podospora,Lasiosphaeriaceae,Ascomycota,Sordariomycetes,Sordariales
fungi,294,NA,4.63,NA,-0.1,0.13,0.15,0.22,Penicillium,Aspergillaceae,Ascomycota,Eurotiomycetes,Eurotiales
fungi,373,2.54,2.87,3.14,0.15,0.18,0.14,0.2,Paramyrothecium,Stachybotryaceae,Ascomycota,Sordariomycetes,Hypocreales
fungi,31,NA,4.48,3.33,0.03,0.18,0.14,0.31,NA,NA,Ascomycota,Sordariomycetes,Coniochaetales
fungi,167,2.83,3.42,3.46,-0.01,0.2,0.14,0.21,Chaetosphaeronema,Phaeosphaeriaceae,Ascomycota,Dothideomycetes,Pleosporales
fungi,349,4.04,4.06,4,-0.01,0.2,0.14,0.63,Tetracladium,Helotiaceae,Ascomycota,Leotiomycetes,Helotiales
fungi,247,4.32,1.1,4.31,-0.15,-0.17,0.14,0.25,Apodus,Lasiosphaeriaceae,Ascomycota,Sordariomycetes,Sordariales
fungi,617,5.95,5.66,3.4,-0.11,-0.23,0.14,0.21,NA,Clavariaceae,Basidiomycota,Agaricomycetes,Agaricales
fungi,89,3.33,NA,4.93,-0.24,-0.17,0.14,0.24,NA,NA,Ascomycota,Leotiomycetes,Helotiales
fungi,7,5.05,NA,3.14,-0.22,-0.17,0.14,-0.15,NA,NA,NA,NA,NA
fungi,304,3.56,4.57,2.73,-0.02,0.23,0.13,0.24,NA,Extremaceae,Ascomycota,Dothideomycetes,Capnodiales
fungi,518,1.39,3.53,NA,-0.05,0.1,0.13,0.1,NA,NA,Ascomycota,Sordariomycetes,Hypocreales
fungi,27,3.22,3.43,NA,-0.06,0.13,0.13,NA,Paraglomus,Paraglomeraceae,Glomeromycota,Paraglomeromycetes,Paraglomerales
fungi,10,2.95,2.56,4.03,-0.15,-0.03,0.13,0.21,NA,NA,NA,NA,NA
fungi,259,3.08,2.86,1.94,-0.09,-0.07,0.13,0.09,NA,NA,Ascomycota,NA,NA
fungi,203,4.58,4.7,NA,-0.31,-0.12,0.13,0.32,Fontanospora,Helotiaceae,Ascomycota,Leotiomycetes,Helotiales
fungi,17,3.22,3.58,4.31,0.08,0.19,0.13,0.19,NA,NA,Ascomycota,Leotiomycetes,Helotiales
fungi,512,3.21,NA,NA,-0.15,-0.08,0.13,0.21,Scutellospora,Gigasporaceae,Glomeromycota,Glomeromycetes,Gigasporales
fungi,668,NA,2.71,NA,-0.04,0.01,0.13,0.44,Mortierella,Mortierellaceae,Mortierellomycota,Mortierellomycetes,Mortierellales
fungi,472,3.66,6.5,NA,-0.15,-0.18,0.13,0.16,Hemimycena,Tricholomataceae,Basidiomycota,Agaricomycetes,Agaricales
fungi,348,NA,NA,NA,0.1,0.33,0.13,0.37,Tetracladium,Helotiaceae,Ascomycota,Leotiomycetes,Helotiales
fungi,367,NA,3.38,NA,0,NA,0.12,0.22,NA,NA,Ascomycota,Sordariomycetes,Hypocreales
fungi,113,NA,3.16,NA,0.05,0.29,0.12,0.16,Venturia,Venturiaceae,Ascomycota,Dothideomycetes,Venturiales
fungi,309,NA,4.57,NA,-0.09,NA,0.12,0.27,Penicillium,Aspergillaceae,Ascomycota,Eurotiomycetes,Eurotiales
fungi,680,NA,NA,NA,0.03,0.23,0.12,0.28,Mortierella,Mortierellaceae,Mortierellomycota,Mortierellomycetes,Mortierellales
fungi,645,3.92,2.71,4.46,-0.18,-0.22,0.12,0.18,Mortierella,Mortierellaceae,Mortierellomycota,Mortierellomycetes,Mortierellales
fungi,620,4.04,5.61,3.91,-0.1,-0.2,0.12,0.09,NA,Clavariaceae,Basidiomycota,Agaricomycetes,Agaricales
fungi,24,2.98,3.37,3.02,-0.02,-0.12,0.12,-0.09,Paraglomus,Paraglomeraceae,Glomeromycota,Paraglomeromycetes,Paraglomerales
fungi,79,4.42,NA,2.94,-0.15,-0.08,0.12,0.12,NA,NA,Ascomycota,NA,NA
fungi,324,6.27,3.95,4.98,0.02,0.06,0.11,0.08,NA,Herpotrichiellaceae,Ascomycota,Eurotiomycetes,Chaetothyriales
fungi,165,5.14,NA,NA,-0.15,-0.13,0.11,0.13,Alternaria,Pleosporaceae,Ascomycota,Dothideomycetes,Pleosporales
fungi,334,4.86,4.82,4.67,-0.13,-0.23,0.11,-0.06,Knufia,Trichomeriaceae,Ascomycota,Eurotiomycetes,Chaetothyriales
fungi,225,3.14,NA,NA,-0.13,-0.11,0.11,0.24,NA,NA,Ascomycota,Leotiomycetes,Helotiales
fungi,231,3.4,2.83,3.97,-0.05,-0.15,0.11,0.32,Lachnum,Hyaloscyphaceae,Ascomycota,Leotiomycetes,Helotiales
fungi,196,2.76,2.63,3.26,0.01,0.07,0.11,0.23,Botrytis,Sclerotiniaceae,Ascomycota,Leotiomycetes,Helotiales
fungi,73,3.03,2.83,2.29,-0.14,-0.2,0.11,-0.09,NA,NA,Ascomycota,Sordariomycetes,Sordariales
fungi,199,3.46,2.66,2.47,-0.02,0.12,0.1,0.03,NA,NA,Ascomycota,Leotiomycetes,Helotiales
fungi,16,3.5,NA,NA,-0.1,0.09,0.1,-0.05,NA,NA,Ascomycota,Leotiomycetes,Helotiales
fungi,269,NA,4.84,NA,0.09,0.27,0.1,0.2,Crocicreas,Helotiaceae,Ascomycota,Leotiomycetes,Helotiales
fungi,332,3.22,3.61,NA,-0.2,-0.15,0.1,0.39,NA,Herpotrichiellaceae,Ascomycota,Eurotiomycetes,Chaetothyriales
fungi,521,2.7,3.82,3.86,-0.03,0.04,0.1,0.25,NA,NA,Ascomycota,Leotiomycetes,Helotiales
fungi,663,NA,4.52,NA,0.05,0.32,0.1,0.22,Mortierella,Mortierellaceae,Mortierellomycota,Mortierellomycetes,Mortierellales
fungi,279,2.91,NA,2.19,-0.02,-0.12,0.1,0.29,NA,Glomeraceae,Glomeromycota,Glomeromycetes,Glomerales
fungi,381,2.72,1.95,2.7,-0.04,-0.01,0.1,0.34,Fusarium,Nectriaceae,Ascomycota,Sordariomycetes,Hypocreales
fungi,509,4.08,3.61,NA,-0.1,0.04,0.1,0.23,Dominikia,Glomeraceae,Glomeromycota,Glomeromycetes,Glomerales
fungi,152,NA,3.09,NA,-0.02,0.23,0.1,0.43,Venturia,Venturiaceae,Ascomycota,Dothideomycetes,Venturiales
fungi,578,NA,3.3,NA,-0.21,-0.1,0.1,0.35,NA,NA,NA,NA,NA
fungi,495,2.87,3.91,2.66,-0.04,-0.04,0.1,0.23,NA,Glomeraceae,Glomeromycota,Glomeromycetes,Glomerales
fungi,388,4.37,NA,4.01,-0.12,-0.15,0.09,-0.03,Dactylonectria,Nectriaceae,Ascomycota,Sordariomycetes,Hypocreales
fungi,352,5.14,4.59,4.47,-0.12,-0.02,0.09,0.22,Tetracladium,Helotiaceae,Ascomycota,Leotiomycetes,Helotiales
fungi,443,3.82,NA,1.78,-0.15,-0.04,0.09,0.12,Hygrocybe,Hygrophoraceae,Basidiomycota,Agaricomycetes,Agaricales
fungi,576,4.38,NA,4.37,-0.05,-0.08,0.09,-0.2,Clavulinopsis,Clavariaceae,Basidiomycota,Agaricomycetes,Agaricales
fungi,109,4.21,4.36,3.21,0.06,0.17,0.09,0.36,Cladophialophora,Herpotrichiellaceae,Ascomycota,Eurotiomycetes,Chaetothyriales
fungi,401,2.48,2.62,2.77,-0.09,-0.06,0.08,0.18,NA,Glomeraceae,Glomeromycota,Glomeromycetes,Glomerales
fungi,242,NA,NA,NA,NA,NA,0.08,0.38,Podospora,Lasiosphaeriaceae,Ascomycota,Sordariomycetes,Sordariales
fungi,600,NA,1.84,NA,-0.07,0.1,0.08,0.11,Pseudolophiotrema,NA,Ascomycota,Dothideomycetes,Pleosporales
fungi,322,4.51,3.51,5.82,-0.13,-0.33,0.08,0.04,NA,Herpotrichiellaceae,Ascomycota,Eurotiomycetes,Chaetothyriales
fungi,35,1.79,2.72,5.76,-0.13,-0.15,0.08,-0.04,Cheilymenia,Pyronemataceae,Ascomycota,Pezizomycetes,Pezizales
fungi,583,3.24,3.47,2.89,-0.09,-0.01,0.08,0.25,NA,NA,NA,NA,NA
fungi,624,5.09,NA,4.65,-0.04,0.08,0.08,-0.03,Glomus,Glomeraceae,Glomeromycota,Glomeromycetes,Glomerales
fungi,580,8.31,NA,NA,-0.3,-0.27,0.07,-0.05,Aphanobasidium,Pterulaceae,Basidiomycota,Agaricomycetes,Agaricales
fungi,42,3.21,NA,NA,-0.11,0.07,0.07,-0.02,NA,Pyronemataceae,Ascomycota,Pezizomycetes,Pezizales
fungi,619,3.18,NA,NA,-0.31,-0.34,0.07,0.01,NA,Clavariaceae,Basidiomycota,Agaricomycetes,Agaricales
fungi,418,1.79,2.56,NA,-0.05,0.09,0.07,0.3,Ascochyta,Didymellaceae,Ascomycota,Dothideomycetes,Pleosporales
fungi,280,NA,3.74,NA,0,0.02,0.07,0.29,Rhizophagus,Glomeraceae,Glomeromycota,Glomeromycetes,Glomerales
fungi,549,1.99,2.25,2.19,0.06,0.16,0.07,0.37,Apiotrichum,Trichosporonaceae,Basidiomycota,Tremellomycetes,Trichosporonales
fungi,83,NA,NA,NA,-0.16,-0.07,0.07,0.29,Phaeosphaeria,Phaeosphaeriaceae,Ascomycota,Dothideomycetes,Pleosporales
fungi,318,4.44,NA,2.51,0.06,-0.13,0.07,-0.3,NA,Geoglossaceae,Ascomycota,Geoglossomycetes,Geoglossales
fungi,243,NA,3.93,2.4,0.06,0.23,0.06,0.38,Podospora,Lasiosphaeriaceae,Ascomycota,Sordariomycetes,Sordariales
fungi,217,3,1.61,2.3,0.05,0.17,0.06,0.06,NA,NA,Ascomycota,Leotiomycetes,Helotiales
fungi,166,NA,3.01,3.1,0.14,0.19,0.06,0.33,Alternaria,Pleosporaceae,Ascomycota,Dothideomycetes,Pleosporales
fungi,360,4.69,6.18,NA,-0.13,-0.28,0.06,0.16,Tetracladium,Helotiaceae,Ascomycota,Leotiomycetes,Helotiales
fungi,206,NA,3.14,NA,-0.01,0.1,0.06,0.17,Clarireedia,Sclerotiniaceae,Ascomycota,Leotiomycetes,Helotiales
fungi,554,4.09,3.93,5.37,-0.13,-0.1,0.06,0.01,NA,NA,NA,NA,NA
fungi,377,5.08,3.28,2.8,0.06,0.24,0.06,-0.04,Mariannaea,Nectriaceae,Ascomycota,Sordariomycetes,Hypocreales
fungi,181,3.9,2.68,3.73,-0.13,-0.18,0.06,0.1,NA,NA,Ascomycota,Leotiomycetes,Helotiales
fungi,669,3.69,3.4,3.09,0.02,0.18,0.06,0.14,Mortierella,Mortierellaceae,Mortierellomycota,Mortierellomycetes,Mortierellales
fungi,422,NA,NA,NA,-0.19,-0.1,0.06,0.28,Phoma,Didymellaceae,Ascomycota,Dothideomycetes,Pleosporales
fungi,52,1.79,NA,NA,-0.14,-0.1,0.05,0.35,NA,NA,Basidiomycota,Pucciniomycetes,Platygloeales
fungi,246,6.51,3.67,1.76,-0.05,0.17,0.05,0.15,NA,Lasiosphaeriaceae,Ascomycota,Sordariomycetes,Sordariales
fungi,129,3.76,NA,4.26,-0.08,-0.12,0.05,0.15,NA,NA,Basidiomycota,Agaricomycetes,Sebacinales
fungi,416,5.76,4.38,4.87,0.01,0.11,0.05,0.01,NA,Didymellaceae,Ascomycota,Dothideomycetes,Pleosporales
fungi,13,3.26,3.18,NA,-0.09,0.04,0.05,0.26,Scutellospora,Gigasporaceae,Glomeromycota,Glomeromycetes,Gigasporales
fungi,635,NA,4.4,3.76,0.07,0.25,0.05,-0.03,NA,NA,NA,NA,NA
fungi,560,3.89,2.21,3.05,-0.21,-0.15,0.05,0.13,NA,NA,Ascomycota,Sordariomycetes,Xylariales
fungi,103,NA,4.13,NA,-0.01,0.07,0.04,0.18,Antennariella,Capnodiaceae,Ascomycota,Dothideomycetes,Capnodiales
fungi,276,2.89,NA,3.04,0.06,0.11,0.04,0.31,NA,NA,Ascomycota,Dothideomycetes,Capnodiales
fungi,539,6.09,5.69,6.05,0,0.23,0.04,0.24,Solicoccozyma,Piskurozymaceae,Basidiomycota,Tremellomycetes,Filobasidiales
fungi,34,1.1,1.79,2.94,0.1,0.18,0.04,0.21,Cryptodiscus,Stictidaceae,Ascomycota,Lecanoromycetes,Ostropales
fungi,176,4.51,3.7,5.74,-0.1,-0.07,0.04,0.11,Gremmenia,Phacidiaceae,Ascomycota,Leotiomycetes,Phacidiales
fungi,308,3.61,NA,5.16,0,-0.22,0.04,0.12,Penicillium,Aspergillaceae,Ascomycota,Eurotiomycetes,Eurotiales
fungi,432,NA,4.3,2.25,-0.02,0.01,0.04,0.11,Myrmecridium,Myrmecridiaceae,Ascomycota,Sordariomycetes,Myrmecridiales
fungi,542,1.7,2.71,NA,-0.21,-0.06,0.03,0.25,NA,NA,Basidiomycota,NA,NA
fungi,398,4.3,NA,3.83,0.05,-0.01,0.03,0.09,Rhizophagus,Glomeraceae,Glomeromycota,Glomeromycetes,Glomerales
fungi,682,1.79,3.17,3.1,0.06,0.15,0.03,0.16,Mortierella,Mortierellaceae,Mortierellomycota,Mortierellomycetes,Mortierellales
fungi,303,NA,4.04,3.67,0.2,0.31,0.03,0.21,NA,Extremaceae,Ascomycota,Dothideomycetes,Capnodiales
fungi,106,2.67,2.44,2.8,0.04,0.19,0.03,0.11,Cladophialophora,Herpotrichiellaceae,Ascomycota,Eurotiomycetes,Chaetothyriales
fungi,473,2.89,1.1,3.32,0.03,0.1,0.03,0.06,NA,NA,Ascomycota,Leotiomycetes,Helotiales
fungi,204,4.77,5,5.03,-0.01,0.2,0.02,0.03,Clarireedia,Sclerotiniaceae,Ascomycota,Leotiomycetes,Helotiales
fungi,157,1.39,1.39,4.45,0.14,0.12,0.02,0.23,Juncaceicola,Phaeosphaeriaceae,Ascomycota,Dothideomycetes,Pleosporales
fungi,232,2.22,3.5,4.06,0.13,0.07,0.02,0.12,Albotricha,Hyaloscyphaceae,Ascomycota,Leotiomycetes,Helotiales
fungi,618,4.42,2.64,4.74,-0.05,-0.17,0.02,0.1,Clavulinopsis,Clavariaceae,Basidiomycota,Agaricomycetes,Agaricales
fungi,60,3.28,2.71,4.65,0,-0.1,0.02,-0.03,NA,Thelebolaceae,Ascomycota,Leotiomycetes,Thelebolales
fungi,101,NA,NA,NA,-0.02,0.02,0.02,0.26,Antennariella,Capnodiaceae,Ascomycota,Dothideomycetes,Capnodiales
fungi,207,3.4,2.35,5.16,0.05,-0.13,0.01,-0.05,Clarireedia,Sclerotiniaceae,Ascomycota,Leotiomycetes,Helotiales
fungi,362,NA,5.12,NA,-0.09,-0.1,0.01,0.02,Tetracladium,Helotiaceae,Ascomycota,Leotiomycetes,Helotiales
fungi,447,3.79,NA,4.61,-0.18,-0.08,0.01,-0.08,Archaeorhizomyces,Archaeorhizomycetaceae,Ascomycota,Archaeorhizomycetes,Archaeorhizomycetales
fungi,240,NA,2.4,NA,-0.03,0.02,0.01,0.23,Schizothecium,Lasiosphaeriaceae,Ascomycota,Sordariomycetes,Sordariales
fungi,63,2.77,3.71,4.17,-0.1,-0.12,0.01,0.09,Alatospora,Leotiaceae,Ascomycota,Leotiomycetes,Helotiales
fungi,517,NA,NA,NA,-0.06,0.09,0.01,0.34,NA,NA,NA,NA,NA
fungi,545,NA,2.08,NA,-0.14,0.11,0.01,0.22,Slooffia,Chrysozymaceae,Basidiomycota,Microbotryomycetes,Microbotryomycetes_ord_Incertae_sedis
fungi,45,2.36,1.57,2.57,-0.01,0.15,0.01,0.12,NA,Gigasporaceae,Glomeromycota,Glomeromycetes,Gigasporales
fungi,538,1.61,3.47,1.95,0.08,0.09,0.01,0.29,Phenoliferia,Kriegeriaceae,Basidiomycota,Microbotryomycetes,Kriegeriales
fungi,614,4.33,NA,3.81,-0.09,0,0.01,-0.18,NA,Clavariaceae,Basidiomycota,Agaricomycetes,Agaricales
fungi,115,5.27,2.85,1.55,-0.04,-0.06,0,0.09,NA,Sporormiaceae,Ascomycota,Dothideomycetes,Pleosporales
fungi,410,NA,4.51,2.89,-0.03,0.05,0,0.04,Herpotrichia,Melanommataceae,Ascomycota,Dothideomycetes,Pleosporales
fungi,537,NA,4.91,NA,0.03,0.28,0,0.19,Solicoccozyma,Piskurozymaceae,Basidiomycota,Tremellomycetes,Filobasidiales
fungi,505,2.72,NA,3.17,0.07,0,0,-0.08,NA,Glomeraceae,Glomeromycota,Glomeromycetes,Glomerales
fungi,489,3.54,4.5,3.53,-0.1,-0.03,0,-0.03,NA,Herpotrichiellaceae,Ascomycota,Eurotiomycetes,Chaetothyriales
fungi,677,2.56,3.45,3.82,-0.11,-0.07,0,0.3,Mortierella,Mortierellaceae,Mortierellomycota,Mortierellomycetes,Mortierellales
fungi,562,3.2,3.18,2.59,-0.23,-0.22,0,0.16,NA,Amphisphaeriaceae,Ascomycota,Sordariomycetes,Xylariales
fungi,482,2.34,NA,1.61,-0.11,-0.06,0,0.12,Septoria,Mycosphaerellaceae,Ascomycota,Dothideomycetes,Capnodiales
fungi,491,1.61,3.03,3.37,0.17,0.34,0,-0.07,Cistella,Hyaloscyphaceae,Ascomycota,Leotiomycetes,Helotiales
fungi,506,NA,3.58,NA,0.08,0.13,0,0.22,Glomus,Glomeraceae,Glomeromycota,Glomeromycetes,Glomerales
fungi,501,NA,1.95,2.08,-0.06,0.07,0,0.3,Dominikia,Glomeraceae,Glomeromycota,Glomeromycetes,Glomerales
fungi,586,3.13,3.33,3.09,-0.02,-0.02,0,0.02,NA,NA,Ascomycota,Eurotiomycetes,NA
fungi,107,3.04,2.83,NA,0.04,0.34,0,-0.04,Cladophialophora,Herpotrichiellaceae,Ascomycota,Eurotiomycetes,Chaetothyriales
fungi,300,NA,3.06,2.48,0.17,0.22,0,0.12,NA,NA,Ascomycota,Eurotiomycetes,Chaetothyriales
fungi,3,4.96,2.06,2.68,0.02,-0.05,-0.01,0.1,Tausonia,Mrakiaceae,Basidiomycota,Tremellomycetes,Cystofilobasidiales
fungi,302,3.33,2.49,4.82,0,0.16,-0.01,0.16,Ramularia,Mycosphaerellaceae,Ascomycota,Dothideomycetes,Capnodiales
fungi,244,5.15,2.82,NA,-0.21,-0.03,-0.01,0.35,Schizothecium,Lasiosphaeriaceae,Ascomycota,Sordariomycetes,Sordariales
fungi,662,5.13,NA,5.72,-0.08,-0.24,-0.01,-0.08,Mortierella,Mortierellaceae,Mortierellomycota,Mortierellomycetes,Mortierellales
fungi,326,2.76,3.19,3.39,0.1,0.17,-0.01,0.07,NA,Herpotrichiellaceae,Ascomycota,Eurotiomycetes,Chaetothyriales
fungi,125,3.04,2.01,2.72,0,-0.07,-0.01,0.39,Vishniacozyma,Bulleribasidiaceae,Basidiomycota,Tremellomycetes,Tremellales
fungi,484,2.92,4.14,3.43,0.11,0.18,-0.01,0.08,NA,NA,NA,NA,NA
fungi,507,NA,3.3,NA,0.05,0.12,-0.01,0.17,Glomus,Glomeraceae,Glomeromycota,Glomeromycetes,Glomerales
fungi,459,5.84,NA,4.67,0.02,-0.28,-0.01,-0.07,Archaeorhizomyces,Archaeorhizomycetaceae,Ascomycota,Archaeorhizomycetes,Archaeorhizomycetales
fungi,487,NA,7.25,1.39,0.01,0.16,-0.01,0.04,Hemileucoglossum,Geoglossaceae,Ascomycota,Geoglossomycetes,Geoglossales
fungi,205,NA,8.42,6.36,0.13,0.13,-0.02,-0.15,Clarireedia,Sclerotiniaceae,Ascomycota,Leotiomycetes,Helotiales
fungi,456,NA,NA,5.6,0.01,0.07,-0.02,0.2,Archaeorhizomyces,Archaeorhizomycetaceae,Ascomycota,Archaeorhizomycetes,Archaeorhizomycetales
fungi,128,NA,2.83,4.43,0.12,0.23,-0.02,0.14,Serendipita,Serendipitaceae,Basidiomycota,Agaricomycetes,Sebacinales
fungi,678,4.77,4.93,5.11,0.04,0.01,-0.02,0.2,Mortierella,Mortierellaceae,Mortierellomycota,Mortierellomycetes,Mortierellales
fungi,297,2.1,2.92,1.92,0,0.19,-0.03,0.15,Verticillium,Plectosphaerellaceae,Ascomycota,Sordariomycetes,Glomerellales
fungi,563,3.02,NA,3.15,0.1,-0.04,-0.03,-0.16,NA,Glomeraceae,Glomeromycota,Glomeromycetes,Glomerales
fungi,182,NA,NA,NA,-0.04,0.02,-0.03,0.25,NA,Helotiaceae,Ascomycota,Leotiomycetes,Helotiales
fungi,486,3.81,3.12,3.47,0,-0.18,-0.03,0,NA,NA,NA,NA,NA
fungi,561,4,NA,3.04,-0.16,-0.01,-0.03,0.12,NA,NA,Ascomycota,Sordariomycetes,Xylariales
fungi,82,3.41,NA,2.09,-0.18,-0.2,-0.04,0.02,Candida,Saccharomycetales_fam_Incertae_sedis,Ascomycota,Saccharomycetes,Saccharomycetales
fungi,1,3.79,1.79,3.21,-0.13,-0.15,-0.04,0.07,Mrakia,Mrakiaceae,Basidiomycota,Tremellomycetes,Cystofilobasidiales
fungi,90,NA,NA,4.64,-0.09,0.04,-0.04,0.16,NA,NA,Ascomycota,Leotiomycetes,Helotiales
fungi,211,6.73,4.55,4.19,-0.01,0.17,-0.04,0.23,Leohumicola,Helotiales_fam_Incertae_sedis,Ascomycota,Leotiomycetes,Helotiales
fungi,462,NA,2.48,NA,-0.09,NA,-0.04,0.19,Archaeorhizomyces,Archaeorhizomycetaceae,Ascomycota,Archaeorhizomycetes,Archaeorhizomycetales
fungi,536,6.25,6.16,6.47,0.02,-0.02,-0.04,0.09,Solicoccozyma,Piskurozymaceae,Basidiomycota,Tremellomycetes,Filobasidiales
fungi,424,3.22,NA,2.3,0.04,-0.03,-0.04,0.15,Darksidea,Lentitheciaceae,Ascomycota,Dothideomycetes,Pleosporales
fungi,525,4.23,2.71,3.3,0.1,0.17,-0.04,-0.01,NA,NA,Ascomycota,Leotiomycetes,Helotiales
fungi,66,4.14,3.92,2.8,0.01,0.11,-0.05,-0.01,Cladophialophora,Herpotrichiellaceae,Ascomycota,Eurotiomycetes,Chaetothyriales
fungi,383,6.94,5.69,7.02,0,-0.13,-0.05,0.04,Ilyonectria,Nectriaceae,Ascomycota,Sordariomycetes,Hypocreales
fungi,463,3.26,4.32,7.31,-0.01,0.01,-0.05,-0.16,Archaeorhizomyces,Archaeorhizomycetaceae,Ascomycota,Archaeorhizomycetes,Archaeorhizomycetales
fungi,97,4.06,4.49,5.5,0.16,0.2,-0.05,0.32,Archaeorhizomyces,Archaeorhizomycetaceae,Ascomycota,Archaeorhizomycetes,Archaeorhizomycetales
fungi,343,2.47,3.61,3.7,0.19,0.2,-0.05,-0.15,Metapochonia,Clavicipitaceae,Ascomycota,Sordariomycetes,Hypocreales
fungi,122,NA,5.08,3.25,0.15,0.02,-0.05,-0.17,Oculimacula,Dermateaceae,Ascomycota,Leotiomycetes,Helotiales
fungi,241,3,3.74,3.66,0.12,0.3,-0.05,0.19,Podospora,Lasiosphaeriaceae,Ascomycota,Sordariomycetes,Sordariales
fungi,358,NA,5.21,NA,0,NA,-0.05,0.08,Laetinaevia,Dermateaceae,Ascomycota,Leotiomycetes,Helotiales
fungi,92,4.3,NA,3.84,0,-0.11,-0.05,0.05,NA,NA,Ascomycota,NA,NA
fungi,189,NA,NA,NA,0.04,0.16,-0.06,0.16,NA,NA,Ascomycota,Sordariomycetes,NA
fungi,250,NA,NA,3.14,0.06,0.18,-0.06,0.18,Apodus,Lasiosphaeriaceae,Ascomycota,Sordariomycetes,Sordariales
fungi,500,2.56,2.73,3.75,-0.01,0.04,-0.06,0.03,NA,Glomeraceae,Glomeromycota,Glomeromycetes,Glomerales
fungi,371,2.94,3.55,3.55,-0.04,0.12,-0.06,0.06,Gliomastix,Bionectriaceae,Ascomycota,Sordariomycetes,Hypocreales
fungi,37,3.14,1.61,2.03,0.17,0.27,-0.06,-0.03,Byssonectria,Pyronemataceae,Ascomycota,Pezizomycetes,Pezizales
fungi,631,9.48,NA,2.31,-0.06,-0.25,-0.06,-0.21,NA,Ceratobasidiaceae,Basidiomycota,Agaricomycetes,Cantharellales
fungi,74,1.61,3.76,1.79,0.06,0.23,-0.06,0.29,NA,NA,Ascomycota,Sordariomycetes,Sordariales
fungi,616,NA,NA,3.85,0.04,-0.06,-0.07,0.15,Clavulinopsis,Clavariaceae,Basidiomycota,Agaricomycetes,Agaricales
fungi,293,2.13,4.98,3.99,0.12,0.26,-0.07,0.11,Penicillium,Aspergillaceae,Ascomycota,Eurotiomycetes,Eurotiales
fungi,256,NA,NA,NA,0.03,0.18,-0.07,0.12,Botryotrichum,Chaetomiaceae,Ascomycota,Sordariomycetes,Sordariales
fungi,589,NA,NA,NA,0.06,0.25,-0.07,0.04,Preussia,Sporormiaceae,Ascomycota,Dothideomycetes,Pleosporales
fungi,553,4.43,4.82,4.99,0.05,0.16,-0.07,0.22,NA,NA,Ascomycota,NA,NA
fungi,493,3.76,4.02,4.57,0.21,0.22,-0.07,0.02,Microdochium,Microdochiaceae,Ascomycota,Sordariomycetes,Xylariales
fungi,408,NA,3.89,NA,-0.05,0.15,-0.07,0.13,NA,Melanommataceae,Ascomycota,Dothideomycetes,Pleosporales
fungi,65,3,3.87,3.73,0.16,0.26,-0.08,0.15,Cladophialophora,Herpotrichiellaceae,Ascomycota,Eurotiomycetes,Chaetothyriales
fungi,162,2.85,3.23,3.51,0.04,-0.04,-0.08,-0.03,Cladosporium,Cladosporiaceae,Ascomycota,Dothideomycetes,Capnodiales
fungi,577,2.64,NA,0.69,-0.24,-0.07,-0.08,-0.01,NA,Ceratobasidiaceae,Basidiomycota,Agaricomycetes,Cantharellales
fungi,177,4.25,NA,3.85,0.12,0.11,-0.08,-0.03,Gremmenia,Phacidiaceae,Ascomycota,Leotiomycetes,Phacidiales
fungi,139,3.04,2.37,3.5,-0.14,-0.07,-0.08,0.05,Minimedusa,Cantharellales_fam_Incertae_sedis,Basidiomycota,Agaricomycetes,Cantharellales
fungi,379,2.56,3.03,2.6,0.24,0.27,-0.08,0.15,Monocillium,Hypocreaceae,Ascomycota,Sordariomycetes,Hypocreales
fungi,48,3.87,3.03,3.45,0.05,0.15,-0.09,0.09,Paraleptosphaeria,Leptosphaeriaceae,Ascomycota,Dothideomycetes,Pleosporales
fungi,147,NA,NA,NA,NA,NA,-0.09,0.11,NA,NA,Basidiomycota,Agaricomycetes,NA
fungi,672,3.69,NA,3.72,-0.12,-0.2,-0.09,-0.05,Mortierella,Mortierellaceae,Mortierellomycota,Mortierellomycetes,Mortierellales
fungi,444,NA,4.84,3.01,0.14,0.19,-0.09,0.05,Hygrocybe,Hygrophoraceae,Basidiomycota,Agaricomycetes,Agaricales
fungi,123,6.07,2.33,2.57,0.05,-0.13,-0.09,-0.04,Volucrispora,Helotiales_fam_Incertae_sedis,Ascomycota,Leotiomycetes,Helotiales
fungi,642,2.99,3.91,3,0.17,0.05,-0.09,0.07,Clavaria,Clavariaceae,Basidiomycota,Agaricomycetes,Agaricales
fungi,441,2.98,NA,4.02,-0.04,-0.13,-0.09,-0.2,Cadophora,Helotiales_fam_Incertae_sedis,Ascomycota,Leotiomycetes,Helotiales
fungi,100,2.75,1.96,2.33,0.08,0.04,-0.09,0.08,Pseudeurotium,Pseudeurotiaceae,Ascomycota,Leotiomycetes,Thelebolales
fungi,684,2.77,2.83,3.58,0.15,0.1,-0.09,-0.05,Mortierella,Mortierellaceae,Mortierellomycota,Mortierellomycetes,Mortierellales
fungi,99,6.9,3.64,4.48,0.12,0.16,-0.09,0.3,NA,NA,Ascomycota,NA,NA
fungi,477,NA,3.9,2.93,0.23,0.22,-0.1,0.03,NA,NA,Basidiomycota,Agaricomycetes,Polyporales
fungi,218,NA,NA,NA,NA,NA,-0.1,0.22,Cistella,Hyaloscyphaceae,Ascomycota,Leotiomycetes,Helotiales
fungi,287,4.5,2.53,2.99,0.11,0.21,-0.1,0.01,Archaeorhizomyces,Archaeorhizomycetaceae,Ascomycota,Archaeorhizomycetes,Archaeorhizomycetales
fungi,11,4.65,3.66,5.89,-0.07,-0.04,-0.1,0.04,NA,NA,NA,NA,NA
fungi,330,NA,NA,3.88,0.21,NA,-0.1,0.06,NA,Herpotrichiellaceae,Ascomycota,Eurotiomycetes,Chaetothyriales
fungi,23,3.91,NA,4.08,-0.07,-0.18,-0.1,-0.07,Paraglomus,Paraglomeraceae,Glomeromycota,Paraglomeromycetes,Paraglomerales
fungi,43,NA,NA,NA,0.15,0.34,-0.1,0,Paraglomus,Paraglomeraceae,Glomeromycota,Paraglomeromycetes,Paraglomerales
fungi,673,NA,NA,NA,-0.02,0.04,-0.1,0.01,Mortierella,Mortierellaceae,Mortierellomycota,Mortierellomycetes,Mortierellales
fungi,174,2.33,NA,4.21,0.15,0.08,-0.1,-0.11,Gremmenia,Phacidiaceae,Ascomycota,Leotiomycetes,Phacidiales
fungi,638,2.56,NA,3.79,0.2,0.13,-0.11,0.09,Clavaria,Clavariaceae,Basidiomycota,Agaricomycetes,Agaricales
fungi,119,2.08,3.73,1.87,0.05,0.22,-0.11,0.14,Hyaloscypha,Hyaloscyphaceae,Ascomycota,Leotiomycetes,Helotiales
fungi,608,NA,1.39,4.03,0.28,NA,-0.11,0.33,Athelopsis,Atheliaceae,Basidiomycota,Agaricomycetes,Atheliales
fungi,626,1.63,2.48,3.12,0.14,0.1,-0.11,0.03,Glomus,Glomeraceae,Glomeromycota,Glomeromycetes,Glomerales
fungi,153,3.82,2.88,3.83,0.08,-0.09,-0.11,0.17,Venturia,Venturiaceae,Ascomycota,Dothideomycetes,Venturiales
fungi,675,1.95,2.69,3.58,0.08,-0.05,-0.11,-0.03,Mortierella,Mortierellaceae,Mortierellomycota,Mortierellomycetes,Mortierellales
fungi,508,5.65,4.79,4.06,0.07,0.06,-0.11,0.16,Dominikia,Glomeraceae,Glomeromycota,Glomeromycetes,Glomerales
fungi,650,3.36,3.38,3.55,0.01,-0.02,-0.11,-0.03,Mortierella,Mortierellaceae,Mortierellomycota,Mortierellomycetes,Mortierellales
fungi,143,3.82,3.42,4.65,0.11,0.17,-0.11,0.04,Naganishia,Filobasidiaceae,Basidiomycota,Tremellomycetes,Filobasidiales
fungi,391,NA,NA,4.25,0.16,0.26,-0.11,-0.02,Metarhizium,Clavicipitaceae,Ascomycota,Sordariomycetes,Hypocreales
fungi,344,NA,NA,NA,0.05,0.15,-0.11,0.06,Tetracladium,Helotiaceae,Ascomycota,Leotiomycetes,Helotiales
fungi,335,NA,NA,4.92,0.06,0.15,-0.11,-0.01,Knufia,Trichomeriaceae,Ascomycota,Eurotiomycetes,Chaetothyriales
fungi,132,3.23,3.69,4.61,0.22,0.3,-0.12,0.05,Naganishia,Filobasidiaceae,Basidiomycota,Tremellomycetes,Filobasidiales
fungi,399,2.83,2.43,NA,-0.1,-0.01,-0.12,0,NA,Glomeraceae,Glomeromycota,Glomeromycetes,Glomerales
fungi,513,NA,2.2,3.47,-0.08,-0.04,-0.12,0.05,Scutellospora,Gigasporaceae,Glomeromycota,Glomeromycetes,Gigasporales
fungi,423,NA,3.83,3.31,0.24,0.35,-0.12,-0.05,Ascochyta,Didymellaceae,Ascomycota,Dothideomycetes,Pleosporales
fungi,26,NA,4.3,3.95,-0.01,-0.03,-0.12,0.17,Paraglomus,Paraglomeraceae,Glomeromycota,Paraglomeromycetes,Paraglomerales
fungi,670,NA,4.3,6.28,0.22,0.24,-0.12,0.04,Mortierella,Mortierellaceae,Mortierellomycota,Mortierellomycetes,Mortierellales
fungi,283,NA,3.24,3.31,0.1,0.07,-0.12,-0.06,Articulospora,Helotiaceae,Ascomycota,Leotiomycetes,Helotiales
fungi,643,NA,NA,NA,0.15,0.34,-0.12,0.09,Lophiostoma,Lophiostomataceae,Ascomycota,Dothideomycetes,Pleosporales
fungi,664,4.26,4.06,3.71,-0.01,0.07,-0.12,-0.07,Mortierella,Mortierellaceae,Mortierellomycota,Mortierellomycetes,Mortierellales
fungi,202,5.09,4.45,4.61,0.11,0.28,-0.12,-0.01,Fontanospora,Helotiaceae,Ascomycota,Leotiomycetes,Helotiales
fungi,22,2.08,1.98,1.39,0.04,0.16,-0.12,0.1,NA,Gigasporaceae,Glomeromycota,Glomeromycetes,Gigasporales
fungi,661,3.74,2.89,4.01,0,-0.12,-0.12,-0.16,Mortierella,Mortierellaceae,Mortierellomycota,Mortierellomycetes,Mortierellales
fungi,540,NA,NA,4.65,0.1,0.19,-0.12,-0.04,Solicoccozyma,Piskurozymaceae,Basidiomycota,Tremellomycetes,Filobasidiales
fungi,245,4.74,NA,5.24,-0.05,-0.12,-0.12,-0.04,Cercophora,Lasiosphaeriaceae,Ascomycota,Sordariomycetes,Sordariales
fungi,236,NA,NA,NA,0.18,0.34,-0.12,0.06,NA,Lasiosphaeriaceae,Ascomycota,Sordariomycetes,Sordariales
fungi,54,NA,2.58,1.95,0.11,0.26,-0.13,0,Cryptosporiopsis,Dermateaceae,Ascomycota,Leotiomycetes,Helotiales
fungi,413,3.62,3.47,4.69,0,0.05,-0.13,-0.11,Petrakia,Melanommataceae,Ascomycota,Dothideomycetes,Pleosporales
fungi,265,NA,NA,3.09,0.3,NA,-0.13,0.04,Crocicreas,Helotiaceae,Ascomycota,Leotiomycetes,Helotiales
fungi,534,5.72,5.67,6.05,0.14,0.33,-0.13,0.02,Solicoccozyma,Piskurozymaceae,Basidiomycota,Tremellomycetes,Filobasidiales
fungi,151,3,3.04,3.81,0.21,0.22,-0.13,-0.12,Venturia,Venturiaceae,Ascomycota,Dothideomycetes,Venturiales
fungi,142,3.28,2.56,2.91,0.12,0.2,-0.13,0.08,Naganishia,Filobasidiaceae,Basidiomycota,Tremellomycetes,Filobasidiales
fungi,321,4.53,6.57,5.11,0.13,-0.11,-0.13,-0.02,NA,Herpotrichiellaceae,Ascomycota,Eurotiomycetes,Chaetothyriales
fungi,510,NA,NA,NA,0.02,0.17,-0.13,0.03,NA,NA,Ascomycota,Dothideomycetes,Pleosporales
fungi,374,2.69,2.54,2.65,0.13,0.1,-0.14,0.18,Trichoderma,Hypocreaceae,Ascomycota,Sordariomycetes,Hypocreales
fungi,465,NA,3.85,7.04,0.04,0.06,-0.14,0.09,Archaeorhizomyces,Archaeorhizomycetaceae,Ascomycota,Archaeorhizomycetes,Archaeorhizomycetales
fungi,345,NA,6.45,5.64,0.12,NA,-0.14,-0.01,Tetracladium,Helotiaceae,Ascomycota,Leotiomycetes,Helotiales
fungi,615,NA,NA,3.67,-0.09,-0.11,-0.14,0.01,Clavulinopsis,Clavariaceae,Basidiomycota,Agaricomycetes,Agaricales
fungi,251,NA,3.26,2.54,0.1,0.23,-0.14,0.07,Chaetomium,Chaetomiaceae,Ascomycota,Sordariomycetes,Sordariales
fungi,33,NA,2.42,2.6,0.18,0.37,-0.14,0.03,NA,Coniochaetaceae,Ascomycota,Sordariomycetes,Coniochaetales
fungi,171,NA,3.66,3.7,0.12,0.02,-0.14,-0.01,NA,NA,Ascomycota,Leotiomycetes,Helotiales
fungi,121,2.2,1.1,3,0.24,0.24,-0.14,0.16,Vishniacozyma,Bulleribasidiaceae,Basidiomycota,Tremellomycetes,Tremellales
fungi,9,1.39,1.61,3.16,0.04,-0.08,-0.14,0.05,Archaeospora,Archaeosporaceae,Glomeromycota,Archaeosporomycetes,Archaeosporales
fungi,541,4.84,4.74,5.3,0.13,0.33,-0.14,-0.04,Holtermanniella,Holtermanniales_fam_Incertae_sedis,Basidiomycota,Tremellomycetes,Holtermanniales
fungi,270,1.1,NA,2.77,-0.24,-0.16,-0.14,0.1,Comoclathris,Pleosporaceae,Ascomycota,Dothideomycetes,Pleosporales
fungi,224,2.92,7.08,5.1,0.16,-0.09,-0.14,-0.06,Lachnum,Hyaloscyphaceae,Ascomycota,Leotiomycetes,Helotiales
fungi,511,NA,NA,2.48,0.1,0.19,-0.14,0.1,NA,NA,NA,NA,NA
fungi,229,2.2,4.2,3.32,0.28,0.31,-0.15,-0.1,Lachnum,Hyaloscyphaceae,Ascomycota,Leotiomycetes,Helotiales
fungi,311,3.2,3.86,3.66,0.21,0.38,-0.15,0.15,Pectenia,Pannariaceae,Ascomycota,Lecanoromycetes,Peltigerales
fungi,291,NA,1.1,NA,-0.03,0.02,-0.15,0.06,Laburnicola,Didymosphaeriaceae,Ascomycota,Dothideomycetes,Pleosporales
fungi,353,5.16,4.49,5.79,0.11,0.06,-0.15,0.01,Tetracladium,Helotiaceae,Ascomycota,Leotiomycetes,Helotiales
fungi,50,1.39,3.53,3.55,0.26,0.31,-0.15,0.12,Rachicladosporium,Cladosporiaceae,Ascomycota,Dothideomycetes,Capnodiales
fungi,428,1.84,NA,3.31,0.11,0.18,-0.15,0.15,Paraphoma,Phaeosphaeriaceae,Ascomycota,Dothideomycetes,Pleosporales
fungi,271,2.3,NA,2.78,0.12,-0.06,-0.15,0,Comoclathris,Pleosporaceae,Ascomycota,Dothideomycetes,Pleosporales
fungi,237,2.57,3.45,3.88,0.32,0.38,-0.16,-0.01,NA,Lasiosphaeriaceae,Ascomycota,Sordariomycetes,Sordariales
fungi,284,2.64,2.3,2.47,0.15,0.2,-0.16,-0.16,Cephalotrichum,Microascaceae,Ascomycota,Sordariomycetes,Microascales
fungi,402,NA,NA,4.3,0.3,NA,-0.16,-0.03,Rhizophagus,Glomeraceae,Glomeromycota,Glomeromycetes,Glomerales
fungi,130,NA,NA,1.59,0.09,0.09,-0.16,0.07,Clitopilus,Entolomataceae,Basidiomycota,Agaricomycetes,Agaricales
fungi,448,NA,NA,5.12,-0.1,-0.09,-0.16,-0.15,Archaeorhizomyces,Archaeorhizomycetaceae,Ascomycota,Archaeorhizomycetes,Archaeorhizomycetales
fungi,690,NA,3.89,3.07,0.04,0.04,-0.16,0.12,Tubulicium,Hydnodontaceae,Basidiomycota,Agaricomycetes,Trechisporales
fungi,111,3.22,4.26,3.39,0.29,-0.06,-0.16,-0.12,NA,NA,NA,NA,NA
fungi,39,NA,5.48,5.43,0.21,NA,-0.16,-0.1,NA,Hyaloscyphaceae,Ascomycota,Leotiomycetes,Helotiales
fungi,253,NA,NA,NA,0.04,0.12,-0.16,-0.01,Myceliophthora,Chaetomiaceae,Ascomycota,Sordariomycetes,Sordariales
fungi,366,4.13,NA,1.78,0.12,0.02,-0.17,-0.02,Neonectria,Nectriaceae,Ascomycota,Sordariomycetes,Hypocreales
fungi,91,NA,2.94,3.44,0.19,0.29,-0.17,-0.07,Pulvinata,Loramycetaceae,Ascomycota,Leotiomycetes,Helotiales
fungi,126,NA,1.39,1.39,0.07,0.21,-0.17,0.02,NA,Glomeraceae,Glomeromycota,Glomeromycetes,Glomerales
fungi,588,3.5,2.57,3.43,0.3,0.39,-0.17,0.29,Sporormiella,Sporormiaceae,Ascomycota,Dothideomycetes,Pleosporales
fungi,249,NA,NA,2.77,0.12,NA,-0.17,-0.05,Apodus,Lasiosphaeriaceae,Ascomycota,Sordariomycetes,Sordariales
fungi,630,NA,3.27,3,0.2,0.13,-0.17,-0.1,NA,Ceratobasidiaceae,Basidiomycota,Agaricomycetes,Cantharellales
fungi,565,1.61,3.33,3.48,0.15,0.11,-0.18,-0.05,Glomus,Glomeraceae,Glomeromycota,Glomeromycetes,Glomerales
fungi,323,NA,NA,3.09,0.17,0.1,-0.18,0.11,NA,Herpotrichiellaceae,Ascomycota,Eurotiomycetes,Chaetothyriales
fungi,688,3.5,2.83,4.88,0.15,-0.14,-0.18,-0.02,Mortierella,Mortierellaceae,Mortierellomycota,Mortierellomycetes,Mortierellales
fungi,390,NA,3.35,3.54,0.27,0.15,-0.18,-0.26,Fusarium,Nectriaceae,Ascomycota,Sordariomycetes,Hypocreales
fungi,187,2.51,NA,3.35,0.28,0.03,-0.18,-0.22,NA,NA,NA,NA,NA
fungi,644,NA,NA,6.49,0.06,0.01,-0.18,-0.02,NA,Pleomassariaceae,Ascomycota,Dothideomycetes,Pleosporales
fungi,173,NA,NA,5.17,0.46,NA,-0.18,-0.07,Gremmenia,Phacidiaceae,Ascomycota,Leotiomycetes,Phacidiales
fungi,158,2.05,2.36,2.63,0.26,0.18,-0.18,-0.2,NA,NA,Rozellomycota,NA,NA
fungi,136,NA,NA,NA,-0.01,-0.01,-0.18,-0.05,Clitopilus,Entolomataceae,Basidiomycota,Agaricomycetes,Agaricales
fungi,485,2.61,3.3,3.87,0.05,0.08,-0.18,-0.05,NA,NA,NA,NA,NA
fungi,476,NA,2.98,3.3,0.17,0.03,-0.18,-0.1,NA,NA,NA,NA,NA
fungi,114,1.61,NA,4.44,0.19,0.15,-0.18,-0.04,NA,Sporormiaceae,Ascomycota,Dothideomycetes,Pleosporales
fungi,414,NA,3.84,4.51,0.22,-0.03,-0.19,-0.01,Petrakia,Melanommataceae,Ascomycota,Dothideomycetes,Pleosporales
fungi,436,2.24,NA,3.54,0.23,0.16,-0.19,-0.06,Collembolispora,Helotiales_fam_Incertae_sedis,Ascomycota,Leotiomycetes,Helotiales
fungi,622,NA,NA,NA,0.02,0.12,-0.19,-0.05,Clavulinopsis,Clavariaceae,Basidiomycota,Agaricomycetes,Agaricales
fungi,496,2.4,2.05,2.45,0.1,0.08,-0.19,-0.11,NA,Glomeraceae,Glomeromycota,Glomeromycetes,Glomerales
fungi,19,NA,NA,5.15,0.12,NA,-0.19,-0.06,NA,NA,Ascomycota,Leotiomycetes,Helotiales
fungi,164,NA,3.45,2.32,0.28,0.12,-0.19,-0.03,Loratospora,Phaeosphaeriaceae,Ascomycota,Dothideomycetes,Pleosporales
fungi,610,NA,NA,3.53,0.16,0.13,-0.2,-0.05,Athelopsis,Atheliaceae,Basidiomycota,Agaricomycetes,Atheliales
fungi,51,1.24,NA,2.65,0.04,-0.13,-0.2,-0.13,Karstenia,Rhytismatales_fam_Incertae_sedis,Ascomycota,Leotiomycetes,Rhytismatales
fungi,49,NA,5.04,4.74,0.22,0.19,-0.2,-0.23,Rachicladosporium,Cladosporiaceae,Ascomycota,Dothideomycetes,Capnodiales
fungi,671,5.72,6.13,6.64,0.18,0.15,-0.2,-0.02,Mortierella,Mortierellaceae,Mortierellomycota,Mortierellomycetes,Mortierellales
fungi,61,2.89,NA,2.34,0.04,0.17,-0.2,-0.19,NA,NA,Ascomycota,NA,NA
fungi,504,NA,NA,5.12,0.15,0.24,-0.21,-0.07,Pseudocoleophoma,Dictyosporiaceae,Ascomycota,Dothideomycetes,Pleosporales
fungi,535,NA,NA,4.24,0.24,0.24,-0.21,0,Solicoccozyma,Piskurozymaceae,Basidiomycota,Tremellomycetes,Filobasidiales
fungi,483,NA,NA,1.78,0.34,0.35,-0.21,0.19,NA,NA,Ascomycota,Sordariomycetes,NA
fungi,522,NA,NA,3.64,0.26,0.15,-0.21,-0.08,NA,NA,Ascomycota,Leotiomycetes,NA
fungi,596,NA,NA,2.21,0.24,0.52,-0.21,0.25,Preussia,Sporormiaceae,Ascomycota,Dothideomycetes,Pleosporales
fungi,478,NA,3.04,5.17,0.18,0.11,-0.21,-0.09,NA,NA,NA,NA,NA
fungi,58,3.13,2.33,5.79,0.28,0.19,-0.21,-0.05,NA,Thelebolaceae,Ascomycota,Leotiomycetes,Thelebolales
fungi,233,NA,1.1,1.59,0.22,0.39,-0.21,-0.15,Oidiodendron,Myxotrichaceae,Ascomycota,Leotiomycetes,Helotiales
fungi,438,4.52,4.67,5.27,0.15,0.18,-0.21,-0.03,Cadophora,Helotiales_fam_Incertae_sedis,Ascomycota,Leotiomycetes,Helotiales
fungi,163,NA,4.04,4.15,0.33,0.14,-0.21,0,Cladosporium,Cladosporiaceae,Ascomycota,Dothideomycetes,Capnodiales
fungi,601,NA,NA,4.52,0.23,0.18,-0.21,-0.16,Preussia,Sporormiaceae,Ascomycota,Dothideomycetes,Pleosporales
fungi,430,NA,NA,6.34,0.22,0.24,-0.22,-0.12,NA,Halosphaeriaceae,Ascomycota,Sordariomycetes,Microascales
fungi,556,2.48,5.79,4.82,0.31,0.23,-0.22,-0.19,NA,NA,NA,NA,NA
fungi,144,NA,2.64,4.2,0.27,0.37,-0.22,-0.26,Naganishia,Filobasidiaceae,Basidiomycota,Tremellomycetes,Filobasidiales
fungi,557,5.61,2.71,3.48,0.17,0.19,-0.22,0.02,NA,Platygloeaceae,Basidiomycota,Pucciniomycetes,Platygloeales
fungi,621,3.77,2.71,4.06,0.17,-0.19,-0.22,-0.29,NA,Clavariaceae,Basidiomycota,Agaricomycetes,Agaricales
fungi,190,NA,3.47,3.26,0.19,0.29,-0.22,-0.22,NA,NA,NA,NA,NA
fungi,550,2.22,NA,2.23,0.23,0.24,-0.22,0.04,Apiotrichum,Trichosporonaceae,Basidiomycota,Tremellomycetes,Trichosporonales
fungi,342,NA,NA,5.09,0.17,0.23,-0.22,-0.21,Metarhizium,Clavicipitaceae,Ascomycota,Sordariomycetes,Hypocreales
fungi,138,NA,NA,4.98,0.32,0.25,-0.22,-0.05,Sistotrema,Cantharellales_fam_Incertae_sedis,Basidiomycota,Agaricomycetes,Cantharellales
fungi,180,NA,3.22,3.13,0.24,0.35,-0.22,-0.06,Gremmenia,Phacidiaceae,Ascomycota,Leotiomycetes,Phacidiales
fungi,652,2.89,3.65,3.1,0.12,0.06,-0.22,0.09,Mortierella,Mortierellaceae,Mortierellomycota,Mortierellomycetes,Mortierellales
fungi,266,1.52,3.18,3.01,0.26,0.42,-0.22,0.21,NA,Helotiaceae,Ascomycota,Leotiomycetes,Helotiales
fungi,338,3.14,3.75,3.48,0.25,0.29,-0.23,-0.08,Knufia,Trichomeriaceae,Ascomycota,Eurotiomycetes,Chaetothyriales
fungi,393,NA,2.48,5.55,0.11,0.19,-0.23,-0.08,Metarhizium,Clavicipitaceae,Ascomycota,Sordariomycetes,Hypocreales
fungi,156,1.84,NA,2.85,0.29,0.2,-0.23,-0.14,NA,Phaeosphaeriaceae,Ascomycota,Dothideomycetes,Pleosporales
fungi,320,2.92,NA,3.82,0.08,-0.05,-0.23,-0.22,NA,Herpotrichiellaceae,Ascomycota,Eurotiomycetes,Chaetothyriales
fungi,53,5.65,NA,4.73,0.09,0,-0.23,0.02,NA,Platygloeaceae,Basidiomycota,Pucciniomycetes,Platygloeales
fungi,72,NA,NA,4.8,0.05,0.04,-0.24,-0.16,NA,Lasiosphaeriaceae,Ascomycota,Sordariomycetes,Sordariales
fungi,230,4.35,5.32,4.1,0.02,0.08,-0.24,-0.26,Lachnum,Hyaloscyphaceae,Ascomycota,Leotiomycetes,Helotiales
fungi,310,NA,NA,3.14,0.24,0.12,-0.24,-0.12,Penicillium,Aspergillaceae,Ascomycota,Eurotiomycetes,Eurotiales
fungi,168,NA,NA,1.43,0.2,0.28,-0.24,-0.1,Helminthosporium,Massarinaceae,Ascomycota,Dothideomycetes,Pleosporales
fungi,41,2.4,NA,3.58,0.29,0.29,-0.24,-0.14,NA,Pyronemataceae,Ascomycota,Pezizomycetes,Pezizales
fungi,653,NA,1.45,2.59,0.32,NA,-0.24,-0.23,Mortierella,Mortierellaceae,Mortierellomycota,Mortierellomycetes,Mortierellales
fungi,191,NA,2.39,2.59,0.28,0.13,-0.24,0.17,NA,NA,Ascomycota,Sordariomycetes,NA
fungi,595,NA,NA,5.34,0.17,0.22,-0.24,0.06,Preussia,Sporormiaceae,Ascomycota,Dothideomycetes,Pleosporales
fungi,350,5.08,4,5.37,0.22,0.13,-0.24,-0.09,Tetracladium,Helotiaceae,Ascomycota,Leotiomycetes,Helotiales
fungi,25,NA,NA,2.77,0.11,0.21,-0.24,-0.02,Paraglomus,Paraglomeraceae,Glomeromycota,Paraglomeromycetes,Paraglomerales
fungi,421,NA,NA,4.8,0.36,NA,-0.24,-0.01,NA,Didymellaceae,Ascomycota,Dothideomycetes,Pleosporales
fungi,687,4.01,NA,4.75,0.27,0.34,-0.24,-0.11,Mortierella,Mortierellaceae,Mortierellomycota,Mortierellomycetes,Mortierellales
fungi,412,NA,NA,5.13,0.29,0.11,-0.25,-0.07,Petrakia,Melanommataceae,Ascomycota,Dothideomycetes,Pleosporales
fungi,488,2.08,2.09,3.37,0.33,0.32,-0.25,-0.1,NA,NA,Ascomycota,Eurotiomycetes,Chaetothyriales
fungi,590,NA,NA,3.27,0.18,0.24,-0.25,0,Clavulinopsis,Clavariaceae,Basidiomycota,Agaricomycetes,Agaricales
fungi,490,NA,NA,3.37,0.14,0.02,-0.25,-0.14,Cistella,Hyaloscyphaceae,Ascomycota,Leotiomycetes,Helotiales
fungi,354,6.85,NA,4.24,0.24,0.23,-0.25,-0.13,Tetracladium,Helotiaceae,Ascomycota,Leotiomycetes,Helotiales
fungi,160,4.59,4.46,6.15,0.19,0,-0.25,0.17,Mycosphaerella,Mycosphaerellaceae,Ascomycota,Dothideomycetes,Capnodiales
fungi,594,1.5,NA,3.07,0.28,0.34,-0.25,-0.01,Preussia,Sporormiaceae,Ascomycota,Dothideomycetes,Pleosporales
fungi,131,2.54,1.52,2.54,0.31,0.32,-0.25,-0.05,Filobasidium,Filobasidiaceae,Basidiomycota,Tremellomycetes,Filobasidiales
fungi,333,NA,2.87,2.63,0.12,0.1,-0.25,-0.11,NA,NA,Ascomycota,Eurotiomycetes,Chaetothyriales
fungi,292,2.79,3.07,5.05,0.24,0.04,-0.25,0.1,Neoascochyta,Didymellaceae,Ascomycota,Dothideomycetes,Pleosporales
fungi,551,NA,NA,NA,0.13,0.28,-0.25,-0.14,Olpidium,Olpidiaceae,Olpidiomycota,Olpidiomycetes,Olpidiales
fungi,389,6.15,6.44,7.01,0.29,0.4,-0.25,-0.03,Fusarium,Nectriaceae,Ascomycota,Sordariomycetes,Hypocreales
fungi,29,1.39,NA,2.79,0.17,0.12,-0.26,-0.25,Ambispora,Ambisporaceae,Glomeromycota,Archaeosporomycetes,Archaeosporales
fungi,599,NA,NA,4.62,0.18,0.09,-0.26,-0.17,Preussia,Sporormiaceae,Ascomycota,Dothideomycetes,Pleosporales
fungi,651,4.94,4.38,5.78,0.23,0.04,-0.26,-0.16,Mortierella,Mortierellaceae,Mortierellomycota,Mortierellomycetes,Mortierellales
fungi,216,NA,NA,3.68,0.24,0.22,-0.26,0.12,NA,NA,Ascomycota,Leotiomycetes,Helotiales
fungi,70,NA,NA,4.17,0.13,0.2,-0.27,-0.2,Humicola,Chaetomiaceae,Ascomycota,Sordariomycetes,Sordariales
fungi,497,NA,NA,3.84,0.17,0.1,-0.27,-0.23,NA,Glomeraceae,Glomeromycota,Glomeromycetes,Glomerales
fungi,254,2.6,2.9,3.78,0.25,0.22,-0.27,-0.09,Myceliophthora,Chaetomiaceae,Ascomycota,Sordariomycetes,Sordariales
fungi,676,2.08,2.12,4.87,0.41,0.04,-0.27,-0.02,Mortierella,Mortierellaceae,Mortierellomycota,Mortierellomycetes,Mortierellales
fungi,40,NA,3.18,4.3,0.26,0.12,-0.27,-0.22,NA,Pyronemataceae,Ascomycota,Pezizomycetes,Pezizales
fungi,20,NA,NA,3.02,0.32,0.35,-0.27,-0.24,Coleophoma,Helotiales_fam_Incertae_sedis,Ascomycota,Leotiomycetes,Helotiales
fungi,592,NA,NA,2.31,0.38,0.13,-0.27,-0.16,NA,Melanommataceae,Ascomycota,Dothideomycetes,Pleosporales
fungi,440,NA,2.77,2.96,0.32,0.1,-0.28,-0.14,Collembolispora,Helotiales_fam_Incertae_sedis,Ascomycota,Leotiomycetes,Helotiales
fungi,55,NA,NA,3.73,0.31,0.13,-0.28,-0.16,Cryptosporiopsis,Dermateaceae,Ascomycota,Leotiomycetes,Helotiales
fungi,78,2.5,1.33,4.18,0.2,0.03,-0.28,-0.22,Cryptococcus,Tremellaceae,Basidiomycota,Tremellomycetes,Tremellales
fungi,611,NA,NA,3.76,0.12,NA,-0.28,-0.15,Mycenella,Tricholomataceae,Basidiomycota,Agaricomycetes,Agaricales
fungi,693,NA,NA,2.72,0.35,0.31,-0.28,-0.12,NA,NA,Ascomycota,NA,NA
fungi,288,3.06,2.88,3.3,0.33,0.25,-0.28,-0.08,NA,NA,Ascomycota,Lecanoromycetes,NA
fungi,238,NA,3.61,5.61,0.34,0.35,-0.28,-0.13,Schizothecium,Lasiosphaeriaceae,Ascomycota,Sordariomycetes,Sordariales
fungi,159,NA,NA,4.22,0.3,0.2,-0.28,-0.11,Glomus,Glomeraceae,Glomeromycota,Glomeromycetes,Glomerales
fungi,603,1.15,3.03,4.14,0.4,0.39,-0.29,-0.15,Sclerostagonospora,Phaeosphaeriaceae,Ascomycota,Dothideomycetes,Pleosporales
fungi,268,NA,NA,4.58,0.3,NA,-0.29,-0.08,Crocicreas,Helotiaceae,Ascomycota,Leotiomycetes,Helotiales
fungi,683,NA,NA,4.94,0.12,NA,-0.29,-0.18,Mortierella,Mortierellaceae,Mortierellomycota,Mortierellomycetes,Mortierellales
fungi,365,4.06,2.64,4.08,0.22,0.32,-0.29,-0.05,Tetracladium,Helotiaceae,Ascomycota,Leotiomycetes,Helotiales
fungi,407,NA,NA,3.96,0.36,0.32,-0.29,-0.24,NA,Melanommataceae,Ascomycota,Dothideomycetes,Pleosporales
fungi,632,NA,NA,3.38,0.35,0.14,-0.29,-0.19,Archaeorhizomyces,Archaeorhizomycetaceae,Ascomycota,Archaeorhizomycetes,Archaeorhizomycetales
fungi,257,NA,NA,2.89,0.1,0.18,-0.29,-0.2,Phialemonium,Cephalothecaceae,Ascomycota,Sordariomycetes,Sordariales
fungi,200,NA,NA,4,0.23,0.06,-0.29,-0.21,Leohumicola,Helotiales_fam_Incertae_sedis,Ascomycota,Leotiomycetes,Helotiales
fungi,258,NA,NA,7.46,0.28,0.21,-0.29,-0.07,NA,NA,NA,NA,NA
fungi,609,4.11,2.83,3.61,0.26,0.17,-0.29,-0.27,Athelopsis,Atheliaceae,Basidiomycota,Agaricomycetes,Atheliales
fungi,185,1.39,NA,2.57,0.42,0.13,-0.29,-0.06,Lasionectria,Nectriaceae,Ascomycota,Sordariomycetes,Hypocreales
fungi,434,NA,NA,2.08,0.1,0.13,-0.3,-0.16,NA,Helotiales_fam_Incertae_sedis,Ascomycota,Leotiomycetes,Helotiales
fungi,555,NA,NA,4.65,0.41,0.22,-0.3,-0.07,NA,NA,NA,NA,NA
fungi,689,3.18,3.52,4.86,0.33,0.21,-0.3,0,Mortierella,Mortierellaceae,Mortierellomycota,Mortierellomycetes,Mortierellales
fungi,639,NA,1.61,4.21,0.32,0.21,-0.3,-0.05,Clavaria,Clavariaceae,Basidiomycota,Agaricomycetes,Agaricales
fungi,120,1.44,1.78,2.43,0.36,0.29,-0.31,-0.03,Dioszegia,Bulleribasidiaceae,Basidiomycota,Tremellomycetes,Tremellales
fungi,394,2.96,2.71,3.73,0.27,0.26,-0.31,-0.02,Metapochonia,Clavicipitaceae,Ascomycota,Sordariomycetes,Hypocreales
fungi,656,2.73,2.58,3.77,0.3,0.33,-0.31,0.17,Mortierella,Mortierellaceae,Mortierellomycota,Mortierellomycetes,Mortierellales
fungi,275,NA,NA,2.93,0.32,0.18,-0.31,-0.23,Umbelopsis,Umbelopsidaceae,Mucoromycota,Umbelopsidomycetes,Umbelopsidales
fungi,46,NA,NA,2.53,0.42,0.33,-0.31,-0.05,NA,NA,Ascomycota,Dothideomycetes,Pleosporales
fungi,657,2.33,2.85,4.71,0.24,-0.02,-0.31,-0.18,Mortierella,Mortierellaceae,Mortierellomycota,Mortierellomycetes,Mortierellales
fungi,186,NA,NA,2.2,0.33,0.21,-0.31,-0.05,Podospora,Lasiosphaeriaceae,Ascomycota,Sordariomycetes,Sordariales
fungi,12,3.12,3.02,3.93,0.21,0.14,-0.31,-0.28,Scutellospora,Gigasporaceae,Glomeromycota,Glomeromycetes,Gigasporales
fungi,170,NA,NA,5.1,0.28,0.15,-0.31,-0.14,Chalara,Helotiales_fam_Incertae_sedis,Ascomycota,Leotiomycetes,Helotiales
fungi,331,NA,NA,4.66,0.3,0.15,-0.32,-0.24,NA,Herpotrichiellaceae,Ascomycota,Eurotiomycetes,Chaetothyriales
fungi,95,NA,NA,4.44,0.28,0.15,-0.32,-0.13,Archaeorhizomyces,Archaeorhizomycetaceae,Ascomycota,Archaeorhizomycetes,Archaeorhizomycetales
fungi,400,NA,NA,1.73,0.27,NA,-0.32,-0.06,NA,Glomeraceae,Glomeromycota,Glomeromycetes,Glomerales
fungi,282,NA,NA,4.59,0.32,0.27,-0.32,-0.18,NA,NA,NA,NA,NA
fungi,6,NA,3.53,2.89,0.26,0.18,-0.32,-0.09,NA,NA,Ascomycota,NA,NA
fungi,602,NA,NA,2.76,0.26,0.24,-0.32,-0.17,Paraconiothyrium,Didymosphaeriaceae,Ascomycota,Dothideomycetes,Pleosporales
fungi,289,2.61,2.84,4.42,0.23,0.31,-0.33,-0.18,NA,NA,Ascomycota,Dothideomycetes,Pleosporales
fungi,36,NA,3.22,3.28,0.51,0.38,-0.33,-0.14,Cheilymenia,Pyronemataceae,Ascomycota,Pezizomycetes,Pezizales
fungi,502,NA,NA,2.37,0.18,0.05,-0.33,-0.3,NA,NA,Ascomycota,Dothideomycetes,Pleosporales
fungi,137,NA,NA,3.52,0.24,0.08,-0.33,-0.16,Clitopilus,Entolomataceae,Basidiomycota,Agaricomycetes,Agaricales
fungi,369,NA,NA,4.18,0.41,0.3,-0.33,0,Gliomastix,Bionectriaceae,Ascomycota,Sordariomycetes,Hypocreales
fungi,395,NA,4.47,3.27,0.39,0.41,-0.34,-0.21,Pochonia,Clavicipitaceae,Ascomycota,Sordariomycetes,Hypocreales
fungi,295,NA,NA,2.49,0.33,0.23,-0.34,-0.26,Capnobotryella,Teratosphaeriaceae,Ascomycota,Dothideomycetes,Capnodiales
fungi,387,4.31,5.27,5.67,0.34,0.35,-0.34,0,Fusicolla,Nectriaceae,Ascomycota,Sordariomycetes,Hypocreales
fungi,648,NA,NA,3.5,0.28,-0.01,-0.34,-0.3,Mortierella,Mortierellaceae,Mortierellomycota,Mortierellomycetes,Mortierellales
fungi,425,NA,NA,4.43,0.33,0.21,-0.34,-0.07,NA,NA,Ascomycota,Dothideomycetes,Pleosporales
fungi,154,5.09,4.75,6.38,0.29,0.28,-0.34,-0.22,Trichocladium,Chaetomiaceae,Ascomycota,Sordariomycetes,Sordariales
fungi,514,NA,NA,4.14,0.31,0.25,-0.34,-0.15,Acaulospora,Acaulosporaceae,Glomeromycota,Glomeromycetes,Diversisporales
fungi,627,NA,NA,3.94,0.3,0.12,-0.35,-0.17,NA,Ceratobasidiaceae,Basidiomycota,Agaricomycetes,Cantharellales
fungi,116,4.45,NA,3.97,0.22,-0.05,-0.35,-0.4,NA,Olpidiaceae,Olpidiomycota,Olpidiomycetes,Olpidiales
fungi,262,NA,NA,2.97,0.28,0.2,-0.35,-0.17,Gloeotinia,Clavicipitaceae,Ascomycota,Sordariomycetes,Hypocreales
fungi,433,NA,NA,4.87,0.38,0.02,-0.35,-0.13,Rhexocercosporidium,Helotiales_fam_Incertae_sedis,Ascomycota,Leotiomycetes,Helotiales
fungi,226,NA,NA,2.59,0.26,0.29,-0.35,-0.16,Cistella,Hyaloscyphaceae,Ascomycota,Leotiomycetes,Helotiales
fungi,220,NA,NA,4.35,0.43,0.29,-0.35,-0.14,NA,NA,Ascomycota,Leotiomycetes,Helotiales
fungi,431,NA,NA,2.85,0.29,0.3,-0.36,-0.25,Myrmecridium,Myrmecridiaceae,Ascomycota,Sordariomycetes,Myrmecridiales
fungi,56,NA,NA,3.85,0.36,0.21,-0.36,-0.1,NA,NA,Ascomycota,Leotiomycetes,Helotiales
fungi,98,1.79,NA,3.3,0.26,0.09,-0.36,-0.11,Archaeorhizomyces,Archaeorhizomycetaceae,Ascomycota,Archaeorhizomycetes,Archaeorhizomycetales
fungi,272,NA,NA,3.35,0.34,0.19,-0.36,-0.11,Phaeosphaeria,Phaeosphaeriaceae,Ascomycota,Dothideomycetes,Pleosporales
fungi,559,NA,2.14,4.22,0.27,0.18,-0.36,-0.26,Fusidium,Xylariales_fam_Incertae_sedis,Ascomycota,Sordariomycetes,Xylariales
fungi,296,3.01,3.55,3.77,0.3,0.24,-0.36,0.02,Acremonium,Hypocreales_fam_Incertae_sedis,Ascomycota,Sordariomycetes,Hypocreales
fungi,18,NA,2.89,3.01,0.27,0.3,-0.37,-0.15,NA,NA,Ascomycota,Leotiomycetes,Helotiales
fungi,255,3.65,3.29,3.37,0.41,0.24,-0.37,-0.07,Chaetomium,Chaetomiaceae,Ascomycota,Sordariomycetes,Sordariales
fungi,169,NA,NA,3.42,0.3,0.29,-0.37,-0.23,NA,NA,Ascomycota,Xylonomycetes,GS34
fungi,192,2.95,2.62,3.58,0.28,0.09,-0.37,-0.22,Truncatella,Bartaliniaceae,Ascomycota,Sordariomycetes,Xylariales
fungi,598,NA,NA,4.02,0.38,0.31,-0.37,-0.01,Preussia,Sporormiaceae,Ascomycota,Dothideomycetes,Pleosporales
fungi,161,2.14,2.66,3.71,0.51,0.68,-0.37,0.1,Coniochaeta,Coniochaetaceae,Ascomycota,Sordariomycetes,Coniochaetales
fungi,647,NA,1.95,2.98,0.42,0.25,-0.37,-0.3,Mortierella,Mortierellaceae,Mortierellomycota,Mortierellomycetes,Mortierellales
fungi,87,NA,NA,3.76,0.37,0.22,-0.37,-0.17,NA,NA,NA,NA,NA
fungi,178,NA,1.95,4.77,0.33,0.04,-0.38,-0.2,NA,NA,Ascomycota,Leotiomycetes,Helotiales
fungi,396,2.82,3.14,3.69,0.19,0.14,-0.38,-0.38,Pochonia,Clavicipitaceae,Ascomycota,Sordariomycetes,Hypocreales
fungi,44,NA,NA,3.74,0.47,0.3,-0.38,-0.22,NA,NA,NA,NA,NA
fungi,375,NA,1.66,2.73,0.42,0.44,-0.38,-0.23,Trichoderma,Hypocreaceae,Ascomycota,Sordariomycetes,Hypocreales
fungi,674,NA,NA,1.9,0.43,0.48,-0.38,-0.25,NA,NA,Mortierellomycota,Mortierellomycetes,Mortierellales
fungi,273,NA,2.2,3.19,0.44,0.47,-0.38,-0.22,Neosetophoma,Phaeosphaeriaceae,Ascomycota,Dothideomycetes,Pleosporales
fungi,194,NA,3.58,4.18,0.39,0.48,-0.39,-0.05,Lachnum,Hyaloscyphaceae,Ascomycota,Leotiomycetes,Helotiales
fungi,607,NA,3.17,4.44,0.37,0.2,-0.39,-0.3,NA,Hydnodontaceae,Basidiomycota,Agaricomycetes,Trechisporales
fungi,175,2.71,4.94,4.95,0.35,0.31,-0.4,-0.37,Gremmenia,Phacidiaceae,Ascomycota,Leotiomycetes,Phacidiales
fungi,124,2.2,NA,3.07,0.23,0.05,-0.4,-0.2,NA,NA,NA,NA,NA
fungi,686,NA,NA,3.78,0.28,0.17,-0.4,-0.28,Mortierella,Mortierellaceae,Mortierellomycota,Mortierellomycetes,Mortierellales
fungi,368,NA,NA,2.86,0.47,0.4,-0.4,-0.25,Schizothecium,Lasiosphaeriaceae,Ascomycota,Sordariomycetes,Sordariales
fungi,314,NA,NA,2.71,0.39,0.31,-0.41,-0.29,Oleoguttula,Teratosphaeriaceae,Ascomycota,Dothideomycetes,Capnodiales
fungi,179,NA,NA,4.05,0.48,0.31,-0.41,-0.23,NA,NA,Ascomycota,Leotiomycetes,Helotiales
fungi,544,NA,NA,3.78,0.46,0.38,-0.41,-0.29,Udeniozyma,Chrysozymaceae,Basidiomycota,Microbotryomycetes,Microbotryomycetes_ord_Incertae_sedis
fungi,88,3.01,2.35,4.42,0.38,0.34,-0.43,-0.1,NA,NA,Ascomycota,Leotiomycetes,Helotiales
fungi,552,NA,NA,4.47,0.37,0.19,-0.43,-0.25,NA,NA,Ascomycota,NA,NA
fungi,146,NA,3.05,3.42,0.47,0.56,-0.43,-0.16,Naganishia,Filobasidiaceae,Basidiomycota,Tremellomycetes,Filobasidiales
fungi,548,2.83,1.39,2.87,0.37,0.38,-0.43,-0.25,NA,NA,Basidiomycota,Microbotryomycetes,Sporidiobolales
fungi,654,2.83,2.45,3.66,0.47,0.33,-0.44,-0.15,Mortierella,Mortierellaceae,Mortierellomycota,Mortierellomycetes,Mortierellales
fungi,301,NA,NA,3.27,0.39,0.25,-0.44,-0.21,Metapochonia,Clavicipitaceae,Ascomycota,Sordariomycetes,Hypocreales
fungi,392,NA,NA,3.45,0.37,0.09,-0.44,-0.33,Metarhizium,Clavicipitaceae,Ascomycota,Sordariomycetes,Hypocreales
fungi,546,NA,NA,3.58,0.4,0.3,-0.45,-0.24,Slooffia,Chrysozymaceae,Basidiomycota,Microbotryomycetes,Microbotryomycetes_ord_Incertae_sedis
fungi,372,NA,NA,2.36,0.37,0.34,-0.45,-0.15,NA,NA,Ascomycota,NA,NA
fungi,543,NA,1.39,3.65,0.38,0.23,-0.45,-0.35,Udeniozyma,Chrysozymaceae,Basidiomycota,Microbotryomycetes,Microbotryomycetes_ord_Incertae_sedis
fungi,307,NA,NA,3.67,0.39,0.21,-0.45,-0.3,Extremus,Extremaceae,Ascomycota,Dothideomycetes,Capnodiales
fungi,260,3.65,4.37,6.14,0.48,0.34,-0.46,-0.21,Pseudogymnoascus,Pseudeurotiaceae,Ascomycota,Leotiomycetes,Thelebolales
fungi,629,NA,3.15,3.74,0.44,0.2,-0.46,-0.42,NA,Ceratobasidiaceae,Basidiomycota,Agaricomycetes,Cantharellales
fungi,429,1.61,2.52,3.51,0.36,0.42,-0.46,-0.18,NA,NA,Ascomycota,Dothideomycetes,Pleosporales
fungi,528,2.83,3.31,4.46,0.45,0.53,-0.47,-0.12,NA,NA,Basidiomycota,Tremellomycetes,NA
fungi,118,NA,NA,3.05,0.3,0.32,-0.47,-0.32,NA,Olpidiaceae,Olpidiomycota,Olpidiomycetes,Olpidiales
fungi,567,NA,3.58,4.4,0.48,0.31,-0.47,-0.31,Paraphaeosphaeria,Didymosphaeriaceae,Ascomycota,Dothideomycetes,Pleosporales
fungi,492,NA,NA,4.33,0.47,NA,-0.47,-0.41,Microdochium,Microdochiaceae,Ascomycota,Sordariomycetes,Xylariales
fungi,69,2.71,3.36,5,0.43,0.25,-0.47,-0.23,Humicola,Chaetomiaceae,Ascomycota,Sordariomycetes,Sordariales
fungi,386,4.68,4.06,5.76,0.34,0.28,-0.47,-0.28,Neonectria,Nectriaceae,Ascomycota,Sordariomycetes,Hypocreales
fungi,667,NA,NA,3.81,0.42,0.43,-0.48,-0.24,Mortierella,Mortierellaceae,Mortierellomycota,Mortierellomycetes,Mortierellales
fungi,376,3.16,2.31,3.97,0.48,0.43,-0.48,-0.32,Clonostachys,Bionectriaceae,Ascomycota,Sordariomycetes,Hypocreales
fungi,628,NA,2.6,3.79,0.4,0.34,-0.48,-0.33,NA,Ceratobasidiaceae,Basidiomycota,Agaricomycetes,Cantharellales
fungi,223,NA,NA,4.4,0.37,NA,-0.48,-0.4,NA,NA,Ascomycota,Leotiomycetes,Helotiales
fungi,427,2.83,3.2,4.16,0.43,0.44,-0.5,-0.07,Paraphoma,Phaeosphaeriaceae,Ascomycota,Dothideomycetes,Pleosporales
fungi,38,NA,NA,3.21,0.45,0.32,-0.5,-0.41,Acephala,Helotiales_fam_Incertae_sedis,Ascomycota,Leotiomycetes,Helotiales
fungi,340,NA,NA,2.93,0.4,0.23,-0.52,-0.34,Tolypocladium,Ophiocordycipitaceae,Ascomycota,Sordariomycetes,Hypocreales
fungi,503,NA,NA,3.69,0.52,0.31,-0.52,-0.49,Pseudocoleophoma,Dictyosporiaceae,Ascomycota,Dothideomycetes,Pleosporales
fungi,222,6.83,4.08,5.59,0.48,0.55,-0.53,-0.13,NA,NA,Ascomycota,Leotiomycetes,Helotiales
fungi,105,NA,5.28,4.41,0.49,0.3,-0.53,-0.31,Exophiala,Herpotrichiellaceae,Ascomycota,Eurotiomycetes,Chaetothyriales
fungi,646,NA,1.1,3.86,0.48,0.47,-0.54,-0.34,Mortierella,Mortierellaceae,Mortierellomycota,Mortierellomycetes,Mortierellales
fungi,437,NA,NA,4.07,0.28,0.29,-0.54,-0.35,Cadophora,Helotiales_fam_Incertae_sedis,Ascomycota,Leotiomycetes,Helotiales
fungi,102,2.24,4.4,5.35,0.53,0.53,-0.56,-0.13,Antennariella,Capnodiaceae,Ascomycota,Dothideomycetes,Capnodiales
fungi,480,NA,NA,3.17,0.62,0.33,-0.56,-0.38,Acremonium,Hypocreales_fam_Incertae_sedis,Ascomycota,Sordariomycetes,Hypocreales
fungi,568,2.78,3.41,4.57,0.51,0.53,-0.57,-0.33,Paraphaeosphaeria,Didymosphaeriaceae,Ascomycota,Dothideomycetes,Pleosporales
fungi,68,3.09,3.13,5.56,0.52,0.4,-0.59,-0.39,Humicola,Chaetomiaceae,Ascomycota,Sordariomycetes,Sordariales
fungi,261,NA,NA,3.42,0.52,0.29,-0.59,-0.49,Pseudogymnoascus,Pseudeurotiaceae,Ascomycota,Leotiomycetes,Thelebolales
fungi,420,2.64,4.47,5.84,0.59,0.51,-0.6,-0.31,Ascochyta,Didymellaceae,Ascomycota,Dothideomycetes,Pleosporales
fungi,403,NA,1.24,3.36,0.49,0.36,-0.6,-0.34,NA,NA,Ascomycota,NA,NA
fungi,479,1.61,2.01,3.3,0.59,0.46,-0.61,-0.52,NA,NA,NA,NA,NA
fungi,527,1.58,4.09,4.58,0.48,0.37,-0.61,-0.45,Saitozyma,Trimorphomycetaceae,Basidiomycota,Tremellomycetes,Tremellales
fungi,591,NA,NA,3.83,0.58,0.52,-0.62,-0.44,Westerdykella,Sporormiaceae,Ascomycota,Dothideomycetes,Pleosporales
fungi,312,NA,2.48,4.66,0.7,0.54,-0.63,-0.33,Elasticomyces,Teratosphaeriaceae,Ascomycota,Dothideomycetes,Capnodiales
fungi,655,1.59,4.14,5.69,0.59,0.45,-0.68,-0.45,Mortierella,Mortierellaceae,Mortierellomycota,Mortierellomycetes,Mortierellales
fungi,380,NA,2.33,4.09,0.61,0.46,-0.68,-0.38,Metarhizium,Clavicipitaceae,Ascomycota,Sordariomycetes,Hypocreales
fungi,32,NA,NA,3.79,0.59,0.53,-0.69,-0.5,Coniochaeta,Coniochaetaceae,Ascomycota,Sordariomycetes,Coniochaetales
fungi,681,NA,4.03,5.91,0.66,0.51,-0.73,-0.59,Mortierella,Mortierellaceae,Mortierellomycota,Mortierellomycetes,Mortierellales
fungi,529,NA,NA,3.32,0.57,0.34,-0.76,-0.57,Leucosporidium,Leucosporidiaceae,Basidiomycota,Microbotryomycetes,Leucosporidiales
